ID,Title,Content,Excerpt,Date,"Post Type",Permalink,URL,Title,Caption,Description,"Alt Text",Featured,URL,Classifications,_last_editor_used_jetpack,_xmlsf_image_attached,inline_featured_image,_yoast_wpseo_content_score,_yoast_wpseo_estimated-reading-time-minutes,_yoast_wpseo_opengraph-image,_yoast_wpseo_opengraph-image-id,_yoast_wpseo_twitter-image,_yoast_wpseo_twitter-image-id,_yoast_wpseo_opengraph-description,_yoast_wpseo_twitter-description,_cmplz_scanned_post,_yoast_wpseo_primary_classification,_yoast_wpseo_wordproof_timestamp,_wp_trash_meta_status,_wp_trash_meta_time,_wp_desired_post_slug,Status,"Author ID","Author Username","Author Email","Author First Name","Author Last Name",Slug,Format,Template,Parent,"Parent Slug",Order,"Comment Status","Ping Status","Post Modified Date",Investigators,Verifiers,"Overlay Colour",Project,"Default language","About Title","About Project","About alternative language","About alternative language link","About alternative language icon","Partners title","Technical Partners title","Feed title","Questions title",Project,"Default language","Partners title","Technical Partners title"
3416,"Até logo!","Olá,

Com o término da campanha eleitoral de 2018 no Brasil, nós do Comprova também cessamos as verificações de conteúdos duvidosos que circulam nas redes sociais e no WhatsApp.

Por 12 semanas nossa coalizão de 24 veículos de comunicação monitorou e verificou a veracidade de informações compartilhadas por fontes não oficiais nas redes sociais e em aplicativos de mensagens. No nosso radar estavam conteúdos duvidosos cuja capacidade de causar danos às campanhas eleitorais era evidente. Uma parte das verificações foi arquivada por elas não serem conclusivas. Nosso compromisso e nossa meta era o erro zero.

Mesmo com todos esses recortes, publicamos 146 histórias para desmentir ou confirmar informações que viralizaram. Desse total, 92% se mostraram falsas, enganosas ou descontextualizadas. Apenas 9 histórias eram verdadeiras.

O resultado das verificações do Comprova é um alerta para a sociedade e uma reafirmação da necessidade de uma imprensa independente, atuante, transparente e confiável.

Um bom sinal foi o número de pessoas que colaboraram conosco enviando sugestões de conteúdos a serem verificados. Somente pelo WhatsApp foram mais de 67 mil. Em dado momento, deixamos de responder individualmente a essas pessoas, tal o volume de mensagens, mas dedicamos boa parte da nossa atenção ao que recebemos da audiência.

Obrigado a todos por colaborarem com a criação de um ambiente informativo mais saudável.

Para finalizar, gostaríamos de registrar os nomes das pessoas que contribuíram diretamente para o trabalho do Comprova.

<b>Verificadores</b>

Alessandra Monnerat | Estadão
Cido Coelho | SBT
Debora Ely | GaúchaZH
Douglas Rodrigues | Poder360
Fernanda Trisotto | Gazeta do Povo
João Pedro Caleiro | Exame
João Pedroso | Veja
Júlia Endress | Correio do Povo
Leticia Alves | O Povo
Marcella Ramos | piauí
Matheus Pimentel | Nexo
Pablo Fernandez | BandNews FM
Paula Peres | Nova Escola
Pedro Noel | AFP
Renato Mota | Sistema Jornal do Commercio
Roelton Maciel | NSC
Sarah Mota Resende | Folha de S. Paulo
Vinicius Valfré | Gazeta Online
Wellington Ramalhoso | UOL

<b>Estagiários</b>

Fernanda Patrian
Isabela Guaraldi
Leonardo Lopes
Lucas Mendes
Luiza César
Mayara Bosco
Pedro Knoth

<b>Editores</b>

Guilherme Conter
Helio Miguel Filho
José Antônio Lima
Rafael Garcia
Ricardo Pieralini
Sérgio Lüdtke

<b>Conteúdos para Redes sociais</b>
Anna Rodrigues
Paola Deodoro

<b>Representantes dos membros</b>

Band | Allen Chahad e Leandro Bastos
Band News | Gisele de Oliveira Silva
Band News FM | Bruno Venditti
Rádio Bandeirantes | Leandro Gouveia
Metro Brasil | Fabiola Salani de Souza
Canal Futura | Tamiris Almeida
Exame | Luiza Calegari
GaúchaZH | Pedro Moreira e Sabrina Passos
Gazeta Online | Samanta Martins Nogueira
Sistema Jornal do Commercio | Maria Luiza Borges
Nexo | Marina Menezes
Nova Escola | Soraia Yoshida e Laís Semis
NSC Comunicação | Mayara Vieira, Cristian Edel Weiss e Talita Rosa
Estadão | Vitor Marques, Caio Sartori, Luiz Fernando Toledo e Cecilia do Lago.
O Povo | Lucinthya Gomes
Poder360 | Mateus Netzel
piauí | Camila Zarur, Luiza Miguez e José Roberto de Toledo
SBT | Rodrigo Hornhardt e Fernando Passarelli
UOL | Ricardo Fotios e Rubens Haruo Eishima
Veja | Ione Aguiar

<b>First Draft</b>

Adriana Garcia
Adriana Misiunas
Aimee Rinehart
Ben Sargent
Claire Wardle
Jenni Sargent
Nic Dias
Pedro Burgos
Yaso Cordova

<b>Projor</b>

Angela Pimenta

<b>Abraji</b>

Cristina Zahar
Daniel Bramatti | presidente",,"2018-10-30 18:00:00",archived-answer,https://projetocomprova.com.br/post/re_2b5w8xz5jmvb/,https://projetocomprova.com.br/wp-content/uploads/2018/10/hDRVk0fHSnqaestSwQuK-2.png,hDRVk0fHSnqaestSwQuK,,,,https://projetocomprova.com.br/wp-content/uploads/2018/10/hDRVk0fHSnqaestSwQuK-2.png,,,classic-editor|classic-editor|classic-editor,"a:3:{s:3:""loc"";s:84:""https://projetocomprova.com.br/wp-content/uploads/2018/10/hDRVk0fHSnqaestSwQuK-2.png"";s:5:""title"";s:20:""hDRVk0fHSnqaestSwQuK"";s:7:""caption"";s:0:"""";}",0,30,3,,,,,,,1|1|1,,,,,,publish,1,lunar_admin,oli@lunar.build,,,re_2b5w8xz5jmvb,,,0,0,0,closed,closed,"2024-05-03 17:57:42",,,none,,,,,,,,,,,,,,,
3418,"Vídeo em que Malafaia critica Bolsonaro é de 2017","Não é verdade que o pastor Silas Malafaia “abriu os olhos” e “atacou” o candidato à presidência do PSL, Jair Bolsonaro, às vésperas da eleição de segundo turno, como diz a descrição de um vídeo publicado no dia 10 de outubro de 2018 em um canal de apoio à campanha petista no YouTube. 

O pequeno texto que acompanha o vídeo também traz a hashtag #EleNão, nome de um movimento criado por eleitores contra Bolsonaro às vésperas do primeiro turno da eleição de 2018. 

Como verificado pelo Comprova, o vídeo é verdadeiro, mas foi publicado pelo canal neste pleito de forma enganosa e fora de contexto, já que a filmagem é de mais de um ano atrás — e a informação sobre a data não é disponibilizada ao espectador de forma clara. 

O próprio pastor desmentiu que teria rompido recentemente com Bolsonaro. Malafaia, que hoje faz campanha aberta para Bolsonaro, <a target=""blank"" href=""https://www.youtube.com/watch?v=FPg0VayKGpg"" rel=""noopener noreferrer"">publicou um vídeo</a>, em seu canal no YouTube, dizendo que o PT está “espalhando notícia falsa”.

“O PT pegou um vídeo meu lá de trás, quando eu tive um entrevero com o Bolsonaro, e espalhou agora para os evangélicos do Brasil como se meus olhos foram abertos e eu mudei de lado” (sic). 

No vídeo enganoso publicado neste pleito, Malafaia aparece dizendo que, “assim como a turma da esquerda radical tem seus contratados para plantar notícia contra quem é contra eles, a turma da direita radical também tem. E se você não falar o que eles querem, mandam o pau em cima de vocês"". 

Não há, entretanto, nem sequer a menção ao nome de Bolsonaro no trecho do vídeo antigo, republicado no início de outubro deste ano.

Segundo <a target=""blank"" href=""https://www1.folha.uol.com.br/poder/2018/10/malafaia-ja-chamou-bolsonaro-de-direita-radical-e-inabil-para-a-presidencia.shtml"" rel=""noopener noreferrer"">reportagem publicada pela Folha de S. Paulo</a>, o desentendimento entre os dois começou após Malafaia ser indiciado na Operação Timóteo, em fevereiro de 2017 — a Polícia Federal o citou sob suspeita de lavagem de dinheiro num esquema de corrupção em cobranças de royalties da exploração mineral.  

Ainda de acordo com o texto, Malafaia ficou magoado com Bolsonaro por achar que capitão reformado não ficou ao seu lado de forma enfática.

“Na tribuna da Câmara, achei que a defesa dele foi fraca. Ele sabe que não tive envolvimento algum com essa vagabundagem. Quem toma a pancada é que sabe a dor"", <a target=""blank"" href=""https://www1.folha.uol.com.br/poder/2018/10/malafaia-ja-chamou-bolsonaro-de-direita-radical-e-inabil-para-a-presidencia.shtml"" rel=""noopener noreferrer"">disse Malafaia à Folha</a>.

O vídeo enganoso publicado no começo de outubro teve, até a publicação deste texto, mais de 250 mil visualizações, e foi recebido com sugestão de verificação no WhatsApp do Comprova.

Neste sábado e domingo a equipe do Comprova se uniu a outras cinco agências de checagens de notícias no Brasil para checar as mensagens de conteúdo suspeito nesta reta final das eleições. A ideia de juntar forças é para ganhar mais agilidade e aumentar o alcance das checagens. A parceria reúne Agência Lupa, Aos Fatos, Boatos.org, E-Farsas, Fato ou Fake e Projeto Comprova. ",,"1970-01-01 00:00:00",archived-answer,https://projetocomprova.com.br/post/re_2b5w8xn3qwqz/,https://projetocomprova.com.br/wp-content/uploads/2018/10/fXGODpg9TjG6Gd3LEKq0-2.png,fXGODpg9TjG6Gd3LEKq0,,,,https://projetocomprova.com.br/wp-content/uploads/2018/10/fXGODpg9TjG6Gd3LEKq0-2.png,,,classic-editor|classic-editor|classic-editor,"a:3:{s:3:""loc"";s:84:""https://projetocomprova.com.br/wp-content/uploads/2018/10/fXGODpg9TjG6Gd3LEKq0-2.png"";s:5:""title"";s:20:""fXGODpg9TjG6Gd3LEKq0"";s:7:""caption"";s:0:"""";}|a:3:{s:3:""loc"";s:84:""https://projetocomprova.com.br/wp-content/uploads/2018/10/fXGODpg9TjG6Gd3LEKq0-2.png"";s:5:""title"";s:20:""fXGODpg9TjG6Gd3LEKq0"";s:7:""caption"";s:0:"""";}|a:3:{s:3:""loc"";s:84:""https://projetocomprova.com.br/wp-content/uploads/2018/10/fXGODpg9TjG6Gd3LEKq0-2.png"";s:5:""title"";s:20:""fXGODpg9TjG6Gd3LEKq0"";s:7:""caption"";s:0:"""";}",,,,,,,,,,1|1|1,,,,,,publish,1,lunar_admin,oli@lunar.build,,,re_2b5w8xn3qwqz,,,0,0,0,closed,closed,"1970-01-01 00:00:00",folha-de-s-paulo,nsc-comunicacao|sbt|poder360|uol|jornal-do-commercio,red,,,,,,,,,,,,,,,
3420,"Reuniões com partidos fazem parte das atribuições da missão de observação da OEA","A <a target=""blank"" href=""https://g1.globo.com/politica/eleicoes/2018/noticia/2018/10/25/haddad-cumpre-agenda-de-campanha-em-sp-e-se-encontra-com-chefe-da-missao-da-oea.ghtml"" rel=""noopener noreferrer"">reunião</a> entre representantes da Organização dos Estados Americanos (OEA) e a chapa do candidato à presidência Fernando Haddad (PT) nesta quinta-feira, 25, ocorreu dentro da legalidade. A OEA informou que também tem convidado, desde agosto, a equipe da campanha de Jair Bolsonaro (PSL) para um encontro, mas nunca obteve resposta. 

Para fazer essa verificação, o Comprova entrou em contato com a OEA e reportagens que explicaram o papel da missão nas eleições brasileiras. O Comprova também contatou a assessoria da campanha de Bolsonaro, mas não foi respondido até o momento.

Mensagens no WhatsApp sugerem que a reunião da OEA com o petista seria suspeita e afirmam que a missão internacional tem papel de auditoria nas eleições 2018 — o que não é verdade. O objetivo da delegação é analisar aspectos como financiamento de campanha, liberdade de imprensa e participação de mulheres e minorias. 

Ao final, é produzido um relatório com conclusões e recomendações ao Brasil e ao Conselho Permanente da OEA. O documento não tem o efeito de alterar o resultado do pleito.

É normal que missões de observação internacionais como a da OEA ouçam queixas de candidatos, o que não significa, no entanto, um endosso às críticas. Neste período eleitoral, a delegação já esteve com representantes de partidos como Rede Sustentabilidade, PDT e Novo. Nas eleições do Paraguai deste ano, por exemplo, a <a target=""blank"" href=""http://www.oas.org/en/media_center/press_release.asp?sCodigo=E-020/18"" rel=""noopener noreferrer"">missão se comprometeu</a> a se encontrar com legendas e candidatos “para aprender sobre aspectos técnicos e reunir observações sobre as eleições”.

“As missões de observação eleitoral da OEA sempre entram em contato com todos os partidos e campanhas porque é importante para nós escutar todas as vozes e conhecer as diferentes perspectivas sobre o processo eleitoral. O Brasil não foi uma exceção”, comunicou a OEA ao Comprova.

A chefe do grupo da OEA, a ex-presidente da Costa Rica Laura Chinchilla, já esteve à frente de atividades de observação de eleições no Paraguai (2018), Estados Unidos (2016) e México (2015). A organização faz trabalhos dessa natureza desde 1962 — neste período foram enviadas 250 missões a 27 países.

O boato foi enviado repetidas vezes ao WhatsApp do Comprova e do Estadão Verifica. Uma versão no Twitter que dizia que a missão da OEA era formada por “auditores” chegou a 2,4 mil curtidas e 1,6 mil retweets.

Neste sábado e domingo, a equipe do Comprova se uniu a outras cinco agências de checagens de notícias no Brasil para checar as mensagens de conteúdo suspeito nesta reta final das eleições. A ideia de juntar forças é para ganhar mais agilidade e aumentar o alcance das checagens. A parceria reúne o Fato ou Fake, Projeto Comprova, Lupa, Aos Fatos, Boatos.org e E-Farsas.",,"1970-01-01 00:00:00",archived-answer,https://projetocomprova.com.br/post/re_2b5w8xyly85z/,https://projetocomprova.com.br/wp-content/uploads/2018/10/mgnxOKGoTfyWKfzSk5zk-2.png,mgnxOKGoTfyWKfzSk5zk,,,,https://projetocomprova.com.br/wp-content/uploads/2018/10/mgnxOKGoTfyWKfzSk5zk-2.png,,,,"a:3:{s:3:""loc"";s:84:""https://projetocomprova.com.br/wp-content/uploads/2018/10/mgnxOKGoTfyWKfzSk5zk-2.png"";s:5:""title"";s:20:""mgnxOKGoTfyWKfzSk5zk"";s:7:""caption"";s:0:"""";}|a:3:{s:3:""loc"";s:84:""https://projetocomprova.com.br/wp-content/uploads/2018/10/mgnxOKGoTfyWKfzSk5zk-2.png"";s:5:""title"";s:20:""mgnxOKGoTfyWKfzSk5zk"";s:7:""caption"";s:0:"""";}|a:3:{s:3:""loc"";s:84:""https://projetocomprova.com.br/wp-content/uploads/2018/10/mgnxOKGoTfyWKfzSk5zk-2.png"";s:5:""title"";s:20:""mgnxOKGoTfyWKfzSk5zk"";s:7:""caption"";s:0:"""";}",,,,,,,,,,1|1|1,,,,,,publish,1,lunar_admin,oli@lunar.build,,,re_2b5w8xyly85z,,,0,0,0,closed,closed,"1970-01-01 00:00:00",,nsc-comunicacao|jornal-do-commercio|poder360|uol|sbt,red,,,,,,,,,,,,,,,
3422,"Texto sobre atentado a Bolsonaro mistura fatos que não se relacionam","É enganoso um texto que circula no WhatsApp sobre uma possível ameaça contra o candidato do PSL à Presidência da República Jair Bolsonaro. A mensagem, que reúne uma série de eventos que não necessariamente aconteceram ou têm relação entre si, chegou ao Comprova por meio do aplicativo de mensagens, com mais de 200 pedidos de verificação.

A mensagem inclui o seguinte texto: ""URGENTE: Serviço de inteligência impede que Bolsonaro viaje para São Paulo. O candidato foi informado que ele corria risco de ser morto"". A afirmação é reformulação de uma fala do candidato durante uma transmissão de vídeo ao vivo no Facebook em 18 de outubro. Ele disse, sem mencionar indícios concretos de suspeita, que ‘iria para São Paulo no dia de hoje’ mas foi ‘recomendado por questão de estratégia de segurança, a não ir, porque ao pousar em São Paulo eu teria um deslocamento. Poderia sofrer um atentado’. Nem a  Polícia Federal nem a  Agência Brasileira de Inteligência informaram registro de ameaça.

Em seguida, o texto diz que a PF ""investiga advogados de Adélio"" por ""envolvimento com o PCC"". Não há confirmação de que advogados do autor do atentado contra Bolsonaro estejam sendo investigados, tampouco por envolvimento com a facção criminosa. A informação do PCC pode ter sido uma confusão com a notícia de que a Polícia Federal está investigando envolvimento de Adélio com o PCC. Gustavo Bebianno, presidente do PSL, deu uma entrevista no dia 19 de outubro na qual contou que a PF estaria seguindo essa linha de investigação.  

O texto diz que Bolsonaro lembrou, durante uma live no dia 18 de outubro, que Adélio era filiado ao PSOL e que ""esclareceu"" aos eleitores que ""de acordo com a legislação eleitoral, a partir de agora, se ele for assassinado"", disputaria a eleição o ""terceiro lugar no primeiro turno"", ou seja, Ciro Gomes. O candidato realmente fez as afirmações durante a transmissão de vídeo e elas estão corretas. A substituição em caso de morte está prevista na Constituição.

O PDT e o PT realmente entraram com pedido de impugnação da candidatura de Bolsonaro no dia 18 de outubro por conta da suspeita do uso sistemático de propagação de desinformação via WhatsApp, como está no texto. Mas, como leva a crer a mensagem, a ida de Bolsonaro à sede do Batalhão de Operações Policiais Especiais (Bope) da Polícia Militar do Rio de Janeiro não tem qualquer relação com esse acontecimento. 

O conteúdo afirma que ""sentindo-se ameaçado, Bolsonaro foi à sede do Bope e da Polícia Federal pedir apoio"". A ida do candidato à instituição, no entanto, aconteceu no dia 15 de outubro, antes mesmo da denúncia de irregularidades na propaganda política pelas redes do candidato ser publicada na Folha de S.Paulo. Além disso, enquanto candidato, desde o início da campanha, Bolsonaro já tem sua segurança feita pela Polícia Federal. Ele não precisaria pedir apoio para a instituição agora.

No texto há também a informação de que na na segunda semana de outubro o ex-ministro da Casa Civil José Dirceu dissera que falta ""pouco para tomarmos o poder e não será por eleição"".  Dirceu não disse exatamente essas palavras. Em <a target=""blank"" href=""https://brasil.elpais.com/brasil/2018/09/24/politica/1537815456_213002.html?fbclid=IwAR2Gg9QgMra78MTwx-V0MotEJeZQFtItlJvuAN2Hz2ZJJM_5JGOjnnFPiw4"" rel=""noopener noreferrer"">entrevista</a> ao jornal El País, em 26 de setembro, ele disse que “dentro do país é uma questão de tempo pra gente tomar o poder. Aí nós vamos tomar o poder, que é diferente de ganhar uma eleição”. A frase foi em resposta à pergunta feita pela repórter, que questionou se ele tinha medo de o PT “ganhar a eleição e não levar”.

O teor enganoso da mensagem também foi verificado pelo <a target=""blank"" href=""https://www.boatos.org/politica/servico-inteligencia-impede-bolsonaro.html%20https://www.lula.com.br/alexandre-frota-publica-fake-news-atacando-o-pt-haddad-e-militante-petista-de-ubatuba-sp/"" rel=""noopener noreferrer"">Boatos.org</a>. 

Neste sábado e domingo a equipe do Comprova se uniu a outras seis agências de checagens de notícias no Brasil para checar as mensagens de conteúdo suspeito nesta reta final das eleições. A ideia de juntar forças é para ganhar mais agilidade e aumentar o alcance das checagens. A parceria reúne AFP, Agência Lupa, Aos Fatos, Boatos.org, E-Farsas, Fato ou Fake e Projeto Comprova. ",,"1970-01-01 00:00:00",archived-answer,https://projetocomprova.com.br/post/re_2b5w8xzqgyrn/,https://projetocomprova.com.br/wp-content/uploads/2018/10/czlHNL3tSt6hpR6uObbv-2.png,czlHNL3tSt6hpR6uObbv,,,,https://projetocomprova.com.br/wp-content/uploads/2018/10/czlHNL3tSt6hpR6uObbv-2.png,,,,"a:3:{s:3:""loc"";s:84:""https://projetocomprova.com.br/wp-content/uploads/2018/10/czlHNL3tSt6hpR6uObbv-2.png"";s:5:""title"";s:20:""czlHNL3tSt6hpR6uObbv"";s:7:""caption"";s:0:"""";}|a:3:{s:3:""loc"";s:84:""https://projetocomprova.com.br/wp-content/uploads/2018/10/czlHNL3tSt6hpR6uObbv-2.png"";s:5:""title"";s:20:""czlHNL3tSt6hpR6uObbv"";s:7:""caption"";s:0:"""";}|a:3:{s:3:""loc"";s:84:""https://projetocomprova.com.br/wp-content/uploads/2018/10/czlHNL3tSt6hpR6uObbv-2.png"";s:5:""title"";s:20:""czlHNL3tSt6hpR6uObbv"";s:7:""caption"";s:0:"""";}",,,,,,,,,,1|1|1,,,,,,publish,1,lunar_admin,oli@lunar.build,,,re_2b5w8xzqgyrn,,,0,0,0,closed,closed,"1970-01-01 00:00:00",,gauchazh|poder360|jornal-do-commercio|nsc-comunicacao|sbt,red,,,,,,,,,,,,,,,
3424,"Empresa contratada pelo TSE não tem ligação com PT","São falsas as informações disseminadas nas redes sociais ligando ao Partido dos Trabalhadores (PT) uma empresa contratada pelo Tribunal Superior Eleitoral (TSE) para prestação de serviços neste segundo turno das eleições. Os responsáveis pela desinformação viralizaram dois perfis do Facebook alegando que eles seriam dos sócios da empresa. Contudo, as páginas pertencem a outras pessoas, sem qualquer relação com a prestadora de serviços.

As publicações falsas se basearam em perfis com nomes parecidos com os de dois dos sócios da CPD Consultoria, Planejamento e Desenvolvimento de Sistemas Ltda. Como nessas duas páginas do Facebook foram encontradas informações consideradas favoráveis aos candidatos Fernando Haddad (PT) e contrárias a Jair Bolsonaro (PSL), as postagens passaram a falar que a empresa tem ""ligação direta com o PT"".

Os sócios da empresa são Christian Leite Limp de Azevedo e Luciana Leite Limp de Azevedo. O Comprova encontrou os links que levam aos reais perfis de ambos, no Facebook e em outra rede social. Ela é psicóloga e não é filiada a partido político. Ele, por sua vez, é filiado ao partido Novo. As informações foram obtidas no sistema de consulta de certidões de filiação, do TSE.

Em entrevista ao Comprova, Christian Limp contou que nem tem perfil no Facebook. “Aquele perfil que acharam não é meu. Aquele Christian Azevedo não sou eu. O perfil que acharam também não é da minha irmã”, afirmou o empresário, que também já prestou serviços para instituições como Procuradoria-Geral da República e Ministério da Defesa.

O homem que foi atacado nas redes sociais como sendo o sócio da CPD é Christian Jesus Silva de Azevedo, auditor da receita estadual do Rio Grande do Sul e professor de cursos preparatórios. Ele se apresentava no Facebook como Christian Azevedo, sobrenome que é igual ao do empresário.

Christian Jesus prestou queixa à Polícia Civil por conta dos ataques, ameaças e ofensas que vem recebendo. Ao Comprova, disse que passou a usar o nome completo no Facebook por orientação dos próprios policiais que o atenderam. Ele também trocou as fotos do perfil para evitar novas agressões virtuais.

""Moro em Porto Alegre e nunca tive empresa nenhuma. Eu estou com medo. Não sou filiado a partido. Basearam-se (para chamá-lo de petista) em uma página que curti (contrária a Bolsonaro) e que nem sabia que tinha feito. Mas eu também curti coisa a favor dele"", afirmou.

O Comprova não conseguiu contato com Luciana Sabino, apoiadora de Haddad que foi apontada nas publicações falsas como sócia da CPD.

O <a target=""blank"" href=""https://drive.google.com/file/d/1MHp6rncb1eVWivTtlrP8foFlNzSjiLDL/view?usp=sharing"" rel=""noopener noreferrer"">contrato</a> com a consultoria foi assinado no dia 20 de outubro e publicado no dia 23. O serviço começou a funcionar efetivamente no dia 25. Outra versão das mentiras relacionadas à CPD dá conta de que ela foi contratada pelo TSE para atuar no ""processo de apuração e totalização dos votos"".

Na verdade, o serviço é restrito à ""disponibilização de uma rede de distribuição de conteúdos"". Isso é necessário, <a target=""blank"" href=""http://www.tse.jus.br/hotsites/esclarecimentos-informacoes-falsas-eleicoes-2018/novo-contrato-tse-divulgacao-resultados-eleicoes.html"" rel=""noopener noreferrer"">segundo o TSE</a>, para ""ampliar a capacidade de acessos às páginas na internet dos tribunais eleitorais, devido ao grande número de visitantes durante o período eleitoral"". 

“Nosso trabalho não tem nada a ver com a apuração. Se o resultado fosse em cédula, o trabalho seria o mesmo. A gente nem enxerga a urna. É uma rede de aceleração de site. A gente amplia a capacidade de acesso por uma rede. Chama-se CDN (Content Distribution Network). Já teve gente perguntando se a gente ia abrir urna, já teve ameaça por meio do nosso site”, declarou Christian Limp ao Comprova.

Mas por que a contratação ocorreu às vésperas do segundo turno? Porque, segundo a Justiça Eleitoral, houve descumprimento do contrato pela empresa BRCloud Services Ltda, empresa que <a target=""blank"" href=""http://portal.imprensanacional.gov.br/web/guest/materia/-/asset_publisher/Kujrw0TZC2Mb/content/id/38948514/do3-2018-08-30-resultado-de-julgamento-38948296"" rel=""noopener noreferrer"">venceu</a> o pregão eletrônico 62/2018, lançado ainda em julho de 2018. O contrato foi <a target=""blank"" href=""http://portal.imprensanacional.gov.br/web/guest/materia/-/asset_publisher/Kujrw0TZC2Mb/content/id/39542650/do3-2018-09-04-extrato-de-contrato-39542575"" rel=""noopener noreferrer"">firmado</a> no valor de R$ 1.065.524,40.

Após o primeiro turno, o contrato foi unilateralmente <a target=""blank"" href=""http://portal.imprensanacional.gov.br/web/guest/materia/-/asset_publisher/Kujrw0TZC2Mb/content/id/46698355/do3-2018-10-23-extrato-de-rescisao-46698138"" rel=""noopener noreferrer"">rescindido</a> e a segunda colocada, a CPD, foi chamada para o serviço. O valor do contrato foi adequado ao prazo remanescente para o trabalho e a empresa  <a target=""blank"" href=""http://midias.gazetaonline.com.br/_midias/jpg/2018/10/26/1050x500/1_contrato_cpd_tse-5848899.jpg?5bd39daf94f67"" rel=""noopener noreferrer"">receberá</a> R$ 532.762,20.

Ainda de acordo com a Justiça Eleitoral, o serviço é fundamental para a divulgação dos dados públicos nos sites, sobretudo o dos resultados, porque o tráfego no site é muito elevado.

""Em síntese, no primeiro turno da eleição deste ano a empresa não prestou adequadamente o serviço contratado, não ampliando a capacidade de acessos aos sites, gerando uma série de contratempos que impactaram a distribuição dos conteúdos gerados pela Justiça Eleitoral"", informou o TSE.

As informações falsas viralizaram nas redes sociais, tendo mais de 40 mil compartilhamentos e quase 500 mil visualizações apenas na página Direita Goiás, do Facebook. No Twitter, apenas um dos perfis obteve mais de 4 mil curtidas e 1.600 retweets. O conteúdo falso também foi distribuído por meio do WhatsApp e apareceu na ferramenta da UFMG que monitora os grupos abertos.
",,"1970-01-01 00:00:00",archived-answer,https://projetocomprova.com.br/post/re_2b5w8xnrygnb/,https://projetocomprova.com.br/wp-content/uploads/2018/10/qlIINdLoSsapXnoLNxTb-2.jpg,qlIINdLoSsapXnoLNxTb,,,,https://projetocomprova.com.br/wp-content/uploads/2018/10/qlIINdLoSsapXnoLNxTb-2.jpg,,,,"a:3:{s:3:""loc"";s:84:""https://projetocomprova.com.br/wp-content/uploads/2018/10/qlIINdLoSsapXnoLNxTb-2.jpg"";s:5:""title"";s:20:""qlIINdLoSsapXnoLNxTb"";s:7:""caption"";s:0:"""";}|a:3:{s:3:""loc"";s:84:""https://projetocomprova.com.br/wp-content/uploads/2018/10/qlIINdLoSsapXnoLNxTb-2.jpg"";s:5:""title"";s:20:""qlIINdLoSsapXnoLNxTb"";s:7:""caption"";s:0:"""";}|a:3:{s:3:""loc"";s:84:""https://projetocomprova.com.br/wp-content/uploads/2018/10/qlIINdLoSsapXnoLNxTb-2.jpg"";s:5:""title"";s:20:""qlIINdLoSsapXnoLNxTb"";s:7:""caption"";s:0:"""";}",,,,,,,,,,1|1|1,,,,,,publish,1,lunar_admin,oli@lunar.build,,,re_2b5w8xnrygnb,,,0,0,0,closed,closed,"1970-01-01 00:00:00",,sbt|poder360|jornal-do-commercio|revista-piaui|uol|nsc-comunicacao,red,,,,,,,,,,,,,,,
3426,"É falso que polícia apreendeu carro-bomba que participaria de atentado a Bolsonaro","O carro-bomba filmado em um vídeo que circula no WhatsApp e em redes sociais fazia parte de uma tentativa de libertar o traficante Marcelo Fernando Pinheiro Veiga, o Marcelo Piloto, no Paraguai — e, ao contrário do que afirmam mensagens e correntes de texto, não tem qualquer relação com um suposto atentado ao candidato à presidência Jair Bolsonaro (PSL). 

O veículo foi interceptado em uma ação conjunta da polícia paraguaia e da Interpol na quarta-feira, 24 de outubro.

O boato que viralizou diz que dois carros-bomba foram apreendidos tentando atravessar a fronteira entre Brasil e Paraguai - e que, posteriormente, seriam usados numa tentativa de atentado.

No entanto, os veículos foram encontrados em uma casa em Presidente Franco, no Paraguai, a cerca de 10 km da divisa entre os países. O destino seria a capital paraguaia Assunção, onde o traficante brasileiro está preso. Foi a segunda vez em que criminosos tentaram libertar o chefe da facção Comando Vermelho.

Diversos veículos de imprensa noticiaram a ação policial que apreendeu os carros com explosivos — incluindo <a target=""blank"" href=""https://g1.globo.com/google/amp/pr/oeste-sudoeste/noticia/2018/10/24/policia-paraguaia-frustra-tentativa-de-resgate-do-traficante-marcelo-piloto-grupo-usaria-carro-bomba-diz-ministro.ghtml"" rel=""noopener noreferrer"">G1</a>, <a target=""blank"" href=""https://noticias.r7.com/rio-de-janeiro/cidade-alerta-rj/videos/policia-descobre-carro-bomba-que-seria-usado-no-resgate-de-traficante-carioca-24102018"" rel=""noopener noreferrer"">R7</a> e <a target=""blank"" href=""https://extra.globo.com/casos-de-policia/nova-tentativa-de-resgatar-marcelo-piloto-termina-com-tres-mortos-no-paraguai-apreensao-de-84-quilos-de-dinamite-23181102.html"" rel=""noopener noreferrer"">Extra</a>. Para encontrar as reportagens, bastou procurar no Google as palavras-chave “carro bomba” e “Paraguai”.

Apesar de os carros-bomba do vídeo não terem relação com Bolsonaro, dados da inteligência do governo federal apurados pelo Estadão confirmam a existência de <a target=""blank"" href=""https://politica.estadao.com.br/noticias/eleicoes,general-heleno-adverte-para-ameaca-de-atentado-contra-bolsonaro,70002564363"" rel=""noopener noreferrer"">ameaças contra o candidato</a>. As informações foram passadas há mais de uma semana pelo presidenciável, que teve a segurança reforçada. 

Uma das versões da corrente de texto diz que o serviço de inteligência dos EUA teria repassado informações sobre um atentado contra o presidenciável do PSL. 

O vídeo com a mensagem enganosa foi enviado por leitores ao WhatsApp do Comprova (11-97795-0022) e do Estadão (11-99263-7900). No Twitter, uma versão do boato teve 2,9 mil curtidas e 1,8 mil retweets.",,"1970-01-01 00:00:00",archived-answer,https://projetocomprova.com.br/post/re_2b5w8xbpp24b/,https://projetocomprova.com.br/wp-content/uploads/2018/10/WUlHmxwhQmeaq91FwagS-2.png,WUlHmxwhQmeaq91FwagS,,,,https://projetocomprova.com.br/wp-content/uploads/2018/10/WUlHmxwhQmeaq91FwagS-2.png,,,,"a:3:{s:3:""loc"";s:84:""https://projetocomprova.com.br/wp-content/uploads/2018/10/WUlHmxwhQmeaq91FwagS-2.png"";s:5:""title"";s:20:""WUlHmxwhQmeaq91FwagS"";s:7:""caption"";s:0:"""";}|a:3:{s:3:""loc"";s:84:""https://projetocomprova.com.br/wp-content/uploads/2018/10/WUlHmxwhQmeaq91FwagS-2.png"";s:5:""title"";s:20:""WUlHmxwhQmeaq91FwagS"";s:7:""caption"";s:0:"""";}|a:3:{s:3:""loc"";s:84:""https://projetocomprova.com.br/wp-content/uploads/2018/10/WUlHmxwhQmeaq91FwagS-2.png"";s:5:""title"";s:20:""WUlHmxwhQmeaq91FwagS"";s:7:""caption"";s:0:"""";}",,,,,,,,,,1|1|1,,,,,,publish,1,lunar_admin,oli@lunar.build,,,re_2b5w8xbpp24b,,,0,0,0,closed,closed,"1970-01-01 00:00:00",estadao|folha-de-s-paulo,sbt|poder360|jornal-do-commercio|revista-piaui|uol|nsc-comunicacao,red,,,,,,,,,,,,,,,
3428,"Vídeo de urna com defeito em teclado não prova fraude em votação","São enganosas as publicações nas redes sociais que apresentam um defeito no teclado de uma urna eletrônica em São Paulo como prova de fraude no primeiro turno destas eleições. O problema mecânico nos botões foi identificado uma hora e quarenta e dois minutos após o início das votações, e o equipamento foi prontamente substituído.

Um dos principais posts sugere que os problemas foram identificados em mais de uma urna e que a falha era restrita a um único número: “TSE FAZENDO TESTES E AS URNAS NÃO DIGITA O NÚMERO 7 COMO AS PESSOAS DENUNCIARAM, OLHE A VERGONHA QUE ELE ESTÃO PASSANDO (sic)”.

Na verdade, o vídeo foi feito durante uma auditoria pública em quatro equipamentos realizada pelo Tribunal Regional Eleitoral de São Paulo (TRE-SP) em 20 de outubro. E o defeito não era restrito a uma única tecla. O resultado da <a target=""blank"" href=""http://www.tre-sp.jus.br/imprensa/noticias-tre-sp/2018/Outubro/nota-auditoria-confirma-seguranca-das-urnas-eletronicas"" rel=""noopener noreferrer""> análise técnica da Justiça Eleitoral</a> aponta que “foram observados defeitos aleatórios em teclas diversas durante a digitação após sucessivas repetições do autoteste”. Ou seja, a falha não afetava o mesmo botão.

A urna com defeito no teclado estava localizada na seção 227 da 404ª zona eleitoral, localizada no bairro de Cidade Tiradentes, zona leste da capital paulista. Após identificado o problema, foi substituída por uma outra, às 9h42. Quando há necessidade de substituição de equipamentos, os votos já registrados são transferidos de uma urna para a outra, <a target=""blank"" href=""http://www.tse.jus.br/o-tse/escola-judiciaria-eleitoral/publicacoes/revistas-da-eje/artigos/revista-eletronica-eje-n.-2-ano-5/copy_of_por-que-a-urna-eletronica-e-segura"" rel=""noopener noreferrer"">
por meio de procedimentos claros</a>.

Nos vídeos - ao todo são seis, de cerca de 1 minuto cada - que estão sendo compartilhados acompanhados por textos que sugerem uma suposta fraude, os técnicos apresentam essas explicações a um dos presentes, que critica a falha apresentada lança dúvidas sobre se os eleitores que usaram o equipamento conseguiram votar em quem realmente queriam.

Outras três urnas foram submetidas à auditoria pelo TRE-SP e <a target=""blank"" href=""http://www.tre-sp.jus.br/imprensa/noticias-tre-sp/2018/Outubro/nota-auditoria-confirma-seguranca-das-urnas-eletronicas"" rel=""noopener noreferrer""> nelas não foram encontradas irregularidades</a>. Participaram do <a target=""blank"" href=""http://www.tre-sp.jus.br/imprensa/noticias-tre-sp/2018/Outubro/em-video-tre-mostra-a-auditoria-de-urnas-realizada-no-ultimo-sabado-20"" rel=""noopener noreferrer"">evento</a>, aberto ao público e registrado em vídeo, autoridades da Justiça eleitoral, fiscais de partidos políticos e, ainda, um observador da Organização dos Estados Americanos (OEA).

O TSE também afirmou que o defeito mecânico do teclado não representa nem alterou o resultado das eleições. Em <a target=""blank"" href=""http://www.tse.jus.br/hotsites/esclarecimentos-informacoes-falsas-eleicoes-2018/video-em-que-se-alega-suposta-fraude-em-urna-eletronica-que-apresentou-defeito.html"" rel=""noopener noreferrer"">nota de esclarecimento</a>, disse que foi “adotado o procedimento correto de substituição do equipamento defeituoso por uma urna de contingência, sem que esse defeito pudesse influenciar no resultado do pleito eleitoral”.

As gravações sobre a urna que supostamente “autocompletava votos em favor de” Fernando Haddad (PT) - o equipamento com o defeito reconhecido pelo TRE-SP - também são enganosas. O Comprova havia pedido para um perito analisar os vídeos e a conclusão, <a target=""blank"" href=""https://noticias.uol.com.br/confere/ultimas-noticias/2018/10/19/videos-com-urna-que-autocompletaria-voto-em-sp-nao-provam-fraude.htm"" rel=""noopener noreferrer"">publicada pelo UOL</a>, foi a de que eles não eram capazes de revelar fraude. 

O post enganoso foi publicado no “GRUPO OLAVO DE CARVALHO”. Até o final da noite de quinta-feira, 25 de outubro, havia sido compartilhado mais de 206 mil vezes. Outras versões do conteúdo circulam em canais de vídeos do YouTube.",,"1970-01-01 00:00:00",archived-answer,https://projetocomprova.com.br/post/re_2b5w8xygyq4b/,https://projetocomprova.com.br/wp-content/uploads/2018/10/DpLn9LJWRuCE8AY93JNd-2.jpg,DpLn9LJWRuCE8AY93JNd,,,,https://projetocomprova.com.br/wp-content/uploads/2018/10/DpLn9LJWRuCE8AY93JNd-2.jpg,,,classic-editor|classic-editor|classic-editor,"a:3:{s:3:""loc"";s:84:""https://projetocomprova.com.br/wp-content/uploads/2018/10/DpLn9LJWRuCE8AY93JNd-2.jpg"";s:5:""title"";s:20:""DpLn9LJWRuCE8AY93JNd"";s:7:""caption"";s:0:"""";}|a:3:{s:3:""loc"";s:84:""https://projetocomprova.com.br/wp-content/uploads/2018/10/DpLn9LJWRuCE8AY93JNd-2.jpg"";s:5:""title"";s:20:""DpLn9LJWRuCE8AY93JNd"";s:7:""caption"";s:0:"""";}|a:3:{s:3:""loc"";s:84:""https://projetocomprova.com.br/wp-content/uploads/2018/10/DpLn9LJWRuCE8AY93JNd-2.jpg"";s:5:""title"";s:20:""DpLn9LJWRuCE8AY93JNd"";s:7:""caption"";s:0:"""";}",,,,,,,,,,1|1|1,,,,,,publish,1,lunar_admin,oli@lunar.build,,,re_2b5w8xygyq4b,,,0,0,0,closed,closed,"1970-01-01 00:00:00",,uol|poder360|gauchazh|jornal-do-commercio|sbt|nsc-comunicacao,red,,,,,,,,,,,,,,,
3430,"Policiais militares do Ceará não entoaram gritos a favor de Bolsonaro","É falso o vídeo em que policiais militares entoam gritos a favor do candidato a presidente Jair Bolsonaro (PSL) em Iguatu (CE). A peça de desinformação usa um trecho do vídeo de um treinamento de policiais realizado na cidade cearense em 2017, mas altera totalmente o áudio. No <a target=""blank"" href=""https://www.youtube.com/watch?v=rw52HwX5-Tk&feature=youtu.be"" rel=""noopener noreferrer"">vídeo original</a>, os policiais percorrem Iguatu durante o treinamento e não entoam nenhum grito com menção ao candidato.

Para localizar o vídeo original, o projeto Comprova, ao analisar as imagens, fez uma busca no YouTube pelas palavras “BPRAIO” (Batalhão de Policiamento de Rondas de Ações Intensivas), que aparece em uma das viaturas, e “PM Ceará”. O resultado nos deu um vídeo de 2017, postado por San Drones, uma empresa da região que fez a filmagem, em parceira com a PM, e editou o vídeo. 

O original, postado em agosto de 2017, tem 2:16 minutos. O falso, por sua vez, tem 1:19. Foi possível perceber pelo menos quatro edições feitas no vídeo falso. As imagens que mostram os policiais fazendo flexão de braço, por exemplo, não aparecem na gravação compartilhada com falso apoio a Bolsonaro. Outra informação importante é que o vídeo original começa com o <a target=""blank"" href=""https://pt.wikipedia.org/wiki/Pol%C3%ADcia_Militar_do_Estado_do_Cear%C3%A1"" rel=""noopener noreferrer"">símbolo da PM do Ceará</a>.

“A <a target=""blank"" href=""https://www.facebook.com/Pmceara/photos/a.522218734597139/1146250055527334/?type=3&theater"" rel=""noopener noreferrer"">Polícia Militar do Ceará</a> esclarece que o vídeo que está circulando nas redes sociais de um grupamento do BPRAIO, manifestando-se politicamente é falso”, informou a Comunicação Social da PM do Ceará.

“O áudio que está no vídeo não condiz com o que os policiais militares entoavam durante o treinamento. Foi feita uma montagem grosseira das imagens dos policiais militares, enquanto estavam no treinamento, com um áudio de um outro vídeo, gravado em um outro Estado”, afirmou a PM cearense por meio de nota.

O áudio reproduzido na montagem é o mesmo de um <a target=""blank"" href=""https://congressoemfoco.uol.com.br/eleicoes/em-treinamento-de-rua-policiais-militares-fazem-campanha-ilegal-para-bolsonaro-veja-o-video/"" rel=""noopener noreferrer"">vídeo que veio à tona nesta semana</a> em que policiais militares de Luziânia (GO) entoam gritos a favor do candidato do PSL, o que é proibido por lei.

A Secretaria de Segurança Pública de Goiás determinou a abertura de uma investigação do caso de Luziânia. “Em relação aos episódios envolvendo policiais militares pedindo voto para um candidato à presidência da República, a Secretaria determinou abertura de procedimento investigativo para apurar os fatos e tomar as medidas legais cabíveis”, afirmou, em nota, a pasta.

A Polícia Militar de Goiás confirmou que um instrutor da corporação foi afastado em função do episódio e disse que não autoriza manifestações políticas e eleitorais.

“A Polícia Militar de Goiás, ao tomar conhecimento do vídeo, encaminhou ao Comando Regional responsável pela circunscrição a que pertence o efetivo policial que realizou a filmagem, para que sejam apuradas as causas e circunstâncias em que ocorreu tal fato”, informou em nota o Comando da PM goiana.

“O Comando da Corporação não autoriza qualquer manifestação política e eleitoral realizada por militares da instituição, quando em serviço, instrução, e principalmente com a utilização de fardamento, quer seja administrativo ou operacional”, acrescentou a corporação.

A montagem envolvendo a PM do Ceará chegou ao Comprova pelo WhatsApp (11-97795-0022). No Facebook, o vídeo falso foi visualizado 11 mil vezes em um post publicado nesta quinta-feira, 25 de outubro.",,"1970-01-01 00:00:00",archived-answer,https://projetocomprova.com.br/post/re_2b5w8xzxxogz/,https://projetocomprova.com.br/wp-content/uploads/2018/10/QDvh5aBLQGOxQYJqx53r-2.png,QDvh5aBLQGOxQYJqx53r,,,,https://projetocomprova.com.br/wp-content/uploads/2018/10/QDvh5aBLQGOxQYJqx53r-2.png,,,,"a:3:{s:3:""loc"";s:84:""https://projetocomprova.com.br/wp-content/uploads/2018/10/QDvh5aBLQGOxQYJqx53r-2.png"";s:5:""title"";s:20:""QDvh5aBLQGOxQYJqx53r"";s:7:""caption"";s:0:"""";}|a:3:{s:3:""loc"";s:84:""https://projetocomprova.com.br/wp-content/uploads/2018/10/QDvh5aBLQGOxQYJqx53r-2.png"";s:5:""title"";s:20:""QDvh5aBLQGOxQYJqx53r"";s:7:""caption"";s:0:"""";}|a:3:{s:3:""loc"";s:84:""https://projetocomprova.com.br/wp-content/uploads/2018/10/QDvh5aBLQGOxQYJqx53r-2.png"";s:5:""title"";s:20:""QDvh5aBLQGOxQYJqx53r"";s:7:""caption"";s:0:"""";}",,,,,,,,,,1|1|1,,,,,,publish,1,lunar_admin,oli@lunar.build,,,re_2b5w8xzxxogz,,,0,0,0,closed,closed,"1970-01-01 00:00:00",uol,poder360|revista-piaui|gauchazh|jornal-do-commercio|sbt|uol,red,,,,,,,,,,,,,,,
3432,"Médico de Bolsonaro disse ""câncer de intestino"" em vídeo de reportagem, mas como brincadeira","Um dos médicos do candidato à presidência Jair Bolsonaro (PSL) realmente disse o termo “câncer de intestino” enquanto se preparava para examinar o deputado federal no último domingo, 21 de outubro, como mostra vídeo divulgado em reportagem da TV Record. 

O profissional, porém, não estava, naquele momento, dando um diagnóstico ao capitão da reserva. Na realidade, o médico fazia uma brincadeira sobre uma informação falsa que circulou nas redes sociais anteriormente de que Bolsonaro estaria com câncer.

Pelo Twitter, trechos do vídeo foram publicados acompanhados de legendas enganosas que sugeriam que o militar estaria realmente com câncer. “Olhaí o momento exato em que o médico fala o diagnóstico de Bolsonaro: câncer de intestino. Pra quem desconfiava da teoria de que ele estava doente, tá aí uma prova difícil de refutar” (sic), escreveu uma usuária.

“Médico de Jair Bolsonaro falando ao fundo da reportagem da Record que o candidato a presidência está com CANCER DE INTESTINO. ‘Montagem’? Reportagem saiu no próprio canal da Record no Youtube” (sic), escreveu outro internauta ao também compartilhar trecho do vídeo.

Realizado no último domingo, 21 de outubro, na casa do candidato, no Rio de Janeiro, o exame foi acompanhado pela equipe da TV Record que <a target=""blank"" href=""http://recordtv.r7.com/domingo-espetacular/videos/domingo-espetacular-mostra-o-real-estado-de-saude-de-jair-bolsonaro-21102018"" rel=""noopener noreferrer"">produzia uma reportagem</a> sobre o estado de saúde de Bolsonaro para o programa “Domingo Espetacular”. 

A brincadeira do médico — que aparece aos 9 minutos e 32 segundos — acabou vazando na matéria exibida pela emissora.

Na última quarta-feira, dia 24, o blog Coluna do Fraga, do portal R7, publicou o trecho da gravação sem a edição da reportagem. No vídeo, de 6seg, o médico diz, aos risos: “Operou um câncer no intestino dele. Um câncer no intestino”. Uma outra voz masculina complementa: “É uma fake news”.

Bolsonaro passou por duas cirurgias complexas após ser atacado com uma faca na barriga enquanto fazia campanha de rua na cidade de Juiz de Fora (MG), no dia 6 de setembro. O responsável pelo ataque está preso. 

Do dia em que foi esfaqueado até o dia que recebeu alta do hospital Albert Einstein, onde ficou em recuperação, Bolsonaro passou 23 dias internado.  

O vídeo que tenta induzir que Bolsonaro estaria com câncer foi compartilhado em ao menos oito contas no Twitter. Em uma delas, o vídeo somou 65,2 mil visualizações, 752 retuítes e 1.980 curtidas, até a publicação deste texto. 

Em outra conta, o vídeo teve 62,5 mil visualizações, 412 retuítes e 902 curtidas entre as 7h34min de quarta-feira, dia 24, e às 15h15min de quinta-feira, 25 de outubro.

A peça também foi verificada pelo site <a target=""blank"" href=""http://www.e-farsas.com/o-medico-disse-no-domingo-espetacular-que-bolsonaro-esta-com-cancer-de-intestino.html"" rel=""noopener noreferrer"">E-farsas</a>.",,"1970-01-01 00:00:00",archived-answer,https://projetocomprova.com.br/post/re_2b5w8xy19d4y/,https://projetocomprova.com.br/wp-content/uploads/2018/10/agtyMOLERuyVejnWBoGD-2.png,agtyMOLERuyVejnWBoGD,,,,https://projetocomprova.com.br/wp-content/uploads/2018/10/agtyMOLERuyVejnWBoGD-2.png,,,,"a:3:{s:3:""loc"";s:84:""https://projetocomprova.com.br/wp-content/uploads/2018/10/agtyMOLERuyVejnWBoGD-2.png"";s:5:""title"";s:20:""agtyMOLERuyVejnWBoGD"";s:7:""caption"";s:0:"""";}|a:3:{s:3:""loc"";s:84:""https://projetocomprova.com.br/wp-content/uploads/2018/10/agtyMOLERuyVejnWBoGD-2.png"";s:5:""title"";s:20:""agtyMOLERuyVejnWBoGD"";s:7:""caption"";s:0:"""";}|a:3:{s:3:""loc"";s:84:""https://projetocomprova.com.br/wp-content/uploads/2018/10/agtyMOLERuyVejnWBoGD-2.png"";s:5:""title"";s:20:""agtyMOLERuyVejnWBoGD"";s:7:""caption"";s:0:"""";}",,,,,,,,,,1|1|1,,,,,,publish,1,lunar_admin,oli@lunar.build,,,re_2b5w8xy19d4y,,,0,0,0,closed,closed,"1970-01-01 00:00:00",gauchazh|folha-de-s-paulo,poder360|gauchazh|jornal-do-commercio|sbt|uol|revista-piaui,red,,,,,,,,,,,,,,,
3434,"Não é verdade que Amelinha Teles tenha matado militares na ditadura","Não é verdade que Maria Amélia de Almeida Teles, conhecida por Amelinha Teles, foi condenada por matar militares. Uma imagem circula nas redes sociais Facebook e WhatsApp com a imagem de uma senhora com a seguinte frase “Essa senhora aparece na propaganda do Haddad chorando. Amelinha Teles, junto com seu marido, matou e esquartejou militares em nome da ditadura do proletariado”. Amelinha e o marido, Cezar Augusto Teles, não cometeram esse crime e nunca foram acusados, tampouco julgados, por ele.

Amelinha Teles ficou em evidência nas redes após aparecer em um programa eleitoral do candidato à presidência do Partido dos Trabalhadores (PT), Fernando Haddad, no dia 16 de outubro. Ela deu um depoimento contando como ela e seu marido Cezar Augusto Teles foram presos em dezembro de 1972, torturados e humilhados pelos militares na frente dos filhos após uma violenta sessão de tortura. O TSE <a target=""blank"" href=""https://www1.folha.uol.com.br/poder/2018/10/tse-suspende-propaganda-do-pt-que-mostra-bolsonaro-elogiando-ustra.shtml"" rel=""noopener noreferrer"">determinou a suspensão da veiculação</a> dessa propaganda.

O casal foi preso junto a outros militantes do PC do B. A acusação, na época, era de “agrupamento prejudicial à segurança nacional”, e estava relacionada ao que foi classificado como “propaganda escrita” do partido - a edição de jornais, panfletos e artigos com conteúdo supostamente subversivo. O <a target=""blank"" href=""http://bnmdigital.mpf.mp.br/sumarios/700/693.html"" rel=""noopener noreferrer"">processo é de março de 1973</a>. Ela foi condenada a 7 meses de reclusão.

No trecho em que o documento detalha a atuação de Amelinha no grupo não há qualquer menção ao crime de homicídio. O processo diz que Amelinha e o marido eram responsáveis pelo setor de imprensa do partido, e que a residência do casal havia se tornado um “aparelho” do partido. “Mantinha estreitos ligamentos com membros da organização e quando da doença de seu espôso mudou-se para outro “aparelho”, com recursos fornecidos pelo Partido, onde mimeografou exemplares do jornal “CLASSE OPERÁRIA”, auxiliada por Carlos Nicolau Danielli, vulgo “Antonio”. Os documentos apreendidos em seu poder são altamente subversivos e bastariam para uma condenação”, detalha o processo.

Amelinha e o marido foram torturados no DOI-CODI/SP. O comandante da unidade era o coronel Carlos Alberto Brilhante Ustra, que participou das sessões de tortura do casal. Ele <a target=""blank"" href=""http://jornalnacional.globo.com/Telejornais/JN/0,,MUL792997-10406,00-CORONEL+REFORMADO+E+DECLARADO+TORTURADOR.html"" rel=""noopener noreferrer"">foi declarado torturador</a> pela Justiça brasileira em 2008. O coronel Ustra é frequentemente associado ao candidato do PSL, Jair Bolsonaro. O presidenciável declarou, em sabatina no programa Roda Viva em julho, que <a target=""blank"" href=""https://www.infomoney.com.br/mercados/politica/noticia/7540801/conheca-livro-cabeceira-jair-bolsonaro-verdade-sufocada"" rel=""noopener noreferrer"">seu livro de cabeceira</a> é “A Verdade Sufocada - A história que a esquerda não quer que o Brasil conheça”, de Ustra. Ele também <a target=""blank"" href=""https://oglobo.globo.com/brasil/bolsonaro-menciona-chefe-do-doi-codi-ao-votar-pelo-impeachment-2-19112343"" rel=""noopener noreferrer"">dedicou à memória de Ustra o voto “sim” pelo impeachment de Dilma Rousseff (PT)</a>, acrescentando que ele era o “pavor” da então presidente. DIlma também foi torturada por Ustra durante a ditadura.

Tanto no vídeo da campanha do PT quanto em outros depoimentos, como os prestados à Comissão da Verdade e à novela “Amor e Revolução”, Amelinha descreve o tipo de tortura a que o casal foi submetido: cadeira do dragão, choques, espancamento e violência psicológica, com ameaças aos filhos. As crianças - Janaína e Edson, na época com 5 e 4 anos, respectivamente - foram levados para verem os pais torturados. Janaína também participou do vídeo da campanha de Haddad, relatando que lembrava de ter sido forçada a ver os pais naquela situação.

Carlos Danielli, que foi preso junto com o casal, <a target=""blank"" href=""http://comissaodaverdade.al.sp.gov.br/mortos-desaparecidos/carlos-nicolau-danielli-carlinhos"" rel=""noopener noreferrer"">morreu numa sessão de tortura</a>. A versão apresentada pelo DOI-CODI/SP era de que ele havia sido morto em tiroteio com policiais após tentativa de fuga. A história foi esclarecida pela Comissão da Verdade.

Após a veiculação do vídeo e da circulação do boato sobre Amelinha, ela passou a sofrer ameaças pelas redes sociais. Amigos <a target=""blank"" href=""https://www.youtube.com/watch?v=jJ71gdvMUhs&app=desktop&fbclid=IwAR1HMbvg4tOM4htmC045kIXsOASA9ImMZYnFct-eFHxYthQ7jMnyiUL1Hr4"" rel=""noopener noreferrer"">gravaram um vídeo em apoio</a>.

A montagem foi enviada para o WhatsApp do Comprova. Postagens sobre o tema em sites e redes sociais foram apagados. Uma das que ainda está no ar é da página Curitiba Contra a Corrupção, e teve 12,1 mil compartilhamentos desde 19 de outubro.

A <a target=""blank"" href=""https://piaui.folha.uol.com.br/lupa/2018/10/23/verificamos-amelinha-militares/"" rel=""noopener noreferrer"">Agência Lupa</a> também já fez esta verificação. ",,"1970-01-01 00:00:00",archived-answer,https://projetocomprova.com.br/post/re_2b5w8xygp18z/,https://projetocomprova.com.br/wp-content/uploads/2018/10/VrA0CV4Qt6dI1eVOdFKQ-2.jpg,VrA0CV4Qt6dI1eVOdFKQ,,,,https://projetocomprova.com.br/wp-content/uploads/2018/10/VrA0CV4Qt6dI1eVOdFKQ-2.jpg,,,,"a:3:{s:3:""loc"";s:84:""https://projetocomprova.com.br/wp-content/uploads/2018/10/VrA0CV4Qt6dI1eVOdFKQ-2.jpg"";s:5:""title"";s:20:""VrA0CV4Qt6dI1eVOdFKQ"";s:7:""caption"";s:0:"""";}|a:3:{s:3:""loc"";s:84:""https://projetocomprova.com.br/wp-content/uploads/2018/10/VrA0CV4Qt6dI1eVOdFKQ-2.jpg"";s:5:""title"";s:20:""VrA0CV4Qt6dI1eVOdFKQ"";s:7:""caption"";s:0:"""";}|a:3:{s:3:""loc"";s:84:""https://projetocomprova.com.br/wp-content/uploads/2018/10/VrA0CV4Qt6dI1eVOdFKQ-2.jpg"";s:5:""title"";s:20:""VrA0CV4Qt6dI1eVOdFKQ"";s:7:""caption"";s:0:"""";}",,,,,,,,,,1|1|1,,,,,,publish,1,lunar_admin,oli@lunar.build,,,re_2b5w8xygp18z,,,0,0,0,closed,closed,"1970-01-01 00:00:00",sbt,poder360|gauchazh|sbt|revista-piaui|correio-do-povo|uol|jornal-do-commercio,red,,,,,,,,,,,,,,,
3436,"Vídeo que mostra ônibus de Salvador com adesivos do PT é verdadeiro","É verdadeiro o vídeo que mostra ônibus municipais de Salvador (BA) adesivados com a estrela vermelha e o número 13 do PT e que circula, sem autoria, por redes sociais como WhatsApp, Facebook e Twitter. O ato configura propaganda eleitoral ilegal, segundo a <a target=""blank"" href=""http://www.planalto.gov.br/ccivil_03/leis/L9504.htm"" rel=""noopener noreferrer"">Lei das Eleições</a>, pois são bens de concessão pública.

No Twitter, o vídeo mais antigo encontrado pelo Comprova <a target=""blank"" href=""https://twitter.com/KarlPedufre/status/1055090485281374209"" rel=""noopener noreferrer"">foi publicado</a> na quarta-feira, 24 de outubro, às 11h35 (horário de Brasília). Posteriormente, outras contas replicaram o material. Jornais e sites de imprensa também noticiaram o ocorrido após a primeira publicação do vídeo no Twitter.

Com uso da ferramenta Google Street View, o Comprova identificou que o vídeo foi feito em um ponto de ônibus na rua Lucaia, na junção com a avenida Juracy Magalhães Júnior, no bairro do Rio Vermelho. No vídeo, são visíveis o letreiro da escola de idiomas Fisk e uma grade azul na calçada, distinções que correspondem com as imagens do Google Street View da área. As linhas de ônibus que aparecem no vídeo <a target=""blank"" href=""http://www.transalvadorantigo.salvador.ba.gov.br/homologacao/?pagina=onibus/onibus"" rel=""noopener noreferrer"">de fato passam</a> nesse local.

Procurada pelo Comprova, a Prefeitura de Salvador confirmou a veracidade do vídeo e disse que o sistema de ônibus municipal “foi alvo de um ato de vandalismo, com a colagem de propaganda eleitoral”. Ainda de acordo com a prefeitura, que é comandada por ACM Neto (DEM), “não houve nenhuma autorização por parte da concessionária para que esta ação acontecesse”. 

Já o TRE-BA (Tribunal Regional Eleitoral da Bahia) disse ao Comprova que as polícias e autoridades competentes “já iniciaram a retirada do material indevido dos veículos” e que foi aberta “representação para apuração do caso”. Até a publicação deste texto, o caso não havia sido julgado.
 
Em nota, a Plataforma Transportes SPE S/A, a Ótima Transportes Salvador SPE S/A e a CSN Transportes Urbanos SPE S/A, concessionárias do Sistema de Transporte por Ônibus de Salvador, <a target=""blank"" href=""http://www.ottrans.com.br/"" rel=""noopener noreferrer"">afirmaram que foram “alvo de ações criminosas</a> em seus ônibus com a colagem de propaganda eleitoral”. O texto também diz que as empresas estão colaborando com as autoridades para identificar os envolvidos.

O Comprova entrou em contato, por telefone e por email, com o diretório do PT na Bahia, mas não obteve resposta. <a target=""blank"" href=""https://g1.globo.com/ba/bahia/noticia/2018/10/24/ministerio-publico-aciona-tre-apos-adesivos-do-pt-serem-colados-em-onibus-de-salvador-empresas-sao-notificadas.ghtml"" rel=""noopener noreferrer"">Ao site G1</a>, o PT disse que não orientou ninguém a colar os adesivos nos ônibus. 

Uma página pública no Facebook chamada República de Curitiba (que tem mais de 900 mil curtidas) divulgou a foto de um agente da Polícia Federal retirando o adesivo. Desde que foi compartilhada na página, às 23h12 do dia 24 de outubro, e até a publicação deste texto, a imagem somava mais de 25 mil compartilhamentos.

O Comprova recebeu, por WhatsApp, sugestão de checagem da veracidade do vídeo. A peça viral também foi encontrada no Monitor de WhatsApp, ferramenta desenvolvida pela UFMG.",,"1970-01-01 00:00:00",archived-answer,https://projetocomprova.com.br/post/re_2b5w8xywxm2z/,https://projetocomprova.com.br/wp-content/uploads/2018/10/0CPdtkWrTcSN8FbpC25r-2.png,0CPdtkWrTcSN8FbpC25r,,,,https://projetocomprova.com.br/wp-content/uploads/2018/10/0CPdtkWrTcSN8FbpC25r-2.png,,,,"a:3:{s:3:""loc"";s:84:""https://projetocomprova.com.br/wp-content/uploads/2018/10/0CPdtkWrTcSN8FbpC25r-2.png"";s:5:""title"";s:20:""0CPdtkWrTcSN8FbpC25r"";s:7:""caption"";s:0:"""";}|a:3:{s:3:""loc"";s:84:""https://projetocomprova.com.br/wp-content/uploads/2018/10/0CPdtkWrTcSN8FbpC25r-2.png"";s:5:""title"";s:20:""0CPdtkWrTcSN8FbpC25r"";s:7:""caption"";s:0:"""";}|a:3:{s:3:""loc"";s:84:""https://projetocomprova.com.br/wp-content/uploads/2018/10/0CPdtkWrTcSN8FbpC25r-2.png"";s:5:""title"";s:20:""0CPdtkWrTcSN8FbpC25r"";s:7:""caption"";s:0:"""";}",,,,,,,,,,1|1|1,,,,,,publish,1,lunar_admin,oli@lunar.build,,,re_2b5w8xywxm2z,,,0,0,0,closed,closed,"1970-01-01 00:00:00",folha-de-s-paulo|nexo,poder360|gauchazh|sbt|correio-do-povo|jornal-do-commercio,green,,,,,,,,,,,,,,,
3438,"Não há evidência de que funcionários usaram veículo oficial em campanha de Haddad","Não há evidências de que servidores públicos da Universidade Federal do Vale do São Francisco (Univasf), em Petrolina, em Pernambuco, usaram veículos oficiais para fazer campanha para o candidato à Presidência Fernando Haddad (PT). O vídeo sem comprovação foi compartilhado no Twitter.

Ao publicar um vídeo que mostra funcionários embarcando em uma caminhonete branca com identificação da universidade, um tuíte afirmou: “URGENTE: Em vídeo divulgado nas redes sociais, servidores públicos federais utilizam carros oficiais para desempenhar campanha política em prol de Fernando Haddad, candidato à Presidência pelo Partido dos Trabalhadores (PT); o veículo contém placas da UNIVASF.

Na gravação, um homem diz: “Sabe que não pode, né? Sabe que não pode manifestação política com carro oficial. Polícia Federal ficar sabendo, viu? Vou chamar mesmo”. Porém, nenhum material de campanha aparece na imagem. Uma das passageiras parece vestir uma camiseta com o slogan “Ele não”, que se popularizou em protesto ao candidato Jair Bolsonaro (PSL), mas não é possível ter certeza pelo vídeo publicado. O Comprova não conseguiu localizar a versão original do vídeo, nem o homem da voz que aparece na gravação.

Procurada, a assessoria de imprensa da Univasf afirmou que as pessoas que aparecem no vídeo sequer eram servidores públicos. Tratam-se de funcionários terceirizados contratados pelo Programa de Conservação da Fauna e Flora do Projeto de Integração do Rio São Francisco com as Bacias do Nordeste Setentrional (Pisf), financiado pelo Ministério da Integração Nacional.

Em nota, a universidade ainda informou que os funcionários estavam realizando atividades de campo do referido programa na manhã da última terça-feira, 23 de outubro, no município de Cajazeiras, na Paraíba. Ao analisar o conteúdo, a assessoria não constatou qualquer ato que “configure desobediência à Lei Eleitoral”. Em uma busca reversa — uma procura para encontrar imagens relacionadas em toda a internet — pelas ferramentas InVID e RevEye, o Comprova não localizou nenhuma outra versão do vídeo.

O tuíte foi publicado pela conta Conexão Política às 10h55min desta quarta-feira, 24. Até as 11h desta quinta-feira, 25, o vídeo havia sido retuitado 7.484 vezes e recebido 13.228 curtidas.",,"1970-01-01 00:00:00",archived-answer,https://projetocomprova.com.br/post/re_2b5w8xza0xay/,https://projetocomprova.com.br/wp-content/uploads/2018/10/UQQVD9jhTpq9quBcmxpe-2.png,UQQVD9jhTpq9quBcmxpe,,,,https://projetocomprova.com.br/wp-content/uploads/2018/10/UQQVD9jhTpq9quBcmxpe-2.png,,,,"a:3:{s:3:""loc"";s:84:""https://projetocomprova.com.br/wp-content/uploads/2018/10/UQQVD9jhTpq9quBcmxpe-2.png"";s:5:""title"";s:20:""UQQVD9jhTpq9quBcmxpe"";s:7:""caption"";s:0:"""";}|a:3:{s:3:""loc"";s:84:""https://projetocomprova.com.br/wp-content/uploads/2018/10/UQQVD9jhTpq9quBcmxpe-2.png"";s:5:""title"";s:20:""UQQVD9jhTpq9quBcmxpe"";s:7:""caption"";s:0:"""";}|a:3:{s:3:""loc"";s:84:""https://projetocomprova.com.br/wp-content/uploads/2018/10/UQQVD9jhTpq9quBcmxpe-2.png"";s:5:""title"";s:20:""UQQVD9jhTpq9quBcmxpe"";s:7:""caption"";s:0:"""";}",,,,,,,,,,1|1|1,,,,,,publish,1,lunar_admin,oli@lunar.build,,,re_2b5w8xza0xay,,,0,0,0,closed,closed,"1970-01-01 00:00:00",band-news-fm|gauchazh,poder360|uol|sbt|gauchazh|revista-piaui,"black and white",,,,,,,,,,,,,,,
3440,"Fernando Haddad não comemorou a queda das torres gêmeas em aula na USP","O candidato à Presidência do PT, Fernando Haddad, estava licenciado das atividades de professor da Universidade de São Paulo (USP) no dia 11 de setembro de 2001 e não ministrou aulas naquele ano — e, portanto, não poderia ter comemorado a queda das Torres Gêmeas em classe, conforme relata um post viral no Facebook.

Segundo informações do Departamento de Ciência Política da Faculdade de Filosofia, Letras e Ciências Humanas (FFLCH) da USP, Haddad se licenciou entre os dias 2 de janeiro de 2001 e 1º de janeiro de 2003. No período, ele era chefe de gabinete da Secretaria de Finanças e Desenvolvimento Econômico da cidade de São Paulo. A confirmação do licenciamento  <a target=""blank"" href="" https://www.imprensaoficial.com.br/DO/BuscaDO2001Documento_11_4.aspx?link=/2001/executivo%2520secao%2520ii/janeiro/23/pag_0001_74N2SVBC38G7Ke5TQAHSEIPKP56.pdf&pagina=1&data=23/01/2001&caderno=Executivo%20II&paginaordenacao=100001"" rel=""noopener noreferrer""> foi publicada na página 23 do Diário Oficial do Estado de São Paulo em 23 de janeiro de 2001. </a>

A nomeação do petista para o cargo <a target=""blank"" href=""http://www.docidadesp.imprensaoficial.com.br/NavegaEdicao.aspx?ClipId=0C6TH301OQP28e2PAB0FLC64RBD"" rel=""noopener noreferrer"">está registrada no Diário Oficial do município</a>, assinada pela então prefeita Marta Suplicy na data informada pela USP. Uma <a target=""blank"" href=""https://www1.folha.uol.com.br/fsp/cotidian/ff2809200101.htm"" rel=""noopener noreferrer"">reportagem da Folha de S.Paulo</a> de setembro do mesmo ano registrou falas de Haddad como chefe de gabinete da secretaria. 

Em texto no Facebook, Aline Soares, que se apresenta como ex-aluna de graduação de Ciências Sociais da USP,  afirma que, na noite de 11 de setembro, Fernando Haddad teria cancelado uma aula de “Teoria Política 4” para “comemorar” e “celebrar” o atentado terrorista em Nova York. Segundo ela, o professor teria dito que “o capitalismo havia ruído” após o ataque.

No entanto, Haddad só voltaria a dar aulas para a graduação da USP em 2017, de acordo com a assessoria da instituição. Anteriormente, o petista só havia ministrado disciplinas em duas ocasiões: no segundo semestre de 2002, quando ensinou “Problemas e Tendências da Teoria Política Contemporânea”; e no primeiro semestre de 2015, com o curso “Economia e Política da Cidade”. 

Ambas as matérias citadas eram voltadas para a pós-graduação. Em 2015, o retorno do então prefeito de São Paulo à docência <a target=""blank"" href=""https://sao-paulo.estadao.com.br/noticias/geral,haddad-volta-a-dar-aula-na-usp-e-fala-de-plano-diretor-estrategico-e-parque-augusta,1651889"" rel=""noopener noreferrer"">foi registrada em várias reportagens</a>.  

O Comprova acessou o currículo Lattes da mulher que faz o relato. Ela diz que foi aluna da universidade de 2000 a 2005. A disciplina a que ela se refere em seu texto é “Política IV - Instituições Políticas Brasileiras I”, do ciclo básico de Ciências Sociais.

A assessoria da FFLCH, no entanto, informa que Haddad nunca ministrou esse curso “porque não faz parte da <a target=""blank"" href=""http://buscatextual.cnpq.br/buscatextual/visualizacv.do?metodo=apresentar&id=K4782263J1"" rel=""noopener noreferrer"">área de pesquisa dele</a>”. Em geral, o candidato à Presidência dá aulas de “Política II - Pensamento Político Moderno” e “Política III - Teoria Política Moderna”.

Até a noite da segunda-feira, 22, o post enganoso tinha 11 mil interações na rede social. O relato foi republicado por sites como Agência Caneta, com 33 mil interações.",,"1970-01-01 00:00:00",archived-answer,https://projetocomprova.com.br/post/re_2b5w8xn4gowb/,https://projetocomprova.com.br/wp-content/uploads/2018/10/r6Gy0llBQWOlHDa92O7a-2.png,r6Gy0llBQWOlHDa92O7a,,,,https://projetocomprova.com.br/wp-content/uploads/2018/10/r6Gy0llBQWOlHDa92O7a-2.png,,,,"a:3:{s:3:""loc"";s:84:""https://projetocomprova.com.br/wp-content/uploads/2018/10/r6Gy0llBQWOlHDa92O7a-2.png"";s:5:""title"";s:20:""r6Gy0llBQWOlHDa92O7a"";s:7:""caption"";s:0:"""";}|a:3:{s:3:""loc"";s:84:""https://projetocomprova.com.br/wp-content/uploads/2018/10/r6Gy0llBQWOlHDa92O7a-2.png"";s:5:""title"";s:20:""r6Gy0llBQWOlHDa92O7a"";s:7:""caption"";s:0:"""";}|a:3:{s:3:""loc"";s:84:""https://projetocomprova.com.br/wp-content/uploads/2018/10/r6Gy0llBQWOlHDa92O7a-2.png"";s:5:""title"";s:20:""r6Gy0llBQWOlHDa92O7a"";s:7:""caption"";s:0:"""";}",,,,,,,,,,1|1|1,,,,,,publish,1,lunar_admin,oli@lunar.build,,,re_2b5w8xn4gowb,,,0,0,0,closed,closed,"1970-01-01 00:00:00",estadao|1506,sbt|nsc-comunicacao|poder360|gauchazh|jornal-do-commercio|uol|revista-piaui,red,,,,,,,,,,,,,,,
3442,"É boato que urnas tenham sido apreendidas no Amazonas já preenchidas com votos para Haddad","São falsas as informações de uma corrente compartilhada pelo WhatsApp que afirma que quatro urnas eletrônicas foram apreendidas em um carro particular “preenchidas com voto para o Haddad com pelo menos 81%” (sic). 

Segundo a mensagem viral falsa, o veículo estaria transportando ilegalmente as urnas a Autazes, município no interior do estado do Amazonas, quando teria sido parado em uma blitz da Polícia Militar.

Em <a target=""blank"" href=""http://www.tre-am.jus.br/imprensa/noticias-tre-am/2018/Outubro/nota-da-pmam?fbclid=IwAR1Jke31j57EVDQhY07Q6EpXHotmAinEfMJHHelSx_jXkoPVLko1N9XhrRI
"" rel=""noopener noreferrer"">nota</a> divulgada na segunda-feira, 22 de outubro, o TRE-AM (Tribunal Regional Eleitoral do Amazonas) informou que as imagens das urnas sendo apreendidas em um carro são verdadeiras, mas foram feitas e divulgadas por um policial “de forma equivocada”. 

A Polícia Militar do Amazonas disse que na tarde do sábado, 20 de outubro, uma equipe de policiais da 8° CIPM de Iranduba, que realizava a operação ""Sentinelas do Amazonas, ação Comunidade Segura"", abordou um veículo oficial do TRE, no qual havia urnas que estavam sendo encaminhadas para atender o pleito do município de Careiro da Várzea. 

Na abordagem foi constatado que não havia irregularidade porém, um dos policiais fotografou as urnas sendo transportadas e divulgou em sua rede social de forma equivocada.

A corrente de texto falsa também conta que a informação foi divulgada na rádio Odisseia FM 104.9 - o que não é verdade. 

Em <a target=""blank"" href=""https://www.facebook.com/OdisseiaFm/photos/a.195169123967089/1205461129604545/?type=3&theater"" rel=""noopener noreferrer"">nota publicada no Facebook</a>, a rádio diz que “em momento algum divulgou ou postou informações referentes a essa que está circulando”. Em outro trecho, a nota faz um alerta: “Pedimos sempre para que todos chequem as fontes das informações, para evitar que notícias falsas, como esta, não se espalhem”.

O Comprova recebeu a sugestão de checagem do boato pelo WhatsApp do projeto. 

A verificação da peça também foi feita pelos sites <a target=""blank"" href=""https://g1.globo.com/fato-ou-fake/noticia/2018/10/23/e-fake-que-urnas-eletronicas-irregulares-foram-apreendidas-em-carro-particular.ghtml
"" rel=""noopener noreferrer"">Fato ou Fake</a>, do Grupo Globo, e <a target=""blank"" href=""https://www.boatos.org/politica/urnas-eletronicas-apreendidas-amazonas.html"" rel=""noopener noreferrer"">Boatos.org</a>.  ",,"1970-01-01 00:00:00",archived-answer,https://projetocomprova.com.br/post/re_2b5w8xbvx2my/,https://projetocomprova.com.br/wp-content/uploads/2018/10/gIayWUYSid6I4SjOICgb-2.jpg,gIayWUYSid6I4SjOICgb,,,,https://projetocomprova.com.br/wp-content/uploads/2018/10/gIayWUYSid6I4SjOICgb-2.jpg,,,,"a:3:{s:3:""loc"";s:84:""https://projetocomprova.com.br/wp-content/uploads/2018/10/gIayWUYSid6I4SjOICgb-2.jpg"";s:5:""title"";s:20:""gIayWUYSid6I4SjOICgb"";s:7:""caption"";s:0:"""";}|a:3:{s:3:""loc"";s:84:""https://projetocomprova.com.br/wp-content/uploads/2018/10/gIayWUYSid6I4SjOICgb-2.jpg"";s:5:""title"";s:20:""gIayWUYSid6I4SjOICgb"";s:7:""caption"";s:0:"""";}|a:3:{s:3:""loc"";s:84:""https://projetocomprova.com.br/wp-content/uploads/2018/10/gIayWUYSid6I4SjOICgb-2.jpg"";s:5:""title"";s:20:""gIayWUYSid6I4SjOICgb"";s:7:""caption"";s:0:"""";}",,,,,,,,,,1|1|1,,,,,,publish,1,lunar_admin,oli@lunar.build,,,re_2b5w8xbvx2my,,,0,0,0,closed,closed,"1970-01-01 00:00:00",folha-de-s-paulo,sbt|uol|revista-piaui|poder360|jornal-do-commercio|gauchazh,red,,,,,,,,,,,,,,,
3444,"Não há evidências de que ação de quadrilha na Bahia seja ligada a Haddad","Ao contrário do que afirmam textos em sites políticos, não há evidências de que suspeitos de integrar uma quadrilha que tentava sacar um cheque de R$ 68 milhões no município de Poções, na Bahia, atuava para beneficiar o presidenciável Fernando Haddad (PT). É falso que a Polícia Civil baiana tenha encontrado qualquer ligação entre o grupo e a campanha do petista. A investigação aponta para crimes de estelionato, sem relação com a campanha presidencial.

A desinformação circula em sites em formato de notícia: “Quadrilha detida sacando 68 milhões para Haddad”, diz o título de uma delas, publicada no site Terça Livre. O conteúdo circulou no YouTube, no Facebook e no Twitter. 

Para fazer a ligação direta entre o cheque milionário e Haddad o site se baseia em um pronunciamento feito, em vídeo, pelo vereador Davi Salomão, da cidade de Vitória da Conquista. <a target=""blank"" href=""https://sapl.vitoriadaconquista.ba.leg.br/parlamentar/"" rel=""noopener noreferrer"">O parlamentar é do PRTB</a>, partido do general Hamilton Mourão, vice do presidenciável Jair Bolsonaro (PSL). 

“Segundo informações, o dinheiro era pra ser investido na campanha de Haddad, 13, PT. Estão tentando abafar por lá, tentando dizer que era estelionato”, afirmou Salomão, no dia 19 de outubro, dois dias após os suspeitos serem presos. Na gravação, ele pede para que a Polícia Federal entre na investigação. 

O Comprova perguntou ao vereador quais dados ele tinha para fazer o vínculo entre o crime e a campanha de Haddad. Como resposta, o parlamentar disse que “alguém com legitimidade para tal” disse a ele que, em depoimento, um dos presos falou que o dinheiro era para a campanha de Haddad.

O Comprova, então, pediu detalhes sobre o caso à Secretaria estadual de Segurança Pública da Bahia, órgão ao qual a Polícia Civil é subordinada. A pasta negou que a investigação tenha apontado para alguma espécie de crime eleitoral. A instituição trata o caso como “quadrilha de estelionatários”. 

Por nota, destacou declaração do diretor do Departamento de Polícia do Interior (Depin), delegado Flávio Góis, que descarta “ligação da quadrilha com grupo político”, diferentemente do que está acontecendo nas redes sociais. ""Lamentável. Esse tipo de uso equivocado da informação ainda atrapalha a investigação"", apontou o delegado.

Questionado se apurava alguma ligação entre os R$ 68 milhões e grupos políticos, o Ministério Público Estadual da Bahia informou que “não localizou nenhum expediente nesse sentido”. O Tribunal Regional Eleitoral (TRE) baiano também foi acionado pelo Comprova: “Informamos que até o momento não foi formalizada nenhuma denúncia sobre o assunto”. Explicou, ainda, que, caso receba alguma no futuro relacionada a algum presidenciável, ela deverá ser encaminhada ao Tribunal Superior Eleitoral (TSE).

Veículos de imprensa da Bahia acompanharam a prisão dos suspeitos, realizada no último dia 17, e não mencionaram nenhuma campanha presidencial (como <a target=""blank"" href=""https://www.correio24horas.com.br/noticia/nid/onze-pessoas-sao-presas-tentando-sacar-r-68-milhoes-em-banco/"" rel=""noopener noreferrer"">aqui</a> e <a target=""blank"" href=""https://ipiauonline.com.br/delegada-de-pocoes-comenta-prisao-de-grupo-acusado-de-tentar-sacar-68-milhoes-com-cheque-falso/"" rel=""noopener noreferrer"">aqui</a>). Onze pessoas foram presas quando tentavam sacar o cheque em uma agência do Banco do Brasil da cidade de Poções. A gerência desconfiou da movimentação e chamou a polícia.

O link do Terça Livre com as acusações do vereador contra Haddad foi impulsionado em perfis no Twitter, como o do cantor Roger Rocha Moreira, do Ultraje a Rigor. O tuíte dele, do dia 22 de outubro, teve mais de 1,4 mil retuítes e 3,1 mil curtidas. O cantor Netinho postou a imagem com a desinformação em seu perfil no Instagram. Foi curtida por mais de 2,4 mil usuários. Ambos são apoiadores de Bolsonaro. O site republicadecuritiba.net também chegou a publicar a informação, mas o material foi excluído.",,"1970-01-01 00:00:00",archived-answer,https://projetocomprova.com.br/post/re_2b5w8xn3qdvz/,https://projetocomprova.com.br/wp-content/uploads/2018/10/1OXcnMKlQpiQV706B7Ua-2.png,1OXcnMKlQpiQV706B7Ua,,,,https://projetocomprova.com.br/wp-content/uploads/2018/10/1OXcnMKlQpiQV706B7Ua-2.png,,,,"a:3:{s:3:""loc"";s:84:""https://projetocomprova.com.br/wp-content/uploads/2018/10/1OXcnMKlQpiQV706B7Ua-2.png"";s:5:""title"";s:20:""1OXcnMKlQpiQV706B7Ua"";s:7:""caption"";s:0:"""";}|a:3:{s:3:""loc"";s:84:""https://projetocomprova.com.br/wp-content/uploads/2018/10/1OXcnMKlQpiQV706B7Ua-2.png"";s:5:""title"";s:20:""1OXcnMKlQpiQV706B7Ua"";s:7:""caption"";s:0:"""";}|a:3:{s:3:""loc"";s:84:""https://projetocomprova.com.br/wp-content/uploads/2018/10/1OXcnMKlQpiQV706B7Ua-2.png"";s:5:""title"";s:20:""1OXcnMKlQpiQV706B7Ua"";s:7:""caption"";s:0:"""";}",,,,,,,,,,1|1|1,,,,,,publish,1,lunar_admin,oli@lunar.build,,,re_2b5w8xn3qdvz,,,0,0,0,closed,closed,"1970-01-01 00:00:00",estadao,revista-piaui|uol|sbt|jornal-do-commercio|gauchazh|poder360,red,,,,,,,,,,,,,,,
3446,"Justiça ainda não avaliou se houve caixa 2 no caso dos jornais recolhidos no Rio","O Tribunal Regional Eleitoral do Rio (TRE-RJ) apreendeu no sábado, 20 de outubro, milhares de exemplares da edição especial do jornal Brasil de Fato e cópias do boletim Nascente por suspeita de propaganda eleitoral irregular pró-Fernando Haddad (PT) na sede do Sindipetro-NF (Sindicato dos Petroleiros do Norte Fluminense), em Macaé (RJ). No entanto, a Justiça ainda não avaliou o mérito do caso. Ou seja, não é possível dizer que houve caixa 2. Os textos que circulam com isso são enganosos. 

A <a target=""blank"" href=""https://static.poder360.com.br/2018/10/Especial_eleicao_2_turno_v07_ALTA.pdf"" rel=""noopener noreferrer"">publicação apreendida do Brasil de Fato</a> contém reportagens sobre as propostas dos dois candidatos à presidência da República. O Brasil de Fato, que existe desde 2003, <a target=""blank"" href=""https://www.brasildefato.com.br/2018/10/21/fiscais-do-tre-invadem-sindicato-para-confiscar-exemplares-do-brasil-de-fato-no-rj/"" rel=""noopener noreferrer"">diz ser independente da campanha do petista</a>, sem qualquer vínculo estrutural ou financeiro. O mesmo diz o <a target=""blank"" href=""https://sindipetronf.org.br/component/k2/item/11327-nota-oficial-sindipetro-nf-denuncia-censura-de-jornais-e-esclarece-sobre-acao-arbitraria-do-tre"" rel=""noopener noreferrer"">boletim Nascente</a>, jornal semanal do Sindipetro criado há mais de 10 anos. Eles alegam ter linha editorial conhecida e, por isso, defendem que houve apenas manifestação livre de opinião e expressão. 

O recolhimento dos materiais foi feito após mandado judicial emitido pelo juiz eleitoral Sandro de Araújo Lontra, que qualificou o Brasil de Fato como portador de ""matérias pejorativas"" contra Bolsonaro. Segundo a <a target=""blank"" href=""https://static.poder360.com.br/2018/10/Decisa%CC%83o-SINDIPETRO.pdf"" rel=""noopener noreferrer"">decisão do juiz</a>, a distribuição das publicações no Sindipetro evidenciaria ""possível prática de propaganda eleitoral em bem de uso comum"". 

<a target=""blank"" href=""http://abraji.org.br/noticias/tre-rj-apreende-exemplares-de-jornal-em-macae"" rel=""noopener noreferrer"">Em nota</a>, a Associação Brasileira de Jornalismo Investigativo (Abraji) classificou o ato como uma ""censura incompatível com o regime democrático do país"" e disse que a decisão judicial ""viola a garantia constitucional da liberdade de expressão"".

Após a apreensão, postagens com ilações enganosas sobre a possível prática de caixa 2 na campanha de Haddad viralizaram na rede. Segundo o CrowdTangle, um post do jornal Clique Diário obteve no Facebook mais de 100 mil interações (reações, comentários e compartilhamentos) até às 17h desta terça-feira, 23 de outubro.",,"1970-01-01 00:00:00",archived-answer,https://projetocomprova.com.br/post/re_2b5w8xnqv1ly/,https://projetocomprova.com.br/wp-content/uploads/2018/10/E099IIPATOGnodeJVjIB-2.png,E099IIPATOGnodeJVjIB,,,,https://projetocomprova.com.br/wp-content/uploads/2018/10/E099IIPATOGnodeJVjIB-2.png,,,,"a:3:{s:3:""loc"";s:84:""https://projetocomprova.com.br/wp-content/uploads/2018/10/E099IIPATOGnodeJVjIB-2.png"";s:5:""title"";s:20:""E099IIPATOGnodeJVjIB"";s:7:""caption"";s:0:"""";}|a:3:{s:3:""loc"";s:84:""https://projetocomprova.com.br/wp-content/uploads/2018/10/E099IIPATOGnodeJVjIB-2.png"";s:5:""title"";s:20:""E099IIPATOGnodeJVjIB"";s:7:""caption"";s:0:"""";}|a:3:{s:3:""loc"";s:84:""https://projetocomprova.com.br/wp-content/uploads/2018/10/E099IIPATOGnodeJVjIB-2.png"";s:5:""title"";s:20:""E099IIPATOGnodeJVjIB"";s:7:""caption"";s:0:"""";}",,,,,,,,,,1|1|1,,,,,,publish,1,lunar_admin,oli@lunar.build,,,re_2b5w8xnqv1ly,,,0,0,0,closed,closed,"1970-01-01 00:00:00",poder360|1506,uol|sbt|jornal-do-commercio|gauchazh|poder360,red,,,,,,,,,,,,,,,
3448,"Lula não foi autorizado a dar entrevista antes do segundo turno","É falsa a informação disseminada no WhatsApp de que o ex-presidente Luiz Inácio Lula da Silva foi autorizado a dar uma entrevista à TV Globo. A emissora sequer apresentou pedido de entrevista à Justiça, e, de acordo com o STF (Supremo Tribunal Federal), nem entrevistas a outros veículos de comunicação foram autorizadas.

A mensagem falsa que circula no aplicativo diz que Lula seria entrevistado pela Globo no próximo sábado, dia 27, véspera da realização do segundo turno das eleições. O site Ursal Brasil também publicou um texto com esta informação inverídica. A publicação deste site aparece com a data de 15 de setembro de 2015, quando o ex-presidente ainda não estava preso em Curitiba e não havia proibição de entrevistas.

Em setembro, o ministro Ricardo Lewandowski, do STF, chegou a autorizar que Lula concedesse entrevista à “Folha de S.Paulo”, mas esta decisão foi suspensa por Luiz Fux.

No começo de outubro, Lewandowski autorizou Lula a dar entrevistas, mas <a target=""blank"" href=""https://www1.folha.uol.com.br/poder/2018/10/lewandowski-autoriza-entrevista-de-lula-mas-cabe-a-toffoli-marca-la.shtml"" rel=""noopener noreferrer"">encaminhou sua decisão ao presidente da corte, Dias Toffoli</a> para que ele deliberasse sobre a execução.

Procurado pelo projeto Comprova, o <a target=""blank"" href=""https://www1.folha.uol.com.br/poder/2018/10/toffoli-reafirma-decisao-que-suspendeu-entrevista-de-lula.shtml"" rel=""noopener noreferrer"">STF informou que não há novidades em relação ao caso</a>. Toffoli decidiu que as entrevistas de Lula ficam suspensas até “posterior deliberação” do plenário do Supremo.

O <a target=""blank"" href=""https://g1.globo.com/fato-ou-fake/noticia/2018/10/22/e-fake-que-lula-foi-autorizado-a-dar-entrevista-um-dia-antes-do-2o-turno.ghtml"" rel=""noopener noreferrer"">Fato ou Fake</a>, do Grupo Globo, e o <a target=""blank"" href=""https://www.boatos.org/politica/lula-entrevista-dia-27-eleicoes.html"" rel=""noopener noreferrer"">Boatos.org</a> já desmentiram esta peça de desinformação.

O pedido de verificação do boato chegou ao Comprova pelo WhatsApp do projeto (11-97795-0022). ",,"1970-01-01 00:00:00",archived-answer,https://projetocomprova.com.br/post/re_2b5w8xzkqxmn/,https://projetocomprova.com.br/wp-content/uploads/2018/10/zyN5Wb5Qky1tEeM06MUu-2.png,zyN5Wb5Qky1tEeM06MUu,,,,https://projetocomprova.com.br/wp-content/uploads/2018/10/zyN5Wb5Qky1tEeM06MUu-2.png,,,,"a:3:{s:3:""loc"";s:84:""https://projetocomprova.com.br/wp-content/uploads/2018/10/zyN5Wb5Qky1tEeM06MUu-2.png"";s:5:""title"";s:20:""zyN5Wb5Qky1tEeM06MUu"";s:7:""caption"";s:0:"""";}|a:3:{s:3:""loc"";s:84:""https://projetocomprova.com.br/wp-content/uploads/2018/10/zyN5Wb5Qky1tEeM06MUu-2.png"";s:5:""title"";s:20:""zyN5Wb5Qky1tEeM06MUu"";s:7:""caption"";s:0:"""";}|a:3:{s:3:""loc"";s:84:""https://projetocomprova.com.br/wp-content/uploads/2018/10/zyN5Wb5Qky1tEeM06MUu-2.png"";s:5:""title"";s:20:""zyN5Wb5Qky1tEeM06MUu"";s:7:""caption"";s:0:"""";}",,,,,,,,,,1|1|1,,,,,,publish,1,lunar_admin,oli@lunar.build,,,re_2b5w8xzkqxmn,,,0,0,0,closed,closed,"1970-01-01 00:00:00",uol,correio-do-povo|uol|sbt|poder360|gauchazh|jornal-do-commercio,red,,,,,,,,,,,,,,,
3450,"Horário de verão só começa depois do 2º turno e não vai afetar urnas eletrônicas","Não é verdadeira a mensagem que circula no Whatsapp e nas redes sociais que diz que as urnas eletrônicas estariam programadas para adotar o horário de verão no segundo turno das eleições e, assim, não computariam os votos feitos depois das 16h.

Segundo o governo federal, a <a target=""blank"" href=""http://www.brasil.gov.br/noticias/infraestrutura/2018/10/horario-de-verao-comeca-dia-4-de-novembro-em-10-estados-e-no-df"" rel=""noopener noreferrer"">mudança do horário de verão</a> só valerá a partir do dia 4 de novembro, ou seja, após o segundo turno das eleições, marcado para o dia 28 de outubro. 

O Comprova consultou, além do site do governo, o Tribunal Superior Eleitoral. O <a target=""blank"" href=""http://www.tse.jus.br/imprensa/noticias-tse/2017/Dezembro/horario-de-verao-de-2018-comecara-depois-do-2deg-turno-das-eleicoes"" rel=""noopener noreferrer"">acordo para que a alteração fosse feita</a> depois do pleito foi firmado com o Palácio do Planalto em dezembro de 2017. Em 4 de novembro, os relógios serão adiantados em uma hora no Sul, Sudeste e Centro-Oeste. 

De acordo com a Justiça Eleitoral, “as urnas não estão programadas para entrar no horário de verão antecipadamente, mas sim, para funcionar no horário oficial.""

Neste domingo, 28 de outubro, a votação ocorrerá normalmente entre 8h e 17h, pelo horário local. 

No Facebook, o boato circulou em vários perfis, mas com pouca viralização. 

O próprio <a target=""blank"" href=""http://www.tse.jus.br/hotsites/esclarecimentos-informacoes-falsas-eleicoes-2018/urnas-programadas-de-acordo-com-horario-de-verao.html"" rel=""noopener noreferrer"">TSE desmentiu a informação</a> que circula nas redes sociais. O mesmo fez o <a target=""blank"" href=""https://g1.globo.com/fato-ou-fake/noticia/2018/10/23/e-fake-que-urnas-estao-programadas-para-horario-de-verao-e-nao-irao-computar-votos-apos-as-16h-no-2o-turno.ghtml"" rel=""noopener noreferrer"">Fato ou Fake</a>, do G1. ",,"1970-01-01 00:00:00",archived-answer,https://projetocomprova.com.br/post/re_2b5w8xbvx3ry/,https://projetocomprova.com.br/wp-content/uploads/2018/10/qurgbOpZQguyMYbyNplh-2.jpg,qurgbOpZQguyMYbyNplh,,,,https://projetocomprova.com.br/wp-content/uploads/2018/10/qurgbOpZQguyMYbyNplh-2.jpg,,,,"a:3:{s:3:""loc"";s:84:""https://projetocomprova.com.br/wp-content/uploads/2018/10/qurgbOpZQguyMYbyNplh-2.jpg"";s:5:""title"";s:20:""qurgbOpZQguyMYbyNplh"";s:7:""caption"";s:0:"""";}|a:3:{s:3:""loc"";s:84:""https://projetocomprova.com.br/wp-content/uploads/2018/10/qurgbOpZQguyMYbyNplh-2.jpg"";s:5:""title"";s:20:""qurgbOpZQguyMYbyNplh"";s:7:""caption"";s:0:"""";}|a:3:{s:3:""loc"";s:84:""https://projetocomprova.com.br/wp-content/uploads/2018/10/qurgbOpZQguyMYbyNplh-2.jpg"";s:5:""title"";s:20:""qurgbOpZQguyMYbyNplh"";s:7:""caption"";s:0:"""";}",,,,,,,,,,1|1|1,,,,,,publish,1,lunar_admin,oli@lunar.build,,,re_2b5w8xbvx3ry,,,0,0,0,closed,closed,"1970-01-01 00:00:00",1506,revista-piaui|uol|sbt|nsc-comunicacao|gauchazh|poder360|jornal-do-commercio,red,,,,,,,,,,,,,,,
3452,"Auditoria em urnas apreendidas no Paraná concluiu que não houve fraude","Mensagem que circula no WhatsApp sobre comprovação de fraude nas urnas que foram apreendidas em Curitiba no dia 7 de outubro, no primeiro turno das eleições, é falsa. A auditoria de tais urnas – que foi determinada pelo corregedor regional eleitoral, desembargador Gilberto Ferreira, atendendo a pedido de comissão provisória do PSL –, ainda não havia sido realizada quando o boato começou a circular. O Tribunal Regional Eleitoral do Paraná (TRE-PR) realizou a auditoria no dia 19 de outubro e descartou a fraude.

Para verificar o áudio, o Comprova entrou em contato com o Tribunal Superior Eleitoral (TSE) e com o Tribunal Regional Eleitoral do Paraná (TRE-PR), que informaram que nesta quinta-feira, 18, às 14 horas, foi realizada <a target=""blank"" href=""http://www.tre-pr.jus.br/imprensa/noticias-tre-pr/2018/Outubro/audiencia-sobre-auditoria-de-urnas-foi-realizada-nesta-quinta-feira-18"" rel=""noopener noreferrer"">uma audiência pública</a> para instalar a auditoria das urnas da 1ª Zona Eleitoral de Curitiba pertencentes às seções 654, 655, 664 e 674; da 178ª Zona Eleitoral de Curitiba, a urna pertencente à seção 114; e da 9ª Zona Eleitoral de Campo Largo, a pertencente à seção 292.

A auditoria aconteceu na sexta-feira, 19 de outubro, na sede do TRE-PR. Na ocasião, os auditores responderam “a uma pergunta muito simples: os problemas apontados pelos eleitores foram decorrentes de algum tipo de fraude visando modificar a intenção do voto?”, explicou Ferreira. O resultado da auditoria saiu no mesmo dia: “Não há indícios de qualquer fraude no sistema ou no funcionamento das urnas”.

O áudio falso de mais de cinco minutos tem sido compartilhado acompanhado do texto: “As provas foram entregues ao Delegado Franschini (sic) é a cúpula do PSL. Coisa de derrubar a República... Os militares estão (a ala esmagadora que apoia Bolsonaro) cientes. Rosa Weber já sabe. Temer já sabe. Villas Boas já sabe. Jungleman (sic) já sabe! A coisa tá pegando…”. Segundo a gravação, “(a eleição) foi fraudada, já está comprovado, o TSE não quer fazer a impugnação das urnas, que é o correto pela Justiça”.

A menção ao deputado federal Delegado Francischini (PSL-PR) é decorrente do pedido realizado pelo parlamentar, através da comissão provisória do PSL, para a realização das auditorias nas urnas, sob o argumento de que vários eleitores relataram que não conseguiram confirmar o voto para presidente da República nas urnas. O <a target=""blank"" href=""https://www.facebook.com/FernandoFrancischiniBR/posts/1782313935205878"" rel=""noopener noreferrer"">deputado anunciou</a> a realização da auditoria na sua página do Facebook no último dia 15, mas não mencionou qualquer conclusão do processo.

Já a afirmação de que autoridades como Rosa Weber, presidente do TSE; Michel Temer (MDB), presidente da República; Eduardo Villas Boas, comandante do Exército Brasileiro; e Raul Jungmann, ministro da Segurança Pública, sabiam da “fraude” é inadequada, já que ela não foi confirmada. Por meio de nota, o TSE afirmou que “trata-se de mais um conteúdo falso” e que, “nos 22 anos de urnas eletrônicas, não há qualquer comprovação de fraudes relacionadas a esses equipamentos”.

A gravação dizia ainda que “a cada não sei quantos votos eram votos mandados para a chapa do Haddad (sic)” e que a fraude estaria no código-fonte das urnas. Sobre isso, a nota do TSE esclareceu que “todas as urnas utilizam os mesmos sistemas, os quais são criptografados e assinados digitalmente. O código-fonte dos sistemas eleitorais ficou disponível para auditoria por seis meses” e que “por esse processo de auditoria, é verificado que os votos inseridos na urna correspondem ao total por elas apurado”.

A mensagem enganosa chegou ao Comprova por meio do WhatsApp. 

Este post foi atualizado em 23 de outubro de 2018.",,"1970-01-01 00:00:00",archived-answer,https://projetocomprova.com.br/post/re_2b5w8xzlgxky/,https://projetocomprova.com.br/wp-content/uploads/2018/10/cpibfSuQSNU3U4CZrawQ-2.png,cpibfSuQSNU3U4CZrawQ,,,,https://projetocomprova.com.br/wp-content/uploads/2018/10/cpibfSuQSNU3U4CZrawQ-2.png,,,,"a:3:{s:3:""loc"";s:84:""https://projetocomprova.com.br/wp-content/uploads/2018/10/cpibfSuQSNU3U4CZrawQ-2.png"";s:5:""title"";s:20:""cpibfSuQSNU3U4CZrawQ"";s:7:""caption"";s:0:"""";}|a:3:{s:3:""loc"";s:84:""https://projetocomprova.com.br/wp-content/uploads/2018/10/cpibfSuQSNU3U4CZrawQ-2.png"";s:5:""title"";s:20:""cpibfSuQSNU3U4CZrawQ"";s:7:""caption"";s:0:"""";}|a:3:{s:3:""loc"";s:84:""https://projetocomprova.com.br/wp-content/uploads/2018/10/cpibfSuQSNU3U4CZrawQ-2.png"";s:5:""title"";s:20:""cpibfSuQSNU3U4CZrawQ"";s:7:""caption"";s:0:"""";}",,,,,,,,,,1|1|1,,,,,,publish,1,lunar_admin,oli@lunar.build,,,re_2b5w8xzlgxky,,,0,0,0,closed,closed,"1970-01-01 00:00:00",,gauchazh|poder360|nsc-comunicacao|sbt|jornal-do-commercio,red,,,,,,,,,,,,,,,
3454,"Vaias em evento do PT não foram para Haddad, mas para político do MDB","É falsa a informação sobre o candidato à presidência da República Fernando Haddad (PT) ter sido vaiado e chamado de traidor por correligionários. O protesto, na verdade, ocorreu em 22 de agosto deste ano e foi direcionado ao ex-governador de Sergipe Jackson Barreto, do MDB. Na ocasião, uma comitiva recebia Haddad na sede do Partido dos Trabalhadores em Aracaju quando ele ainda era vice na chapa encabeçada pelo ex-presidente Luiz Inácio Lula da Silva (PT).

O vídeo real das vaias está sendo compartilhado com um título que não corresponde à realidade: ""PETISTAS chamam HADDAD de TRAIDOR e gritam FORA HADDAD! Foraaaaaaá"". Nos comentários de uma das publicações do YouTube com mais visualizações, internautas chegaram a dizer que ""nem os petistas aguentam Haddad"". Por outro lado, outros comentaristas alertaram que a menção ao candidato petista era falsa. 

Na gravação, é possível ouvir o grupo dizendo ""Jackson traidor"" e ""Fora, Jackson"". Para localizar a informação correta, o Comprova fez uma busca no Google usando esses termos. Veículos de imprensa locais reportaram a manifestação dos petistas contra o emedebista Jackson Barreto (como <a target=""blank"" href=""https://fanf1.com.br/jackson-barreto-e-hostilizado-na-sede-do-pt/"" rel=""noopener noreferrer"">aqui</a> e <a target=""blank"" href=""http://www.faxaju.com.br/index.php/2018/08/22/apos-vaia-jackson-deixa-evento-que-recepcionou-haddad/"" rel=""noopener noreferrer"">aqui</a>). Não há nenhum registro de protesto relacionado a Haddad na ocasião.

O ex-governador Jackson Barreto, ao Política em Foco, <a target=""blank"" href=""http://politicaemfoco.net.br/jackson-diz-que-nao-ficou-constrangido-com-manifestacao-do-sintese-que-chegou-a-enterrar-deda-vivo/"" rel=""noopener noreferrer"">comentou o episódio</a>. ""Um grupo de quatro gatos pingados do Sintese [Sindicato dos Trabalhadores em Educação Básica do Estado de Sergipe] tentou criar constrangimento para mim durante visita de Fernando Haddad"", disse. Em Sergipe, MDB e PT estão na mesma <a target=""blank"" href=""http://divulgacandcontas.tse.jus.br/divulga/#/candidato/2018/2022802018/SE/260000623573"" rel=""noopener noreferrer"">coligação</a>.

A publicação enganosa no YouTube usou um vídeo com qualidade inferior ao <a target=""blank"" href=""https://www.youtube.com/watch?v=Wi5B_LS27qw"" rel=""noopener noreferrer"">original</a>, publicado pelo NE Notícias. Essa estratégia dificulta a busca reversa de frames em ferramentas de pesquisa na internet. Mesmo assim, com o Google, foi possível localizar o conteúdo com informação falsa em contas do Twitter e em sites que apoiam o candidato Jair Bolsonaro (PSL).

O post mais antigo com a informação falsa encontrado pelo Comprova foi postado em 30 de setembro pelo usuário @rcp01. No texto que acompanha o vídeo ele afirma que ""nem a militância petista quer Haddad"" e ainda usa uma hashtag de apoio a Bolsonaro. O tuíte recebeu 770 retuítes e 1.444 curtidas até o dia 19 de outubro. No YouTube, o vídeo com o título falso mais popular foi visualizado cerca de 240 mil vezes. Foi publicado no perfil Evil Gamers Brasil, voltado a conteúdo político favorável ao candidato do PSL.",,"1970-01-01 00:00:00",archived-answer,https://projetocomprova.com.br/post/re_2b5w8xzewx8n/,https://projetocomprova.com.br/wp-content/uploads/2018/10/WireVVx0SUqZ59lzFxJ9-2.jpg,WireVVx0SUqZ59lzFxJ9,,,,https://projetocomprova.com.br/wp-content/uploads/2018/10/WireVVx0SUqZ59lzFxJ9-2.jpg,,,,"a:3:{s:3:""loc"";s:84:""https://projetocomprova.com.br/wp-content/uploads/2018/10/WireVVx0SUqZ59lzFxJ9-2.jpg"";s:5:""title"";s:20:""WireVVx0SUqZ59lzFxJ9"";s:7:""caption"";s:0:"""";}|a:3:{s:3:""loc"";s:84:""https://projetocomprova.com.br/wp-content/uploads/2018/10/WireVVx0SUqZ59lzFxJ9-2.jpg"";s:5:""title"";s:20:""WireVVx0SUqZ59lzFxJ9"";s:7:""caption"";s:0:"""";}|a:3:{s:3:""loc"";s:84:""https://projetocomprova.com.br/wp-content/uploads/2018/10/WireVVx0SUqZ59lzFxJ9-2.jpg"";s:5:""title"";s:20:""WireVVx0SUqZ59lzFxJ9"";s:7:""caption"";s:0:"""";}",,,,,,,,,,1|1|1,,,,,,publish,1,lunar_admin,oli@lunar.build,,,re_2b5w8xzewx8n,,,0,0,0,closed,closed,"1970-01-01 00:00:00",1506,gauchazh|nsc-comunicacao|sbt|poder360|revista-piaui|uol,red,,,,,,,,,,,,,,,
3456,"Assessora não abandonou Haddad após ouvir ""conversa"" com Gleisi","É falsa a corrente de texto que diz que “principal assessora” do candidato Fernando Haddad (PT) o “abandonou” após ouvi-lo dizer, em telefonema com a presidente petista, Gleisi Hoffmann, que quer “que o Brasil se dane”. A mensagem viral com informações falsas circula pelo aplicativo de mensagens instantâneas WhatsApp e em redes sociais como Facebook e Twitter. 

Com palavras de baixo calão e erros de grafia e pontuação, diz o texto falso, que não tem autoria: “segundo ela ouviu Haddad falar claramente com a presidente do PT pelo celular; logo após retornar da missa no Santuário de Aparecida: disse Haddad ‘Gleysi! quero que o Brasil se dane e que esses lideres evangélicos se fodam, eu quero é livrar minha pele, estou nessa para conseguir o foro, e me livrar de Moro, tenho 32 processos e a Policia Federal logo, logo estará à minha porta (sic)’”. 

Ao Comprova, a assessoria do candidato de Haddad negou as afirmações do boato. Segundo a equipe do petista, não houve nenhuma demissão ou pedido de afastamento, até o momento, de pessoas ligadas ao staff principal do ex-prefeito de São Paulo durante a campanha.  

O Comprova também não encontrou nenhum registro na imprensa que sustentasse outras afirmações da corrente de texto.

Segundo a agenda de Haddad, o candidato esteve na cidade de Aparecida uma vez durante a campanha – quando participou do debate na TV Aparecida, no dia 20 de setembro. Na ocasião, entretanto, o candidato não participou de nenhuma missa no santuário local.

No dia dedicado a santa considerada padroeira do Brasil pelos católicos, 12 de outubro, Haddad assistiu a uma missa numa igreja católica no bairro Jardim  ngela, em São Paulo. 

No dia 17 de outubro, Haddad reuniu-se, também na capital paulista, com representantes de igrejas evangélicas para pedir apoio político no segundo turno. 

Já o registro mais antigo encontrado pelo Comprova da foto que acompanha a corrente de texto data de 2013. Sem crédito, a imagem foi publicada no dia 30 de agosto de 2013 no site do Instituto Terra, Trabalho e Cidadania (ITTC) para acompanhar texto sobre mulheres que vivem em situação de cárcere no país.

De acordo com o texto, Haddad estaria na disputa eleitoral para conseguir foro privilegiado e não ser condenado pelo juiz da 13ª Vara Criminal Federal de Curitiba Sergio Moro, responsável pela operação Lava Jato na primeira instância. A informação, entretanto, é falsa já que Haddad não responde a nenhum processo pelo qual Moro seja responsável.

A corrente de texto enganosa foi enviada com pedido de verificação ao Comprova por 27 internautas. Também há registros de compartilhamento de internautas comuns no Facebook. ",,"1970-01-01 00:00:00",archived-answer,https://projetocomprova.com.br/post/re_2b5w8xzz156y/,https://projetocomprova.com.br/wp-content/uploads/2018/10/mITNhQzhTaOhs3ZX2GwP-2.png,mITNhQzhTaOhs3ZX2GwP,,,,https://projetocomprova.com.br/wp-content/uploads/2018/10/mITNhQzhTaOhs3ZX2GwP-2.png,,,,"a:3:{s:3:""loc"";s:84:""https://projetocomprova.com.br/wp-content/uploads/2018/10/mITNhQzhTaOhs3ZX2GwP-2.png"";s:5:""title"";s:20:""mITNhQzhTaOhs3ZX2GwP"";s:7:""caption"";s:0:"""";}|a:3:{s:3:""loc"";s:84:""https://projetocomprova.com.br/wp-content/uploads/2018/10/mITNhQzhTaOhs3ZX2GwP-2.png"";s:5:""title"";s:20:""mITNhQzhTaOhs3ZX2GwP"";s:7:""caption"";s:0:"""";}|a:3:{s:3:""loc"";s:84:""https://projetocomprova.com.br/wp-content/uploads/2018/10/mITNhQzhTaOhs3ZX2GwP-2.png"";s:5:""title"";s:20:""mITNhQzhTaOhs3ZX2GwP"";s:7:""caption"";s:0:"""";}",,,,,,,,,,1|1|1,,,,,,publish,1,lunar_admin,oli@lunar.build,,,re_2b5w8xzz156y,,,0,0,0,closed,closed,"1970-01-01 00:00:00",folha-de-s-paulo|poder360,nsc-comunicacao|sbt|uol|poder360,red,,,,,,,,,,,,,,,
3458,"Mensagem em que Haddad elogia a Venezuela é falsa","É falsa a imagem disseminada nesta semana no WhatsApp com um suposto tuíte elogioso do candidato a presidente Fernando Haddad (PT) ao governo da Venezuela. A mensagem seria de 13 de outubro de 2014, mas a peça que circula no aplicativo é uma montagem.

Com erros de pontuação e acentuação, o suposto tuíte tem felicitações a Nicolás Maduro, presidente do país vizinho que atravessa grave crise: “A revolução que acontece na Venezuela, é sem dúvidas uma conquista que deverá ser exemplo para todos os Paises! Parabéns Maduro! Estamos juntos ! (sic)”. No alto da imagem, um texto, também com erros de pontuação, apresenta o falso tuíte: “Como é bom, esse twitter, é só ter um pouco de paciência e vasculhar, que vc acha cada coisa! (sic)”.

Os erros de português são somente indícios de que a publicação não é verdadeira, mas o projeto Comprova identificou outras claras evidências de falsificação do tuíte. 

A <a target=""blank"" href=""https://twitter.com/search-advanced"" rel=""noopener noreferrer"">busca avançada do Twitter</a> não localiza a suposta mensagem, há um único tuíte na conta do presidenciável na data em questão, <a target=""blank"" href=""https://twitter.com/Haddad_Fernando/status/521734559965392897"" rel=""noopener noreferrer"">sobre a Ceagesp</a> (Companhia de Entrepostos e Armazéns Gerais de São Paulo). Na época, o petista era prefeito de São Paulo.

A mesma ferramenta de busca mostra que não há nenhum tuíte do candidato a presidente, em qualquer data, que faça referências à Venezuela e a Maduro.

Haveria uma possibilidade ainda de que o post pudesse ter sido deletado, mas um detalhe denuncia a montagem. Ao comparar a imagem disseminada com a formatação do Twitter, é possível visualizar uma diferença fundamental: a montagem não tem o símbolo de arroba que sempre aparece antes da conta responsável por um tuíte. Está grafado ""Haddad_Fernando"" quando deveria ser ""@Haddad_Fernando"".

Consultado pelo Comprova, o Twitter respondeu que não comenta sobre tuítes ou contas específicas.

Em buscas no Google, também não foi encontrada declaração semelhante de Haddad reproduzida em qualquer veículo de comunicação.

Diferentemente do PT, o candidato a presidente disse, na campanha eleitoral, que <a target=""blank"" href=""https://oglobo.globo.com/brasil/haddad-diz-que-venezuela-nicaragua-nao-podem-ser-caracterizadas-como-democracias-22975328"" rel=""noopener noreferrer"">a Venezuela não vive em um regime democrático</a> atualmente e que o Brasil precisa ajudar o país vizinho a <a target=""blank"" href=""https://www.cartacapital.com.br/politica/haddad-brasil-deve-ajudar-venezuela-a-encontrar-caminho-da-democracia"" rel=""noopener noreferrer"">encontrar o caminho pela democracia</a>.

O Comprova recebeu dezenas de pedidos de checagem da montagem pelo WhatsApp do projeto (11-97795-0022).

A peça de desinformação já foi verificada pela agência <a target=""blank"" href=""https://aosfatos.org/noticias/e-uma-montagem-o-tweet-de-haddad-com-elogio-nicolas-maduro/"" rel=""noopener noreferrer"">Aos Fatos</a> e pelo site <a target=""blank"" href=""https://www.boatos.org/politica/haddad-venezuela-maduro-twitter.html"" rel=""noopener noreferrer"">Boatos.org</a>.",,"1970-01-01 00:00:00",archived-answer,https://projetocomprova.com.br/post/re_2b5w8xy6dq3b/,https://projetocomprova.com.br/wp-content/uploads/2018/10/N2yEWgjR4mI1QWEmoAwh-2.jpg,N2yEWgjR4mI1QWEmoAwh,,,,https://projetocomprova.com.br/wp-content/uploads/2018/10/N2yEWgjR4mI1QWEmoAwh-2.jpg,,,,"a:3:{s:3:""loc"";s:84:""https://projetocomprova.com.br/wp-content/uploads/2018/10/N2yEWgjR4mI1QWEmoAwh-2.jpg"";s:5:""title"";s:20:""N2yEWgjR4mI1QWEmoAwh"";s:7:""caption"";s:0:"""";}|a:3:{s:3:""loc"";s:84:""https://projetocomprova.com.br/wp-content/uploads/2018/10/N2yEWgjR4mI1QWEmoAwh-2.jpg"";s:5:""title"";s:20:""N2yEWgjR4mI1QWEmoAwh"";s:7:""caption"";s:0:"""";}|a:3:{s:3:""loc"";s:84:""https://projetocomprova.com.br/wp-content/uploads/2018/10/N2yEWgjR4mI1QWEmoAwh-2.jpg"";s:5:""title"";s:20:""N2yEWgjR4mI1QWEmoAwh"";s:7:""caption"";s:0:"""";}",,,,,,,,,,1|1|1,,,,,,publish,1,lunar_admin,oli@lunar.build,,,re_2b5w8xy6dq3b,,,0,0,0,closed,closed,"1970-01-01 00:00:00",uol|nexo,gauchazh|nsc-comunicacao|sbt|poder360|uol,red,,,,,,,,,,,,,,,
3460,"Recebeu uma informação duvidosa? - Leia isto antes de compartilhar","Com o acirramento da disputa eleitoral este ano, multiplicaram-se os <a target=""blank"" href=""https://www1.folha.uol.com.br/poder/2018/10/em-campanha-polarizada-pais-registra-agressoes-ligadas-a-discussao-eleitoral.shtml"" rel=""noopener noreferrer"">relatos de agressões com motivação política</a> em todo o país. Um dos casos mais representativos foi o do assassinato do mestre de capoeira Moa do Katendê, 63, que foi esfaqueado em Salvador após declarar seu voto em Fernando Haddad (PT).

Apesar dos vários casos reais, é preciso ficar alerta para episódios sem comprovação que circulam no WhatsApp e nas redes sociais. Nessas situações, sua melhor ferramenta é o <b>ceticismo</b>: não compartilhe nada que você não tenha certeza ser verdade.

Abaixo, reunimos dicas para reconhecer mentiras online. Esses passos podem ser úteis não apenas para diferenciar os casos de agressões reais dos forjados, como também podem ser aplicados para desmascarar outros boatos. Nos baseamos em guias publicados por sites como BBC, First Draft, CGI, Aos Fatos e Décodeurs.

<b>1. Leia o texto com cuidado</b>

Há algumas características que podem ser indícios de boato. Veja se a mensagem ou o link se utiliza de <b>linguagem sensacionalista</b>, que apela para as emoções ou com muitos adjetivos. <b>Pedidos de compartilhamento</b>, o famoso “repasse sem dó”, também devem acender um alerta. 

Textos escritos com letras maiúsculas, erros gramaticais excessivos ou pontos de exclamação merecem ser vistos com cuidado. Também é comum que, para confundir, conteúdos falsos sejam publicados sem as datas especificadas.

Em casos de agressão, fique atento para as <b>fontes citadas</b> — testemunhas oculares, departamentos de polícia e as secretarias de Segurança Pública costumam informar jornalistas em situações desse tipo. Se o texto for vago, sem indicação de fontes confiáveis, data e local, desconfie.

<b>2. Pesquise</b>

Use o Google ou outra ferramenta de busca para <b>pesquisar palavras-chave</b> relacionadas ao conteúdo que você quer verificar. Há muitas agências de checagem no país, como o Comprova, Aos Fatos, Agência Lupa e Fato ou Fake, que trabalham para desmentir mentiras o mais rápido possível. 

Quando se trata de uma agressão, tente checar se uma organização de notícias estabelecida ou um jornal local confiável já reportou o caso. O site <a target+""blank"" href=""https://www.vitimasdaintolerancia.org/"">Vítimas da Intolerância</a> compila casos reportados pela mídia. Tenha em mente que, muitas vezes, leva tempo para se produzir uma reportagem sólida — na dúvida, é melhor <b>esperar até que a imprensa confirme</b> o episódio de violência.

<b>3. Desconfie das imagens</b>

Só porque existe uma foto, não quer dizer que a agressão de fato ocorreu — muitos disseminadores de boatos se utilizam de imagens antigas ou associam fotos e vídeos verdadeiros a informações falsas. Nesse caso, tente utilizar a <a target=""blank"" href=""https://www.google.com.br/imghp"" rel=""noopener noreferrer""><b>ferramenta de busca reversa</b></a> de imagem do Google</a> para verificar o contexto em que a foto foi publicada. No Google Imagens, por exemplo, basta carregar um arquivo de imagem ou pesquisar pelo link da foto. 

<b>4. Entre em contato com o Comprova ou outra agência de checagem</b>

Muitos sites de fact checking têm canais no WhatsApp por onde você pode enviar denúncias de links, textos, imagens, vídeos e áudios suspeitos. O número do Comprova é (11) 97795-0022. Veja outros:

Estadão Verifica - (11) 99263-7900
Aos Fatos -  (21) 99956-5882
Folha Informações - (11) 99490-1649
Boatos.org - (61) 99177-9164
Fato ou Fake - (21) 97305-9827",,"1970-01-01 00:00:00",archived-answer,https://projetocomprova.com.br/post/re_2b5w8xbn757n/,,,,,,,,,,,,,,,,,,,,1|1|1,,,,,,publish,1,lunar_admin,oli@lunar.build,,,re_2b5w8xbn757n,,,0,0,0,closed,closed,"1970-01-01 00:00:00",estadao,gauchazh|nsc-comunicacao|sbt|uol|poder360,green,,,,,,,,,,,,,,,
3461,"Site mente ao afirmar que Bolsonaro é investigado por ""dinheiro sujo"" na campanha","É falso o título “Procuradoria investiga dinheiro sujo na campanha de Bolsonaro”, de post publicado no site Plantão Brasil no último dia 11 de outubro. O texto é uma cópia de reportagem publicada no mesmo dia pelo Estadão, mas com o título alterado. A PR-DF (Procuradoria da República no Distrito Federal) investiga o economista Paulo Guedes, responsável pelo programa econômico da candidatura de Jair Bolsonaro (PSL) e cotado para ser ministro da Fazenda em caso de vitória. Até o momento, no entanto, o presidenciável não foi citado na apuração.

Embora o Plantão Brasil não cite a origem do texto, o projeto Comprova encontrou a <a target=""blank"" href=""https://politica.estadao.com.br/blogs/fausto-macedo/procuradoria-mira-relacao-entre-doacoes-a-politicos-e-aportes-em-fips-de-guedes/"" rel=""noopener noreferrer"">reportagem original do Estadão</a>. Além disso, fez contato com o procurador da República Anselmo Lopes, da PR-DF e coordenador da força-tarefa da Operação Greenfield, que investiga o caso, e também analisou os documentos disponíveis da apuração.

Na reportagem original, o Estadão usou o seguinte título: “Procuradoria mira relação entre doações a políticos e aportes em FIPs de Guedes”. O texto do Plantão Brasil tem parágrafos idênticos aos do Estadão, mas, além de trocar o título, passando a veicular informação enganosa, o site suprimiu os trechos da reportagem do jornal que mostram as manifestações das defesas dos citados.

Em contato com o Comprova, o procurador confirmou que a campanha do presidenciável não está sob investigação. “Não há nenhuma investigação sobre Bolsonaro. Somente Paulo Guedes e outros são investigados”, declarou.

Nos documentos disponíveis da investigação, o nome do candidato não aparece.

A operação Greenfield investiga se Guedes praticou fraudes em negócios com fundos de pensão de estatais, podendo ter <a target=""blank"" href=""https://www1.folha.uol.com.br/mercado/2018/10/procuradoria-investiga-guru-de-bolsonaro-sob-suspeita-de-fraude.shtml"" rel=""noopener noreferrer"">cometido crimes de gestão fraudulenta ou temerária</a>. Em seis anos, dois fundos de investimentos (FIPs) administrados por uma empresa de Guedes captaram R$ 1 bilhão dos fundos estatais.

Na investigação, o procurador Anselmo Lopes pede, entre outras providências, a verificação de “eventuais conexões entre os aportes dos fundos de pensão e as doações da empresa Contax Participações S/A (registradas em R$ 53 milhões para partidos políticos e candidatos, entre 2008 e 2014) da qual, segundo o portal Bloomberg, o sr. Paulo Roberto Nunes Guedes era diretor”. Ele também determina a pesquisa de “doações eleitorais realizadas pelas pessoas físicas e jurídicas em questão entre os anos de 2008 e 2018”.

De acordo com a reportagem do Estadão, a empresa Liq (Contax) disse que o economista não foi seu diretor, mas sim Paulo Roberto Reckziegel Guedes. Os advogados do economista ligado a Bolsonaro afirmaram ao Estadão que “o fundo FIP BR Educacional não trouxe qualquer prejuízo aos fundos de pensão”.

Embora se mostre como jornalístico, o Plantão Brasil oferece um link para que os leitores entrem em um grupo de WhatsApp para “receber imagens, vídeos e notícias para compartilhar pró-Haddad e contra Bolsonaro”.

Publicado no dia 11 de outubro, o link para o site ainda repercute no Facebook em páginas como Verdade sem manipulação, Eu Odeio a Globo, Pig Golpista e a do próprio Plantão Brasil. Até a noite desta quarta-feira, 17 de outubro, os posts com o link tinham cerca de 11 mil curtidas, comentários ou compartilhamentos, segundo a ferramenta Newswhip. 

O Blog da Cidadania também publicou uma versão semelhante da informação enganosa. Usou o texto do Estadão e afirmou, no título, que “Procuradoria suspeita de dinheiro sujo na campanha de Bolsonaro”. Nas redes sociais, a publicação obteve cerca de 3,3 mil interações. ",,"1970-01-01 00:00:00",archived-answer,https://projetocomprova.com.br/post/re_2b5w8xn0dedn/,https://projetocomprova.com.br/wp-content/uploads/2018/10/hvZ3EDEDQhC0N9QZnEBW-2.jpg,hvZ3EDEDQhC0N9QZnEBW,,,,https://projetocomprova.com.br/wp-content/uploads/2018/10/hvZ3EDEDQhC0N9QZnEBW-2.jpg,,,,"a:3:{s:3:""loc"";s:84:""https://projetocomprova.com.br/wp-content/uploads/2018/10/hvZ3EDEDQhC0N9QZnEBW-2.jpg"";s:5:""title"";s:20:""hvZ3EDEDQhC0N9QZnEBW"";s:7:""caption"";s:0:"""";}|a:3:{s:3:""loc"";s:84:""https://projetocomprova.com.br/wp-content/uploads/2018/10/hvZ3EDEDQhC0N9QZnEBW-2.jpg"";s:5:""title"";s:20:""hvZ3EDEDQhC0N9QZnEBW"";s:7:""caption"";s:0:"""";}|a:3:{s:3:""loc"";s:84:""https://projetocomprova.com.br/wp-content/uploads/2018/10/hvZ3EDEDQhC0N9QZnEBW-2.jpg"";s:5:""title"";s:20:""hvZ3EDEDQhC0N9QZnEBW"";s:7:""caption"";s:0:"""";}",,,,,,,,,,1|1|1,,,,,,publish,1,lunar_admin,oli@lunar.build,,,re_2b5w8xn0dedn,,,0,0,0,closed,closed,"1970-01-01 00:00:00",,gauchazh|nsc-comunicacao|sbt|poder360|revista-piaui|jornal-do-commercio|uol,red,,,,,,,,,,,,,,,
3463,"Ursal não existe e, portanto, não armou esquema para manipular urnas","São falsas as alegações de uma publicação no Facebook sobre supostas estratégias da Ursal (União das Repúblicas Socialistas da América Latina) para fraudar as eleições brasileiras. Além disso, as ações descritas no suposto plano demonstram desconhecimento do processo eleitoral e não poderiam ser colocadas em prática pela forma como são operacionalizadas as eleições no Brasil.

O post original foi apagado, mas usuários filmaram o conteúdo. Esses vídeos viralizaram principalmente no Facebook. O narrador de uma das gravações declara que ""a gente está correndo um risco tremendo"". O texto que descreve um dos posts é o seguinte: ""COMPARTILHEM E FAÇAM CHEGAR A PF, MPF, E A TODOS QUE INTERESSEM!!!”.

Como o próprio <a target=""blank"" href=""https://projetocomprova.com.br/post/re_2B5W8XbvqWMZ"" rel=""noopener noreferrer"">Comprova já demonstrou</a>, a Ursal não existe. Trata-se de um termo escrito por uma socióloga para uma ironia, em 2001, e que acabou alimentando teorias conspiratórias. O termo voltou à tona em agosto, quando o então candidato Cabo Daciolo (Patriota), no debate da Band, pediu para Ciro Gomes (PDT) falar sobre o “plano Ursal”.

Apesar de a entidade não existir e, portanto, não ser organizada para atuar politicamente, o Comprova também analisou as principais afirmações do post e concluiu que elas usam informações falsas ou mesmo sem qualquer possibilidade técnica de se viabilizarem.

O post afirma que uma das estratégias da pretensa Ursal é, em locais onde o candidato Jair Bolsonaro (PSL) tem mais votos, “deixar partes do código [das urnas] com erros propositais” para que os equipamentos sejam substituídos e, consequentemente, os votos anulados. Contudo, a <a target=""blank"" href=""http://www.tre-mg.jus.br/eleicoes/eleicoes-2018/boatos"" rel=""noopener noreferrer"">Justiça eleitoral esclarece</a> que os softwares são desenvolvidos pelo Tribunal Superior Eleitoral (TSE) e não há possibilidade de inserção de erros propositais. 

Além disso, os <a target=""blank"" href=""http://www.tse.jus.br/eleitor/processo-eleitoral-brasileiro/logistica-e-preparacao/preparacao-das-urnas"" rel=""noopener noreferrer"">sistemas recebem</a> uma assinatura digital e são lacrados. Por outro lado, sempre que uma urna apresenta algum problema e precisa ser substituída há um <a target=""blank"" href=""http://www.tse.jus.br/eleicoes/urna-eletronica/seguranca-da-urna/procedimentos-de-contingencia"" rel=""noopener noreferrer"">procedimento</a> para que os votos que ela já recebeu sejam aproveitados. 

Outra informação falsa diz respeito à ideia de gerar algum defeito no sistema biométrico de identificação para que os votos do eleitor não sejam contabilizados. Quando, por alguma razão, não é possível fazer a leitura da impressão digital, o mesário confere os documentos e faz a <a target=""blank"" href=""http://www.tre-sp.jus.br/imprensa/noticias-tre-sp/perguntas-e-respostas/biometria"" rel=""noopener noreferrer"">liberação da urna</a> para que o eleitor vote. Em seguida, o fato precisa ser relatado na ata da seção. Não cabe ao mesário definir se o voto será ou não contabilizado.

Também causa desinformação a frase do post sobre o interesse em “dar fim” aos Boletins de Urna com votos significativos para “o candidato da direita”. A verdade é que, ao final da votação, a <a target=""blank"" href=""http://www.tse.jus.br/imprensa/noticias-tse/2018/Setembro/boletins-de-urna-permitem-fiscalizacao-das-eleicoes-pelo-cidadao"" rel=""noopener noreferrer"">urna imprime</a> cinco desses boletins. Eles têm informações sobre as quantidades de votos e total de eleitores da seção. Outras vias ficam disponíveis para fiscais do partido. Apesar desse relatório “físico”, versões eletrônicas dos boletins são enviados aos Tribunais Regionais Eleitorais dos estados.

O post ainda lança um boato sobre interferência de empresa da Venezuela para “organizar e enviar” dados ao TSE, para a apuração. Esse caminho, segundo a informação falsa, seria usado para alterar os votos da urna. Não é verdade. Como o <a target=""blank"" href=""https://projetocomprova.com.br/post/re_2B5W8XNdwopb"" rel=""noopener noreferrer"">Comprova já verificou</a>, códigos de urnas eletrônicas nunca foram entregues para empresa venezuelana. Os votos da eleição presidencial <a target=""blank"" href=""http://www.tse.jus.br/eleitor/glossario/termos/apuracao-da-eleicao"" rel=""noopener noreferrer"">são apurados</a> após os dados das urnas serem enviados aos TREs que, em seguida, os remete ao TSE. A apuração dos votos não passa por atores estrangeiros. 

A página que fez a primeira publicação foi apagada. O Facebook não informou a razão. O Comprova analisou postagens de páginas que também levam o nome Ursal. Em regra, os posts apresentam críticas ao candidato Jair Bolsonaro ou trazem memes satíricos. 

O vídeo, divulgado em um perfil pessoal no Facebook no dia 13 de outubro, foi compartilhado 32,1 mil vezes e teve 322 mil visualizações até 17 de outubro. O assunto também foi encaminhado para verificação pelo WhatsApp do Comprova. Também capturamos a mensagem em quatro grupos de política no WhatsApp.

Outros desmentidos sobre este vídeo foram feitos pelo <a target=""blank"" href=""https://www.boatos.org/politica/ursal-fraudar-urnas-eletronicas-eleicoes.html"" rel=""noopener noreferrer"">Boatos.org</a> e <a target=""blank"" href=""http://www.tre-mg.jus.br/eleicoes/eleicoes-2018/boatos"" rel=""noopener noreferrer"">TRE-MG</a>.",,"1970-01-01 00:00:00",archived-answer,https://projetocomprova.com.br/post/re_2b5w8xbppneb/,https://projetocomprova.com.br/wp-content/uploads/2018/10/pITPWnXNTLGh1ZePYNX3-2.jpg,pITPWnXNTLGh1ZePYNX3,,,,https://projetocomprova.com.br/wp-content/uploads/2018/10/pITPWnXNTLGh1ZePYNX3-2.jpg,,,,"a:3:{s:3:""loc"";s:84:""https://projetocomprova.com.br/wp-content/uploads/2018/10/pITPWnXNTLGh1ZePYNX3-2.jpg"";s:5:""title"";s:20:""pITPWnXNTLGh1ZePYNX3"";s:7:""caption"";s:0:"""";}|a:3:{s:3:""loc"";s:84:""https://projetocomprova.com.br/wp-content/uploads/2018/10/pITPWnXNTLGh1ZePYNX3-2.jpg"";s:5:""title"";s:20:""pITPWnXNTLGh1ZePYNX3"";s:7:""caption"";s:0:"""";}|a:3:{s:3:""loc"";s:84:""https://projetocomprova.com.br/wp-content/uploads/2018/10/pITPWnXNTLGh1ZePYNX3-2.jpg"";s:5:""title"";s:20:""pITPWnXNTLGh1ZePYNX3"";s:7:""caption"";s:0:"""";}",,,,,,,,,,1|1|1,,,,,,publish,1,lunar_admin,oli@lunar.build,,,re_2b5w8xbppneb,,,0,0,0,closed,closed,"1970-01-01 00:00:00",,nsc-comunicacao|correio-do-povo|poder360|jornal-do-commercio|uol|revista-piaui|sbt|gauchazh,red,,,,,,,,,,,,,,,
3465,"Não é verdade que Haddad defenda incesto em livro publicado em 1998","Não é verdade que o candidato do PT à Presidência da República, Fernando Haddad, defendeu o incesto no seu livro “Em defesa do socialismo: Por ocasião dos 150 anos do Manifesto” (Editora Vozes, 67 páginas), escrito em 1998. 

A informação falsa foi publicada no perfil oficial no Facebook do escritor Olavo de Carvalho. Posteriormente, a publicação foi apagada. 

Segundo Olavo, Haddad teria escrito na obra que era preciso derrubar “o tabu do incesto” para a implantação do socialismo. “O homem quer que os meninos comam suas mães”, escreveu Olavo na publicação que foi apagada. 

No sábado, 13 de outubro, em nova publicação no Facebook, Olavo escreveu: “Em sentido literal e material, não é exato o que escrevi às pressas num post que logo em seguida retirei de circulação, segundo o qual o Haddad ‘defende’ ou ‘prega’ a prática do incesto. Ele apenas subscreve integralmente o programa da ‘sociedade erótica’ pregado pela Escola de Frankfurt, o qual advoga claramente a erotização das relações entre as mães e seus filhos”. 

A primeira publicação de Olavo com a informação falsa circulou por redes sociais em um meme. Ao lado da imagem (uma captura de tela do texto de Olavo) estava a foto do livro do candidato do PT com o escrito: “BOMBA! POW! LIVRO DE HADDAD DEFENDE SEXO ENTRE PAIS E FILHOS [sic]”.

A informação falsa foi republicada no Twitter de Carlos Bolsonaro, filho do candidato à Presidência pelo PSL, Jair Bolsonaro.

“É isso que você quer ver governando o país?"", questionou Carlos na rede social ao publicar uma captura de tela da publicação de Olavo no Twitter. Depois, Carlos também apagou o tuíte.

A equipe do Comprova fez a leitura de um exemplar do livro de Haddad, consultado na biblioteca Mário de Andrade, em São Paulo. 

O livro é uma obra política que contém uma análise crítica sobre o Manifesto Comunista  escrito e publicado pelos pensadores Karl Marx e Friedrich Engels em 1848. Não há citações sobre incesto ou relações que rompam dogmas do relacionamento familiar tradicional na obra.

Durante ato de campanha em São Paulo no domingo, 14 de outubro, Haddad negou com veemência a informação falsa.

“Qual o limite da loucura do meu adversário? Acusar um oponente de defender o incesto. Onde nós vamos parar?"", questionou Haddad.

Em seu <a target=""blank"" href=""https://www.obrasilfelizdenovo.com/haddad-livro-defesa-socialismo-incesto/"" rel=""noopener noreferrer"">site de campanha</a>, o PT afirma que o livro fala em “subverter o conservadorismo ao dar maior liberdade sexual aos jovens”, e nega que a obra tenha passagens com apologia ao incesto. 

Em nota, a editora que publicou o livro (Vozes) <a target=""blank"" href=""https://www.facebook.com/EditoraVozes/photos/a.136691403098937/1517642118337185/?type=3&__xts__%5B0%5D=68.ARDXqwwE1JWPO4w6s-tSph2aRGe-sHHC8y9ZRrSXPYr1-wg7v5QXlu1dw-Oq0hQ6jsl8LCn1xbVKTPwsv58BmBd8jAywx73Gp2WucuAtW3OleShCl6e292ImFdOVFw-Wv0x3nRLsHrORsJcQrgfzeeln8KvqPljumqvXisBaQbHRHBiocAznGOXKLTYZ5zWH45sHIWhZflo&__tn__=-R"" rel=""noopener noreferrer"">informou</a> que o conteúdo compartilhado nas redes sociais “não existe” na obra. 

A publicação apagada por Olavo circulou em correntes de WhatsApp durante o sábado e domingo, nos dias 13 e 14 de outubro, como mostra o Monitor de WhatsApp, ferramenta desenvolvida pela Universidade Federal de Minas Gerais (UFMG). 

Há outros memes que trazem um suposto trecho de uma página do livro de Haddad. O Comprova verificou que o conteúdo, entretanto, também não corresponde com a publicação escrita pelo petista. Estaria no livro, segundo algumas postagens, um suposto “Decálogo de Lênin”, lista de recomendações para a implantação do comunismo que teria sido escrito por Vladimir Lênin, líder da Revolução Russa. O tal decálogo também não consta na obra do candidato petista. 

A informação falsa foi desmentida pelos sites <a target=""blank"" href=""http://www.e-farsas.com/fernando-haddad-defende-incesto-entre-pais-e-filhos-em-seu-livro.html"" rel=""noopener noreferrer"">E-Farsas</a>,  <a target=""blank"" href=""https://www.boatos.org/politica/livro-haddad-defende-incesto-socialismo.html"" rel=""noopener noreferrer"">Boatos.org</a> e <a target=""blank"" href=""https://aosfatos.org/noticias/e-falso-que-fernando-haddad-defendeu-em-livro-sexo-entre-pais-e-filhos/"" rel=""noopener noreferrer"">Aos Fatos</a>. Além disso, a própria campanha do candidato do PT fez a verificação e publicou em seu <a target=""blank"" href=""https://www.obrasilfelizdenovo.com/haddad-livro-defesa-socialismo-incesto/"" rel=""noopener noreferrer"">site</a>. A <a target=""blank"" href=""https://www1.folha.uol.com.br/poder/2018/10/nao-e-verdade-que-livro-de-haddad-incentiva-sexo-entre-pais-e-filhos.shtml"" rel=""noopener noreferrer"">Folha de S. Paulo</a>, também verificou e desmentiu a informação.

Em outro post publicado há um ano, o site <a target=""blank"" href=""https://www.boatos.org/politica/decalogo-lenin-escrito-1913.html"" rel=""noopener noreferrer"">Boatos.org mostrava</a> que o ""Décalogo de Lenin"" também é um boato. ",,"1970-01-01 00:00:00",archived-answer,https://projetocomprova.com.br/post/re_2b5w8xnrykvb/,https://projetocomprova.com.br/wp-content/uploads/2018/10/j62HFFQtRTK9FVCNsKem-2.png,j62HFFQtRTK9FVCNsKem,,,,https://projetocomprova.com.br/wp-content/uploads/2018/10/j62HFFQtRTK9FVCNsKem-2.png,,,,"a:3:{s:3:""loc"";s:84:""https://projetocomprova.com.br/wp-content/uploads/2018/10/j62HFFQtRTK9FVCNsKem-2.png"";s:5:""title"";s:20:""j62HFFQtRTK9FVCNsKem"";s:7:""caption"";s:0:"""";}|a:3:{s:3:""loc"";s:84:""https://projetocomprova.com.br/wp-content/uploads/2018/10/j62HFFQtRTK9FVCNsKem-2.png"";s:5:""title"";s:20:""j62HFFQtRTK9FVCNsKem"";s:7:""caption"";s:0:"""";}|a:3:{s:3:""loc"";s:84:""https://projetocomprova.com.br/wp-content/uploads/2018/10/j62HFFQtRTK9FVCNsKem-2.png"";s:5:""title"";s:20:""j62HFFQtRTK9FVCNsKem"";s:7:""caption"";s:0:"""";}",,,,,,,,,,1|1|1,,,,,,publish,1,lunar_admin,oli@lunar.build,,,re_2b5w8xnrykvb,,,0,0,0,closed,closed,"1970-01-01 00:00:00",folha-de-s-paulo|sbt,nsc-comunicacao|correio-do-povo|poder360|jornal-do-commercio|uol|exame|gauchazh|sbt,red,,,,,,,,,,,,,,,
3467,"Não houve “vazamento de áudio”  de Haddad e Manuela em trama contra Exército","É enganoso um vídeo que circula na internet como se fosse um vazamento de áudio em que o candidato à presidência Fernando Haddad (PT) e sua vice Manuela D’Ávila (PCdoB) apareceriam armando contra o Exército. Na verdade, o trecho presente na gravação é da <a target=""blank"" href=""http://mais.uol.com.br/view/1575mnadmj5c/veja-integra-da-sabatina-uol-folha-e-sbt-com-fernando-haddad-pt-0402CD1B3268D0A96326?types=A&"" rel=""noopener noreferrer"">sabatina UOL, Folha e SBT</a> com o candidato, realizada no dia 17 de setembro de 2018. Manuela não estava presente durante a gravação. A voz feminina que se ouve é da repórter Débora Bargamasco, do SBT. 

O trecho divulgado no Youtube sob o título de “Vaza áudio: Haddad e Manuela tramando contra Exército e Bolsonaro” começa com uma fala de Haddad em resposta a uma pergunta da repórter sobre um conteúdo presente no plano de governo do candidato. “Ainda sobre forças armadas, no seu programa de governo diz assim: a constituição será aplicada de maneira imediata e firme contra quem ameaça a democracia com atos e/ou declarações. O que significa isso? Por exemplo, o sujeito que for lá se manifestar e levantar uma bandeira escrito ‘intervenção militar já’, ‘volta da ditadura’, ele vai ser punido? Qual que é a ideia?”, perguntou a repórter. 

Em seguida, Haddad questionou: “o cidadão?” Depois da afirmativa da jornalista, ele respondeu que não. Logo, ela completou a pergunta: “Então o que é que vocês estão dizendo aqui contra quem ameaça a democracia com atos ou declarações? O que é uma declaração? É falar? É fazer uma declaração (por escrito)?”. A partir de então, aos 49:24 do vídeo da sabatina, Haddad começa a resposta que viria a ser reproduzida no vídeo enganoso. “Quem tá debaixo de uma hierarquia. Tô falando dessas pessoas. Debaixo de uma hierarquia, vai ter que defender a democracia [...]”.

A discussão segue até os 50:48 do vídeo, quando o repórter Fernando Canzian, da Folha de S. Paulo muda de assunto. O vídeo divulgado como “vazamento” também termina neste instante.  

Bergamasco fez as perguntas depois que o repórter Diogo Pinheiro, do UOL, levantou o assunto sobre militares durante três perguntas. Aos 46:58 do vídeo, ele questionou qual o papel teria o Exército no combate a violência no possível governo do candidato. Haddad respondeu que gostaria de “um braço da polícia civil para atuar em relação a organizações criminosas”. Para ele, a formação do Exército tem outra finalidade, que seria “entrar numa guerra e proteger o território nacional”. 

Em seguida, o repórter perguntou se o presidenciável pretende ter militares no ministério, que respondeu “não necessariamente”, mas que também não tem “tabu contra a presença”. A última pergunta do repórter foi “qual a sua opinião sobre comentários como os do comandante do exército de que o próximo presidente pode ter sua legitimidade questionada?”. Haddad respondeu que ele entende que “o comandante em chefe das Forças Armadas é o presidente da República” e que declarações como essas acontecem porque, de acordo com a sua visão, hoje não há uma “autoridade constituída, legitimada pelo voto”. 

No Youtube, o conteúdo enganoso já foi visualizado mais de 1 milhão de vezes e tem 35 mil votos positivos, contra 10 mil negativos. O Comprova recebeu o vídeo também por WhatsApp. No Facebook, o vídeo foi visualizado mais de 800 mil vezes e teve 33 mil shares.",,"1970-01-01 00:00:00",archived-answer,https://projetocomprova.com.br/post/re_2b5w8xnj10xb/,https://projetocomprova.com.br/wp-content/uploads/2018/10/dGasdhH3SCSMsUHzJZqQ-2.png,dGasdhH3SCSMsUHzJZqQ,,,,https://projetocomprova.com.br/wp-content/uploads/2018/10/dGasdhH3SCSMsUHzJZqQ-2.png,,,,"a:3:{s:3:""loc"";s:84:""https://projetocomprova.com.br/wp-content/uploads/2018/10/dGasdhH3SCSMsUHzJZqQ-2.png"";s:5:""title"";s:20:""dGasdhH3SCSMsUHzJZqQ"";s:7:""caption"";s:0:"""";}|a:3:{s:3:""loc"";s:84:""https://projetocomprova.com.br/wp-content/uploads/2018/10/dGasdhH3SCSMsUHzJZqQ-2.png"";s:5:""title"";s:20:""dGasdhH3SCSMsUHzJZqQ"";s:7:""caption"";s:0:"""";}|a:3:{s:3:""loc"";s:84:""https://projetocomprova.com.br/wp-content/uploads/2018/10/dGasdhH3SCSMsUHzJZqQ-2.png"";s:5:""title"";s:20:""dGasdhH3SCSMsUHzJZqQ"";s:7:""caption"";s:0:"""";}",,,,,,,,,,1|1|1,,,,,,publish,1,lunar_admin,oli@lunar.build,,,re_2b5w8xnj10xb,,,0,0,0,closed,closed,"1970-01-01 00:00:00",afp,gauchazh|sbt|poder360|jornal-do-commercio|uol|revista-piaui|nsc-comunicacao,red,,,,,,,,,,,,,,,
3469,"Pesquisa que mostra Haddad na liderança à presidência com 58% é falsa","É falsa a pesquisa de intenção de voto para presidência da República atribuída a Genial Investimentos cujo resultado seria a liderança de Fernando Haddad (PT) com 58% dos votos válidos. Segundo o levantamento enganoso divulgado no Facebook, Jair Bolsonaro (PSL) aparece com 42%, uma diferença de 16 pontos percentuais a favor do petista.

O post enganoso, publicado pelo blog ""Política e Estratégia Global"", afirma que a pesquisa ouviu cinco mil eleitores de 1 e 13 de outubro. Também diz que margem de erro é de 4,5 pontos percentuais para mais ou para menos, e um nível de confiança de 94%. Todos os dados foram inventados.

O Comprova entrou em contato com a <a target=""blank"" href=""https://genialinvestimentos.com.br/institucional/quem-somos/"" rel=""noopener noreferrer"">Genial Investimentos</a>. A corretora não realiza pesquisas eleitorais, mas as encomenda. O <a target=""blank"" href=""https://blog.genialinvestimentos.com.br/pesquisa-presidencial-2018/"" rel=""noopener noreferrer"">último levantamento</a> realizado a pedido da empresa foi feito pelo Instituto Brasilis. Esta sondagem, divulgada em 27 de setembro de 2018, antes do primeiro turno, mostrava que Bolsonaro liderava as intenções de voto com 27%. Haddad aparecia com 22%, seguido por Geraldo Alckmin (PSDB), com 10%, Ciro Gomes (PDT), com 8%, e Marina Silva (Rede), com 5%.

Nas simulações do segundo turno do levantamento divulgado em 27 de setembro, Haddad tinha 44% das intenções de voto no cenário estimulado e Bolsonaro, 36%. Brancos e nulos eram 15%. Outros 4% não souberam responder.

Ainda segundo o site do Tribunal Superior Eleitoral (TSE), não há nenhuma pesquisa da Brasilis prevista para divulgação neste segundo turno.

De acordo com as regras do TSE, em 2018, todas as pesquisas eleitorais devem ser registradas em seu sistema próprio. Pelo dispositivo, a empresa que realiza o levantamento se compromete a fornecer uma série de informações: a divulgação dos resultados, o período de coleta, a margem de erro, o nível de confiança, a quantidade de entrevistados, o nome da empresa de pesquisa, a identificação do contratante e o número de registro.

Segundo o TSE, a <a target=""blank"" href=""http://www.tre-rr.jus.br/imprensa/noticias-tre-rr/2018/Julho/divulgacao-de-pesquisa-sem-registro-ou-falsa-pode-gerar-multa-de-ate-r-106-mil"" rel=""noopener noreferrer"">divulgação de pesquisa sem o prévio registro</a> das informações sujeita os responsáveis a multa de R$ 53.205,00 a R$ 106.410,00. Já a divulgação de pesquisa fraudulenta constitui crime, punível com detenção de 6 meses a 1 ano e multa no mesmo valor.

De acordo com o CrowdTangle, ferramenta para análise de redes sociais, o post falso gerou mais de 100 mil interações no Facebook de 14 de outubro às 10h de 17 de outubro. Na página ""Botando Pilha"", por exemplo, a postagem teve 2,2 mil reações, 635 comentários e 2,2 mil compartilhamentos no mesmo período.",,"1970-01-01 00:00:00",archived-answer,https://projetocomprova.com.br/post/re_2b5w8xndgdgb/,https://projetocomprova.com.br/wp-content/uploads/2018/10/Dax8pEJRSPaHSRCxYKBA-2.png,Dax8pEJRSPaHSRCxYKBA,,,,https://projetocomprova.com.br/wp-content/uploads/2018/10/Dax8pEJRSPaHSRCxYKBA-2.png,,,,"a:3:{s:3:""loc"";s:84:""https://projetocomprova.com.br/wp-content/uploads/2018/10/Dax8pEJRSPaHSRCxYKBA-2.png"";s:5:""title"";s:20:""Dax8pEJRSPaHSRCxYKBA"";s:7:""caption"";s:0:"""";}|a:3:{s:3:""loc"";s:84:""https://projetocomprova.com.br/wp-content/uploads/2018/10/Dax8pEJRSPaHSRCxYKBA-2.png"";s:5:""title"";s:20:""Dax8pEJRSPaHSRCxYKBA"";s:7:""caption"";s:0:"""";}|a:3:{s:3:""loc"";s:84:""https://projetocomprova.com.br/wp-content/uploads/2018/10/Dax8pEJRSPaHSRCxYKBA-2.png"";s:5:""title"";s:20:""Dax8pEJRSPaHSRCxYKBA"";s:7:""caption"";s:0:"""";}",,,,,,,,,,1|1|1,,,,,,publish,1,lunar_admin,oli@lunar.build,,,re_2b5w8xndgdgb,,,0,0,0,closed,closed,"1970-01-01 00:00:00",poder360|gauchazh,nsc-comunicacao|gauchazh|uol|revista-piaui|sbt|jornal-do-commercio|poder360,red,,,,,,,,,,,,,,,
3471,"É montagem notícia que diz que Bolsonaro vai mudar imagem da padroeira do Brasil","É falsa a publicação compartilhada no Whatsapp e no Facebook afirmando que o presidenciável Jair Bolsonaro (PSL) vai mudar a imagem de Nossa Senhora Aparecida e tirar a santa do posto de padroeira do Brasil em troca do apoio do pastor da Igreja Universal do Reino de Deus, bispo Edir Macedo, no segundo turno da eleição ao Palácio do Planalto. 

Bolsonaro não apoiou projeto de lei que propunha a alteração do termo “padroeira do Brasil” atribuído a Nossa Senhora Aparecida. Além disso, a assessoria de imprensa da igreja e o filho do candidato, Eduardo Bolsonaro, desmentiram a informação. Também não existem elementos que confirmem suposto acordo entre o presidenciável e o pastor evangélico.

Para fazer a verificação, o Comprova pesquisou informações no site da Câmara dos Deputados e entrou em contato com as assessorias de imprensa de Jair Bolsonaro e Edir Macedo. 

Há duas versões do boato sendo compartilhadas no Facebook e WhatsApp nos últimos dias. Uma delas usa uma montagem da página da Folha de S. Paulo. A falsa notícia, que teria sido publicada no dia 11 de outubro, afirma que “encontro de Bolsonaro com bispo Edir Macedo gera polêmica, ao sugerir a troca da imagem da padroeira do Brasil” e sugere que a alteração seria motivada pelo “tom de pele” escuro da santa. A Folha <a target=""blank"" href=""https://www1.folha.uol.com.br/poder/2018/10/nao-e-verdade-que-bolsonaro-propos-mudar-representacao-de-n-sra-aparecida.shtml"" rel=""noopener noreferrer"">negou que a matéria tenha sido publicada no site</a> e confirmou que era uma montagem.

A segunda versão diz que Bolsonaro e seu filho, o também deputado federal Eduardo Bolsonaro (PSL-SP), assinaram o <a target=""blank"" href=""http://www.camara.gov.br/proposicoesWeb/fichadetramitacao?idProposicao=380897"" rel=""noopener noreferrer"">projeto de lei 2623</a>, de 2007, que sugeria a alteração do termo “padroeira do Brasil” para “padroeira dos brasileiros católicos apostólicos romanos”. O PL, de autoria do deputado Victorio Galli, que à época era do MDB e hoje é do PSL, foi arquivado em 2008 na Comissão de Educação e Cultura da Câmara dos Deputados. A matéria não poderá ser desarquivada no próximo ano porque o seu autor não foi reeleito. O Comprova não encontrou assinatura de Bolsonaro no projeto.

Ao Comprova, a assessoria do Bolsonaro afirmou que “não responde fake (news)”. Eduardo Bolsonaro, no entanto, publicou um <a target=""blank"" href=""https://www.facebook.com/jairmessias.bolsonaro/videos/729894440697267/?__xts__[0]=68.ARDzzBvuJ0UtFI7-9DyZnQjEhofSES2jDyZW2is0dko0y6x06oNPsXa1LUI0MF4reYjrOHYKBXdGRx8v1ocnFcwp3ZKXsUIbNkTOyJ1O0u2T3hn9Y1QSPGxqd-NEA5C0kNRNmYCw6qPyJF5llZe7iDz2HiSYeM8D-yJ0reIubf8Xjf4_5tjI1ebVCIGydYMrzLSm6IENDiKZxN3jEjSltw&__tn__=-R"" rel=""noopener noreferrer"">vídeo no seu Facebook</a>, que foi compartilhado na página do presidenciável, desmentindo a informação. “O projeto é de 2007 e foi apreciado em 2008, nessa época eu sequer era deputado, a minha eleição foi em 2014. Além disso, não existe assinatura do Jair Bolsonaro apoiando esse projeto em lugar nenhum. Esse projeto foi sepultado na comissão da educação por unanimidade. Não há o que falar, é uma invenção”, diz. 

O texto do boato também afirma que o suposto apoio de Bolsonaro ao projeto foi uma “moeda de troca” para ele conseguir apoio de Edir Macedo, que também teria pedido a implantação do “ensino evangélico a todas as crianças, a partir da creche, em janeiro de 2020”. A informação não tem nenhuma fonte que a confirme, e o bispo a negou, através de <a target=""blank"" href=""https://sites.universal.org/mitoseverdades/universal-quer-lei-que-extingue-padroeira-do-brasil/"" rel=""noopener noreferrer"">nota divulgada no site da Igreja Universal</a> <https://sites.universal.org/mitoseverdades/universal-quer-lei-que-extingue-padroeira-do-brasil/>. “Nem o bispo Edir Macedo, nem a Igreja Universal do Reino de Deus tem qualquer relação com esse projeto de lei”, diz o texto.

“Já sobre a fake news do ensino religioso nas escolas públicas, a Universal defendeu exatamente o contrário em audiência pública no Supremo Tribunal Federal (STF): <a target=""blank"" href=""http://www.stf.jus.br/portal/cms/verNoticiaDetalhe.asp?idConteudo=293631"" rel=""noopener noreferrer"">a Igreja apoia o ensino religioso não confessional</a>, que deve ser facultativo, com professores qualificados para tal. ‘O ensino deve ser sobre religião, e não da religião’, afirmou o representante da Universal durante a audiência”, conclui a nota.

A montagem do site da Folha chegou ao WhatsApp do Comprova. Já o segundo boato foi compartilhado no Facebook do empresário e escritor Alberto Carlos Almeida e teve 515 compartilhamentos. 

O <a target=""blank"" href=""https://www.boatos.org/religiao/edir-macedo-bolsonaro-padroeira-brasil.html"" rel=""noopener noreferrer"">Boatos.org </a> já havia desmentido o boato.",,"1970-01-01 00:00:00",archived-answer,https://projetocomprova.com.br/post/re_2b5w8xn4grnb/,https://projetocomprova.com.br/wp-content/uploads/2018/10/mWWgbwsFRVCKp6aE4VGg-2.png,mWWgbwsFRVCKp6aE4VGg,,,,https://projetocomprova.com.br/wp-content/uploads/2018/10/mWWgbwsFRVCKp6aE4VGg-2.png,,,,"a:3:{s:3:""loc"";s:84:""https://projetocomprova.com.br/wp-content/uploads/2018/10/mWWgbwsFRVCKp6aE4VGg-2.png"";s:5:""title"";s:20:""mWWgbwsFRVCKp6aE4VGg"";s:7:""caption"";s:0:"""";}|a:3:{s:3:""loc"";s:84:""https://projetocomprova.com.br/wp-content/uploads/2018/10/mWWgbwsFRVCKp6aE4VGg-2.png"";s:5:""title"";s:20:""mWWgbwsFRVCKp6aE4VGg"";s:7:""caption"";s:0:"""";}|a:3:{s:3:""loc"";s:84:""https://projetocomprova.com.br/wp-content/uploads/2018/10/mWWgbwsFRVCKp6aE4VGg-2.png"";s:5:""title"";s:20:""mWWgbwsFRVCKp6aE4VGg"";s:7:""caption"";s:0:"""";}",,,,,,,,,,1|1|1,,,,,,publish,1,lunar_admin,oli@lunar.build,,,re_2b5w8xn4grnb,,,0,0,0,closed,closed,"1970-01-01 00:00:00",,nsc-comunicacao|gauchazh|sbt|uol|jornal-do-commercio|revista-piaui,red,,,,,,,,,,,,,,,
3473,"Site atribui somente a Marisa Letícia patrimônio do casal Lula da Silva","Uma relação de bens de Luiz Inácio Lula da Silva e de sua falecida esposa, Marisa Letícia, está sendo compartilhada em redes sociais como se fosse unicamente o patrimônio da ex-primeira-dama, que morreu em 3 de fevereiro de 2017. 

As informações fazem parte do inventário de Marisa. O patrimônio declarado é de R$ 11,7 milhões, mas o valor foi atualizado em 19 de junho deste ano, a pedido dos advogados, para R$ 12,3 milhões. Metade desse valor será partilhada entre os quatro filhos. 

Da lista constam imóveis, carros e aplicações financeiras do casal. Os bens mais valiosos são duas aplicações financeiras em previdência privada, que alcançam R$ 9 milhões.

O <a target=""blank"" href=""https://esaj.tjsp.jus.br/cpopg/show.do?processo.foro=564&processo.codigo=FO0007DV40000"" rel=""noopener noreferrer"">documento</a> pode ser verificado no site do TJ-SP (Tribunal de Justiça de São Paulo) e a veracidade foi confirmada pela defesa do político do PT, representada pelo advogado Cristiano Zanin Martins. 

O valor do inventário foi divulgado pela primeira vez em 16 de outubro de 2017, na <a target=""blank"" href=""https://epoca.globo.com/politica/expresso/noticia/2017/10/inventario-de-marisa-leticia-patrimonio-declarado-do-casal-lula-da-silva-e-de-r-117-milhoes.html"" rel=""noopener noreferrer"">coluna Expresso</a>, da revista Época. 

No pedido inicial, havia ainda um erro de digitação nas cotas mantidas em um fundo de investimento do Banco do Brasil, o que elevaria o patrimônio em mais de R$ 60 milhões. Constavam 500 mil cotas, mas, na verdade, eram apenas 500. 

Outro bem incluído no inventário de Dona Marisa é o <a target=""blank"" href=""http://www.bandnewsfm.com.br/blog/pablo-fernandez/2018/07/24/cota-da-bancoop-no-predio-do-triplex-e-incluida-no-inventario-de-dona-marisa/"" rel=""noopener noreferrer"">crédito</a> referente à unidade adquirida no antigo Edifício Mar Cantábrico, atual Solaris, no Guarujá - o prédio do triplex. O valor de R$ 320 mil está relacionado à cota-parte do apartamento 141 e é cobrado pelos advogados na Justiça. No processo, o escritório Teixeira Martins alega que o objetivo é reaver o dinheiro investido entre 2005 e 2009. Em maio, o triplex foi leiloado por R$ 2,2 milhões.

Após a veiculação do inventário de Dona Marisa, vários sites publicaram o conteúdo da reportagem. O site News Atual, por exemplo, publicou a lista, mas informou que os bens se referiam unicamente a Marisa Letícia e não ao casal Lula da Silva. A notícia viralizou. Páginas como República de Curitiba, Por um Brasil Melhor e Apoiamos a Operação Lava Jato-Juiz Sérgio Moro compartilharam o texto, o que gerou mais de 100 mil interações no Facebook, segundo o CrowdTangle, ferramenta de análise de redes sociais. ",,"1970-01-01 00:00:00",archived-answer,https://projetocomprova.com.br/post/re_2b5w8xbvq95z/,https://projetocomprova.com.br/wp-content/uploads/2018/08/Fxq5xveKR56nQOLxjLjD-2.png,Fxq5xveKR56nQOLxjLjD,,,,https://projetocomprova.com.br/wp-content/uploads/2018/08/Fxq5xveKR56nQOLxjLjD-2.png,,,,"a:3:{s:3:""loc"";s:84:""https://projetocomprova.com.br/wp-content/uploads/2018/08/Fxq5xveKR56nQOLxjLjD-2.png"";s:5:""title"";s:20:""Fxq5xveKR56nQOLxjLjD"";s:7:""caption"";s:0:"""";}|a:3:{s:3:""loc"";s:84:""https://projetocomprova.com.br/wp-content/uploads/2018/08/Fxq5xveKR56nQOLxjLjD-2.png"";s:5:""title"";s:20:""Fxq5xveKR56nQOLxjLjD"";s:7:""caption"";s:0:"""";}|a:3:{s:3:""loc"";s:84:""https://projetocomprova.com.br/wp-content/uploads/2018/08/Fxq5xveKR56nQOLxjLjD-2.png"";s:5:""title"";s:20:""Fxq5xveKR56nQOLxjLjD"";s:7:""caption"";s:0:"""";}",,,,,,,,,,,,,,,,publish,1,lunar_admin,oli@lunar.build,,,re_2b5w8xbvq95z,,,0,0,0,closed,closed,"1970-01-01 00:00:00",poder360,nsc-comunicacao|poder360|jornal-do-commercio|gauchazh|correio-do-povo|sbt,red,,,,,,,,,,,,,,,
3475,"Vídeo de Haddad chegando em uma Ferrari é de 2016 e foi gravado em Interlagos","Não é verdade que o presidenciável Fernando Haddad (PT) tem uma Ferrari amarela e que usou o veículo para ir ao aeroporto de Congonhas, em São Paulo, nesta campanha eleitoral. O vídeo que acompanha o boato foi, na realidade, gravado em 2016, quando o então prefeito da capital paulista andou na carona do automóvel durante evento de inauguração de obras no Autódromo de Interlagos.

Nas peças de desinformação compartilhadas nas redes sociais, junto com o vídeo de 30 segundos é disseminada uma frase com informações falsas: ""O candidato dos pobres, chegando ontem a tarde no aeroporto de Congonhas em SP, numa FERRARI que vale R$ 1.800.000,00 (sic)"".

Uma busca pelos termos ""são paulo"", ""haddad"", ""ferrari"" e ""interlagos"" no Google traz evidências sobre a real circunstância do vídeo com Haddad desembarcando do carro amarelo. A gravação foi feita em 29 de outubro de 2016, quando dois prédios para a infraestrutura do autódromo, gerido pelo município de São Paulo, foram inaugurados.

A inauguração foi reportada por veículos de imprensa (como <a target=""blank"" href=""http://globoplay.globo.com/v/5412248/"" rel=""noopener noreferrer"">aqui</a>, <a target=""blank"" href=""http://globoesporte.globo.com/motor/formula-1/noticia/2016/10/haddad-inaugura-obras-e-interlagos-passa-por-simulado-para-gp-do-brasil.html"" rel=""noopener noreferrer"">aqui</a> e <a target=""blank"" href=""https://www.gazetaesportiva.com/motor/formula-1/haddad-inaugura-duas-obras-em-interlagos-as-vesperas-do-gp-do-brasil/"" rel=""noopener noreferrer"">aqui</a>). A Prefeitura de São Paulo também <a traget=""blank"" href=""https://www.prefeitura.sp.gov.br/cidade/secretarias/obras/sp_obras/index.php?p=225020"">registrou a inauguração</a> em seu site. Fotos do evento estão no <a target=""blank"" href=""https://www.flickr.com/photos/135544985@N08/sets/72157674498765292"" rel=""noopener noreferrer"">Flickr da administração municipal</a>. Na ocasião, <a target=""blank"" href=""https://www.revistahg.com.br/f-1-prefeito-de-sp-fernando-haddad-faz-vistoria-no-autodromo-de-interlagos/"" rel=""noopener noreferrer"">Haddad percorreu</a> o circuito a bordo de dois carros da marca Ferrari. Um vermelho e outro amarelo. <a target=""blank"" href=""https://www.youtube.com/watch?v=Qo58LOQuNpc"" rel=""noopener noreferrer"">Este aparece</a>, acelerando, nos instantes finais de reportagem institucional da prefeitura.

No domingo, 14 de outubro, o hoje presidenciável se manifestou sobre o boato. ""Chegaram a dizer que eu sou dono de uma Ferrari porque eu fui fazer, fui inaugurar a pista de Interlagos e estava um membro da família Ermírio de Moraes que me convidou pra estrear a pista... E eu passei a ser dono da Ferrari dele? Isso está circulando na internet"", <a target=""blank"" href=""https://g1.globo.com/sp/sao-paulo/eleicoes/2018/noticia/2018/10/14/haddad-diz-que-vai-estimular-matricula-de-criancas-com-deficiencia-nas-escolas.ghtml"" rel=""noopener noreferrer"">afirmou</a>. 

Na <a target=""blank"" href=""http://divulgacandcontas.tse.jus.br/divulga/#/candidato/2018/2022802018/BR/280000629808/bens"" rel=""noopener noreferrer"">declaração de bens</a> entregue pelo candidato à Justiça Eleitoral, não há nenhum automóvel registrado em nome dele. 

Versões do boato estão circulando desde o dia 10 de outubro, no Facebook e no Twitter. Em algumas postagens, o conteúdo falso foi visto mais de 100 mil vezes.  O material também é um dos mais compartilhados no WhatsApp, segundo a ferramenta Monitor de WhatsApp, desenvolvida  por pesquisadores da UFMG. 

O <a target=""blank"" href=""https://g1.globo.com/fato-ou-fake/noticia/2018/10/14/e-fake-a-postagem-que-diz-que-haddad-chegou-ao-aeroporto-de-congonhas-em-uma-ferrari.ghtml"" rel=""noopener noreferrer"">Fato ou Fake</a> e o <a target=""blank"" href=""https://www.boatos.org/politica/fernando-haddad-ferrari-amarela.html"" rel=""noopener noreferrer"">boatos.org</a> já publicaram desmentidos sobre esta informação falsa. ",,"1970-01-01 00:00:00",archived-answer,https://projetocomprova.com.br/post/re_2b5w8xb8vz2y/,https://projetocomprova.com.br/wp-content/uploads/2018/10/79a8XDjGTYKQMNtYlTS6-2.png,79a8XDjGTYKQMNtYlTS6,,,,https://projetocomprova.com.br/wp-content/uploads/2018/10/79a8XDjGTYKQMNtYlTS6-2.png,,,,"a:3:{s:3:""loc"";s:84:""https://projetocomprova.com.br/wp-content/uploads/2018/10/79a8XDjGTYKQMNtYlTS6-2.png"";s:5:""title"";s:20:""79a8XDjGTYKQMNtYlTS6"";s:7:""caption"";s:0:"""";}|a:3:{s:3:""loc"";s:84:""https://projetocomprova.com.br/wp-content/uploads/2018/10/79a8XDjGTYKQMNtYlTS6-2.png"";s:5:""title"";s:20:""79a8XDjGTYKQMNtYlTS6"";s:7:""caption"";s:0:"""";}|a:3:{s:3:""loc"";s:84:""https://projetocomprova.com.br/wp-content/uploads/2018/10/79a8XDjGTYKQMNtYlTS6-2.png"";s:5:""title"";s:20:""79a8XDjGTYKQMNtYlTS6"";s:7:""caption"";s:0:"""";}",,,,,,,,,,1|1|1,,,,,,publish,1,lunar_admin,oli@lunar.build,,,re_2b5w8xb8vz2y,,,0,0,0,closed,closed,"1970-01-01 00:00:00",1506,exame|correio-do-povo|poder360|nsc-comunicacao|gauchazh|sbt|uol|revista-piaui|jornal-do-commercio,red,,,,,,,,,,,,,,,
3477,"Projeto não torna a pedofilia um ato legal e nem tem participação de Haddad","Não é verdade que o candidato à Presidência da República pelo PT, Fernando Haddad, defenda a legalização da pedofilia, como sugere uma montagem de texto e fotografia que circula em redes sociais. 

A imagem, muito disseminada via Facebook e WhatsApp, mostra uma criança com a boca tapada por um homem e faz referência ao projeto de lei de número 236/2012, descrevendo-o como proposta de descriminalização da pedofilia no caso de relações sexuais com crianças maiores de 12 anos.

O Comprova verificou que o PL 236/2012 tramita no Congresso Nacional desde 2012, mas está parado desde o dia 6 de novembro de 2017. Sem qualquer relação com Haddad, a proposta estava sob a relatoria do ex-presidente e ex-senador José Sarney (MDB), mas mudou de mãos e agora está com o senador e candidato ao governo de Minas Gerais, Antonio Anastasia (PSDB). 

O projeto de lei em questão, além disso,  trata de uma <a target=""blank"" href=""https://www25.senado.leg.br/web/atividade/materias/-/materia/106404"" rel=""noopener noreferrer"">proposta do Novo Código Penal</a> que nada tem a ver com legalização de pedofilia - não há nem sequer o emprego da palavra “pedofilia” no texto. 

O projeto prevê, entre outras coisas, a redução de 14 anos para 12 anos no limite de idade da vítima na qualificação do crime de “<a target=""blank"" href=""https://ww2.stj.jus.br/docs_internet/revista/eletronica/stj-revista-sumulas-2017_46_capSumulas593-600.pdf"" rel=""noopener noreferrer"">estupro de vulnerável</a>” (no qual o eventual consentimento da vítima para relação sexual não livra o réu da acusação). A mudança no anteprojeto de lei, formulado por juristas e debatido por cerca de sete meses, se baseia no <a target=""blank"" href=""http://www.planalto.gov.br/ccivil_03/LEIS/L8069.htm"" rel=""noopener noreferrer"">ECA</a>, o Estatuto da Criança e do Adolescente, que considera crianças aquelas pessoas que têm até 12 anos de idade incompletos. Três pareceres, no entanto, defendem que seja mantida a idade de 14 anos, do <a target=""blank"" href=""https://drive.google.com/file/d/1rvqqzd8TMBxtfgVCuvFMisKcgyhbWM-1/view?usp=sharing"" rel=""noopener noreferrer"">ex-senador Pedro Taques</a>, da <a target=""blank"" href=""https://drive.google.com/file/d/1MUxVvqd1r5GAXatDbCyE8k2T9GPrXJIW/view?usp=sharing"" rel=""noopener noreferrer"">ex-senadora Ana Rita</a> e do <a target=""blank"" href=""https://drive.google.com/file/d/1f4s_19D8-1M4Ph4rEs3haNFoW2hHHdUZ/view?usp=sharing"" rel=""noopener noreferrer"">ex-senador Vital do Rêgo</a>. Nenhum deles chegou a ser levado à votação. O mesmo <a target=""blank"" href=""https://ww2.stj.jus.br/docs_internet/revista/eletronica/stj-revista-sumulas-2017_46_capSumulas593-600.pdf"" rel=""noopener noreferrer"">entende o STJ</a> (Superior Tribunal de Justiça). 

Além disso, a imagem viral falsa não faz parte do material de campanha distribuído pelo PT em seu site. A identidade visual da montagem falsa também não condiz com os logos da campanha petista nem no primeiro turno nem no segundo turno. 

O site do ex-presidente petista Luiz Inácio Lula da Silva publicou um desmentido sobre o cartaz. “Quem cria leis federais são deputados federais ou senadores. O candidato do PT jamais exerceu qualquer cargo legislativo”, diz o texto.    

Haddad foi ministro da Educação de 2005 a 2012, nos governos petistas Lula e Dilma Rousseff; e prefeito da cidade de São Paulo de 2013 a 2016.

Integrantes do Comprova receberam a imagem com informações falsas por WhatsApp. A peça viral também foi encontrada em perfis pessoais no Facebook. 

A verificação da imagem também foi feita pela seção <a target=""blank"" href=""https://g1.globo.com/fato-ou-fake/noticia/2018/10/13/e-fake-cartaz-atribuido-a-haddad-que-diz-que-projeto-de-lei-torna-a-pedofilia-um-ato-legal.ghtml"" rel=""noopener noreferrer"">Fato ou Fake</a>, do site G1. ",,"1970-01-01 00:00:00",archived-answer,https://projetocomprova.com.br/post/re_2b5w8xndg6pb/,https://projetocomprova.com.br/wp-content/uploads/2018/10/FYwfUqqYQFyh66qVGZWr-2.png,FYwfUqqYQFyh66qVGZWr,,,,https://projetocomprova.com.br/wp-content/uploads/2018/10/FYwfUqqYQFyh66qVGZWr-2.png,,,,"a:3:{s:3:""loc"";s:84:""https://projetocomprova.com.br/wp-content/uploads/2018/10/FYwfUqqYQFyh66qVGZWr-2.png"";s:5:""title"";s:20:""FYwfUqqYQFyh66qVGZWr"";s:7:""caption"";s:0:"""";}|a:3:{s:3:""loc"";s:84:""https://projetocomprova.com.br/wp-content/uploads/2018/10/FYwfUqqYQFyh66qVGZWr-2.png"";s:5:""title"";s:20:""FYwfUqqYQFyh66qVGZWr"";s:7:""caption"";s:0:"""";}|a:3:{s:3:""loc"";s:84:""https://projetocomprova.com.br/wp-content/uploads/2018/10/FYwfUqqYQFyh66qVGZWr-2.png"";s:5:""title"";s:20:""FYwfUqqYQFyh66qVGZWr"";s:7:""caption"";s:0:"""";}",,,,,,,,,,,,,,,,publish,1,lunar_admin,oli@lunar.build,,,re_2b5w8xndg6pb,,,0,0,0,closed,closed,"1970-01-01 00:00:00",,nsc-comunicacao|jornal-do-commercio|gauchazh|correio-do-povo|revista-piaui|sbt|poder360|uol,red,,,,,,,,,,,,,,,
3479,"Homem que aparece em vídeo falando contra nordestinos não é filho de Bolsonaro","É falso o vídeo que viralizou nas redes sociais com a mensagem de que um dos filhos de Jair Bolsonaro (PSL) ofendeu os moradores do Nordeste que votaram em Fernando Haddad (PT) no primeiro turno da eleição ao Palácio do Planalto. 

Na gravação, aparentemente feita por celular, um homem, que não se identifica como filho de Bolsonaro, usa palavras de baixo calão para criticar os eleitores de Fernando Haddad. “Esses …, desses baianos nordestinos, esses vagabundos do Nordeste, cara, votam tudo para esse Haddad. Então, por que que nós fazemos parte disso? Porque não separamos do Sudeste para baixo lá, Rio de Janeiro, São Paulo, Curitiba, Santa Catarina. Tudo Bolsonaro ganhou, entendeu?  Por que que nós não separamos dessa corja de vagabundo que quer viver de Bolsa Família, bolsa presidiário, bolsa drogado? Por que que nós estamos juntos com esses porcos que não produzem nada, velho? É só o Sul que trabalha nessa ... desse país e, lá em cima, só sombra e água fresca e bolsa. Cambada de petista…”

Jair Bolsonaro tem cinco filhos, sendo uma mulher, e o Comprova comparou a imagem deles com a do homem que aparece no vídeo. Nenhum deles se parece com o autor, que não é identificado e nem foi localizado.

Os filhos de Jair Bolsonaro são <a target=""blank"" href=""http://www.camara.rj.gov.br/vereador_informacoes.php?m1=inform&cvd=24&np=CarlosBolsonaro&nome_politico=Carlos%20Bolsonaro"" rel=""noopener noreferrer"">Carlos Bolsonaro</a>, vereador no Rio de Janeiro, <a target=""blank"" href=""https://www.camara.leg.br/internet/deputado/Dep_Detalhe.asp?id=5830315"" rel=""noopener noreferrer"">Eduardo Bolsonaro</a>, deputado reeleito no último dia 7 com a maior votação da história da Casa, <a target=""blank"" href=""http://www.alerj.rj.gov.br/Deputados/PerfilDeputado/275?Legislatura=18"" rel=""noopener noreferrer"">Flávio Bolsonaro</a>, deputado estadual no Rio de Janeiro e eleito senador para a próxima legislatura, Jair Renan Bolsonaro, jovem de 19 anos que não está na política, e Laura Bolsonaro, filha mais nova do deputado e candidato à presidência. 

O vídeo viralizou, sobretudo, no WhatsApp, mas também foi compartilhado no YouTube, onde tem pouco mais de 2,5 mil visualizações, e no Facebook. A mesma informação foi verificada pelo <a target=""blank"" href=""https://www.boatos.org/politica/filho-bolsonaro-xinga-nordestinos.html"" rel=""noopener noreferrer"">Boatos.org</a> e pelo <a target=""blank"" href=""https://g1.globo.com/fato-ou-fake/noticia/2018/10/09/e-fake-que-filho-de-bolsonaro-fez-video-criticando-nordestinos.ghtml"" rel=""noopener noreferrer"">Fato ou Fake</a>, do G1.",,"1970-01-01 00:00:00",archived-answer,https://projetocomprova.com.br/post/re_2b5w8xzmvb5b/,,,,,,,,,,,,,,,,,,,,,,,,,,publish,1,lunar_admin,oli@lunar.build,,,re_2b5w8xzmvb5b,,,0,0,0,closed,closed,"1970-01-01 00:00:00",1506,nsc-comunicacao|gauchazh|sbt|jornal-do-commercio|uol|poder360,red,,,,,,,,,,,,,,,
3480,"Vídeo com suspeitas sobre eleições de 2014 usou lei matemática que não prova fraude","É enganoso o conteúdo de um vídeo visto mais de 2 milhões de vezes nas redes sociais sobre supostas fraudes na eleição de 2014 descobertas graças à aplicação da ""Lei de Benford"" - uma regra estatística - aos resultados oficiais. Hugo César Hoeschl afirma na gravação que a mesma metodologia será aplicada para detectar uma suposta fraude no primeiro turno da eleição deste ano. Hoeschl é doutor em Engenharia de Produção e tem pós- doutorado em Governo Eletrônico, ambos pela UFSC.

Especialistas e estudos consultados pelo Comprova atestam que o método, por si só, não é capaz de provar irregularidades. Há extensa literatura acadêmica questionando a confiabilidade do uso da lei de Benford para análise de integridade de eleições. Além disso, há casos em que tanto o modelo Benford quanto outros princípios matemáticos foram aplicados, com critérios diferentes, e nenhum indício de fraude foi apontado. A missão da OEA (Organização dos Estados Americanos) para auditar a integridade das eleições no Brasil descarta o uso dessa metodologia em razão da baixa confiabilidade que teve em outros casos.

No vídeo, Hoeschl afirma haver ""estudos com reconhecimento internacional"" apontando 73,14% de ""probabilidade de fraude"" na eleição de quatro anos atrás. O Comprova não encontrou artigos acadêmicos de revisão independente mencionando esse número. Esse percentual consta de um ""relatório técnico"" de 11 páginas do qual ele mesmo participou da elaboração. No vídeo, Hoeschl anuncia que aplicará o método ao resultado do 1º turno das eleições presidenciais brasileiras. 

Hoeschl também afirma que as urnas eletrônicas ""não são auditáveis"". A informação não é verdadeira. O resultado de 2014 <a target=""blank"" href=""http://www.tse.jus.br/imprensa/noticias-tse/2015/Novembro/plenario-do-tse-psdb-nao-encontra-fraude-nas-eleicoes-2014"" rel=""noopener noreferrer"">passou por uma auditoria</a>, a pedido do PSDB, e, nos 22 anos em que a votação eletrônica é usada no Brasil, não há fraude comprovada, apesar de terem existido questionamentos. 

Ainda no início do vídeo, Hoeschl, que se apresenta como <a target=""blank"" href=""https://www.conjur.com.br/2004-mar-15/ijuris_lanca_livro_tese_pos-doutorado_hoeschl"" rel=""noopener noreferrer"">“pós-doutor”</a> em governo eletrônico, afirma que “as urnas eletrônicas utilizadas no Brasil” não são utilizadas em nenhum outro país. De fato, cada nação tem o próprio modelo de equipamento, mas <a target=""blank"" href=""https://politica.estadao.com.br/blogs/estadao-verifica/e-mentira-brasil-cuba-e-venezuela-nao-sao-unicos-paises-a-adotar-urna-eletronica/"" rel=""noopener noreferrer"">23 países</a> usam <a target=""blank"" href=""https://www.idea.int/data-tools/question-view/742"" rel=""noopener noreferrer"">urnas com tecnologia eletrônica</a> parecidas com as brasileiras.

Antes de considerar enganoso o conteúdo do vídeo, o Comprova fez uma série de pesquisas e entrevistas para buscar informações sobre quatro aspectos: 

1) o que é a lei de Benford e quais são suas aplicações; 

2) análises sobre resultados eleitorais a partir de modelos matemáticos; 

3) outros modelos matemáticos que não sugerem irregularidades na eleição brasileira; 

4) quem é Hugo Hoeschl e quem o patrocina

O QUE É A LEI DE BENFORD?

Essa lei, claro, não é uma norma jurídica. É uma regra estatística descoberta no final dos anos 1930 pelo físico <a target=""blank"" href=""https://brilliant.org/wiki/benfords-law/"" rel=""noopener noreferrer"">Frank Benford</a>. A lei de Benford é a constatação de que, em números gerados de forma ""natural"" (sem escolha arbitrária por humanos), os dígitos menores (1, 2, 3...) tendem a aparecer mais frequentemente do que dígitos maiores (...7, 8, 9). Nesses casos, cada dígito costuma aparecer com uma frequência aproximada específica, seguindo a lei de Benford. Se um relatório contábil, por exemplo, apresenta muitos números figurando o dígito 9, mas o dígito 2 aparece pouco, isso pode ser indício de adulteração, pois um humano manipulando números o faz artificialmente, sem obedecer a lei de Benford.

A lei, no entanto, não serve para qualquer conjunto numérico, sobretudo quando há números máximos ou mínimos envolvidos. Entre os números de telefone celular, por exemplo, o “9” predomina. Entre a altura dos seres humanos, o “1” é, sem sombra de dúvidas, o mais recorrente.

Nas Ciências Contábeis, há diversos estudos (como <a target=""blank"" href=""http://repositorio.unb.br/handle/10482/16379"" rel=""noopener noreferrer"">aqui</a> e <a target=""blank"" href=""http://www.scielo.br/pdf/rcf/v20n49/06.pdf"" rel=""noopener noreferrer"">aqui</a>) sobre o uso de Benford para detecção de fraudes fiscais. A ideia é: se valores de notas fiscais, por exemplo, não correspondem à frequência do modelo matemático, há um indício de fraude. 

Apesar de ser uma ferramenta relativamente comum em auditorias contábeis, popularizada por <a target=""blank"" href=""http://abcnews.go.com/Technology/WhosCounting/story?id=98043&page=1"" rel=""noopener noreferrer"">Mark Nigrini</a>, trata-se apenas de um sinalizador, e não de prova definitiva. Existem, aliás, <a target=""blank"" href=""https://rss.onlinelibrary.wiley.com/doi/full/10.1111/j.1740-9713.2016.00919.x"" rel=""noopener noreferrer"">análises</a> que alertam para a importância de não taxar como fraude, automaticamente, uma mera ausência de correspondência entre números analisados e as proporções de Benford.

A LEI DE BENFORD FUNCIONA EM ELEIÇÃO?

De acordo com especialistas consultados pelo Comprova, os resultados de eleições estão entre aqueles conjuntos de dados onde a lei de Benford é pouco aplicável. A ideia de usá-la para investigar suspeitas de fraude em eleições existe há anos, mas os resultados não têm sido confiáveis. 

Um estudo de Peter Ordeshook, pesquisador do Instituto de Tecnologia da Califórnia, concluiu o seguinte: “A conformidade e os desvios da Lei de Benford não seguem um padrão. Não é simplesmente que a lei ocasionalmente julgue uma eleição fraudulenta ou uma eleição justa. Sua ‘taxa de sucesso’ de qualquer forma é essencialmente equivalente ao lançamento de uma moeda em 'cara ou coroa', tornando-a, portanto, problemática, na melhor das hipóteses, como uma ferramenta forense, e totalmente enganosa, na pior das hipóteses”.

Outro <a target=""blank"" href=""http://fliphtml5.com/kdgf/ibcn/basic"" rel=""noopener noreferrer"">estudo</a> do grupo de Ordeshook analisou casos específicos e fez simulações. “Sites argumentam que a aplicação da Lei de Benford estabelece fraude nesta ou naquela eleição”, escreveu. “No entanto, analisando dados de Ohio, Massachusetts e Ucrânia, bem como dados gerados artificialmente por uma série de simulações, argumentamos aqui que a Lei de Benford é essencialmente inútil como um indicador forense de fraude.”

O Carter Center, dos Estados Unidos, que, entre outras coisas, atua como observador de eleições mundo afora, também já minimizou análises eleitorais a partir de princípios matemáticos. Especificamente, sobre a <a target=""blank"" href=""https://www.cartercenter.org/documents/2020.pdf"" rel=""noopener noreferrer"">eleição na Venezuela</a>, de 2003. Também houve iniciativas de aplicação de Benford em pleitos do Irã. Da mesma forma, <a target=""blank"" href=""https://fivethirtyeight.com/features/unconvincing-to-me-use-of-benfords-law/"" rel=""noopener noreferrer"">não são reveladoras</a>.

Esse ponto de vista cético com relação à utilidade do modelo matemático não é restrito a um grupo de pesquisadores. Uma das conclusões do relatório da Comissão Europeia para a Democracia por meio do Direito, de março deste ano, afirma que resultados eleitorais são fruto de condicionantes sociais e geográficas, entre outras coisas.

“Existem procedimentos estatísticos para identificar anomalias nos resultados das eleições que podem ser causadas por fraude, manipulação ou erro grosseiro. No entanto, as anomalias não são necessariamente devidas a irregularidades, mas possivelmente devido a outros processos sócio-geográficos ou político-estratégicos. Este é um problema comum nas ciências sociais, que muitas vezes se baseia em dados observacionais, em vez de experimentos controlados”, diz o <a target=""blank"" href=""https://www.venice.coe.int/webforms/documents/?pdf=CDL-AD(2018)009-e"" rel=""noopener noreferrer"">documento</a> - recomendado ao Comprova pelo professor Diego Aranha, um notório crítico da segurança das urnas eletrônicas, mas que não endossou a suspeita baseada em cálculos matemáticos.

Outro dado enganoso fornecido por Hoeschl tem a ver com o uso de testes realizados com a Lei de Benford como evidência judicial em alguns países. Ainda que literatura especializada mencione a existência de casos onde o modelo matemático foi utilizado em cortes nos Estados Unidos e na Inglaterra, a utilização do modelo como evidência criminal <a target=""blank"" href=""http://directorymathsed.net/public/CataniaConferenceDocuments&Papers/Proceedings/All%20PapersInPDF/BLAINE.pdf"" rel=""noopener noreferrer"">é muito incomum</a>, quase inexistente. Mesmo que alguns documentos cheguem a mencionar o caso “Estado do Arizona contra Wayne James Nelson (CV92-18841)”, o Comprova não pôde encontrar o documento original na base de dados de sentenças judiciais do estado do Arizona, nos Estados Unidos. Existem teorias sobre a utilização do modelo matemático para detectar fraude financeira, em geral apoiadas pelo setor corporativo, mas a efetividade dessas teorias tampouco foi comprovada academicamente de forma consistente - pelo contrário, há extensa bibliografia questionando a efetividade da aplicação da regra neste contexto.

O ESTUDO DE HOESCHL É NOVIDADE NO BRASIL?

Outros especialistas aplicaram modelos matemáticas aos resultados da eleição de 2014 e chegaram a conclusões contrárias às de Hugo Hoeschl. Ou seja, que não há qualquer indício de fraude na eleição de 2014. 

Em <a target=""blank"" href=""https://cepesp.wordpress.com/2018/10/05/eleicoes-em-dados-como-identificar-uma-fraude-eleitoral/"" rel=""noopener noreferrer"">artigo publicado no Valor Econômico</a>, o doutor em ciência política e pesquisador do Centro de Política e Economia do Setor Público (Cepesp/FGV) Guilherme Russo analisou os resultados de quatro anos atrás com base em método publicado por <a target=""blank"" href=""https://www.jstor.org/stable/pdf/23260173.pdf?casa_token=O8_GJpYptkYAAAAA:D-bwtBn2wzG-mAxdtUUuNKSBdoiNKhniL6SuY9S0F0usW_JFmnUOb8jfnUQW3xjKnOxuWWEsxTXnXIrz6l3L6pI9U8wgMDbMXW_erf33ecOScFfkLOTu3Q"" rel=""noopener noreferrer"">Bernd Beber e Alexandra Scacco</a>, em 2012. Conclusão: “não há sinal de interferência nas eleições de 2014”.

O Comprova pediu uma análise de Russo sobre o material de Hoeschl. “O estudo não aponta a probabilidade de fraude na eleição presidencial, e sim um resultado específico do estudo. São coisas bem diferentes. Além do mais, olhando cuidadosamente como este resultado foi encontrado, não vejo alto grau de validade neste teste para indicar que houve qualquer tipo de fraude”, afirmou.

Também foi consultado Fábio Júlio da Silva Valentim, doutor em Matemática pelo IMPA (Instituto Nacional de Matemática Pura e Aplicada) e professor do departamento de Matemática da UFES. “Há trabalhos científicos que contestam a aplicação dessa lei nesses tipos de casos. Não está muito claro, na metodologia, quais são os dados numéricos que ele coletou para investigar se segue ou não o padrão. Não ficou claro como ele fez o procedimento. Não ficou claro para mim quais são os dados que ele está utilizando. Isso põe em dúvida atestar se o trabalho está bom”, destacou.

Recorremos a uma terceira opinião, de Mario Gazziro, que é pós-doutorando no ICMC-USP (Insituto de Ciências Matemáticas e de Computação da Universidade de São Paulo) e professor de engenharia na UFABC (Universidade Federal do ABC). “A lei de Benford realmente pode ser utilizada como uma forma de detecção de fraude, porém apenas no contexto financeiro e análises contábeis. Isso acontece pelo fato de dados financeiros apresentarem uma distribuição natural desses dígitos com essa frequência. Já com relação aos dados eleitorais, que não seguem esse tipo de distribuição, a lei de Benford não é válida, como já comprovaram diversos estudos”, afirmou.

Por fim, o Comprova <a target=""blank"" href=""http://midias.gazetaonline.com.br/_midias/pdf/2018/10/10/bugarin_benford_nas_eleic_o_es-5825933.pdf?5bbe5f308a0e8"" rel=""noopener noreferrer"">encomendou</a> uma análise a Maurício Soares Bugarin, professor titular do Departamento de Economia da UnB (Universidade de Brasília) e coautor de um dos estudos citados nesta checagem sobre o uso da lei em auditorias contábeis. “Por ser um instrumental estatístico, a Lei de Benford não deve ser considerada como uma prova absoluta de existência de fraude, nem mesmo nos casos contábeis e de licitações públicas, mas sim um sinal de alerta que nos indica onde buscar as fraudes”, concluiu o estudioso, que lamenta a inexistência de tecnologias alternativas para a urna eletrônica. 

Bugarin também reforçou o entendimento de que a aplicação do método em eleições não é consolidado e chamou a atenção para a natureza do estudo publicado por Hoeschl. “Para reforçar essa desconfiança, nota-se que grande parte dos estudos sobre o uso da LB (Lei de Benford) em eleições encontram-se disponíveis na internet em formato de <i>working papers</i>, sem terem sido publicados em periódicos acadêmicos que envolvem o escrutínio de <i>papers</i> (<i>peer review</i>)”. 

QUEM É HUGO HOESCHL

Ex-procurador da Fazenda, Hugo Hoeschl se apresenta como doutor em inteligência aplicada e ""pós-doutor"" em Governo Eletrônico. Como afirma uma <a target=""blank"" href=""https://www1.folha.uol.com.br/folha/brasil/ult96u623537.shtml"" rel=""noopener noreferrer"">reportagem da Folha de S. Paulo</a> de 2009, ele reivindica a autoria de dois softwares utilizados na criação do Guardião, sistema de monitoramento da Polícia Federal, que chegou a ser alvo de discórdia, segundo <a target=""_blank"" href=""https://istoe.com.br/8109_POR+DENTRO+DO+GRAMPO/"" rel=""noopener noreferrer"">reportagem</a> publicada pela revista Isto É em 2007. 

Em 2013, <a target=""blank"" href=""https://www.conjur.com.br/2013-mai-29/justica-mp-investigam-uso-oscips-desvio-dinheiro-publico"" rel=""noopener noreferrer"">Hugo Hoeschl se tornou alvo de processo disciplinar</a> na Advocacia Geral da União, pela venda de um software no valor de R$ 38 milhões ao Ministério da Previdência, como mostra o Conjur. Motivo é que ele teria atuado, ao mesmo tempo, em Oscips (Organização da Sociedade Civil de Interesse Público) que mantém contratos com o poder público e empresas contratadas pelo “esquema”. 

A primeira <a target=""blank"" href=""https://congressoemfoco.uol.com.br/opiniao/colunistas/conclave-de-sao-paulo-e-o-sistema-eleitoral-brasileiro/"" rel=""noopener noreferrer"">apresentação pública</a> das conclusões de Hoeschl sobre a probabilidade de fraudes na urna eletrônica se deu durante o <a target=""blank"" href=""https://www.youtube.com/watch?v=4fsm_ogvsQg"" rel=""noopener noreferrer"">Conclave pela Democracia de 2015</a>. O evento foi realizado em São Paulo e contou com a participação de figuras como Carla Zambelli, uma ativa militante anti-PT, e o monarquista Luiz Philippe Orleans e Bragança. Ambos foram eleitos deputados federais em 2018. Em 2016, houve <a target=""blank"" href=""https://www.youtube.com/watch?v=QQAbsn9y_E8"" rel=""noopener noreferrer"">outra edição do Conclave</a> na Câmara dos Deputados, desta vez presidido pelo candidato do PSL à Presidência, Jair Bolsonaro, onde o mesmo estudo foi apresentado. Nesta eleição, o deputado chegou a <a target=""blank"" href=""https://g1.globo.com/politica/eleicoes/2018/noticia/2018/10/07/bolsonaro-comemora-resultado-do-primeiro-turno-e-diz-que-unira-o-pais-se-for-eleito.ghtml"" rel=""noopener noreferrer"">dizer</a> que, se não fossem pelos “problemas” das urnas, ele teria sido eleito presidente em primeiro turno. 

Em 2015, Hugo Hoeschl foi a Oslo, na Noruega, contestar a indicação do ex-presidente Lula ao Prêmio Nobel da Paz, que, segundo ele, não o merecia. Ainda no avião, ele fez <a target=""blank"" href=""https://www.facebook.com/hugocesarhoeschl/videos/1644701895751063/?__xts__[0]=68.ARAdCM8D8kyvREUUzjE53sguIfeS1X3bK2AwMbHHVcEjFVv_ActwGwCY5GDNq-XxO9YvQYElHN0wsCo1h1ll8hGMRfvsa1HobBTjfDiyf9_07l7pC-ildbQzq1_pmJRRxP44m1UWWTALFiyaDTy8EuiBm_0J4W-uSgamShCCAn4OdOZt_JPc&__tn__=H-R"" rel=""noopener noreferrer"">um vídeo</a> e publicou no Facebook.

Embora, no vídeo, ele se apresente também como ex-delegado, seu currículo na plataforma Lattes, do CNPq, mostra que Hoeschl apenas foi aprovado em um concurso da Polícia Civil do Paraná, em 1991, mas não tomo posse. A assessoria da instituição informou que ele não fez parte do quadro de servidores. Hoeschl explicou ao Comprova que deixou a polícia ainda no curso de formação. Ele, em seguida, tomou posse como promotor de Justiça do Paraná e ficou no cargo entre outubro de 1991 e maio de 1993.

Além disso, Hugo, atualmente, não tem nenhum vínculo com a UFSC, apesar de no currículo dele constar que seja ""professor credenciado"". Ele lecionou na universidade como visitante, mas a universidade enviou nota dizendo que ele não tem ligação e não fala como membro do corpo de professores.

O vídeo sobre a suposta fraude foi publicado a três dias das eleições de primeiro turno de 2018 na página de Facebook e no canal do Youtube do Brasil Paralelo, uma empresa que produz e cobra por documentários a respeito de temas ""que foram sonegados por décadas"". O grupo se apresenta como um coletivo interessado em ""causar o maior impacto cultural que o Brasil já presenciou"" e reverter as ""mazelas que a nossa cultura sofreu nos últimos anos"". Cobram anuidade de quem se interessa pelos conteúdos exclusivos ou em seu “núcleo de formação”. 

O grupo chama a iniciativa de Hugo Hoeschl de “Operação Antifraude”. Em <a target=""blank"" href=""https://www.youtube.com/watch?v=2xCJa1OK2uo"" rel=""noopener noreferrer"">uma live no Youtube</a>, em 4 de outubro, três sócios da empresa apresentaram o especialista e contaram que ele foi levado ao grupo por Leandro Ruschel, dono de uma empresa de consultoria e educação financeira, que os acompanha desde a fundação da empresa. Ruschel frequentemente usa as redes sociais para lançar dúvidas sobre a confiabilidade das urnas eletrônicas e do processo eleitoral.

Em entrevista ao Comprova, Hugo Hoeschl reconheceu que a aplicação da lei de Benford na análise de resultados eleitorais ""não é absoluta"".

Questionado se conhecia outros estudos que indicariam 73% de chance de fraude nas eleições brasileiras, citou trabalhos feitos pelo pesquisador Walter Mebane, notório por ter aplicado o método em eleições de outros países, mas disse que não tinha conhecimento sobre outros documentos com resultado semelhante.

Hoeschl também esclareceu que os dados que usou em 2014 e pretende usar novamente nas eleições de 2018 são todos públicos. No vídeo que viralizou, ele fala em “capturar, processar e analisar o banco de dados” do Tribunal Superior Eleitoral (TSE).

Computadores simples são capazes de armazenar os dados eleitorais, mas ele disse preferir usar um ""cluster"" no exterior para fugir de oscilações do site do TSE e para ""armazenagem segura dos dados, planilhas e conclusões considerando mais o tempo de trabalho e análise - para que não exista trabalho perdido em caso de ataque - do que a própria capacidade de processamento ou armazenagem"".

O Comprova também pediu para que ele comentasse a análise numérica das eleições de 2014 feita por Guilherme Russo, que não encontrou nenhum indício de fraude. Hoeschl disse preferir não fazer considerações porque a metodologia era diferente daquela que ele aplicou. ""Nós usamos a lei de Benford, são métodos diferentes"", disse.",,"1970-01-01 00:00:00",archived-answer,https://projetocomprova.com.br/post/re_2b5w8xzqgogn/,https://projetocomprova.com.br/wp-content/uploads/2018/10/MNknfk7zTPLNE6j2bXKw-2.jpg,MNknfk7zTPLNE6j2bXKw,,,,https://projetocomprova.com.br/wp-content/uploads/2018/10/MNknfk7zTPLNE6j2bXKw-2.jpg,,,,"a:3:{s:3:""loc"";s:84:""https://projetocomprova.com.br/wp-content/uploads/2018/10/MNknfk7zTPLNE6j2bXKw-2.jpg"";s:5:""title"";s:20:""MNknfk7zTPLNE6j2bXKw"";s:7:""caption"";s:0:"""";}|a:3:{s:3:""loc"";s:84:""https://projetocomprova.com.br/wp-content/uploads/2018/10/MNknfk7zTPLNE6j2bXKw-2.jpg"";s:5:""title"";s:20:""MNknfk7zTPLNE6j2bXKw"";s:7:""caption"";s:0:"""";}|a:3:{s:3:""loc"";s:84:""https://projetocomprova.com.br/wp-content/uploads/2018/10/MNknfk7zTPLNE6j2bXKw-2.jpg"";s:5:""title"";s:20:""MNknfk7zTPLNE6j2bXKw"";s:7:""caption"";s:0:"""";}",,,,,,,,,,,,,,,,publish,1,lunar_admin,oli@lunar.build,,,re_2b5w8xzqgogn,,,0,0,0,closed,closed,"1970-01-01 00:00:00",,gauchazh|jornal-do-commercio|nsc-comunicacao|poder360|revista-piaui|sbt|uol,,,,,,,,,,,,,,,,
3482,"É falsa a inscrição preconceituosa sobre nordestinos em camisa de filho de Bolsonaro","É montagem a foto em que Flávio Bolsonaro, filho do candidato do PSL à Presidência, Jair Bolsonaro, aparece usando uma camisa com a inscrição “Movimento nordestinos voltem para casa. O Rio não é lugar para jegue”. Na foto, seu pai aparece ao fundo. 

A foto original, de autoria do site G1, foi tirada no dia 2 de outubro de 2016, primeiro turno das eleições municipais. Flávio chegava para votar no seu colégio eleitoral, na Escola Municipal Barão Homem de Mello, no Rio de Janeiro (RJ).  Naquele ano, ele concorreu à prefeitura da cidade. 

Nenhum outro elemento além do falso escrito na camisa de Flávio foi alterado. Na imagem original, Flávio também estava acompanhado do pai. 

Em sua conta no Twitter, Flávio publicou as duas versões da foto para mostrar a adulteração da imagem. 

O Comprova recebeu a sugestão de checagem da veracidade da imagem pelo WhatsApp do projeto. Uma publicação no Facebook com a imagem adulterada somou mais de 73 mil compartilhamentos desde que foi publicada, no dia 5 de outubro. 

A verificação também foi feita pelo <a target=""blank"" href=""https://g1.globo.com/fato-ou-fake/noticia/2018/10/05/e-fake-imagem-que-mostra-flavio-bolsonaro-com-camiseta-com-ofensas-a-nordestinos.ghtml"" rel=""noopener noreferrer"">Fato OU Fake</a>, do Grupo Globo, pela <a target=""blank"" href=""https://piaui.folha.uol.com.br/lupa/2018/10/06/verificamos-flavio-bolsonaro-nordestinos/"" rel=""noopener noreferrer"">Agência Lupa</a> e pelo site <a target=""blank"" href=""http://www.e-farsas.com/flavio-bolsonaro-posou-usando-camiseta-com-dizeres-contra-os-nordestinos.html"" rel=""noopener noreferrer"">E-Farsas</a>.",,"1970-01-01 00:00:00",archived-answer,https://projetocomprova.com.br/post/re_2b5w8xywxpgz/,https://projetocomprova.com.br/wp-content/uploads/2018/10/vD5mG1HT4qCFsnF4vBeA-2.png,vD5mG1HT4qCFsnF4vBeA,,,,https://projetocomprova.com.br/wp-content/uploads/2018/10/vD5mG1HT4qCFsnF4vBeA-2.png,,,,"a:3:{s:3:""loc"";s:84:""https://projetocomprova.com.br/wp-content/uploads/2018/10/vD5mG1HT4qCFsnF4vBeA-2.png"";s:5:""title"";s:20:""vD5mG1HT4qCFsnF4vBeA"";s:7:""caption"";s:0:"""";}|a:3:{s:3:""loc"";s:84:""https://projetocomprova.com.br/wp-content/uploads/2018/10/vD5mG1HT4qCFsnF4vBeA-2.png"";s:5:""title"";s:20:""vD5mG1HT4qCFsnF4vBeA"";s:7:""caption"";s:0:"""";}|a:3:{s:3:""loc"";s:84:""https://projetocomprova.com.br/wp-content/uploads/2018/10/vD5mG1HT4qCFsnF4vBeA-2.png"";s:5:""title"";s:20:""vD5mG1HT4qCFsnF4vBeA"";s:7:""caption"";s:0:"""";}",,,,,,,,,,,,,,,,publish,1,lunar_admin,oli@lunar.build,,,re_2b5w8xywxpgz,,,0,0,0,closed,closed,"1970-01-01 00:00:00",,nsc-comunicacao|correio-do-povo|gauchazh|poder360|uol|sbt|revista-piaui|jornal-do-commercio,red,,,,,,,,,,,,,,,
3484,"Os 7,2 milhões de votos nulos não significam que houve fraude nas urnas","
Os 7,2 milhões de votos nulos contabilizados nas eleições 2018 não são resultado de mau funcionamento ou fraude nas urnas eletrônicas, ao contrário do que afirma uma corrente que viralizou no WhatsApp. Esses votos foram anulados pelos próprios eleitores, que  digitaram um número inexistente para o cargo — por exemplo, se o cidadão colocar o número “99” ou “00” no momento de votar para presidente. No primeiro turno, os votos nulos representaram 6,2% do total.

O voto também pode ser anulado se o eleitor digitar um número errado na urna, por exemplo de um partido que não está disputando determinado cargo em um estado. Como mostrou outra verificação do Comprova, <a target=""blank"" href=""https://projetocomprova.com.br/post/re_2B5W8XNqVlJY"" rel=""noopener noreferrer"">eleitores se confundiram</a> ao votar em Jair Bolsonaro no Rio de Janeiro – digitaram 17 ao votar para governador, mas o PSL não disputou esse cargo no Estado. Se eles tivessem apertado o botão confirma, teriam anulado o voto.

O texto enganoso afirma também que a anulação só é possível em votos em papel, o que não é verdade. Como explicado acima, quando o eleitor digita um número errado e aperta confirma, o Tribunal Superior Eleitoral (TSE) contabiliza como voto nulo.

Mais uma informação errada no texto que tem circulado é que o presidenciável do PSL, Jair Bolsonaro, poderia ter sido eleito no primeiro turno se tivesse recebido 2 milhões de votos a mais. Para que isso ocorresse, ele deveria ter conquistado 50% dos votos válidos mais um voto. Como foram contabilizados 107.050.673 de votos válidos, uma vitória no primeiro turno seria atingida com 53.525.337 votos. O capitão teve 49.276.990, ou 46,03% dos votos válidos — 4.248.346 a menos que o necessário.

O conteúdo enganoso circulou pelo Facebook, em páginas como Revista FisioBrasil, e foi recebido no WhatsApp do Comprova e do Estadão. O <a target=""blank"" href=""https://www.boatos.org/politica/tse-anulou-7-2-milhoes-de-votos.html"" rel=""noopener noreferrer"">Boatos.org</a> também publicou uma checagem sobre o assunto.",,"1970-01-01 00:00:00",archived-answer,https://projetocomprova.com.br/post/re_2b5w8xygpozz/,https://projetocomprova.com.br/wp-content/uploads/2018/10/B0ve0gTIQQe4YIZAFWu3-2.jpg,B0ve0gTIQQe4YIZAFWu3,,,,https://projetocomprova.com.br/wp-content/uploads/2018/10/B0ve0gTIQQe4YIZAFWu3-2.jpg,,,,"a:3:{s:3:""loc"";s:84:""https://projetocomprova.com.br/wp-content/uploads/2018/10/B0ve0gTIQQe4YIZAFWu3-2.jpg"";s:5:""title"";s:20:""B0ve0gTIQQe4YIZAFWu3"";s:7:""caption"";s:0:"""";}|a:3:{s:3:""loc"";s:84:""https://projetocomprova.com.br/wp-content/uploads/2018/10/B0ve0gTIQQe4YIZAFWu3-2.jpg"";s:5:""title"";s:20:""B0ve0gTIQQe4YIZAFWu3"";s:7:""caption"";s:0:"""";}|a:3:{s:3:""loc"";s:84:""https://projetocomprova.com.br/wp-content/uploads/2018/10/B0ve0gTIQQe4YIZAFWu3-2.jpg"";s:5:""title"";s:20:""B0ve0gTIQQe4YIZAFWu3"";s:7:""caption"";s:0:"""";}",,,,,,,,,,,,,,,,publish,1,lunar_admin,oli@lunar.build,,,re_2b5w8xygpozz,,,0,0,0,closed,closed,"1970-01-01 00:00:00",1506,gauchazh|jornal-do-commercio|correio-do-povo|uol|nsc-comunicacao|poder360|sbt,red,,,,,,,,,,,,,,,
3486,"Programa do PT não propõe a criação de “Poupança Fraterna” e “Moradia Social”","São falsas as acusações de que o programa de governo do PT propõe o confisco de toda renda que exceda R$ 700 mensais por pessoa, além da cessão de quartos vagos em casas próprias para pessoas sem-teto, que seriam os programas “Poupança Fraterna” e “Moradia Social”, respectivamente. A falsa informação foi divulgada por um homem em vídeo que tem circulado nas redes sociais nos últimos dias.

O homem afirma na gravação que essas são “duas verdadeiras atrocidades que estão inseridas no programa do governo do PT”. Para fazer essa verificação, o Comprova utilizou o programa de governo do presidenciável Fernando Haddad (PT) e pesquisou os projetos de lei existentes que propõem programas com esses nomes. 

Também foi feita a busca reversa de frames da gravação com o intuito de chegar ao vídeo original e de descobrir a identidade do homem, mas ele permanece desconhecido. Os registros mais antigos do vídeo encontrados pelo Comprova na Internet são de segunda-feira, 8, embora a fala do seu interlocutor sugira que ele foi gravado antes do primeiro turno do pleito, que aconteceu no dia 7. 

Sobre a Poupança Fraterna, o homem afirma que ela “visa limitar durante sete anos o consumo individual de cada brasileiro por mês a R$ 700” e que “esse dinheiro depois será, em tese, devolvido em 14 anos com metade dos juros da poupança”. Não existe nenhuma proposta similar a essa no programa de governo de Haddad.

De fato, existiu um projeto de mesmo nome e ideia similar, o de <a target=""blank"" href=""https://www.camara.gov.br/proposicoesWeb/prop_mostrarintegra;jsessionid=828940CA2480326630E263A5E5E1412D.proposicoesWebExterno2?codteor=202553&filename=PLP+137/2004"" rel=""noopener noreferrer"">n° 137/2004</a>. Ele foi proposto em 2004 pelo então deputado federal petista Nazareno Fonteles (PI). Três anos depois, porém, foi arquivado após se rejeitado pelo seu relator, o então deputado Max Rosenmann (MDB-PR), que morreu em 2008. O mesmo projeto não pode ser reaberto, porque Fonteles não é mais deputado.

O projeto realmente estabelecia um limite de renda mensal, mas ele era o equivalente a dez vezes o valor do PIB per capita mensal do brasileiro no ano anterior. Se estivesse em vigor em 2018, esse teto seria de R$ 12.680, e não de R$ 700. Todo o rendimento que ultrapassasse esse valor seria confiscado e ficaria em uma conta especial para o investimento em programas sociais. Os valores seriam devolvidos nos 14 anos seguintes ao período de sete anos. 

Sobre o programa Moradia Social, o homem afirma que as casas que tivessem “um quarto sobrando” seriam transformadas em moradias sociais e seus proprietários seriam obrigados a abrigar pessoas sem-teto. “Veja, hoje você está apavorado porque o Movimento dos Sem-Teto está invadindo prédios vazios, amanhã você corre o risco de acordar com um sem-teto morando dentro da sua casa, alguém que você não sabe quais são o valores, a cultura, os princípios, e tudo isso apoiado por um governo petista”, diz.

Também não há qualquer proposta similar a essa no plano de Haddad. Em uma das dez menções ao termo “moradia” no documento, o presidenciável promete que “ vai enfrentar o desafio de garantir moradia digna para o povo, a partir da diversidade de alternativas de atendimento, contemplando: urbanização e regularização fundiária de loteamentos irregulares e assentamento precários; produção de unidades novas de Habitação de Interesse Social”, mas não menciona a invasão de casas particulares.

O projeto de lei <a target=""blank"" href=""http://www.camara.gov.br/proposicoesWeb/prop_mostrarintegra?codteor=710350"" rel=""noopener noreferrer"">6342/2009</a> prevê a criação de um programa de mesmo nome, mas não menciona que pessoas sem-teto vão ocupar quartos vagos em residências particulares que estejam ocupadas. Ele foi proposto por dois deputados federais petistas:  Paulo Teixeira (SP) e Zezéu Ribeiro (BA), e sugere a criação do Serviço de Moradia Social no âmbito do Sistema Nacional de Habitação (SNHIS) e o pagamento, por parte do poder público, do aluguel das moradias, ficando os beneficiários responsáveis por pagar tarifas e taxas de serviços públicos. Atualmente, um <a target=""blank"" href=""http://www.camara.gov.br/proposicoesWeb/prop_mostrarintegra?codteor=879516&filename=Parecer-CDU-31-05-2011"" rel=""noopener noreferrer"">substitutivo</a>do projeto está na Comissão de Finanças e Tributação (CFT). 

Em apenas uma página do Facebook, o vídeo teve mais de 69 mil visualizações e foi compartilhado mais de sete mil vezes. O Comprova também recebeu diversos pedidos de verificação do vídeo através do WhatsApp.

O Comprova já havia desmentido o boato da “Poupança Fraterna” em <a target=""blank"" href=""https://projetocomprova.com.br/post/re_2B5W8XN3KovN"" rel=""noopener noreferrer"">agosto</a>, quando esse programa estava atribuído aos planos de governo do Haddad e do então candidato Ciro Gomes (PDT). O <a target=""blank"" href=""https://aosfatos.org/noticias/plano-de-governo-petista-nao-quer-confiscar-seus-bens-ou-entregar-quartos-de-sua-casa-para-desconhecidos/"" rel=""noopener noreferrer"">Aos Fatos</a> também desmentiu o vídeo. ",,"1970-01-01 00:00:00",archived-answer,https://projetocomprova.com.br/post/re_2b5w8xnxjaez/,https://projetocomprova.com.br/wp-content/uploads/2018/10/lrB0bSEfQQCxgnWLHZH5-2.jpg,lrB0bSEfQQCxgnWLHZH5,,,,https://projetocomprova.com.br/wp-content/uploads/2018/10/lrB0bSEfQQCxgnWLHZH5-2.jpg,,,,"a:3:{s:3:""loc"";s:84:""https://projetocomprova.com.br/wp-content/uploads/2018/10/lrB0bSEfQQCxgnWLHZH5-2.jpg"";s:5:""title"";s:20:""lrB0bSEfQQCxgnWLHZH5"";s:7:""caption"";s:0:"""";}|a:3:{s:3:""loc"";s:84:""https://projetocomprova.com.br/wp-content/uploads/2018/10/lrB0bSEfQQCxgnWLHZH5-2.jpg"";s:5:""title"";s:20:""lrB0bSEfQQCxgnWLHZH5"";s:7:""caption"";s:0:"""";}|a:3:{s:3:""loc"";s:84:""https://projetocomprova.com.br/wp-content/uploads/2018/10/lrB0bSEfQQCxgnWLHZH5-2.jpg"";s:5:""title"";s:20:""lrB0bSEfQQCxgnWLHZH5"";s:7:""caption"";s:0:"""";}",,,,,,,,,,,,,,,,publish,1,lunar_admin,oli@lunar.build,,,re_2b5w8xnxjaez,,,0,0,0,closed,closed,"1970-01-01 00:00:00",1506,gauchazh|correio-do-povo|nsc-comunicacao|jornal-do-commercio|poder360|uol|sbt,red,,,,,,,,,,,,,,,
3488,"Denúncia de fraude em urnas no DF feita por PMs não se comprovou","Não foi comprovada fraude em urnas eletrônicas do Distrito Federal, ao contrário do que afirma um vídeo que circula no WhatsApp. Na gravação, dois policiais militares dizem que havia suspeita de urnas com votos registrados antes do início da votação. No entanto, o Tribunal Regional Eleitoral (TRE-DF) informou que a apuração do caso concluiu que houve “desconhecimento técnico” do servidor de transmissão, a pessoa responsável por enviar os dados de votação ao fim do dia.

O agente de transmissão é um cidadão convocado pela Justiça Eleitoral para trabalhar no dia das eleições, assim como os mesários. De acordo com o tribunal regional, ele fez uma interpretação errada de um relatório de funcionamento que é impresso às 12h para indicar o bom desempenho do equipamento de votação.

O TRE-DF informou ainda que tanto o boletim de urna quanto a chamada zerésima foram emitidos sem qualquer alteração. O primeiro documento traz, ao final do dia, as informações de total de votos recebidos por cada candidato, partido político, votos brancos, votos nulos, número da seção, identificação da urna e a quantidade de eleitores que votaram. Já a zerésima é um relatório assinado no início da votação pelo presidente da seção, os mesários e os fiscais dos partidos ou coligações – ali se pode encontrar a identificação da máquina e a comprovação de que nela estão registrados todos os candidatos e que não há nenhum voto computado.

Em coletiva de imprensa no domingo, 7, a presidente do TRE-DF, Carmelita Brasil, disse que o vídeo foi o fruto de um mal-entendido dos policiais e do denunciante. A confusão ocorreu na região de Guará, parte da 9ª Zona Eleitoral. “Ele não tem o conhecimento para dizer o que estava dizendo. Ele não soube interpretar os dados. O policial agiu de maneira irresponsável”, disse ela, de acordo com o jornal Correio Braziliense.

De fato, os policiais, que gravam o vídeo em frente à sede da Polícia Federal (PF) em Brasília, estavam ali para acompanhar o depoimento do homem que denunciou o suposto mau funcionamento da urna eletrônica. No entanto, a PF informou que, após colhidos os depoimentos, não houve comprovação de fraude.

O Tribunal Superior Eleitoral (TSE), por sua vez, informou que a Justiça Eleitoral só é acionada após averiguação da PF e do Ministério Público Federal, se forem encontrados indícios de irregularidades. Até a tarde da terça-feira, 9, não havia nenhuma ação protocolada no tribunal a respeito de fraudes no domingo das eleições.

A Polícia Militar do DF comunicou que a Corregedoria da instituição vai apurar a conduta dos dois agentes no caso. O Comprova entrou em contato com um dos soldados que gravou o vídeo, mas ele preferiu não conceder entrevista.

O conteúdo enganoso foi enviado ao WhatsApp do Comprova e do Estadão. O vídeo também foi publicado no YouTube, com 3,1 mil visualizações, e no Facebook, com 1,1 mil compartilhamentos.",,"2018-10-10 21:30:30",archived-answer,https://projetocomprova.com.br/post/re_2b5w8xzewepn/,https://projetocomprova.com.br/wp-content/uploads/2018/10/Oi1LeDgQP6LdHNJvnNTA-2.jpg|https://projetocomprova.com.br/wp-content/uploads/2018/10/urnas2018.jpg,Oi1LeDgQP6LdHNJvnNTA|urnas2018,|,|,|,https://projetocomprova.com.br/wp-content/uploads/2018/10/Oi1LeDgQP6LdHNJvnNTA-2.jpg,,,classic-editor,"a:3:{s:3:""loc"";s:71:""https://projetocomprova.com.br/wp-content/uploads/2018/10/urnas2018.jpg"";s:5:""title"";s:9:""urnas2018"";s:7:""caption"";s:0:"""";}|a:3:{s:3:""loc"";s:84:""https://projetocomprova.com.br/wp-content/uploads/2018/10/Oi1LeDgQP6LdHNJvnNTA-2.jpg"";s:5:""title"";s:20:""Oi1LeDgQP6LdHNJvnNTA"";s:7:""caption"";s:0:"""";}",0,30,,https://projetocomprova.com.br/wp-content/uploads/2018/10/urnas2018.jpg,14231,https://projetocomprova.com.br/wp-content/uploads/2018/10/urnas2018.jpg,14231,,,,,,,,,publish,1,lunar_admin,oli@lunar.build,,,re_2b5w8xzewepn,,,0,0,0,closed,closed,"2022-09-30 00:36:07",1506,nsc-comunicacao|gauchazh|poder360|uol|sbt|revista-piaui|jornal-do-commercio,red,,,,,,,,,,,,,,,
3490,"Comparação de propostas de Bolsonaro e Haddad tem pontos distorcidos e incorretos","É enganosa uma das correntes que faz comparações entre os planos de governo de Jair Bolsonaro (PSL) e Fernando Haddad (PT), e que está circulando pelas redes sociais e grupos de WhatsApp. O texto em questão apresenta 11 tópicos, com propostas que foram retiradas dos planos de governo dos candidatos que estão no 2.º turno. Em alguns casos, essas proposições estão incorretas, foram distorcidas ou carecem de contexto.

A corrente lista propostas de Bolsonaro e Lula/Haddad para impostos, imprensa, Lava Jato, segurança, ministérios, posicionamento sobre ditaduras socialistas, agronegócio, Constituição, presídios, sindicatos e drogas - sempre há a indicação da página em que é possível ler sobre o tema. O Comprova comparou todas as afirmações da corrente com o conteúdo dos planos de governo. Todas as propostas estão nos documentos, mas em alguns casos são apresentadas de forma a confundir o eleitor. Ao final do texto, há dois hiperlinks para os planos registrados no Tribunal Superior Eleitoral (TSE) - esses links estão corretos, assim como as páginas que referenciam as propostas citadas nas correntes.

A comparação de propostas começa falando sobre <b>impostos</b>. A mensagem da corrente é a seguinte: “Bolsonaro: Redução da carga tributária e aumento da receita destinada aos municípios (pág 58)” e “Lula/Haddad: Criar imposto sobre a exportação (pág 41), criar imposto sobre lucros e dividendos (pág 42) e aumentar o imposto territorial rural ITR para grandes propriedades (pág 56)”. 

Em seu plano, Bolsonaro defende a gradativa redução da carga tributária bruta, simplificação e unificação de tributos federais. Outra proposta é de descentralização e municipalização, para aumentar os recursos tributários na base da sociedade. O plano de Haddad também trata de reforma tributária, embora isso não tenha sido citado na corrente. Ele propõe, por exemplo, tributação direta sobre lucros e dividendos, combinada a implementação de um Imposto sobre Valor Agregado (IVA), para substituir a atual estrutura de impostos, e da reestruturação do Imposto de Renda. O documento também fala da constituição de um imposto regulatório sobre exportação, para estimular a elevação do valor agregado das exportações e minimizar a variação cambial. Em relação ao Imposto Territorial Rural (ITR), a campanha petista propõe um imposto proporcional que aumenta à medida em que aumenta o valor da matéria a ser tributada.

O segundo item da corrente fala sobre <b>imprensa</b> e diz: “Bolsonaro: contrariedade a qualquer regulação ou controle social de mídia (pág 7)” e “Lula/Haddad: implantar mecanismos de regulação da imprensa e criar uma empresa pública de comunicação para expor o posicionamento do governo (pág 16)”.

Em seu plano, Bolsonaro afirma que é defensor da “Liberdade de opinião, informação, imprensa, internet, política e religiosa”, e se coloca contrário a qualquer regulação ou controle social da mídia. Já o plano de Haddad fala em propor um novo marco regulatório da comunicação social eletrônica, mecanismos de regulação democrática (com foco em concessões públicas e no que classificam de monopólios e oligopólios de mídia), a existência de um órgão regulador e a restauração do projeto da Empresa Brasil de Comunicação (EBC).

O terceiro item da mensagem distribuída nas redes socais é a <b>operação Lava Jato</b>. O texto diz: “Bolsonaro: a justiça deverá seguir seu rumo sem interferências políticas (pág 15)” e “Lula/Haddad: promover uma reforma do sistema de justiça para reduzir o poder de investigação do ministério público federal (pág 6, 15)”.

Nenhum dos dois planos de governo menciona o termo Lava Jato. No plano de Bolsonaro, há destaque para a obediência a lei e Constituição. “Investigações não serão mais atrapalhadas ou barradas. A Justiça poderá seguir seu rumo”, diz o texto. No plano de Haddad, há uma proposta de reforma do sistema de Justiça. O texto fala em eliminação de privilégios, alargar o acesso à Justiça, controle social e transparência. Também há propostas de repensar a indicação de ministros ao STF. Não há menção sobre reduzir o poder de investigação do Ministério Público.

O quarto item citado na corrente fala sobre <b>segurança</b>: “Bolsonaro: tolerância zero com o crime (pág 10) e redução da maioridade penal (pág 32)” e “Lula/Haddad: desmilitarização das polícias (pág 31) e iluminação com led nas ruas (pág 54)”.

O plano de Bolsonaro é direto: “tolerância ZERO com o crime, com a corrupção e com os privilégios”. O candidato também propõe a redução da maioridade penal para 16 anos. A proposta de Haddad é de uma “segurança pública cidadã” e, dentro da proposta do Plano Nacional de Redução de Homicídios está a afirmação de que é preciso “avançar no debate sobre a militarização das polícias, assegurando democratização, representação civil e processos internos mais justos, além da valorização do profissional da segurança e do fortalecimento da polícia científica”. O petista propõe a troca da iluminação pública por iluminação a LED em todas as cidades brasileiras, para redução do consumo de energia e por contribuir para a segurança e mobilidade das pessoas. Essa proposta está no eixo “Viver bem nas cidades” do plano do petista. 

O quinto item da mensagem fala de <b>ministérios</b>: “Bolsonaro: reduzir os 29 ministérios existentes atualmente (pág 17)” e “Lula/Haddad: Criar 6 novos ministérios (pág 19, 20 e 55)”.

O plano de Bolsonaro afirma que “um número elevado de ministérios é ineficiente, não atendendo os legítimos interesses da Nação”. O plano de Haddad fala em recriação, com status de ministério, das pastas de Direitos Humanos, Políticas para as Mulheres e Promoção da Igualdade Racial e do Ministério da Ciência, Tecnologia e Inovação (hoje fundido com a pasta da Comunicação). O petista também propõe recriar, em órgão único, os ministérios do Desenvolvimento Agrário e da Aquicultura e Pesca, e afirma que vai redesenhar as pastas da Agricultura e Meio Ambiente.

O sexto assunto tratado na corrente fala de <b>ditaduras socialistas</b>: “Bolsonaro: deixar de louvar ditaduras assassinas socialistas  (pág 79)” e “Lula/Haddad: desenvolvimento da infraestrutura de países do Mercosul (Venezuela) (pág 11)”.

O plano de Bolsonaro diz que “deixaremos de louvar ditaduras assassinas e desprezar ou mesmo atacar democracias importantes como EUA, Israel e Itália”. Na América Latina, a proposta é aprofundar a integração com países que estejam “livres de ditaduras”. O plano de Haddad faz uma única menção à Venezuela, quando trata da valorização da Amazônia. Sobre as relações internacionais, a política do petista é de fortalecimento dos BRICS e de “retomar e aprofundar a política externa de integração latino-americana e a cooperação sul-sul (especialmente com a África)”.

O sétimo ponto trata de <b>agronegócio</b>: “Bolsonaro: Segurança no campo, políticas para consolidar mercado interno, abrir novos mercados externos, melhoria da logística de distribuição (pág 69)” e “Lula/Haddad: regulação do agronegócio para evitar ampliação de grandes latifundiários. Implantar reforma agrária e distribuir terras ao MST e indígenas (pág 56)”.

A proposta de Bolsonaro elenca seis grandes demandas: segurança no campo, solução para a questão agrária, logística de transporte e armazenamento, uma só porta para atender as demandas do Agro e do setor rural, políticas específicas para consolidar e abrir novos mercados e diversificação. O plano de Haddad fala em “regulação do grande agronegócio para mitigar os danos socioambientais, impedir o avanço do desmatamento, assegurar o ordenamento da expansão territorial da agricultura de escala, corrigir as permissividades normativas, impedir excessos das subvenções públicas e subordinar sua dinâmica aos interesses da soberania alimentar do país”. O programa defende a reforma agrária e defende a regularização fundiária de “territórios tradicionais e historicamente ocupados” e o “reconhecimento e demarcação das terras indígenas”. Não há menção ao MST.

O oitavo ponto do texto é a <b>Constituição</b>: “Bolsonaro: respeito e obediência à constituição (pág 6)” e “Lula/Haddad: Estabelecer um novo processo constituinte para aumentar o poder do estado (pág 6)”. Tanto Bolsonaro quanto Haddad estão sendo questionados sobre declarações a respeito da Constituição - esse inclusive foi o <a target=""blank"" href=""https://g1.globo.com/jornal-nacional/noticia/2018/10/08/fernando-haddad-e-jair-bolsonaro-sao-entrevistados-ao-vivo-no-jn.ghtml"" rel=""noopener noreferrer"">tema da primeira entrevista dos dois candidatos no segundo turno para o Jornal Nacional</a>, no dia 8 de outubro. 

No plano de Bolsonaro, a afirmação é de que tudo será feito com defesa das leis e obediência à Constituição. “Mesmo imperfeita, Nossa Constituição foi feita por representantes eleitos pelo povo. Ela é a LEI MÁXIMA E SOBERANA DA NAÇÃO BRASILEIRA”. O candidato do PSL foi questionado por declarações de seu vice, o general Hamilton Mourão, que defendeu uma nova constituição feita por notáveis. “Ele é general, eu sou o capitão. Mas eu sou o presidente. O desautorizei nesses dois momentos. Ele não poderia ir além daquilo que a Constituição permite. Jamais eu posso admitir uma nova Constituinte até por falta de poderes para tal”, declarou ao Jornal Nacional. Já o plano de Haddad fala da convocação de uma nova constituinte para assegurar as conquistas da Constituição Cidadã. Ele também foi questionado sobre o assunto no JN e declarou: “nós revimos o nosso posicionamento. Nós vamos fazer as reformas devidas por emenda constitucional”.

O nono tema abordado na corrente são os <b>presídios</b>: “Bolsonaro: Prender e deixar na cadeia quem tiver cometido crimes (pág 30) e acabar com a progressão de pena e saída temporária (pág 32)” e “Lula/Haddad: Reduzir a massa carcerária do Brasil através da liberação de presidiários (pág 33)”.

O plano de Bolsonaro literalmente traz a expressão “prender e deixar na cadeia”. O candidato defende uma mudança na lei de execução penal para acabar com a progressão de pena e saídas temporárias. As propostas de Haddad são de reforma da legislação para “reservar a privação de liberdade para condutas violentas e promover a eficácia das alternativas penais” e de enfrentamento do encarceramento em massa, “sobretudo o da juventude negra e da periferia, diminuindo a pressão sobre o sistema carcerário, trazendo ganhos globais de economia de recursos”.

O décimo ponto tratado fala sobre <b>sindicatos</b>: “Bolsonaro: o sindicato deve ser voluntário, contra a obrigatoriedade do imposto sindical (pág 64)” e “Lula/Haddad: valorização de sindicatos e associações de trabalhadores (pág 40)”.

O plano de Bolsonaro é contra o retorno do imposto sindical e propõe que  trabalhadores devem se filiar voluntariamente às entidades. O plano de Haddad promete revogar a reforma trabalhista. O texto afirma que para operacionalizar as mudanças desse estatuto será preciso valorizar sindicatos e associações de trabalhadores e empresários.

O último ponto tratado na corrente fala sobre drogas: “Bolsonaro: Combate à ideologia de liberação irrestrita de drogas ilícitas (pág 26)” e “Lula/Haddad: Promover a descriminalização das drogas (pág 32)”.

O plano de Bolsonaro associa o aumento da criminalidade a uma “epidemia” de drogas. Não há nenhuma menção sobre liberação de drogas ilícitas ou endurecimento da criminalização. Já Haddad propõe uma alteração da política de drogas e diz que o país precisa olhar para as experiências internacionais que apresentam resultados positivos com a descriminalização e regulação do comércio, associadas a políticas de prevenção da violência e enfrentamento da criminalidade causada pelo tráfico.

O texto que compara os dois programas de governo está sendo bastante compartilhado pelo WhatsApp. Para o WhatsApp do Comprova, a mensagem foi encaminhada 91 vezes com pedidos de verificação. O Comprova localizou outras quatro versões do texto em monitoramento de grupos de WhatsApp feitos pela UFMG. Nas redes sociais, uma das postagens mais compartilhadas é a do candidato ao governo de São Paulo pelo partido Novo, Rogério Chequer, que teve 3,5 mil comentários, 14 mil reações e 21,9 mil compartilhamentos até a tarde do dia 9 de outubro. No Twitter, o músico Roger Rocha Moreira, do Ultraje a Rigor, compartilhou a mensagem, que teve 146 compartilhamentos.",,"1970-01-01 00:00:00",archived-answer,https://projetocomprova.com.br/post/re_2b5w8xyogxny/,https://projetocomprova.com.br/wp-content/uploads/2018/10/3sqnJ0b2TBC010oMxFBy-2.png,3sqnJ0b2TBC010oMxFBy,,,,https://projetocomprova.com.br/wp-content/uploads/2018/10/3sqnJ0b2TBC010oMxFBy-2.png,,,,"a:3:{s:3:""loc"";s:84:""https://projetocomprova.com.br/wp-content/uploads/2018/10/3sqnJ0b2TBC010oMxFBy-2.png"";s:5:""title"";s:20:""3sqnJ0b2TBC010oMxFBy"";s:7:""caption"";s:0:"""";}|a:3:{s:3:""loc"";s:84:""https://projetocomprova.com.br/wp-content/uploads/2018/10/3sqnJ0b2TBC010oMxFBy-2.png"";s:5:""title"";s:20:""3sqnJ0b2TBC010oMxFBy"";s:7:""caption"";s:0:"""";}|a:3:{s:3:""loc"";s:84:""https://projetocomprova.com.br/wp-content/uploads/2018/10/3sqnJ0b2TBC010oMxFBy-2.png"";s:5:""title"";s:20:""3sqnJ0b2TBC010oMxFBy"";s:7:""caption"";s:0:"""";}",,,,,,,,,,,,,,,,publish,1,lunar_admin,oli@lunar.build,,,re_2b5w8xyogxny,,,0,0,0,closed,closed,"1970-01-01 00:00:00",,uol|nsc-comunicacao|gauchazh|sbt|revista-piaui|jornal-do-commercio|poder360,"black and white",,,,,,,,,,,,,,,
3492,"Número de Bolsonaro apareceu como ""nulo"" em vídeos porque eleitores votavam para governador","São enganosos dois vídeos em que eleitores, na cabine de votação, sugerem que existe falha nas urnas. Eles estariam tentando votar em Jair Bolsonaro (PSL), mas, ao digitarem o número do candidato, só aparece a mensagem “voto nulo”. Porém, nos dois vídeos estão visíveis os dizeres na tela da urna eletrônica: “seu voto para governador(a)”.

Em um dos vídeos, o eleitor diz estar em Mossoró (RN). No <a target=""blank"" href=""http://divulgacandcontas.tse.jus.br/divulga/#/estados/2018/2022802018/RN/candidatos"" rel=""noopener noreferrer"">Rio Grande do Norte não havia nenhum candidato</a> do PSL disputando o governo estadual. Portanto, confirmar o voto para governador no número 17 no estado significou dar um voto nulo.

No outro vídeo, o eleitor afirma estar votando na escola Rezende Rammel. O Comprova localizou duas unidades escolares com esse nome e <a target=""blank"" href=""http://www.etrr.com.br/novo/"" rel=""noopener noreferrer"">ambas estão localizadas no estado do Rio de Janeiro</a>. O <a target=""blank"" href=""http://divulgacandcontas.tse.jus.br/divulga/#/estados/2018/2022802018/RJ/candidatos"" rel=""noopener noreferrer"">PSL também não lançou candidato ao governo do Rio de Janeiro</a>. Nesse caso, votar 17 para governador também significa votar nulo.

Tanto os números dos candidatos ao governo dos estados quanto os números dos candidatos à presidência têm dois dígitos. Se são do mesmo partido, os números são exatamente iguais. Os algarismos de cada legenda são aqueles <a target=""blank"" href=""http://www.tse.jus.br/partidos/partidos-politicos/registrados-no-tse"" rel=""noopener noreferrer"">registrados no Tribunal Superior Eleitoral </a>(TSE).

Apesar de os eleitores terem filmado a cabine de votação, o que possibilitou esta verificação do Comprova, usar equipamentos eletrônicos diante da urna eletrônica é crime, previsto na Lei 9504/1997, a <a target=""blank"" href=""http://www.planalto.gov.br/ccivil_03/leis/L9504.htm"" rel=""noopener noreferrer"">chamada Lei das Eleições</a>. 

Em seu artigo 91-A, a norma estabelece que: “Fica vedado portar aparelho de telefonia celular, máquinas fotográficas e filmadoras, dentro da cabina de votação”.

Já na Lei 4.737/1965, o chamado <a target=""blank"" href=""http://www.planalto.gov.br/ccivil_03/Leis/L4737.htm"" rel=""noopener noreferrer"">
Código Eleitoral</a>, é considerado crime “violar ou tentar violar o sigilo do voto”. A pena é detenção de até dois anos.

O Comprova recebeu pedidos para checagem desses vídeos pelo WhatsApp — você pode pedir uma verificação para o Comprova pelo WhatsApp (11) 97795-0022. No Facebook circulam versões semelhantes, a de Mossoró ultrapassa 6,6 milhões de visualizações. Alguns posts com esses vídeos deixam claro o engano que existe nas supostas denúncias de fraude.",,"1970-01-01 00:00:00",archived-answer,https://projetocomprova.com.br/post/re_2b5w8xnqvljy/,https://projetocomprova.com.br/wp-content/uploads/2018/10/v5p6sRrTEWhlkvXpxo1E-2.jpg,v5p6sRrTEWhlkvXpxo1E,,,,https://projetocomprova.com.br/wp-content/uploads/2018/10/v5p6sRrTEWhlkvXpxo1E-2.jpg,,,,"a:3:{s:3:""loc"";s:84:""https://projetocomprova.com.br/wp-content/uploads/2018/10/v5p6sRrTEWhlkvXpxo1E-2.jpg"";s:5:""title"";s:20:""v5p6sRrTEWhlkvXpxo1E"";s:7:""caption"";s:0:"""";}|a:3:{s:3:""loc"";s:84:""https://projetocomprova.com.br/wp-content/uploads/2018/10/v5p6sRrTEWhlkvXpxo1E-2.jpg"";s:5:""title"";s:20:""v5p6sRrTEWhlkvXpxo1E"";s:7:""caption"";s:0:"""";}|a:3:{s:3:""loc"";s:84:""https://projetocomprova.com.br/wp-content/uploads/2018/10/v5p6sRrTEWhlkvXpxo1E-2.jpg"";s:5:""title"";s:20:""v5p6sRrTEWhlkvXpxo1E"";s:7:""caption"";s:0:"""";}",,,,,,,,,,,,,,,,publish,1,lunar_admin,oli@lunar.build,,,re_2b5w8xnqvljy,,,0,0,0,closed,closed,"1970-01-01 00:00:00",nexo,nsc-comunicacao|poder360|gauchazh|sbt|uol|correio-do-povo,"full colour",,,,,,,,,,,,,,,
3494,"Vídeo de Haddad falando em subir rampa com Lula é de antes de ex-presidente ser barrado no TSE","Vídeo em que o presidenciável Fernando Haddad (PT) afirma que vai subir a rampa em 1º de janeiro com o ex-presidente Lula, que está preso na Polícia Federal de Curitiba, foi tirado do contexto original para parecer uma promessa de campanha dele. A gravação, que tem sido amplamente compartilhada nas redes sociais, no WhatsApp e em sites nos últimos dias, foi gravada em agosto, antes da candidatura de Lula ser indeferida pelo Tribunal Superior Eleitoral (TSE) e quando Haddad ainda era o candidato a vice-presidente na chapa petista.

Para chegar ao vídeo original, o Comprova pesquisou os termos “haddad”, “rampa”, “lula”, “progressistas” e “justiça”, palavras usadas pelo presidenciável, na busca do Google. Além de links recentes tratando a história, apareceram algumas notícias do dia em que ele foi gravado: 6 de agosto de 2018. O segundo passo foi buscar <a target=""blank"" href=""https://twitter.com/LulaOficial/status/1026444596186959872"" rel=""noopener noreferrer"">a gravação</a> no Twitter oficial do Lula, onde ele foi divulgado.

No vídeo compartilhado nos últimos dias, Haddad diz: “Fazer do Lula nosso presidente, subir a rampa com ele no dia 1° de janeiro, fazer o país resgatar a sua dignidade, sua esperança, seus sonhos, né?”. Em algumas publicações no Instagram e no Facebook, ele é acompanhado por legendas que dizem que a fala é uma “promessa de campanha”. O vídeo original, porém, tem 58 segundos, 25 a mais do que esse. O trecho suprimido daria indícios, a quem o assistisse, de que a declaração de Haddad fora feita em outro contexto. 

""Acabamos de montar as coligações em torno da candidatura do Lula, já temos Pros e PCdoB conosco, PCO apoiando, chapa montada, vai a registro amanhã, aí nós vamos dia 15 levar pro TSE, e eu tenho certeza que o povo brasileiro vai estar cada vez mais engajado na campanha"", diz Haddad antes de mencionar a rampa presidencial. 

Isso porque a gravação foi feita no dia 6 de agosto, dois dias após o PT definir a candidatura de Lula em convenção partidária. O TSE só <a target=""blank"" href=""https://g1.globo.com/politica/eleicoes/2018/noticia/2018/08/31/maioria-dos-ministros-do-tse-vota-pela-rejeicao-da-candidatura-de-lula.ghtml"" rel=""noopener noreferrer"">reconheceu a inelegibilidade de Lula</a> em 31 de agosto, e Haddad só assumiu o posto no dia 11 de setembro. A fala, então, não configura uma promessa de campanha, mas uma “torcida” para que a candidatura de Lula fosse deferida, o que não aconteceu.

O vídeo cortado chegou ao WhatsApp do Comprova e de veículos parceiros, mas também foi compartilhado em sites como Renova Mídia e Diário do Brasil. Só no perfil @crispcrispp do Twitter teve mais de 75 mil visualizações e 2599 curtidas desde que foi publicado, na segunda-feira, 8 de outubro. Na página do PSL Rio de Janeiro no Facebook, o vídeo teve 1,2 milhões de visualizações, além de quase 50 mil compartilhamentos.",,"1970-01-01 00:00:00",archived-answer,https://projetocomprova.com.br/post/re_2b5w8xndgdxb/,https://projetocomprova.com.br/wp-content/uploads/2018/10/QuByf58RKiKWZzmSR40V-2.png,QuByf58RKiKWZzmSR40V,,,,https://projetocomprova.com.br/wp-content/uploads/2018/10/QuByf58RKiKWZzmSR40V-2.png,,,,"a:3:{s:3:""loc"";s:84:""https://projetocomprova.com.br/wp-content/uploads/2018/10/QuByf58RKiKWZzmSR40V-2.png"";s:5:""title"";s:20:""QuByf58RKiKWZzmSR40V"";s:7:""caption"";s:0:"""";}|a:3:{s:3:""loc"";s:84:""https://projetocomprova.com.br/wp-content/uploads/2018/10/QuByf58RKiKWZzmSR40V-2.png"";s:5:""title"";s:20:""QuByf58RKiKWZzmSR40V"";s:7:""caption"";s:0:"""";}|a:3:{s:3:""loc"";s:84:""https://projetocomprova.com.br/wp-content/uploads/2018/10/QuByf58RKiKWZzmSR40V-2.png"";s:5:""title"";s:20:""QuByf58RKiKWZzmSR40V"";s:7:""caption"";s:0:"""";}",,,,,,,,,,,,,,,,publish,1,lunar_admin,oli@lunar.build,,,re_2b5w8xndgdxb,,,0,0,0,closed,closed,"1970-01-01 00:00:00",1506,gauchazh|poder360|nsc-comunicacao|sbt|uol|jornal-do-commercio|correio-do-povo,red,,,,,,,,,,,,,,,
3496,"Homem que zomba de preço da gasolina em vídeo não é filho de Lula","A identidade de um homem que zomba do alto preço da gasolina tem sido atribuída erroneamente a um filho de Lula em vídeo que circula no WhatsApp e nas redes sociais. Na gravação, o motorista, que afirma estar dirigindo um Camaro, diz não se importar com o preço da gasolina, a R$ 4 o litro. A postagem original é de 2015, sem qualquer referência ao ex-presidente.

Para buscar o vídeo original, o Comprova utilizou a ferramenta de pesquisa reversa por imagem do Google, em que é possível buscar um frame do vídeo e encontrar sites que incluam a mesma imagem. 

A gravação mais antiga encontrada pelo Comprova foi publicada no YouTube em <a target=""blank"" href=""https://www.youtube.com/watch?v=3fghz9IUe64"" rel=""noopener noreferrer"">25 de outubro de 2015</a>. Outra indicação de que o vídeo não é recente é o fato de o homem afirmar ironicamente “obrigado, Dilma!”, e não fazer qualquer referência ao atual presidente, Michel Temer.

O vídeo parece ser uma paródia de um <a target=""blank"" href=""https://www.youtube.com/watch?v=SR3SwvNWirU"" rel=""noopener noreferrer"">vídeo de 2014</a>, feito por outro homem em Iporá (GO), que diz estar dirigindo um Camaro V8, zomba do preço da gasolina e agradece a Dilma.

A versão do vídeo com referência ao ex-presidente petista, com a legenda “Filho do Lula zuando o povo” começou a circular na época da greve dos caminhoneiros, que tinha como principal reivindicação a queda no preço dos combustíveis. A postagem mais antiga encontrada pelo Comprova neste ano no YouTube é de 2 de junho, poucos dias depois dos últimos bloqueios em estradas. O boato voltou a ser publicado nesta semana no Facebook e no YouTube, com a proximidade das eleições.

Além de a publicação original não fazer qualquer referência a filhos do ex-presidente, o motorista afirma no vídeo que acabou de abastecer em Gravataí, Rio Grande do Sul. Nenhum dos quatro filhos homens de Lula mora fora do estado de São Paulo, como já informou a <a target=""blank"" href=""https://veja.abril.com.br/blog/me-engana-que-eu-posto/filho-de-lula-nao-gravou-video-para-zoar-o-povo-por-preco-da-gasolina/"" rel=""noopener noreferrer"">Veja</a>.

Também é possível perceber que o homem do vídeo não se parece com nenhum dos filhos do líder petista — Marcos Cláudio, Fábio Luís, Luís Cláudio e Sandro Luís. Para tirar a dúvida, comparamos dez fotos dos Lula da Silva com o motorista do Camaro em um software de reconhecimento facial chamado <a target=""blank"" href=""https://www.betafaceapi.com/demo.html"" rel=""noopener noreferrer"">Betaface</a>. Não houve nenhuma correspondência — a maior semelhança foi com Fábio Luís, que teve 73% de equivalência de traços faciais.

Para comparação, quando confrontamos diferentes fotos do motorista do Camaro no software, o Betaface aponta correspondências com até 87% de semelhança.

A revista <a target=""blank"" href=""https://veja.abril.com.br/blog/me-engana-que-eu-posto/filho-de-lula-nao-gravou-video-para-zoar-o-povo-por-preco-da-gasolina/"" rel=""noopener noreferrer"">Veja</a> e o site <a target=""blank"" href=""https://www.boatos.org/politica/filho-lula-camaro-gasolina.html"" rel=""noopener noreferrer"">Boatos.Org</a> também já contestaram essa peça de desinformação.",,"1970-01-01 00:00:00",archived-answer,https://projetocomprova.com.br/post/re_2b5w8xyeavmy/,https://projetocomprova.com.br/wp-content/uploads/2018/09/vuzMrjo5S7CcHoXTNaKT-2.png,vuzMrjo5S7CcHoXTNaKT,,,,https://projetocomprova.com.br/wp-content/uploads/2018/09/vuzMrjo5S7CcHoXTNaKT-2.png,,,,"a:3:{s:3:""loc"";s:84:""https://projetocomprova.com.br/wp-content/uploads/2018/09/vuzMrjo5S7CcHoXTNaKT-2.png"";s:5:""title"";s:20:""vuzMrjo5S7CcHoXTNaKT"";s:7:""caption"";s:0:"""";}|a:3:{s:3:""loc"";s:84:""https://projetocomprova.com.br/wp-content/uploads/2018/09/vuzMrjo5S7CcHoXTNaKT-2.png"";s:5:""title"";s:20:""vuzMrjo5S7CcHoXTNaKT"";s:7:""caption"";s:0:"""";}|a:3:{s:3:""loc"";s:84:""https://projetocomprova.com.br/wp-content/uploads/2018/09/vuzMrjo5S7CcHoXTNaKT-2.png"";s:5:""title"";s:20:""vuzMrjo5S7CcHoXTNaKT"";s:7:""caption"";s:0:"""";}",,,,,,,,,,,,,,,,publish,1,lunar_admin,oli@lunar.build,,,re_2b5w8xyeavmy,,,0,0,0,closed,closed,"1970-01-01 00:00:00",estadao,gauchazh|sbt|revista-piaui|nsc-comunicacao|uol|jornal-do-commercio|poder360,red,,,,,,,,,,,,,,,
3498,"Boletim de urna em que votação de Haddad é maior do que o total de eleitores é falso","<strong>08/10/2018</strong> - É falsa a imagem de um Boletim de Urna que circula em redes sociais e em aplicativos de mensagens instantâneas indicando que o candidato do PT à Presidência, Fernando Haddad, teve mais votos que o número de pessoas que usaram a urna eletrônica.

Ainda de acordo com a peça de desinformação, os candidatos Jair Bolsonaro (PSL) e Geraldo Alckmin (PSDB) não teriam tido nenhum voto, o que também é falso.

De acordo com a foto digitalmente alterada, Haddad teria computado 9.909 votos, enquanto o número de eleitores que compareceram à votação seria de 477. A imagem viral, além de não mostrar o boletim inteiro, não mostra o número da seção e do município.

O Comprova teve acesso ao <a href=""https://drive.google.com/file/d/1Je9Ub5hufkavi8G2XemnkFHj-tSp9EGz/view?usp=sharing"" target=""blank"" rel=""noopener noreferrer"">documento original</a>. A votação aconteceu na cidade de Nagóia, no Japão – município 30198, na documentação do Tribunal Superior Eleitoral (TSE). Haddad teve, na verdade, nove votos (0009 na numeração do boletim). O Comprova teve, também, acesso à <a href=""https://drive.google.com/file/d/1ykyweEvU2qedVB8PQIiWDik05q3CEeKM/view?usp=sharing"" target=""blank"" rel=""noopener noreferrer"">foto original do boletim</a>, que acabou sendo adulterada.

Além disso, Boletins de Urna regulares não exibem nomes de candidatos que não receberam votos, ao contrário do que a imagem que circula nas redes faz supor, como informa o TSE ao Comprova.

Também é possível observar que a foto falsa que circula na internet exibe borrões nos números dos candidatos que não teriam recebido nenhum voto, como no caso do dígito zero mais à direita junto aos nomes dos candidatos Alckmin e Bolsonaro.

O tucano e o candidato do PSL, que está no segundo turno com Haddad, obtiveram, respectivamente 11 e 372 votos em Nagóia.

O Boletim de Urna original mostra que, naquela seção, de 777 eleitores aptos a votar, 477 compareceram e 300 não compareceram – estes dados conferem com os apresentados na imagem alterada.

Os números de ""resumo de correspondência"" e ""código de verificação"" são os mesmos na imagem falsa e na verdadeira. O horário também corresponde nas duas imagens.

Além de circular em correntes de WhatsApp com o objetivo de deslegitimar as urnas eletrônicas, a imagem falsa do Boletim de Urna também foi compartilhada no
<a href=""https://drive.google.com/file/d/1U1FhjYedJqZcFy_x1c7h1-lEiCk3KLtW/view?usp=sharing"" target=""blank"" rel=""noopener noreferrer"">perfil oficial de Jair Bolsonaro</a> &lt;https://www.instagram.com/p/BorhqX8FqwS/?hl=pt-br&amp;taken-by=nordestebolsonaro&gt; no Instagram pelo Stories – ferramenta em que fotos e vídeos desaparecem após 24 horas.",,"2018-10-09 00:10:00",archived-answer,https://projetocomprova.com.br/post/re_2b5w8xb8v6py/,https://projetocomprova.com.br/wp-content/uploads/2018/10/eGY7WH0SAOAD1qMBQmT1-2.jpg,eGY7WH0SAOAD1qMBQmT1,,,,https://projetocomprova.com.br/wp-content/uploads/2018/10/eGY7WH0SAOAD1qMBQmT1-2.jpg,,,classic-editor,"a:3:{s:3:""loc"";s:84:""https://projetocomprova.com.br/wp-content/uploads/2018/10/eGY7WH0SAOAD1qMBQmT1-2.jpg"";s:5:""title"";s:20:""eGY7WH0SAOAD1qMBQmT1"";s:7:""caption"";s:0:"""";}",0,30,2,,,,,,,,,,,,,publish,1,lunar_admin,oli@lunar.build,,,re_2b5w8xb8v6py,,,0,0,0,closed,closed,"2022-07-18 18:11:06",,poder360|gauchazh|sbt|nsc-comunicacao|uol|jornal-do-commercio,red,,,,,,,,,,,,,,,
3500,"Boletins de urnas cuja votação já foi finalizada divulgam o resultado da seção","Na manhã deste domingo, 7 de outubro, diversas imagens de boletins de urna com a votação para presidente começaram a surgir na internet, na medida que as eleições em países da Ásia e Oceania eram encerradas - devido à diferença no fuso horário. As imagens que mostram a apuração dos votos, porém, só podem ser validadas como verdadeiras se acompanharem o código QR do boletim.

O próprio Tribunal Superior Eleitoral (TSE) <a target=""blank"" href=""http://www.tse.jus.br/imprensa/noticias-tse/2018/Outubro/primeiros-boletins-de-urna-sao-divulgados-apos-encerramento-da-votacao-no-exterior"" rel=""noopener noreferrer"">confirmou</a> que alguns dos boletins já encontram-se disponíveis. Segundo o comunicado oficial publicado em seu site, o tribunal afirma que “os boletins contêm todas as informações relativas à votação em determinada seção, incluindo comparecimento de eleitores, contagem de votos brancos e nulos e o número de votos nominais e de votos de legenda”. 

De acordo com o TSE,  o Boletim de Urna (BU), é um documento que registra os votos recebidos pelos candidatos nas diferentes seções eleitorais. “Encerrada a votação, às 17h (horário local), a urna imprime cinco vias do boletim. O documento impresso traz a identificação da seção eleitoral, bem como o número de eleitores que ali votaram e a quantidade de votos registrados para cada candidato ou partido”, <a target=""blank"" href=""http://www.tse.jus.br/imprensa/noticias-tse/2018/Setembro/boletins-de-urna-permitem-fiscalizacao-das-eleicoes-pelo-cidadao"" rel=""noopener noreferrer"">explica o site do TSE</a>.

Cada boletim acompanha, ao fim, um código QR com o qual qualquer cidadão pode conferir os resultados apurados nas urnas com o aplicativo Boletim na Mão instalado no seu smartphone. Alguns dos boletins que viralizaram nas redes sociais exibem também o código, e o Comprova pode verificar a veracidade dos documentos das zonas de Taipé (Taiwan), Sydney (Austrália) e Xangai (China).

Qualquer pessoa pode tirar uma foto e distribuir nas redes sociais as imagens dos boletins, como <a target=""blank"" href=""https://especiais.gazetadopovo.com.br/eleicoes/2018/fake-news/os-boletins-de-urna-com-votacao-na-asia-e-ocenia-sao-reais/"" rel=""noopener noreferrer"">afirma um material produzido pela Gazeta do Povo</a>, parceira do Comprova. Porém, de acordo com o TSE, as imagens não podem ser consideradas como um vazamento do resultado, uma vez que nada ainda foi divulgado oficialmente — a apuração só será divulgada a partir das 19h pelo horário de Brasília.",,"1970-01-01 00:00:00",archived-answer,https://projetocomprova.com.br/post/re_2b5w8xnd2pzz/,https://projetocomprova.com.br/wp-content/uploads/2018/10/sS9YON4QQXSiO6vcirFI-2.jpg,sS9YON4QQXSiO6vcirFI,,,,https://projetocomprova.com.br/wp-content/uploads/2018/10/sS9YON4QQXSiO6vcirFI-2.jpg,,,,"a:3:{s:3:""loc"";s:84:""https://projetocomprova.com.br/wp-content/uploads/2018/10/sS9YON4QQXSiO6vcirFI-2.jpg"";s:5:""title"";s:20:""sS9YON4QQXSiO6vcirFI"";s:7:""caption"";s:0:"""";}|a:3:{s:3:""loc"";s:84:""https://projetocomprova.com.br/wp-content/uploads/2018/10/sS9YON4QQXSiO6vcirFI-2.jpg"";s:5:""title"";s:20:""sS9YON4QQXSiO6vcirFI"";s:7:""caption"";s:0:"""";}|a:3:{s:3:""loc"";s:84:""https://projetocomprova.com.br/wp-content/uploads/2018/10/sS9YON4QQXSiO6vcirFI-2.jpg"";s:5:""title"";s:20:""sS9YON4QQXSiO6vcirFI"";s:7:""caption"";s:0:"""";}",,,,,,,,,,,,,,,,publish,1,lunar_admin,oli@lunar.build,,,re_2b5w8xnd2pzz,,,0,0,0,closed,closed,"1970-01-01 00:00:00",jornal-do-commercio|1506,correio-do-povo|poder360|sbt|nsc-comunicacao|jornal-do-commercio,"black and white",,,,,,,,,,,,,,,
3502,"Vídeo que faz acusação de fraude em urnas eletrônicas é enganoso","Um vídeo gravado nas eleições municipais de 2016 voltou a viralizar nas redes sociais como suposta comprovação de fraude nas urnas eletrônicas. As imagens mostram fiscais do TSE procurando - sem sucesso - as “mídias” das urnas, que deveriam estar nos envelopes, enquanto uma outra pessoa filma tudo. A postagem é enganosa, pois não dá o contexto da situação, nem explica a resolução do caso. 

Uma postagem feita por um usuário do Facebook afirma que “envelopes que deveriam conter as mídias, estão VAZIOS. Menores de idade manuseando envelopes onde deveriam estar as mídias, pessoas sem identificação. Mídia é praticamente o cartão de memória onde se computam os votos. Se não estão lá é pq alguém já está fraudando os votos para as eleições para o candidato comunista”.

O post ainda acompanha <a target=""blank"" href=""https://www.youtube.com/watch?v=GIsJCxOrlfY"" rel=""noopener noreferrer"">um trecho do comentário de Paulo Martins no Jornal Tarobá Primeira Edição</a>, de Cascavel (PR), que não tem relação direta com o caso, mas faz referências a possíveis fraudes nas urnas.

O caso ocorreu na cidade de Extrema (MG), nas últimas eleições para prefeito. Segundo a Justiça Eleitoral do município, a questão surgiu em função de um presidente de seção acondicionar a mídia de resultado de uma urna eletrônica no envelope errado. “Ao invés de colocar no envelope específico (branco), colocou em outro (pardo)”, explicou o Tribunal Regional Eleitoral de Minas Gerais (TRE-MG). 

O post de 2018 não diz o local em que o vídeo foi filmado. Porém, no diálogo das pessoas, é possível discernir dois locais que serviam de local de votação: Odete Valadares e Dom Bosco. Uma busca rápida no Google aponta que esses locais são duas escolas que existem na cidade de Extrema, em Minas Gerais. Um outro vídeo, publicado no Youtube um dia antes do post que motivou a investigação (16 de setembro), diz que o mesmo foi feito por “Reinaldo candidato a prefeito de estrela (sic), na época viu o que estava acontecendo e começou a gravar o flagrante”.

Com essas informações, chegamos a <a target=""blank"" href=""http://divulgacandcontas.tse.jus.br/divulga/#/candidato/2016/2/45012/130000057466"" rel=""noopener noreferrer"">Reinaldo de Andrade</a>, que foi candidato à prefeitura de Extrema pelo PSD em 2016. Não encontramos os vídeos originais nas suas redes sociais, mas em outro vídeo, de 5 de agosto de 2018, Reinaldo conta a história toda e confirma que foi ele quem filmou as ações no cartório eleitoral de Extrema.

O Comprova entrou em contato com o TRE-MG, que confirmou que “quando o material chegou na junta apuradora e a mídia dessa urna não foi encontrada no envelope branco, o candidato a prefeito Reinaldo filmou a ação da procura da mídia e, em seguida, deu repercussão ao caso nas redes sociais”. De acordo com o TRE-MG, Reinaldo protocolou na ocasião uma reclamação na Polícia Federal, em Varginha (Sul de Minas, mesma região de Extrema), que encaminhou ao Ministério Público - “que, por sua vez, não viu indício de irregularidade e pediu arquivamento do caso. O Juiz Eleitoral então o arquivou”. 

A postagem do vídeo no Facebook foi feita no dia 17 de setembro, e na manhã do dia 26 já passava dos 29 mil compartilhamentos e 1,5 mil comentários. O pedido de verificação foi enviado pelo WhatsApp do Comprova. Recebeu algum conteúdo duvidoso sobre as eleições presidenciais e quer sugerir uma verificação? <a target=""blank"" href=""https://api.whatsapp.com/send?l=pt_pt&phone=5511977950022&text=Eu%20tenho%20uma%20pergunta"" rel=""noopener noreferrer"">Mande uma mensagem</a> para o WhatsApp do Comprova (11) 97795-0022 .",,"1970-01-01 00:00:00",archived-answer,https://projetocomprova.com.br/post/re_2b5w8xbyqe2b/,https://projetocomprova.com.br/wp-content/uploads/2018/09/tgPa9bSQzOrLrTVIPqvu-2.jpg,tgPa9bSQzOrLrTVIPqvu,,,,https://projetocomprova.com.br/wp-content/uploads/2018/09/tgPa9bSQzOrLrTVIPqvu-2.jpg,,,,"a:3:{s:3:""loc"";s:84:""https://projetocomprova.com.br/wp-content/uploads/2018/09/tgPa9bSQzOrLrTVIPqvu-2.jpg"";s:5:""title"";s:20:""tgPa9bSQzOrLrTVIPqvu"";s:7:""caption"";s:0:"""";}|a:3:{s:3:""loc"";s:84:""https://projetocomprova.com.br/wp-content/uploads/2018/09/tgPa9bSQzOrLrTVIPqvu-2.jpg"";s:5:""title"";s:20:""tgPa9bSQzOrLrTVIPqvu"";s:7:""caption"";s:0:"""";}|a:3:{s:3:""loc"";s:84:""https://projetocomprova.com.br/wp-content/uploads/2018/09/tgPa9bSQzOrLrTVIPqvu-2.jpg"";s:5:""title"";s:20:""tgPa9bSQzOrLrTVIPqvu"";s:7:""caption"";s:0:"""";}",,,,,,,,,,,,,,,,publish,1,lunar_admin,oli@lunar.build,,,re_2b5w8xbyqe2b,,,0,0,0,closed,closed,"1970-01-01 00:00:00",jornal-do-commercio,gauchazh|sbt|correio-do-povo|nsc-comunicacao|poder360|uol|jornal-do-commercio,red,,,,,,,,,,,,,,,
3504,"Frase sobre fim do cristianismo é de John Lennon, e não de Manuela D'Ávila","Não é verdade que Manuela D’Ávila (PcdoB), candidata a vice-presidente na chapa de Fernando Haddad (PT), afirmou que o cristianismo vai desaparecer e que “nós somos mais populares do que Jesus Cristo neste momento”. A declaração que aparece em uma montagem postada no Facebook foi dada, na verdade, por John Lennon, referindo-se aos Beatles, no dia 4 de março de 1966.

Trata-se de uma das mais famosas e polêmicas declarações de Lennon. Ele fez a afirmação em uma entrevista ao jornal inglês The Evening Standard durante o auge da Beatlemania, a idolatria pela banda inglesa de rock. Responsável pela entrevista, a jornalista Maureen Cleave comentou a história em <a target=""blank"" href=""https://www.telegraph.co.uk/culture/music/rockandjazzmusic/3646983/The-John-Lennon-I-knew.html"" rel=""noopener noreferrer"">artigo publicado em 2005</a> no jornal The Telegraph.

Em 2010, 40 anos depois do fim dos Beatles, o L'Osservatore Romano, jornal oficial da Santa Sé, <a target=""blank"" href=""http://rollingstone.uol.com.br/noticia/vaticano-perdoa-beatles-por-afirmacao-de-que-grupo-e-mais-popular-que-jesus/"" rel=""noopener noreferrer"">publicou uma reportagem</a> elogiando o grupo. ""Eles até chegaram a dizer que eram mais populares que Jesus. Mas, ouvindo suas músicas, tudo isso parece distante e insignificante"", disseram Giuseppe Fiorentino e Gaetano Vallini no artigo.

A polêmica afirmação fez parte de um argumento maior do beatle. O contexto original da declaração era o seguinte: “O cristianismo vai desaparecer. Não preciso argumentar isso; estou certo e isso será provado. Somos [os Beatles] mais famosos que Jesus; eu não sei o que morrerá primeiro - o rock ou o cristianismo. Jesus era legal, mas seus discípulos eram toscos e ordinários. Para mim o que estraga tudo são eles deturpando as coisas”.

O projeto Comprova procurou no Google e no YouTube por eventuais declarações de Manuela que pudessem se assemelhar à fala de Lennon e nada encontrou.

Em <a target=""blank"" href=""https://www.lula.com.br/combata-fake-news-manuela-nunca-falou-mal-do-cristianismo/"" rel=""noopener noreferrer"">nota</a> emitida nesta sexta-feira, 5 de outubro, a coligação de Haddad e Manuela desmentiu a montagem postada no Facebook. A campanha afirma que a candidata, que se declara cristã, jamais falou tal frase. “Sou cristã e defendo e pratico o mais absoluto respeito com todas as religiões”, diz Manuela.

Publicada na manhã de quinta-feira, 4 de outubro, a postagem feita por um perfil que manifesta apoio ao candidato Jair Bolsonaro (PSL) tinha 89 mil compartilhamentos até as 15h desta sexta.",,"1970-01-01 00:00:00",archived-answer,https://projetocomprova.com.br/post/re_2b5w8xbppkeb/,https://projetocomprova.com.br/wp-content/uploads/2018/10/sMCGMWZzRDqGJGwHe7Vt-2.jpg,sMCGMWZzRDqGJGwHe7Vt,,,,https://projetocomprova.com.br/wp-content/uploads/2018/10/sMCGMWZzRDqGJGwHe7Vt-2.jpg,,,,"a:3:{s:3:""loc"";s:84:""https://projetocomprova.com.br/wp-content/uploads/2018/10/sMCGMWZzRDqGJGwHe7Vt-2.jpg"";s:5:""title"";s:20:""sMCGMWZzRDqGJGwHe7Vt"";s:7:""caption"";s:0:"""";}|a:3:{s:3:""loc"";s:84:""https://projetocomprova.com.br/wp-content/uploads/2018/10/sMCGMWZzRDqGJGwHe7Vt-2.jpg"";s:5:""title"";s:20:""sMCGMWZzRDqGJGwHe7Vt"";s:7:""caption"";s:0:"""";}|a:3:{s:3:""loc"";s:84:""https://projetocomprova.com.br/wp-content/uploads/2018/10/sMCGMWZzRDqGJGwHe7Vt-2.jpg"";s:5:""title"";s:20:""sMCGMWZzRDqGJGwHe7Vt"";s:7:""caption"";s:0:"""";}",,,,,,,,,,,,,,,,publish,1,lunar_admin,oli@lunar.build,,,re_2b5w8xbppkeb,,,0,0,0,closed,closed,"1970-01-01 00:00:00",uol|afp,nsc-comunicacao|correio-do-povo|sbt|jornal-do-commercio|revista-piaui|poder360|uol,red,,,,,,,,,,,,,,,
3506,"Uso de camiseta com inscrição de candidato não anula voto","Estão circulando no WhatsApp dois textos que pedem que eleitores do presidenciável Jair Bolsonaro (PSL) não usem camisetas com a identificação do candidato no dia da votação, sob o risco de terem seus votos anulados. As mensagens têm sido compartilhadas desde a sexta-feira, 5 de outubro, quando o Tribunal Superior Eleitoral (TSE) <a target=""blank"" href=""http://www.justicaeleitoral.jus.br/arquivos/sintese-da-recomendacao-do-tse-sobre-uso-de-camisetas-de-candidatos-no-dia-da-eleicao"" rel=""noopener noreferrer"">anunciou</a> que o uso de camisetas de candidatos está liberado nessas eleições.  

“Não vá votar com camiseta amarela ou de outra cor qualquer que possa lhe identificar como ‘bolsonariano’, pois logo que você votar os mesários podem colocar o n° 17 do lado da sua assinatura de quem votou no Bolsonaro (sic) e assim anular o voto”, diz o texto. Além de não haver indícios de que os mesários estariam se articulando para “anular” os votos dos eleitores do candidato do PSL, a inclusão do número na assinatura é crime, passível de prisão e multa, mas não gera a anulação do voto.

É o que diz o <a target=""blank"" href=""http://www.planalto.gov.br/ccivil_03/leis/L4737compilado.htm"" rel=""noopener noreferrer"">Artigo 350 do Código Eleitoral</a>: “Omitir, em documento público ou particular, declaração que dele devia constar, ou nele inserir ou fazer inserir declaração falsa ou diversa da que devia ser escrita, para fins eleitorais. Pena: reclusão até cinco anos e pagamento de 5 a 15 dias-multa, se o documento é público, e reclusão até três anos e pagamento de 3 a 10 dias-multa se o documento é particular”.

O trecho ainda afirma que “se o agente da falsidade documental é funcionário público e comete o crime prevalecendo-se do cargo ou se a falsificação ou alteração é de assentamentos de registro civil, a pena é agravada”.

Esse boato é, na verdade, o desenvolvimento de outro, <a target=""blank"" href=""https://projetocomprova.com.br/post/re_2B5W8XbPEEEN"" rel=""noopener noreferrer"">desmentido</a> pelo Comprova no dia 20 de agosto , em que um vereador do interior de São Paulo gravou um vídeo pedindo para que os eleitores de Bolsonaro colocassem o número 17 ao lado da sua assinatura, como forma de confrontar os votos computar nas urnas eletrônicas. À época, o Comprova esclareceu que falsificar assinatura poderia levar à prisão.

A outra mensagem afirma que “quando tiver três ou quatro (eleitores) com a camisa do Bolsonaro na fila (de votação), vai sair o presidente da seção que pode ser um esquerdista, chamar a polícia e os acusar de fazer boca de urna, com isso os votos dos trouxas são anulados na hora”. 

A “manifestação individual e silenciosa” do eleitor, através do uso da camiseta, porém, não é punível. A recomendação do TSE esclarece que só são considerados crimes a “aglomeração de pessoas portando vestuário padronizado”, “caracterização de manifestação coletiva e/ou ruidosa”, “abordagem, aliciamento, utilização de métodos de persuasão ou convencimento” e “ distribuição de camisetas”.",,"1970-01-01 00:00:00",archived-answer,https://projetocomprova.com.br/post/re_2b5w8xnxjblz/,https://projetocomprova.com.br/wp-content/uploads/2018/10/ScMw2xcbQliRzKEEJI3t-2.jpg,ScMw2xcbQliRzKEEJI3t,,,,https://projetocomprova.com.br/wp-content/uploads/2018/10/ScMw2xcbQliRzKEEJI3t-2.jpg,,,,"a:3:{s:3:""loc"";s:84:""https://projetocomprova.com.br/wp-content/uploads/2018/10/ScMw2xcbQliRzKEEJI3t-2.jpg"";s:5:""title"";s:20:""ScMw2xcbQliRzKEEJI3t"";s:7:""caption"";s:0:"""";}|a:3:{s:3:""loc"";s:84:""https://projetocomprova.com.br/wp-content/uploads/2018/10/ScMw2xcbQliRzKEEJI3t-2.jpg"";s:5:""title"";s:20:""ScMw2xcbQliRzKEEJI3t"";s:7:""caption"";s:0:"""";}|a:3:{s:3:""loc"";s:84:""https://projetocomprova.com.br/wp-content/uploads/2018/10/ScMw2xcbQliRzKEEJI3t-2.jpg"";s:5:""title"";s:20:""ScMw2xcbQliRzKEEJI3t"";s:7:""caption"";s:0:"""";}",,,,,,,,,,,,,,,,publish,1,lunar_admin,oli@lunar.build,,,re_2b5w8xnxjblz,,,0,0,0,closed,closed,"1970-01-01 00:00:00",1506,sbt|nsc-comunicacao|jornal-do-commercio|uol|revista-piaui,red,,,,,,,,,,,,,,,
3508,"Post com propostas atribuídas a Bolsonaro mistura informações falsas e verdadeiras","Uma lista de oito “propostas” atribuídas ao candidato à presidência da República Jair Bolsonaro (PSL), amplamente repercutida no Twitter, mistura informações falsas e enganosas a outras verdadeiras ou ambíguas a respeito do que o presidenciável de fato pensa e propõe. 

O tuíte elenca como proposições do candidato o ""fim do 13º e férias"", ""redução da licença maternidade"", ""Imposto de Renda igual pra ricos e pobres"", ""volta da CPMF"", ""fim do Bolsa Família e projetos sociais"", ""entrega da Petrobras, Banco do Brasil e Caixa para americanos"", ""mais armas em circulação"" e ""teto de gastos com saúde e educação"".

Para verificar se os itens acima compõem ou não o conjunto de ideias que o candidato pretende implementar, caso seja eleito, o Comprova analisou seu plano de governo e consultou entrevistas concedidas por ele e por aliados sobre temas propostos para o país. Dentre o total, seis pontos são falsos.

A informação de que o presidenciável quer o fim do 13º salário e das férias remuneradas é baseada em declarações do seu companheiro de chapa e candidato a vice-presidente, general Hamilton Mourão (PRTB), que já criticou os dois direitos trabalhistas, classificando-os como “<a target=""blank"" href=""https://www1.folha.uol.com.br/poder/2018/09/vice-de-bolsonaro-mourao-critica-13o-salario-e-fala-em-reforma-trabalhista-seria.shtml"" rel=""noopener noreferrer"">jabuticabas brasileiras</a>”. A fala gerou atritos na campanha e levou Bolsonaro a <a target=""blank"" href=""https://twitter.com/jairbolsonaro/status/1045358429047590913"" rel=""noopener noreferrer"">desautorizar publicamente</a> Mourão, afirmando que criticar o 13º salário é uma “ofensa a quem trabalha”. Além disso, o tema não aparece no plano de governo dessa candidatura. Dias depois da bronca de Bolsonaro, no entanto, o general Mourão <a target=""blank"" href=""https://politica.estadao.com.br/noticias/eleicoes,general-mourao-volta-a-criticar-13-salario-todos-saimos-prejudicados,70002529661"" rel=""noopener noreferrer"">voltou a criticar a existência do 13º</a>.

O candidato também desautorizou seu economista, Paulo Guedes, após ele, em conversa com investidores, em 19 de setembro, <a target=""blank"" href=""https://www1.folha.uol.com.br/colunas/monicabergamo/2018/09/assessor-economico-de-bolsonaro-quer-recriar-imposto-nos-moldes-da-cpmf.shtml"" rel=""noopener noreferrer"">sugerir um novo imposto</a> nos moldes da CPMF (Contribuição Provisória sobre Movimentação Financeira) e o estabelecimento de alíquota única de Imposto de Renda, de 20%, para pessoas físicas e jurídicas. Sobre o tema, o candidato do PSL esclareceu, no Twitter: “Ignorem essas notícias mal intencionadas dizendo que pretendemos recriar a CPMF. Não procede”.

Sobre o IR, Bolsonaro, em <a target=""blank"" href=""https://g1.globo.com/politica/eleicoes/2018/noticia/2018/09/24/bolsonaro-diz-que-se-eleito-nao-havera-espaco-para-indicacoes-politicas-nos-ministerios.ghtml"" rel=""noopener noreferrer"">entrevista</a> concedida no dia 24 de setembro, defendeu a isenção para aqueles que recebem até cinco salários mínimos (R$ 4,7 mil - hoje, é isento quem ganha menos de dois, R$ 1,9 mil), mas uma alíquota única de 20% para aqueles com renda acima do patamar. 

Nesta campanha presidencial, o candidato não incluiu em seu plano de governo nem mencionou em entrevistas ideias para rever o período de licença-maternidade, mas já o fez em ocasiões anteriores. Ele criticou esse  direito em 1993, segundo uma <a target=""blank"" href=""https://veja.abril.com.br/politica/bolsonaro-defendeu-reducao-da-licenca-maternidade/"" rel=""noopener noreferrer"">reportagem da revista Veja</a>, e em uma declaração dele em <a target=""blank"" href=""https://gauchazh.clicrbs.com.br/politica/noticia/2014/12/bolsonaro-diz-que-nao-teme-processos-e-faz-nova-ofensa-nao-merece-ser-estuprada-porque-e-muito-feia-cjkf8rj3x00cc01pi3kz6nu2e.html"" rel=""noopener noreferrer"">entrevista</a> concedida ao jornal Zero Hora em 2014.

“A mulher luta muito por direitos iguais, legal, tudo bem. Mas eu tenho pena do empresário no Brasil, porque é uma desgraça você ser patrão no nosso país, com tantos direitos trabalhistas. Entre um homem e uma mulher jovem, o que o empresário pensa? ‘Poxa, essa mulher tá com aliança no dedo, daqui a pouco engravida, seis meses de licença-maternidade’. (...) Quem que vai pagar a conta? O empregador. No final, ele abate no INSS, mas quebrou o ritmo de trabalho. Quando ela voltar, vai ter mais um mês de férias, ou seja, ela trabalhou cinco meses em um ano”, afirmou Bolsonaro na época.

Quem <a target=""blank"" href=""https://noticias.uol.com.br/politica/eleicoes/2018/noticias/2018/10/03/presidente-do-clube-militar-defende-fusao-de-estados-que-produzem-pouco.htm"" rel=""noopener noreferrer"">defendeu</a> recentemente a redução da licença-maternidade foi o Clube Militar, que congrega oficiais das Forças Armadas, e cujo presidente licenciado é o general Hamilton Mourão, vice-de Bolsonaro.

A informação de que o candidato pretende encerrar o programa Bolsa Família e projetos sociais é falsa. O plano de governo dele propõe “a modernização e aprimoramento” do benefício e fala em “instituir uma renda mínima para todas as famílias brasileiras”. É verdade, porém, que o político era um crítico do programa. Em 2011, <a target=""blank"" href=""https://oglobo.globo.com/brasil/apos-criticar-bolsonaro-agora-defende-bolsa-familia-22753361"" rel=""noopener noreferrer"">disse</a> que “Bolsa Família nada mais é do que um projeto para tirar dinheiro de quem produz e dá-lo a quem se acomoda”. 

Da mesma forma, o candidato não propõe entregar bancos públicos e Petrobras “para americanos”. 

Jair Bolsonaro é a favor de privatizações, mas já descartou, em entrevistas, vender o Banco do Brasil e a Caixa Econômica Federal. Quanto à Petrobras, ele já se <a target""blank"" href=""https://g1.globo.com/politica/eleicoes/2018/noticia/2018/08/04/jair-bolsonaro-diz-que-se-eleito-pode-privatizar-petrobras-se-nao-tiver-solucao.ghtml"">declarou disposto a  privatizá-la</a> “se não tiver uma solução”, mas alterou o posicionamento e falou em privatizar <a target=""blank"" href=""https://extra.globo.com/noticias/brasil/bolsonaro-fala-em-privatizar-100-estatais-mas-poupa-bb-caixa-miolo-da-petrobras-23039717.html"" rel=""noopener noreferrer"">apenas um “miolo”</a> da petrolífera.

Duas das propostas listadas pelo tweet em questão são baseadas em declarações verdadeiras e não ambíguas: o interesse na ampliação do acesso a armas e a aprovação do <a target=""blank"" href=""https://politica.estadao.com.br/noticias/eleicoes,assessor-economico-de-bolsonaro-defende-programa-de-desestatizacao-e-regime-de-teto-de-gastos,70002506514"" rel=""noopener noreferrer"">teto de gastos</a>. Bolsonaro planeja “reformular” o Estatuto do Desarmamento. Já chegou a <a target=""blank"" href=""https://www.em.com.br/app/noticia/politica/2018/08/27/interna_politica,983684/saiba-o-que-os-candidatos-a-presidencia-pensam-sobre-porte-de-armas.shtml"" rel=""noopener noreferrer"">declarar</a> que “o cidadão armado é a primeira linha de defesa”. A proposta consta no seu plano de governo.

Deputado federal, ele votou a favor, no <a target""blank"" href=""http://www.camara.leg.br/internet/votacao/mostraVotacao.asp?ideVotacao=7214&numLegislatura=55&codCasa=1&numSessaoLegislativa=2&indTipoSessaoLegislativa=O&numSessao=251&indTipoSessao=E&tipo=uf"">primeiro</a> e no <a target""blank"" href=""http://www.camara.leg.br/internet/votacao/mostraVotacao.asp?ideVotacao=7252&numLegislatura=55&codCasa=1&numSessaoLegislativa=2&indTipoSessaoLegislativa=O&numSessao=274&indTipoSessao=E&tipo=uf"">segundo turno</a>, da proposta que limitou à inflação o crescimento de gastos públicos. A <a target""blank"" href=""http://www.planalto.gov.br/ccivil_03/constituicao/Emendas/Emc/emc95.htm"">Emenda nº 95/2016</a>, porém, permite que gastos com educação e saúde subam <a target=""blank"" href=""https://g1.globo.com/economia/noticia/com-regra-do-teto-gastos-publicos-poderao-subir-ate-3-em-2018.ghtml"" rel=""noopener noreferrer"">acima da inflação</a>, desde que haja compensação com redução em outras áreas.

Há versões da peça enganosa no Facebook, mas a publicação de maior repercussão está no Twitter. Postado às 8h15 de quinta-feira, dia 4 de outubro, o tuíte viralizou nas 24 horas seguintes e alcançou 1.603 respostas, 6.652 retuítes e 16.144 curtidas.",,"1970-01-01 00:00:00",archived-answer,https://projetocomprova.com.br/post/re_2b5w8xnd27mz/,https://projetocomprova.com.br/wp-content/uploads/2018/10/SkrOr9BnSma9qMeG8T9x-2.jpg,SkrOr9BnSma9qMeG8T9x,,,,https://projetocomprova.com.br/wp-content/uploads/2018/10/SkrOr9BnSma9qMeG8T9x-2.jpg,,,,"a:3:{s:3:""loc"";s:84:""https://projetocomprova.com.br/wp-content/uploads/2018/10/SkrOr9BnSma9qMeG8T9x-2.jpg"";s:5:""title"";s:20:""SkrOr9BnSma9qMeG8T9x"";s:7:""caption"";s:0:"""";}|a:3:{s:3:""loc"";s:84:""https://projetocomprova.com.br/wp-content/uploads/2018/10/SkrOr9BnSma9qMeG8T9x-2.jpg"";s:5:""title"";s:20:""SkrOr9BnSma9qMeG8T9x"";s:7:""caption"";s:0:"""";}|a:3:{s:3:""loc"";s:84:""https://projetocomprova.com.br/wp-content/uploads/2018/10/SkrOr9BnSma9qMeG8T9x-2.jpg"";s:5:""title"";s:20:""SkrOr9BnSma9qMeG8T9x"";s:7:""caption"";s:0:"""";}",,,,,,,,,,,,,,,,publish,1,lunar_admin,oli@lunar.build,,,re_2b5w8xnd27mz,,,0,0,0,closed,closed,"1970-01-01 00:00:00",,nsc-comunicacao|sbt|jornal-do-commercio|uol|poder360,red,,,,,,,,,,,,,,,
3510,"PF não apreendeu van com urnas eletrônicas adulteradas","É falso que a Polícia Federal (PF) tenha feito uma apreensão de uma van com urnas eletrônicas adulteradas e que a Rede Record tenha noticiado isso, como indica uma mensagem que passou a circular no WhatsApp.

O boato afirma que, dos 152 equipamentos que teriam sido confiscados, 121 estariam “preenchidas com voto para o Haddad com pelo menos 72% dos votos”. 

Procurada, a PF informou que não há registro de uma ocorrência do tipo. No <a target=""blank"" href=""http://www.pf.gov.br/agencia/noticias"" rel=""noopener noreferrer"">site da instituição</a>, também não existe qualquer referência a recolhimento de urnas eletrônicas.

Buscas no site da <a target=""blank"" href=""http://recordtv.r7.com/?s=urnas"" rel=""noopener noreferrer"">Record TV</a> e no <a target=""blank"" href=""https://busca.r7.com/?q=urna"" rel=""noopener noreferrer"">portal R7</a> não indicam nenhuma matéria recente sobre apreensão de urnas eletrônicas. Outros veículos de imprensa também não reportaram nenhum caso como o descrito na corrente. 

O site <a target=""blank"" href=""http://www.e-farsas.com/a-policia-federal-prendeu-van-com-152-urnas-eletronicas-com-votos-para-o-haddad.html"" rel=""noopener noreferrer"">E-farsas</a> e a <a target=""blank"" href=""https://www.lula.com.br/combata-fake-news-nao-houve-apreensao-de-urnas-nem-noticia-na-tv-record/"" rel=""noopener noreferrer"">campanha do PT</a> também desmentiram essa peça de informação. ",,"1970-01-01 00:00:00",archived-answer,https://projetocomprova.com.br/post/re_2b5w8xyj0emb/,https://projetocomprova.com.br/wp-content/uploads/2018/10/3BAglHhKSAGAngi4PmYh-2.png,3BAglHhKSAGAngi4PmYh,,,,https://projetocomprova.com.br/wp-content/uploads/2018/10/3BAglHhKSAGAngi4PmYh-2.png,,,,"a:3:{s:3:""loc"";s:84:""https://projetocomprova.com.br/wp-content/uploads/2018/10/3BAglHhKSAGAngi4PmYh-2.png"";s:5:""title"";s:20:""3BAglHhKSAGAngi4PmYh"";s:7:""caption"";s:0:"""";}|a:3:{s:3:""loc"";s:84:""https://projetocomprova.com.br/wp-content/uploads/2018/10/3BAglHhKSAGAngi4PmYh-2.png"";s:5:""title"";s:20:""3BAglHhKSAGAngi4PmYh"";s:7:""caption"";s:0:"""";}|a:3:{s:3:""loc"";s:84:""https://projetocomprova.com.br/wp-content/uploads/2018/10/3BAglHhKSAGAngi4PmYh-2.png"";s:5:""title"";s:20:""3BAglHhKSAGAngi4PmYh"";s:7:""caption"";s:0:"""";}",,,,,,,,,,,,,,,,publish,1,lunar_admin,oli@lunar.build,,,re_2b5w8xyj0emb,,,0,0,0,closed,closed,"1970-01-01 00:00:00",estadao,nsc-comunicacao|jornal-do-commercio|poder360|sbt|correio-do-povo|uol|revista-piaui,red,,,,,,,,,,,,,,,
3512,"Não é verdade que manifestantes ficaram nus em protesto contra Bolsonaro","Não houve manifestação com pessoas peladas na Universidade Federal de Minas Gerais (UFMG). Uma foto que viralizou no Facebook com a legenda “vejam como o pessoal do campus da UFMG tirou a manhã de hoje para protestar contra o Bolsonaro” foi, na verdade, tirada em Melbourne, na Austrália, há quase 17 anos.

Para encontrar a foto original, basta utilizar uma ferramenta de busca reversa de imagem. No Google Imagens, por exemplo, o usuário pode carregar uma imagem ou pesquisar pelo link da foto. Os resultados mostram os sites em que aquela imagem aparece.

Ao buscar a foto que viralizou no Facebook, é fácil comprovar que a reunião de pessoas peladas ocorreu no dia 7 de outubro de 2001. Segundo informou o jornal australiano <a target=""blank"" href=""https://www.dailytelegraph.com.au/news/image-gallery/012b6d85ba2e1818bffd7ac08d400e2a?sv=4c5c9b4f3409e3d67255a791fef124e3"" rel=""noopener noreferrer"">The Daily Telegraph</a>, trata-se da sessão de fotos “Naked City” (Cidade Nua, em inglês) para o artista Spencer Tunick. Ele é conhecido por tirar fotografias de grandes aglomerações de corpos nus.

A UFMG também negou, por meio de nota, que a foto seja de uma manifestação em seu campus. A universidade comunicou que lamenta que “o espaço intermidiático da cultura em rede esteja sendo povoado de inverdades”. No dia 29 de setembro, quando milhares foram às ruas para as manifestações #elenão, um evento no Facebook convocava pessoas para uma <a target=""blank"" href=""https://www.facebook.com/events/709058752794219/"" rel=""noopener noreferrer"">concentração “pré-ato”</a> na Faculdade de Direito e Ciências do Estado da UFMG. <a target=""blank"" href=""https://www.facebook.com/pg/CAFCAUFMG/photos/?ref=page_internal"" rel=""noopener noreferrer"">Fotos publicadas</a> pelo Centro Acadêmico de Filosofia mostram que não houve protesto com pessoas nuas.

A foto enganosa publicada pelo usuário Mauro Alvim foi compartilhada 53,9 mil vezes entre os dias 4 e 5 de outubro no Facebook.",,"1970-01-01 00:00:00",archived-answer,https://projetocomprova.com.br/post/re_2b5w8xnp7egb/,https://projetocomprova.com.br/wp-content/uploads/2018/10/lr2PiT5WTVKaTIbhyjaA-2.jpg,lr2PiT5WTVKaTIbhyjaA,,,,https://projetocomprova.com.br/wp-content/uploads/2018/10/lr2PiT5WTVKaTIbhyjaA-2.jpg,,,,"a:3:{s:3:""loc"";s:84:""https://projetocomprova.com.br/wp-content/uploads/2018/10/lr2PiT5WTVKaTIbhyjaA-2.jpg"";s:5:""title"";s:20:""lr2PiT5WTVKaTIbhyjaA"";s:7:""caption"";s:0:"""";}|a:3:{s:3:""loc"";s:84:""https://projetocomprova.com.br/wp-content/uploads/2018/10/lr2PiT5WTVKaTIbhyjaA-2.jpg"";s:5:""title"";s:20:""lr2PiT5WTVKaTIbhyjaA"";s:7:""caption"";s:0:"""";}|a:3:{s:3:""loc"";s:84:""https://projetocomprova.com.br/wp-content/uploads/2018/10/lr2PiT5WTVKaTIbhyjaA-2.jpg"";s:5:""title"";s:20:""lr2PiT5WTVKaTIbhyjaA"";s:7:""caption"";s:0:"""";}",,,,,,,,,,,,,,,,publish,1,lunar_admin,oli@lunar.build,,,re_2b5w8xnp7egb,,,0,0,0,closed,closed,"1970-01-01 00:00:00",estadao|1506,afp|nsc-comunicacao|poder360|correio-do-povo|sbt|jornal-do-commercio|revista-piaui|uol,red,,,,,,,,,,,,,,,
3514,"General Mourão não propôs o confisco da poupança","É falsa a informação de que o general Hamilton Mourão (PRTB), candidato a vice-presidente de Jair Bolsonaro (PSL), propõe o confisco da poupança caso a chapa vença a eleição deste ano.

O boato se espalhou depois de o “Blog da Cidadania” publicar no último dia 28 de setembro um texto que reproduz, com o título errado, uma reportagem do dia anterior feita pela “Folha de S. Paulo” sobre uma palestra de Mourão na Câmara dos Dirigentes Lojistas de Uruguaiana (RS).

A <a target=""blank""href=""https://www1.folha.uol.com.br/poder/2018/09/mourao-propoe-renegociar-os-juros-da-divida-do-governo.shtml"" rel=""noopener noreferrer"">reportagem da Folha</a> tem o título “Mourão propõe renegociar os juros da dívida do governo” e não faz nenhuma menção à poupança. No entanto, o “Blog da Cidadania” publicou a reportagem mudando o título para “Mourão também propõe o confisco da poupança” sem que o próprio texto do blog apresentasse a suposta proposta do general.

O projeto Comprova fez buscas no Google e no YouTube com as palavras “Mourão”, “poupança” e “confisco” e não encontrou nada que confirmasse a suposta declaração do candidato a vice-presidente.

No <a target=""blank"" href=""http://divulgacandcontas.tse.jus.br/candidaturas/oficial/2018/BR/BR/2022802018/280000614517//proposta_1534284632231.pdf"" rel=""noopener noreferrer"">plano de governo de Bolsonaro</a>, a palavra “poupança” é citada somente uma vez e com o sentido oposto ao do boato. O trecho diz o seguinte: “Seu celular, seu relógio, sua poupança, sua casa, sua moto, seu carro, sua terra são os frutos de seu trabalho e de suas escolhas! São sagrados e não podem ser roubados, invadidos ou expropriados!”.

A assessoria de imprensa de Mourão afirmou, por telefone, ao Comprova que o general nunca deu qualquer declaração sobre confisco de poupança.

Posts no Twitter fazendo menção ao boato tiveram mais de mil retuítes. O material chegou a ser tuitado nesta quarta-feira, 3 de outubro, pelo deputado federal Henrique Fontana (PT-RS). No Facebook, a postagem do “Blog da Cidadania” com o falso título teve 1.500 compartilhamentos. 

O Comprova também já <a target=""blank"" href=""https://projetocomprova.com.br/post/re_2B5W8XN3KovN"" rel=""noopener noreferrer"">verificou e desmentiu</a> um boato que atribuía ao PT e ao candidato Ciro Gomes (PDT) a intenção de confiscar a poupança.
",,"1970-01-01 00:00:00",archived-answer,https://projetocomprova.com.br/post/re_2b5w8xzva7qy/,https://projetocomprova.com.br/wp-content/uploads/2018/10/GyII1zuvQnWGjQ1z3hqr-2.png,GyII1zuvQnWGjQ1z3hqr,,,,https://projetocomprova.com.br/wp-content/uploads/2018/10/GyII1zuvQnWGjQ1z3hqr-2.png,,,,"a:3:{s:3:""loc"";s:84:""https://projetocomprova.com.br/wp-content/uploads/2018/10/GyII1zuvQnWGjQ1z3hqr-2.png"";s:5:""title"";s:20:""GyII1zuvQnWGjQ1z3hqr"";s:7:""caption"";s:0:"""";}|a:3:{s:3:""loc"";s:84:""https://projetocomprova.com.br/wp-content/uploads/2018/10/GyII1zuvQnWGjQ1z3hqr-2.png"";s:5:""title"";s:20:""GyII1zuvQnWGjQ1z3hqr"";s:7:""caption"";s:0:"""";}|a:3:{s:3:""loc"";s:84:""https://projetocomprova.com.br/wp-content/uploads/2018/10/GyII1zuvQnWGjQ1z3hqr-2.png"";s:5:""title"";s:20:""GyII1zuvQnWGjQ1z3hqr"";s:7:""caption"";s:0:"""";}",,,,,,,,,,,,,,,,publish,1,lunar_admin,oli@lunar.build,,,re_2b5w8xzva7qy,,,0,0,0,closed,closed,"1970-01-01 00:00:00",uol,correio-do-povo|jornal-do-commercio|sbt|nsc-comunicacao|poder360|uol,red,,,,,,,,,,,,,,,
3516,"Livro infantil que trata de incesto não foi distribuído pelo MEC na gestão Haddad","É enganosa postagem de vídeo que circula nas redes sociais que diz que o candidato Fernando Haddad (PT) disponibilizou um livro que trata do tema incesto para crianças durante a gestão dele no Ministério da Educação (MEC). O exemplar ""Enquanto o sono não vem"" foi selecionado pelo órgão em 2014, período em que Henrique Paim comandava o ministério. Nesta época, Haddad <a target=""blank"" href=""https://www1.folha.uol.com.br/cotidiano/2016/12/1846051-conheca-todos-os-ex-prefeitos-de-sao-paulo-joao-doria-sera-62-na-cidade.shtml"" rel=""noopener noreferrer"">era prefeito</a> de São Paulo.
 
A obra reúne textos de diferentes gêneros de tradição oral popular. O romance –neste caso, refere-se a um gênero literário específico, ou seja, uma composição poética popular com origem na tradição oral– “A triste história de Eredegalda” conta a história de um rei que sugere a ideia de se casar com uma de suas filhas, que acaba morrendo no fim da história.
 
Na época da polêmica, o livro foi avaliado por uma equipe composta por doutores e mestres especialistas do Centro de Alfabetização, Leitura e Escrita (Ceale) da Faculdade de Educação da Universidade Federal de Minas Gerais (UFMG).
 
Em <a target=""blank"" href=""http://www.ceale.fae.ufmg.br/app/webroot/files/uploads/Random/Nota%20t%C3%A9cnica%20livro%20Enquanto%20o%20sono%20n%C3%A3o%20vem.pdf"" rel=""noopener noreferrer"">nota</a>, o Ceale afirmou que ""o fato de uma obra tematizar incesto, como é o caso de 'A triste história de Eredegalda', não quer dizer que faça apologia do incesto"". Segundo o órgão, o conto tematiza e condena o estupro ""ao expor o drama e o sacrifício daquela que poderia ter sido sua vítima"".
 
O texto enganoso está sendo replicado junto a uma <a target=""blank"" href=""https://g1.globo.com/espirito-santo/noticia/livro-infantil-que-sugere-casamento-entre-pai-e-filha-e-retirado-de-escolas-no-es.ghtml"" rel=""noopener noreferrer"">reportagem do ESTV</a>, da TV Gazeta, afiliada da Globo no Espírito Santo. A notícia, de junho de 2017, relata que o livro foi retirado de escolas por prefeituras do Espírito Santo após diversos professores e pais não concordarem com a história.
 
Após a polêmica, o então ministro da Educação Mendonça Filho <a target=""blank"" href=""http://portal.mec.gov.br/ultimas-noticias/211-218175739/50011-mec-recolhe-das-escolas-o-livro-enquanto-o-sono-nao-vem"" rel=""noopener noreferrer"">decidiu</a> recolher os 93 mil exemplares do livro distribuídos pelo Programa de Alfabetização na Idade Certa (Pnaic) para alunos de primeiro, segundo e terceiro anos do ensino fundamental das escolas públicas.
 
Em nota divulgada na época, o MEC disse que o exemplar foi selecionado em novembro de 2014, durante o governo de Dilma Rousseff (PT). Nesse período, o <a target=""blank"" href=""http://portal.mec.gov.br/institucional/galeria-de-ministros"" rel=""noopener noreferrer"">ministro à frente do órgão</a> era Henrique Paim e não Fernando Haddad como diz a descrição do post enganoso. Haddad foi ministro da Educação de 29 de junho de 2005 a 24 de janeiro 2012.
 
Esta verificação foi sugerida por leitores do Comprova por meio do WhatsApp. Versões desta postagem também circulam no Facebook. Uma delas, por exemplo, publicada por Roberto Dias, obteve 3,5 mil visualizações até a manhã desta quinta-feira, 4 de outubro de 2018.",,"1970-01-01 00:00:00",archived-answer,https://projetocomprova.com.br/post/re_2b5w8xbvxl2y/,https://projetocomprova.com.br/wp-content/uploads/2018/10/S2mDq5BOQeH96lGc9Bwk-2.png,S2mDq5BOQeH96lGc9Bwk,,,,https://projetocomprova.com.br/wp-content/uploads/2018/10/S2mDq5BOQeH96lGc9Bwk-2.png,,,,"a:3:{s:3:""loc"";s:84:""https://projetocomprova.com.br/wp-content/uploads/2018/10/S2mDq5BOQeH96lGc9Bwk-2.png"";s:5:""title"";s:20:""S2mDq5BOQeH96lGc9Bwk"";s:7:""caption"";s:0:"""";}|a:3:{s:3:""loc"";s:84:""https://projetocomprova.com.br/wp-content/uploads/2018/10/S2mDq5BOQeH96lGc9Bwk-2.png"";s:5:""title"";s:20:""S2mDq5BOQeH96lGc9Bwk"";s:7:""caption"";s:0:"""";}|a:3:{s:3:""loc"";s:84:""https://projetocomprova.com.br/wp-content/uploads/2018/10/S2mDq5BOQeH96lGc9Bwk-2.png"";s:5:""title"";s:20:""S2mDq5BOQeH96lGc9Bwk"";s:7:""caption"";s:0:"""";}",,,,,,,,,,,,,,,,publish,1,lunar_admin,oli@lunar.build,,,re_2b5w8xbvxl2y,,,0,0,0,closed,closed,"1970-01-01 00:00:00",poder360,jornal-do-commercio|sbt|nsc-comunicacao|correio-do-povo|uol|poder360,red,,,,,,,,,,,,,,,
3518,"George Soros não financiou movimento #elenão contra Bolsonaro","Não é verdade que o megainvestidor George Soros tenha financiado o movimento #elenão, de oposição ao candidato do PSL à Presidência, Jair Bolsonaro. Textos que circulam em redes sociais e no WhatsApp afirmam que a iniciativa Mídia Ninja, uma das impulsionadoras da hashtag, é financiada pela organização de filantropia do bilionário, a Open Society Foundations (OSF). A informação é falsa.

A OSF divulga em seu site oficial a <a target=""blank"" href=""https://www.opensocietyfoundations.org/grants-database/"" rel=""noopener noreferrer"">lista de projetos e instituições financiados</a> pela organização. Nem “Mídia Ninja” nem “Pablo Capilé” (um dos fundadores do site) aparecem listados. A fundação esclareceu ao Comprova, por e-mail, que apesar de terem doado recursos à iniciativa de jornalismo independente no passado, a OSF não a custeia atualmente. 

Além disso, é exagerado afirmar que Soros financia o movimento contrário a Bolsonaro por meio da Mídia Ninja. Em um <a target=""blank"" href=""https://twitter.com/fabiomalini/status/1046424689168576512"" rel=""noopener noreferrer"">mapeamento da rede</a> de republicações da hashtag no Twitter feito pelo professor da Universidade Federal do Espírito Santo (UFES) Fábio Malini, é possível perceber que a conta @midianinja não foi a única a propagar o #elenão. Mais de 270 mil usuários formaram o “arco interativo do movimento” levantado pelo acadêmico.

Perfis de sites como The Intercept Brasil, Brasil de Fato e Congresso em Foco figuram entre os mais retweetados. Entre as outras contas destacadas no mapa estão celebridades, como Daniela Mercury, Iza e Raul Chequer, além de usuários comuns da rede, como @theserlection, @lannesdelrey, @gabriel_swift13 e @caipiivodka.

A ferramenta Crowdtangle registrou 4,1 mil compartilhamentos de dois links com o texto enganoso no Twitter e Facebooks. Os principais impulsionadores do conteúdo falso foram as páginas no Facebook “Libertar” e “Renova”.
",,"1970-01-01 00:00:00",archived-answer,https://projetocomprova.com.br/post/re_2b5w8xzmv9db/,https://projetocomprova.com.br/wp-content/uploads/2018/10/iMRW4o0BTBe0212XzjvV-2.png,iMRW4o0BTBe0212XzjvV,,,,https://projetocomprova.com.br/wp-content/uploads/2018/10/iMRW4o0BTBe0212XzjvV-2.png,,,,"a:3:{s:3:""loc"";s:84:""https://projetocomprova.com.br/wp-content/uploads/2018/10/iMRW4o0BTBe0212XzjvV-2.png"";s:5:""title"";s:20:""iMRW4o0BTBe0212XzjvV"";s:7:""caption"";s:0:"""";}|a:3:{s:3:""loc"";s:84:""https://projetocomprova.com.br/wp-content/uploads/2018/10/iMRW4o0BTBe0212XzjvV-2.png"";s:5:""title"";s:20:""iMRW4o0BTBe0212XzjvV"";s:7:""caption"";s:0:"""";}|a:3:{s:3:""loc"";s:84:""https://projetocomprova.com.br/wp-content/uploads/2018/10/iMRW4o0BTBe0212XzjvV-2.png"";s:5:""title"";s:20:""iMRW4o0BTBe0212XzjvV"";s:7:""caption"";s:0:"""";}",,,,,,,,,,,,,,,,publish,1,lunar_admin,oli@lunar.build,,,re_2b5w8xzmv9db,,,0,0,0,closed,closed,"1970-01-01 00:00:00",estadao|1506,afp|nsc-comunicacao|sbt|jornal-do-commercio,red,,,,,,,,,,,,,,,
3520,"Vídeo em que Haddad diz que eleição acabou é de 2016","A postagem de vídeo que diz que Fernando Haddad (PT) ""jogou a toalha"" para a campanha à presidência da República é enganosa. A gravação que aparece no post viral é verdadeira, mas foi registrada em 2016, após a derrota do petista à prefeitura de São Paulo. Na época, Haddad concorria à reeleição, mas <a target=""blank"" href=""https://placar.eleicoes.uol.com.br/2016/1turno/"" rel=""noopener noreferrer"">perdeu</a> no primeiro turno para João Dória (PSDB).

Para verificar a informação, o Comprova fez uma busca no Google com as palavras-chave ""Haddad"" ""doação"" ""dívidas de campanha"", termos que aparecem durante a fala dele na gravação. 

Assim, foi possível encontrar uma reportagem do portal <a target=""blank"" href=""http://g1.globo.com/sao-paulo/eleicoes/2016/noticia/2016/10/haddad-pede-doacao-pela-internet-para-cobrir-gastos-de-campanha.html"" rel=""noopener noreferrer"">G1</a>, que relatava o caso. O <a target=""blank"" href=""https://www.facebook.com/fernandohaddad/videos/1193956854018269/"" rel=""noopener noreferrer"">vídeo original</a> foi publicado na página oficial de Haddad no Facebook, em 18 de outubro de 2016, cerca de 16 dias após o primeiro turno daquele pleito, realizado em 2 de outubro de 2016.

Na gravação de 2016, Haddad pedia contribuições de qualquer valor para cobrir os gastos da campanha à reeleição. ""A eleição acabou, mas a campanha ainda não (...) Nós temos ainda alguns profissionais que precisam receber pelo trabalho que fizeram"", disse o petista pouco antes de indicar um link em que o internauta pudesse fazer uma doação. ""Isso vai nos ajudar muito a quitar esses compromissos com esses profissionais e seguir a vida, porque a vida política não para"", afirmou.

O vídeo com a descrição enganosa viralizou na rede. Apenas 1 deles, publicado no Facebook por Adelço Jorge na terça-feira, 2 de outubro, teve mais de 121 mil visualizações de 5,3 mil compartilhamentos até a tarde desta quarta-feira, 3 de outubro. Outras versões também circulam no WhatsApp.

A própria campanha de Haddad fez um <a target=""blank"" href=""https://www.obrasilfelizdenovo.com/%E2%9A%A0-anti-fake-news-video-de-haddad-encerrando-a-campanha-e-de-2016/"" rel=""noopener noreferrer"">desmentido</a> do conteúdo.",,"1970-01-01 00:00:00",archived-answer,https://projetocomprova.com.br/post/re_2b5w8xy19ddy/,https://projetocomprova.com.br/wp-content/uploads/2018/10/ILFwS57dRKmPQ9pIql2u-2.png,ILFwS57dRKmPQ9pIql2u,,,,https://projetocomprova.com.br/wp-content/uploads/2018/10/ILFwS57dRKmPQ9pIql2u-2.png,,,,"a:3:{s:3:""loc"";s:84:""https://projetocomprova.com.br/wp-content/uploads/2018/10/ILFwS57dRKmPQ9pIql2u-2.png"";s:5:""title"";s:20:""ILFwS57dRKmPQ9pIql2u"";s:7:""caption"";s:0:"""";}|a:3:{s:3:""loc"";s:84:""https://projetocomprova.com.br/wp-content/uploads/2018/10/ILFwS57dRKmPQ9pIql2u-2.png"";s:5:""title"";s:20:""ILFwS57dRKmPQ9pIql2u"";s:7:""caption"";s:0:"""";}|a:3:{s:3:""loc"";s:84:""https://projetocomprova.com.br/wp-content/uploads/2018/10/ILFwS57dRKmPQ9pIql2u-2.png"";s:5:""title"";s:20:""ILFwS57dRKmPQ9pIql2u"";s:7:""caption"";s:0:"""";}",,,,,,,,,,,,,,,,publish,1,lunar_admin,oli@lunar.build,,,re_2b5w8xy19ddy,,,0,0,0,closed,closed,"1970-01-01 00:00:00",poder360,exame|nsc-comunicacao|correio-do-povo|jornal-do-commercio|sbt|uol|poder360,red,,,,,,,,,,,,,,,
3522,"Datena não gravou vídeo em apoio a Bolsonaro","É falso o vídeo que indica apoio do apresentador José Luiz Datena ao presidenciável Jair Bolsonaro (PSL). A gravação original é do dia 3 de julho de 2018 e se refere, na verdade, ao candidato Geraldo Alckmin (PSDB). Datena, à época, havia acabado de lançar seu nome ao Senado pelo Estado de São Paulo e gravou o depoimento para contribuir na campanha do tucano. Menos de duas semanas depois, porém, ele desistiu da disputa. Atualmente, o apresentador afirma que não tem candidato à presidência da República.

O Comprova localizou o <a target=""blank"" href=""https://www.facebook.com/geraldoalckmin/videos/10158190324722837/"" rel=""noopener noreferrer"">vídeo original</a>, que tem 1min12s. Para chegar à gravação, nós procuramos os vídeos compartilhados nas redes sociais de Alckmin no dia 3 de julho, data em que matéria da Folha de S. Paulo divulgou a declaração do apresentador. Houve ampla cobertura jornalística sobre o apoio de Datena a Alckmin, materializado na gravação do vídeo com expressa manifestação de apoio e confiança no candidato do PSDB (como <a target=""blank"" href=""https://www1.folha.uol.com.br/poder/2018/07/confio-nele-diz-datena-em-video-de-apoio-a-alckmin.shtml"" rel=""noopener noreferrer"">aqui</a> e <a target=""blank"" href=""https://politica.estadao.com.br/noticias/eleicoes,apos-anuncio-datena-afirma-que-esta-estudando-candidatura,70002392461?from=whatsapp"" rel=""noopener noreferrer"">aqui</a>).

O vídeo disseminado como sendo de apoio ao candidato do PSL tem cerca de um minuto de duração. O conteúdo foi editado para três inserções de gravações de Bolsonaro em atividades de campanha, imagens que também não estão no vídeo original. Além disso, o símbolo do PSL foi adicionado no canto superior esquerdo do vídeo.

“Depoimento do apresentador Datena da Band em favor do Bolsonaro, vamos repassar, excelente (sic)”, diz o texto de uma publicação com o vídeo no Facebook. O momento em que ele cita o nome de Alckmin, no início da gravação, é suprimido.

O próprio Datena se manifestou, por meio de suas redes sociais, sobre o assunto. “Eu queria deixar bem claro que eu não tenho candidato pra presidente da República e qualquer vídeo que estiver rodando de apoio a quaisquer dos candidatos não é verdadeiro, é fake news. Essa é minha posição oficial, ok”, disse o jornalista em <a target=""blank"" href=""https://www.instagram.com/p/BoeeNIVB4Tr/?utm_source=ig_web_copy_link"" rel=""noopener noreferrer"">vídeo compartilhado no Instagram</a>.

O <a target=""blank"" href=""https://politica.estadao.com.br/blogs/estadao-verifica/datena-nao-gravou-video-em-apoio-a-bolsonaro-e-sim-a-alckmin/"" rel=""noopener noreferrer"">Estadão</a> constatou que o vídeo manipulado passou a ser disseminado após o apresentador da Band entrevistar Jair Bolsonaro, no último dia 28 de setembro. Apenas um dos vídeos com a informação falsa, no Facebook, foi visto, até a tarde desta quarta-feira (03), mais de 350 mil vezes e compartilhado outras 34 mil.

O <a target=""blank"" href=""https://noticias.uol.com.br/politica/eleicoes/2018/noticias/2018/10/03/video-em-que-datena-apoia-bolsonaro-e-fake-apresentador-desmente.htm"" rel=""noopener noreferrer"">Estadão</a> e o <a target=""blank"" href=""https://noticias.uol.com.br/politica/eleicoes/2018/noticias/2018/10/03/video-em-que-datena-apoia-bolsonaro-e-fake-apresentador-desmente.htm"" rel=""noopener noreferrer"">Uol</a> já fizeram o debunk desse vídeo.",,"1970-01-01 00:00:00",archived-answer,https://projetocomprova.com.br/post/re_2b5w8xzlg2zy/,https://projetocomprova.com.br/wp-content/uploads/2018/10/okFokdjRSSJAU9EMvPd9-2.png,okFokdjRSSJAU9EMvPd9,,,,https://projetocomprova.com.br/wp-content/uploads/2018/10/okFokdjRSSJAU9EMvPd9-2.png,,,,"a:3:{s:3:""loc"";s:84:""https://projetocomprova.com.br/wp-content/uploads/2018/10/okFokdjRSSJAU9EMvPd9-2.png"";s:5:""title"";s:20:""okFokdjRSSJAU9EMvPd9"";s:7:""caption"";s:0:"""";}|a:3:{s:3:""loc"";s:84:""https://projetocomprova.com.br/wp-content/uploads/2018/10/okFokdjRSSJAU9EMvPd9-2.png"";s:5:""title"";s:20:""okFokdjRSSJAU9EMvPd9"";s:7:""caption"";s:0:"""";}|a:3:{s:3:""loc"";s:84:""https://projetocomprova.com.br/wp-content/uploads/2018/10/okFokdjRSSJAU9EMvPd9-2.png"";s:5:""title"";s:20:""okFokdjRSSJAU9EMvPd9"";s:7:""caption"";s:0:"""";}",,,,,,,,,,,,,,,,publish,1,lunar_admin,oli@lunar.build,,,re_2b5w8xzlg2zy,,,0,0,0,closed,closed,"1970-01-01 00:00:00",,exame|nsc-comunicacao|jornal-do-commercio|sbt|poder360|uol,red,,,,,,,,,,,,,,,
3524,"Prédio que desabou em 2012 não aparece em foto de manifestação das mulheres contra Bolsonaro no Rio","É falsa a afirmação que circula no WhatsApp e em rede sociais como Facebook e Twitter de que imagens da manifestação #EleNão que aconteceu no centro do Rio de Janeiro seriam antigas porque um prédio que teria desabado anos atrás estaria visível em algumas fotos. O prédio apontado nessas imagens, o Edifício Capital, entretanto, nunca desabou: o acidente, ocorrido em janeiro de 2012, afetou três prédios vizinhos - Liberdade, Treze de Maio e Colombo -, que não aparecem nas imagens do protesto na Cinelândia. 

Fotos feitas por veículos como O Globo e Estado de S. Paulo circulam - especialmente no Twitter e no Facebook - com várias versões da mensagem falsa. Uma das mais frequentes diz: “Foto do Globo de Hoje mostrando a Cinelândia cheia... ao fundo o prédio que desabou a seis anos atrás, intacto!!! Kkkk AINDA BEM QUE ELES SÃO BURROS”. 

Confirmar a veracidade da foto original exige somente uma busca pelas imagens do Google Street View da região. O desabamento ocorreu no dia 25 de janeiro de 2012 na Av. Treze de Maio, <a target=""blank"" href=""https://www1.folha.uol.com.br/cotidiano/2018/05/no-rio-desabamento-de-tres-predios-em-2012-ainda-nao-tem-culpados.shtml"" rel=""noopener noreferrer"">como explica uma matéria da Folha de S.Paulo</a>. Localizado atrás do Theatro Municipal do Rio, o edifício Liberdade tinha 20 andares, e com seu desabamento, também foram ao chão os vizinhos Edifício Treze de Maio e Edifício Colombo, com quatro e dez andares, respectivamente. 

As imagens mais antigas do Google Street View são de junho de 2011, e <a target=""blank"" href=""https://www.google.com/maps/@-22.9087629,-43.1773527,3a,75y,31.68h,131.93t/data=!3m6!1e1!3m4!1snVANzOEzpIcRJs83JV4qNA!2e0!7i13312!8i6656"" rel=""noopener noreferrer"">mostram os três prédios como eram antes do desabamento</a>. A próxima atualização, <a target=""blank"" href=""https://www.google.com/maps/@-22.908772,-43.1773638,3a,75y,52.54h,131.13t/data=!3m7!1e1!3m5!1s3gROho-ofQyg9vw8Y2W9KA!2e0!5s20131101T000000!7i13312!8i6656"" rel=""noopener noreferrer"">de novembro de 2013</a>, exibe o terreno sem os prédios - mas com a área cercada - e o edifício vizinho, o Edifício Capital, já com a pintura atual. O registro mais recente, <a target=""blank"" href=""https://www.google.com/maps/@-22.9087764,-43.1773562,3a,75y,43.54h,113.16t/data=!3m7!1e1!3m5!1sOQ9amMSrD56Ue3XC1MKLLg!2e0!5s20160501T000000!7i13312!8i6656"" rel=""noopener noreferrer"">de maio de 2016</a>, mostra a região de forma bem mais similar ao que vemos nas fotos divulgadas pelos jornais O Globo e O Estado de S. Paulo.

Algumas das mensagens falsas que viralizaram chegam até a confundir os fundos do Theatro Municipal do Rio com o Edifício Colombo. Entretanto, o prédio ficava na esquina da Av. Treze de Maio com a Rua Manuel de Carvalho, enquanto o teatro está do outro lado da rua.

Os primeiros questionamentos sobre a veracidade das imagens do protesto #EleNão no Rio de Janeiro surgiram logo após a divulgação das fotos pelos veículos jornalísticos. Diversos usuários no Facebook postaram a desinformação, atingindo algumas centenas de compartilhamentos. Até a publicação deste texto, um dos posts que divulgaram a informação falsa no Twitter tinha 1.139 retuítes. Memes com a peça de desinformação foram encontrados pelo Comprova no Monitor do WhatsApp, ferramenta desenvolvida pela UFMG.  

O próprio jornal <a target=""blank"" href=""https://oglobo.globo.com/fato-ou-fake/e-fake-versao-de-que-imagem-de-protesto-no-rio-mostra-predio-que-desabou-23114683"" rel=""noopener noreferrer"">O Globo</a>, um dos alvos das mensagem falsa, desmentiu a informação</a> em seu site. O <a target=""blank"" href=""https://www.boatos.org/politica/globo-protesto-predio-caiu.html"" rel=""noopener noreferrer"">Boatos.org</a> também contestou os posts que duvidaram das fotos. ",,"1970-01-01 00:00:00",archived-answer,https://projetocomprova.com.br/post/re_2b5w8xygpjdz/,https://projetocomprova.com.br/wp-content/uploads/2018/10/WlFIzb4SA67sXqTRbr7X-2.jpg,WlFIzb4SA67sXqTRbr7X,,,,https://projetocomprova.com.br/wp-content/uploads/2018/10/WlFIzb4SA67sXqTRbr7X-2.jpg,,,,"a:3:{s:3:""loc"";s:84:""https://projetocomprova.com.br/wp-content/uploads/2018/10/WlFIzb4SA67sXqTRbr7X-2.jpg"";s:5:""title"";s:20:""WlFIzb4SA67sXqTRbr7X"";s:7:""caption"";s:0:"""";}|a:3:{s:3:""loc"";s:84:""https://projetocomprova.com.br/wp-content/uploads/2018/10/WlFIzb4SA67sXqTRbr7X-2.jpg"";s:5:""title"";s:20:""WlFIzb4SA67sXqTRbr7X"";s:7:""caption"";s:0:"""";}|a:3:{s:3:""loc"";s:84:""https://projetocomprova.com.br/wp-content/uploads/2018/10/WlFIzb4SA67sXqTRbr7X-2.jpg"";s:5:""title"";s:20:""WlFIzb4SA67sXqTRbr7X"";s:7:""caption"";s:0:"""";}",,,,,,,,,,,,,,,,publish,1,lunar_admin,oli@lunar.build,,,re_2b5w8xygpjdz,,,0,0,0,closed,closed,"1970-01-01 00:00:00",jornal-do-commercio|folha-de-s-paulo,gauchazh|poder360|sbt|nsc-comunicacao|uol|jornal-do-commercio,red,,,,,,,,,,,,,,,
3526,"Áudio pró-Bolsonaro é de apóstolo da igreja Bola de Neve, e não do padre Fábio de Melo","Dias após ser falsamente atribuída ao padre Marcelo Rossi, uma gravação, apenas de áudio, feita durante uma aula do apóstolo Rina Seixas no Instituto Global, voltou a circular, nesta terça-feira, 3 de outubro, desta vez sendo creditada como sendo do padre Fábio de Melo. 

Como <a target=""blank"" href=""https://projetocomprova.com.br/post/re_2B5W8XNJ5qjb"" rel=""noopener noreferrer"">verificado pelo Comprova</a>, a fala pertence, na verdade, ao apóstolo Rina Seixas, da igreja Bola de Neve, que defende abertamente a candidatura do presidenciável do PSL, Jair Bolsonaro. 

O Comprova recebeu, por WhatsApp, pedido de verificações do áudio atribuído ao padre. “Ouçam  o que Padre Fábio de Melo falou sobre a atual situação do país, e sobre Bolsonaro! Não deixem de repassar para os seus contatos! Ele deu uma aula!”, diz texto que circula no WhatsApp e que acompanha o áudio. 

Em contato com Rina, a secretária do religioso disse que ele confirmou publicamente se tratar de sua voz no recurso Stories do Instagram - ferramenta em que as publicações desaparecem após 24 horas. 

No trecho do áudio que circula no WhatsApp e em canais do YouTube sem identificação da voz, Rina diz que Bolsonaro é ""pró-família, pró-Deus e pró-valores"". ""E quando vejo quem são os inimigos do Bolsonaro, eu falo 'eu to escolhendo o cara certo para votar'"", diz Rina no trecho final do áudio. 

Em sua conta oficial no Twitter, <a target=""blank"" href=""https://twitter.com/pefabiodemelo"" rel=""noopener noreferrer"">Fábio de Melo disse</a> que o áudio não é seu ao responder um seguidor sobre a autoria de um texto, também falsamente creditado com o seu nome. 

“Não, não escrevi este texto. Tudo o que escrevo posto aqui ou no meu Instagram. Há muitas páginas usando meu nome.Também não é meu o áudio que estão compartilhando em grupos de WhatsApp e que também já atribuíram também ao padre Marcelo Rossi”, escreveu Fábio de Melo. 

O texto, de autoria desconhecida, não faz menção a nenhum candidato e defende valores religiosos. 

No dia 14 de setembro, o <a target=""blank"" href=""https://projetocomprova.com.br/post/re_2B5W8XNJ5qjb"" rel=""noopener noreferrer"">Comprova publicou</a> que Marcelo Rossi, em suas redes sociais, pediu ajuda aos seus seguidores para encontrar o responsável por criar o boato. 

“Um áudio que está viralizando no WhatsApp, e eu nem tenho WhatsApp, com a minha voz falando sobre política, falando absurdos. Além de ser uma notícia mentirosa, eu jamais me meto em política, vocês me conhecem”, disse o sacerdote. 

A verificação da peça de desinformação também foi feita pelo site <a target=""blank"" href=""https://www.boatos.org/religiao/padre-fabio-de-melo-audio-bolsonaro.html"" rel=""noopener noreferrer"">Boatos.org</a>.  ",,"1970-01-01 00:00:00",archived-answer,https://projetocomprova.com.br/post/re_2b5w8xn3qprz/,https://projetocomprova.com.br/wp-content/uploads/2018/10/eVwXS4eOQAmeYAzDkipF-2.png,eVwXS4eOQAmeYAzDkipF,,,,https://projetocomprova.com.br/wp-content/uploads/2018/10/eVwXS4eOQAmeYAzDkipF-2.png,,,,"a:3:{s:3:""loc"";s:84:""https://projetocomprova.com.br/wp-content/uploads/2018/10/eVwXS4eOQAmeYAzDkipF-2.png"";s:5:""title"";s:20:""eVwXS4eOQAmeYAzDkipF"";s:7:""caption"";s:0:"""";}|a:3:{s:3:""loc"";s:84:""https://projetocomprova.com.br/wp-content/uploads/2018/10/eVwXS4eOQAmeYAzDkipF-2.png"";s:5:""title"";s:20:""eVwXS4eOQAmeYAzDkipF"";s:7:""caption"";s:0:"""";}|a:3:{s:3:""loc"";s:84:""https://projetocomprova.com.br/wp-content/uploads/2018/10/eVwXS4eOQAmeYAzDkipF-2.png"";s:5:""title"";s:20:""eVwXS4eOQAmeYAzDkipF"";s:7:""caption"";s:0:"""";}",,,,,,,,,,,,,,,,publish,1,lunar_admin,oli@lunar.build,,,re_2b5w8xn3qprz,,,0,0,0,closed,closed,"1970-01-01 00:00:00",folha-de-s-paulo,nsc-comunicacao|jornal-do-commercio|sbt|uol|poder360|revista-piaui,red,,,,,,,,,,,,,,,
3528,"Inscrição sobre Jesus na camiseta de Manuela D'Ávila é falsa","Não é verdade que Manuela D´Ávila (PCdoB), candidata a vice-presidente da República na chapa de Fernando Haddad (PT), utilizou uma camisa com a frase ""Jesus é Travesti"" e com um ícone de arco-íris, como sugere uma imagem compartilhada nas redes sociais.

A própria candidata desmentiu a foto, afirmando em suas contas no <a target=""blank"" href=""https://twitter.com/ManuelaDavila/status/1047144937345748994"" rel=""noopener noreferrer"">Twitter</a> e <a target=""blank"" href=""https://www.instagram.com/p/Bob4nkNgDE_/?hl=pt-br"" rel=""noopener noreferrer"">Instagram</a> de que a imagem é uma montagem sobre uma camisa com a frase ""rebele-se"".  “PRESTEM ATENÇÃO! Mentiras não passarão! Nos ajude a compartilhar a verdade!"", explica Manuela nas redes sociais.

A <a target=""blank"" href=""https://www.facebook.com/photo.php?fbid=2076774385730652&set=a.248906915184084&type=3&permPage=1"" rel=""noopener noreferrer"">foto foi clicada</a> pela fotógrafa Isis Medeiros no dia 17 de julho de 2018, durante a <a target=""blank"" href=""http://redeminas.tv/candidata-a-presidencia-da-republica-manuela-davila-e-a-entrevistada-do-voz-ativa/"" rel=""noopener noreferrer"">sabatina dos pré-candidatos</a> à presidência da República organizada pelo programa Voz Ativa, da Rede Minas de Televisão, em Minas Gerais. 

A autora da foto <a target=""blank"" href=""https://www.facebook.com/photo.php?fbid=2221714751236614&set=a.176589319082511&type=3"" rel=""noopener noreferrer"">mostrou-se indignada</a> com a montagem em uma publicação nas redes sociais. “Deparei hoje cedo com uma foto minha que foi manipulada e está sendo compartilhada por aí numa tentativa baixa de enfraquecer a disputa eleitoral com mais mentiras, mais ódio e mais jogo sujo. Uma típica estratégia podre, baixa e como sempre sem argumentos”, disse. 

A imagem original foi encontrada por meio de comparação de fotos no Google Imagens.

A imagem compartilhada chegou ao Comprova por envio dos nossos leitores e o monitor de conteúdo viral de WhatsApp da UFMG detectou o volume deste meme nos grupos do aplicativo de mensagens.

A <a target=""blank"" href=""https://piaui.folha.uol.com.br/lupa/2018/10/02/verificamos-manuela-jesus/"" rel=""noopener noreferrer"">Agência Lupa</a> e o <a target=""blank"" href=""https://g1.globo.com/fato-ou-fake/noticia/2018/10/02/e-fake-imagem-em-que-manuela-davila-aparece-com-camiseta-jesus-e-travesti.ghtml"" rel=""noopener noreferrer"">Fato ou Fake</a> também verificaram o conteúdo e constataram a desinformação disseminada.",,"1970-01-01 00:00:00",archived-answer,https://projetocomprova.com.br/post/re_2b5w8xnxjvqz/,https://projetocomprova.com.br/wp-content/uploads/2018/10/DC0NOtABTIyGex8SsjQl-2.jpg,DC0NOtABTIyGex8SsjQl,,,,https://projetocomprova.com.br/wp-content/uploads/2018/10/DC0NOtABTIyGex8SsjQl-2.jpg,,,,"a:3:{s:3:""loc"";s:84:""https://projetocomprova.com.br/wp-content/uploads/2018/10/DC0NOtABTIyGex8SsjQl-2.jpg"";s:5:""title"";s:20:""DC0NOtABTIyGex8SsjQl"";s:7:""caption"";s:0:"""";}|a:3:{s:3:""loc"";s:84:""https://projetocomprova.com.br/wp-content/uploads/2018/10/DC0NOtABTIyGex8SsjQl-2.jpg"";s:5:""title"";s:20:""DC0NOtABTIyGex8SsjQl"";s:7:""caption"";s:0:"""";}|a:3:{s:3:""loc"";s:84:""https://projetocomprova.com.br/wp-content/uploads/2018/10/DC0NOtABTIyGex8SsjQl-2.jpg"";s:5:""title"";s:20:""DC0NOtABTIyGex8SsjQl"";s:7:""caption"";s:0:"""";}",,,,,,,,,,,,,,,,publish,1,lunar_admin,oli@lunar.build,,,re_2b5w8xnxjvqz,,,0,0,0,closed,closed,"1970-01-01 00:00:00",sbt,correio-do-povo|nsc-comunicacao|sbt|uol|jornal-do-commercio|poder360,red,,,,,,,,,,,,,,,
3530,"É falso o comunicado atribuído ao PT que pede aos eleitores para irem votar somente na segunda-feira","É falsa a mensagem que circula em aplicativos como o WhatsApp e que pede aos eleitores do Partido dos Trabalhadores (PT) para irem votar apenas na segunda-feira, dia 8 de outubro.

A imagem que simula um comunicado aos eleitores tem a foto do ex-presidente Lula, do candidato à presidência da República, Fernando Haddad, e da candidata à vice-presidência, Manuela D´Ávila (PC do B), com um texto. 

""Em virtude dos protestos e manifestações que poderão ocorrer no dia 07 de Outubro contra o nosso Partido (PT), nossos eleitores estão sendo convocados a irem votar no dia 08 de Outubro. Prezamos pela segurança de todos, com isso os mesmos serão contemplados com Café ou suco, pão com mortadela e frutas vermelhas em suas Zonas Eleitorais, para os que trabalham, esses receberão no término da votação o atestado que dará o direito de folgar durante a semana inteira do dia 08 ao dia 11 de Outubro, emendando com o feriadão e retornando as atividades (seja ela qual for) apenas no dia 15. Que beleza, não? Não esqueçam. ELEITORES E COMPANHEIROS NOSSO DIA DE VOTAR SERÁ 08 DE OUTUBRO segunda-feira. COMPARTILHEM e ajude a democracia vencer em nosso Pais [sic]"", explica o falso comunicado.

O Comprova verificou no <a target=""blank"" href=""http://www.tse.jus.br/eleicoes/calendario-eleitoral/calendario-eleitoral"" rel=""noopener noreferrer"">site do Tribunal Superior Eleitoral</a> (TSE) o Calendário Eleitoral para as eleições de 2018. O documento, disponível a todos, destaca de forma objetiva, baseado na <a target=""blank"" href=""http://www.planalto.gov.br/ccivil_03/leis/l9504.htm#art105"" rel=""noopener noreferrer"">Lei nº9.504/1997</a> que o dia 7 de outubro é a data para votação do primeiro turno das eleições, explicitado também na resolução <a target=""blank"" href=""http://www.tse.jus.br/legislacao-tse/res/2017/RES235542017.html"" rel=""noopener noreferrer"">nº 23.554</a>. E de acordo com o <a target=""blank"" href=""http://www.planalto.gov.br/ccivil_03/LEIS/L4737.htm"" rel=""noopener noreferrer"">artigo 144 do Código Eleitoral</a> (Lei 4737/65) o período votação é das 8 às 17 horas.

O próprio site da campanha “Brasil feliz de novo”, do PT e do PC do B, <a target=""blank"" href=""https://www.obrasilfelizdenovo.com/pt-votacao-eleicao-dia-8/"" rel=""noopener noreferrer"">desmente o “comunicado”</a>. A postagem chama a peça de “covarde, além de mentirosa”, e ainda afirma que “essas não são promessas do Partido dos Trabalhadores e não correspondem à legislação eleitoral. A eleição é um processo democrático regulado por lei e o voto, secreto, não é um fator que determina as zonas eleitorais”.

O Comprova recebeu a peça por denúncias dos internautas através do seu Whatsapp. A imagem do comunicado falso foi a segunda mais encontrada pelo rastreador de conteúdo viral no Whatsapp do projeto Eleições sem Fake da UFMG na terça-feira, 2 de outubro.  

A agência de checagem <a target=""blank"" href=""https://piaui.folha.uol.com.br/lupa/2018/10/02/verificamos-convocacao-eleitores-8-outubro/"" rel=""noopener noreferrer"">Lupa</a> e o <a target=""blank"" href=""https://g1.globo.com/fato-ou-fake/noticia/2018/10/02/e-fake-comunicado-que-convoca-eleitores-do-pt-a-votar-apenas-no-dia-8-de-outubro.ghtml"" rel=""noopener noreferrer"">Fato ou Fake</a>, do G1, também confirmaram a falsidade do material. ",,"1970-01-01 00:00:00",archived-answer,https://projetocomprova.com.br/post/re_2b5w8xyrpmzb/,https://projetocomprova.com.br/wp-content/uploads/2018/10/EoCAPvdtROCu4zgIfuXk-2.png,EoCAPvdtROCu4zgIfuXk,,,,https://projetocomprova.com.br/wp-content/uploads/2018/10/EoCAPvdtROCu4zgIfuXk-2.png,,,,"a:3:{s:3:""loc"";s:84:""https://projetocomprova.com.br/wp-content/uploads/2018/10/EoCAPvdtROCu4zgIfuXk-2.png"";s:5:""title"";s:20:""EoCAPvdtROCu4zgIfuXk"";s:7:""caption"";s:0:"""";}|a:3:{s:3:""loc"";s:84:""https://projetocomprova.com.br/wp-content/uploads/2018/10/EoCAPvdtROCu4zgIfuXk-2.png"";s:5:""title"";s:20:""EoCAPvdtROCu4zgIfuXk"";s:7:""caption"";s:0:"""";}|a:3:{s:3:""loc"";s:84:""https://projetocomprova.com.br/wp-content/uploads/2018/10/EoCAPvdtROCu4zgIfuXk-2.png"";s:5:""title"";s:20:""EoCAPvdtROCu4zgIfuXk"";s:7:""caption"";s:0:"""";}",,,,,,,,,,,,,,,,publish,1,lunar_admin,oli@lunar.build,,,re_2b5w8xyrpmzb,,,0,0,0,closed,closed,"1970-01-01 00:00:00",sbt,nsc-comunicacao|uol|sbt|jornal-do-commercio|poder360,red,,,,,,,,,,,,,,,
3532,"Voto não é invalidado se eleitor votar em um só cargo e optar por nulo ou branco nos demais","É falsa a informação de que votar apenas para presidente da República e escolher a opção branco para os demais cargos em disputa nesta eleição faz com que o voto do eleitor seja classificado como ""parcial"" e, por essa razão, seja anulado. Na verdade, os eleitores, se assim desejarem, podem votar em apenas um candidato, sem qualquer prejuízo para eles ou para os candidatos que receberão os votos.
 
O boato, disseminado principalmente no WhatsApp, afirma que o voto só é computado como válido quando ele é ""completo"". Ou seja, quando o eleitor escolhe, além de presidente, deputado federal, deputado estadual, governador e dois senadores. A orientação, segundo a informação falsa, teria surgido após o autor do boato passar por um suposto ""treinamento” da Justiça Eleitoral para a votação do dia 7 de outubro.
 
Como verificado pelo Comprova, órgãos da Justiça Eleitoral, caso do Tribunal Regional do Espírito Santo (TRE-ES), do Tribunal Regional Eleitoral da Bahia (TRE-BA), do Tribunal Regional Eleitoral de Minas Gerais (TRE-MG), além do próprio Tribunal Superior Eleitoral (TSE), veicularam, em suas páginas e redes sociais, esclarecimentos sobre o boato.
 
“Se o eleitor confirmar pelo menos um voto, deixando de concluir a votação para os demais cargos, este voto será aceito e serão considerados nulos os votos não confirmados”, diz trecho do texto divulgado no Facebook do TSE.
 
O Tribunal Superior Eleitoral (TSE) também esclareceu que o voto em branco acontece quando o eleitor aperta a tecla ""branco"" na urna e, em seguida, pressiona o botão confirma. O voto nulo ocorre quando é digitado um número que não é o de nenhum candidato ou partido. Tanto o voto branco quanto o voto nulo não são somados como votos válidos. Isso não quer dizer, porém, que eles não sejam contabilizados ou que resultem na anulação de algum outro voto válido.

“A Justiça Eleitoral lembra que votos brancos e nulos são descartados, não sendo contabilizados na hora da apuração do voto. E se deixar de votar em outros candidatos, seu voto, por completo, não será anulado”, diz outro trecho. 
 
A <a target=""blank"" href=""http://www.tse.jus.br/legislacao-tse/res/2017/RES235542017.html"" rel=""noopener noreferrer"">resolução 23.554/2017</a>, do TSE, traz no parágrafo segundo do artigo 117 outra situação de anulação de votos, que é quando o eleitor confirma pelo menos um voto e abre mão de concluir o processo. Nesse caso, o presidente da mesa receptora de votos alerta o eleitor e pede para que ele retorne à cabine. Caso se recuse, os votos não depositados serão considerados nulos. Em seguida, o presidente da mesa, com um código próprio, libera a urna eletrônica para o prosseguimento das votações.
 
Essa situação, contudo, também não guarda relação com a afirmação falsa do boato. Isso porque o voto para presidente é o último. E, para chegar à etapa derradeira da votação, o eleitor terá que ter tomado uma decisão com relação aos demais cargos, seja para dar um voto válido, branco ou nulo.
 
Sem autoria, data ou fontes, o boato circula, por mensagem de texto, no WhatsApp e em outras redes sociais. A corrente foi enviada por mais de 200 eleitores para verificação do Comprova, via WhatsApp do projeto. ",,"1970-01-01 00:00:00",archived-answer,https://projetocomprova.com.br/post/re_2b5w8xb8vbey/,https://projetocomprova.com.br/wp-content/uploads/2018/10/EV0rUFKlTaKypXL2kbGn-2.png,EV0rUFKlTaKypXL2kbGn,,,,https://projetocomprova.com.br/wp-content/uploads/2018/10/EV0rUFKlTaKypXL2kbGn-2.png,,,,"a:3:{s:3:""loc"";s:84:""https://projetocomprova.com.br/wp-content/uploads/2018/10/EV0rUFKlTaKypXL2kbGn-2.png"";s:5:""title"";s:20:""EV0rUFKlTaKypXL2kbGn"";s:7:""caption"";s:0:"""";}|a:3:{s:3:""loc"";s:84:""https://projetocomprova.com.br/wp-content/uploads/2018/10/EV0rUFKlTaKypXL2kbGn-2.png"";s:5:""title"";s:20:""EV0rUFKlTaKypXL2kbGn"";s:7:""caption"";s:0:"""";}|a:3:{s:3:""loc"";s:84:""https://projetocomprova.com.br/wp-content/uploads/2018/10/EV0rUFKlTaKypXL2kbGn-2.png"";s:5:""title"";s:20:""EV0rUFKlTaKypXL2kbGn"";s:7:""caption"";s:0:"""";}",,,,,,,,,,,,,,,,publish,1,lunar_admin,oli@lunar.build,,,re_2b5w8xb8vbey,,,0,0,0,closed,closed,"1970-01-01 00:00:00",,nsc-comunicacao|exame|poder360|sbt|uol,red,,,,,,,,,,,,,,,
3534,"Mulher que acusa Ibope e Datafolha nunca foi funcionária e usa dados falsos sobre pesquisas","
São falsas as afirmações da mulher que se apresenta como Conceição Duarte, engenheira e pastora, em vídeo que circula por redes sociais. Segundo ela, que diz trabalhar para os institutos de pesquisa Datafolha e Ibope, os resultados são fraudados. A mulher afirma que mesma pesquisa era feita por telefone “há um mês e meio”, nas suas palavras, e que o resultado apontava o candidato do PSL, Jair Bolsonaro, com “cerca de 70% dos votos”. 

Todas as acusações feitas pela mulher são falsas. Em nenhuma das pesquisas divulgadas por Ibope e Datafolha neste ano o candidato do PSL chegou a 70% das intenções de voto. Os levantamentos realizados pelos dois institutos são feitos presencialmente — no Ibope, o pesquisador visita a casa do entrevistado; no Datafolha, a pesquisa é feita em pontos de fluxo. 

A mulher do vídeo também afirma que as questões dos institutos de pesquisa são feitas de forma enviesada. Segundo ela, na pesquisa estimulada, quando são apresentados os nomes dos candidatos ao entrevistado, o nome de Jair Bolsonaro aparece por último — o que não é verdade. Tanto Ibope como Datafolha oferecem opções de resposta em um disco, em que o nome de cada presidenciável aparece em uma “fatia”. Dessa forma, diminui uma possível influência que o ordenamento dos candidatos poderia exercer sobre a resposta.

A pergunta sobre rejeição também é feita de forma diferente do que descreve Conceição. Conforme o questionário registrado no Tribunal Superior Eleitoral (TSE) dos últimos levantamentos Ibope e Datafolha, o pesquisador pergunta “em qual desses nomes você não votaria de jeito nenhum”. Em seguida, o funcionário do instituto mostra mais uma vez o disco com os nomes dos presidenciáveis.

O Ibope ainda apresenta aos entrevistados uma pergunta exclusiva sobre o apoio do ex-presidente Luiz Inácio Lula da Silva ao candidato à Presidência do PT, Fernando Haddad. Porém, mais uma vez, a questão não é feita da forma descrita no vídeo viral. Segundo documento registrado no TSE, o pesquisador fala “O candidato do PT, Lula, foi impedido de disputar a eleição para presidente da República. Considerando que Lula declarou seu apoio a Fernando Haddad, o(a) sr(a) com certeza votaria em Fernando Haddad, poderia votar nele ou não votaria em Fernando Haddad de jeito nenhum?”

Ibope e Datafolha negaram que Conceição Duarte trabalhe ou tenha trabalhado em qualquer um dos institutos de pesquisa. O Datafolha comunicou ainda que a empresa não utiliza nenhum funcionário terceirizado, como Conceição alega ser. Todos os pesquisadores que vão a campo são treinados pelo próprio instituto de pesquisa, segundo o Datafolha. O Comprova não conseguiu localizar a mulher do vídeo nem confirmar sua identidade.

Até a tarde do dia 2 de outubro, uma das versões do vídeo no YouTube tinha 726 mil visualizações. Segundo a ferramenta Crowdtangle, do Facebook, a gravação teve 18,3 mil compartilhamentos na rede social.",,"1970-01-01 00:00:00",archived-answer,https://projetocomprova.com.br/post/re_2b5w8xza0ray/,https://projetocomprova.com.br/wp-content/uploads/2018/10/aYYTCyGHTBik1tPkssfA-2.png,aYYTCyGHTBik1tPkssfA,,,,https://projetocomprova.com.br/wp-content/uploads/2018/10/aYYTCyGHTBik1tPkssfA-2.png,,,,"a:3:{s:3:""loc"";s:84:""https://projetocomprova.com.br/wp-content/uploads/2018/10/aYYTCyGHTBik1tPkssfA-2.png"";s:5:""title"";s:20:""aYYTCyGHTBik1tPkssfA"";s:7:""caption"";s:0:"""";}|a:3:{s:3:""loc"";s:84:""https://projetocomprova.com.br/wp-content/uploads/2018/10/aYYTCyGHTBik1tPkssfA-2.png"";s:5:""title"";s:20:""aYYTCyGHTBik1tPkssfA"";s:7:""caption"";s:0:"""";}|a:3:{s:3:""loc"";s:84:""https://projetocomprova.com.br/wp-content/uploads/2018/10/aYYTCyGHTBik1tPkssfA-2.png"";s:5:""title"";s:20:""aYYTCyGHTBik1tPkssfA"";s:7:""caption"";s:0:"""";}",,,,,,,,,,,,,,,,publish,1,lunar_admin,oli@lunar.build,,,re_2b5w8xza0ray,,,0,0,0,closed,closed,"1970-01-01 00:00:00",estadao,radio-bandeirantes|sbt|uol|poder360,red,,,,,,,,,,,,,,,
3536,"Vídeo foi editado para deturpar fala de Lula sobre ‘ideologia do PT’","
É falso um vídeo supostamente escondido pelo PT no qual o ex-presidente Luiz Inácio Lula da Silva revelaria a “verdadeira ideologia”’ do partido. As imagens, que circulam nas redes sociais desde 2017 e viralizaram novamente a menos de uma semana das eleições de 2018, foram editadas e manipuladas. O contexto foi deturpado e a mensagem é totalmente diferente do discurso original de Lula.

“Este vídeo foi guardado a sete chaves pelo PT e entregue pelo Palocci”, diz um dos posts que replicou as imagens manipuladas. Outra postagem do mesmo vídeo tem como título: “Você conhece a verdadeira ideologia do PT?”.

O vídeo, que nunca foi escondido pelo PT, é a transmissão de um evento em São Paulo no dia 22 de setembro de 2017 como parte da campanha de filiação realizada pelo partido no segundo semestre daquele ano em diversos pontos do país. Em específico, esta ocasião contou com a presença de Lula, que fez uma fala para atrair novos membros para a legenda.

As imagens em seu contexto original foram encontradas depois de fazer uma busca reversa no Google Imagens a partir de capturas de tela do vídeo editado, utilizando a ferramenta Citizen Evidence.

Comparamos as imagens da fala de Lula na íntegra com as frases do vídeo cortado, editado e distribuído na internet. A edição é nítida, com cortes abruptos de áudio e imagem. Abaixo está um exemplo de como a montagem deturpou o discurso do petista:

Um <a target=""blank""href=""https://www.facebook.com/Lula/videos/1442102099192119/"" rel=""noopener noreferrer"">trecho da versão original</a>: “Eu penso que as pessoas devem se filiar ao PT primeiro porque o PT precisa convencer as pessoas de que não existe saída, para o Brasil e para qualquer país do mundo, fora da política. Ou seja, o PT tem que ser o partido que enfrenta essa discussão contra a negação da política. Fora da política nós teremos fascismo, nazismo, qualquer outra coisa, menos democracia.”

O mesmo trecho, mas da versão deturpada: “Eu penso que as pessoas devem se filiar ao PT primeiro porque o PT precisa convencer as pessoas a negação da política. Fascismo, nazismo, qualquer outra coisa, menos democracia.”

Ao analisar os frames do vídeo editado com a ferramenta online Watch Frame by Frame, observamos que no intervalo de 1 centésimo de segundo Lula ocupa dois lugares significativamente diferentes da sala. Esta mudança brusca de posição do político no vídeo denota manipulação das imagens. Fragmentos separados da gravação foram unidos arbitrariamente para formar um discurso que nunca existiu.

Uma das versões do vídeo deturpado teve mais de 1,8 milhão de visualizações e 106 mil compartilhamentos no Facebook, postado em um perfil pessoal.",,"1970-01-01 00:00:00",archived-answer,https://projetocomprova.com.br/post/re_2b5w8xnqvdpy/,https://projetocomprova.com.br/wp-content/uploads/2018/10/1jPEalrYT36vZTQdiZmm-2.png,1jPEalrYT36vZTQdiZmm,,,,https://projetocomprova.com.br/wp-content/uploads/2018/10/1jPEalrYT36vZTQdiZmm-2.png,,,,"a:3:{s:3:""loc"";s:84:""https://projetocomprova.com.br/wp-content/uploads/2018/10/1jPEalrYT36vZTQdiZmm-2.png"";s:5:""title"";s:20:""1jPEalrYT36vZTQdiZmm"";s:7:""caption"";s:0:"""";}|a:3:{s:3:""loc"";s:84:""https://projetocomprova.com.br/wp-content/uploads/2018/10/1jPEalrYT36vZTQdiZmm-2.png"";s:5:""title"";s:20:""1jPEalrYT36vZTQdiZmm"";s:7:""caption"";s:0:"""";}|a:3:{s:3:""loc"";s:84:""https://projetocomprova.com.br/wp-content/uploads/2018/10/1jPEalrYT36vZTQdiZmm-2.png"";s:5:""title"";s:20:""1jPEalrYT36vZTQdiZmm"";s:7:""caption"";s:0:"""";}",,,,,,,,,,,,,,,,publish,1,lunar_admin,oli@lunar.build,,,re_2b5w8xnqvdpy,,,0,0,0,closed,closed,"1970-01-01 00:00:00",nexo|afp,sbt|poder360|afp|uol|jornal-do-commercio,red,,,,,,,,,,,,,,,
3538,"Apresentador Ratinho não vai entrevistar Bolsonaro no horário do último debate presidencial","Não é verdade que o apresentador do SBT, Ratinho, vá entrevistar o candidato Jair Bolsonaro (PSL), no dia 4 de outubro, quinta-feira. 

Circula nas redes sociais, principalmente no WhatsApp, uma montagem com a imagem do apresentador e o presidenciável pedindo para que o público assista à entrevista no Programa do Ratinho e não ao último debate presidencial do 1º turno, que será transmitido pela TV Globo.

""Gente, o Ratinho vai entrevistar Bolsonaro na quarta dia 04/10. Vamos explodir a audiência. Divulguem no zap todo dia e nas redes sociais. Vamos acabar com a audiência da Globo do debate [sic]"", destaca o texto na imagem.

A montagem está com erro de informação, apontando o dia 4 de outubro como uma quarta-feira, sendo que o dia da semana correto é quinta-feira.

O <a target=""blank"" href=""https://www.sbt.com.br/fakenews/fiquepordentro/115078/Fake-News-Apresentador-Ratinho-n%C3%A3o-entrevistar%C3%A1-o-candidato-%C3%A0-presid%C3%AAncia-Jair-Bolsonaro.html"" rel=""noopener noreferrer"">SBT se manifestou</a> em seu portal afirmando que não procede a suposta entrevista programada para o dia 4 de outubro. ""A assessoria de comunicação do SBT nega a informação. Ou seja, o candidato não participará do Programa do Ratinho e não será entrevistado pelo comunicador"", informou.

O apresentador também <a target=""blank"" href=""https://www.facebook.com/oratinhotv/videos/281060885843207/?__xts__%5B0%5D=68.ARCUD-WBWzHMiOHKYY-kV9iqMI5BhWxABVPlfrjyJ3GH21Z3oNku72azX2rIk8WGdqC200v2GQ1iJbd8azgkN__pePPHLzc12ojLr2rI29uhiKDuocDFMI0nXLNva7eaohqFOzx-C_vCPXsvUFDxHS7XzIFxtWS2fBugZ-R8eQ6bWu0JjM_1&__tn__=-R"" rel=""noopener noreferrer"">desmentiu a informação</a> em um vídeo públicado em suas próprias redes sociais. “Meus amigos da rede social, estão dizendo aí, que é uma fakenews, mais uma, que eu estaria entrevistando algum candidato no meu programa de quarta-feira. Queria comunicar que isso não é verdade, isto é um fake news”, diz. 

O Comprova recebeu várias solicitações para verificação desta informação pelo WhatsApp. No Twitter, a conta @FrauBraunn teve mais de 900 compartilhamentos (retweets) e cerca de 1,8 mil pessoas curtiram o conteúdo desinformativo. A postagem foi apagada após um usuário mencionar o vídeo em que Ratinho desmente o boato. No Facebook, a publicação no grupo ""Eu Voto Bolsonaro"" tem mais de 22 mil compartilhamentos.",,"1970-01-01 00:00:00",archived-answer,https://projetocomprova.com.br/post/re_2b5w8xz5jnrb/,https://projetocomprova.com.br/wp-content/uploads/2018/10/bArQJnD2T5iCTTv8EWi2-2.png,bArQJnD2T5iCTTv8EWi2,,,,https://projetocomprova.com.br/wp-content/uploads/2018/10/bArQJnD2T5iCTTv8EWi2-2.png,,,,"a:3:{s:3:""loc"";s:84:""https://projetocomprova.com.br/wp-content/uploads/2018/10/bArQJnD2T5iCTTv8EWi2-2.png"";s:5:""title"";s:20:""bArQJnD2T5iCTTv8EWi2"";s:7:""caption"";s:0:"""";}|a:3:{s:3:""loc"";s:84:""https://projetocomprova.com.br/wp-content/uploads/2018/10/bArQJnD2T5iCTTv8EWi2-2.png"";s:5:""title"";s:20:""bArQJnD2T5iCTTv8EWi2"";s:7:""caption"";s:0:"""";}|a:3:{s:3:""loc"";s:84:""https://projetocomprova.com.br/wp-content/uploads/2018/10/bArQJnD2T5iCTTv8EWi2-2.png"";s:5:""title"";s:20:""bArQJnD2T5iCTTv8EWi2"";s:7:""caption"";s:0:"""";}",,,,,,,,,,,,,,,,publish,1,lunar_admin,oli@lunar.build,,,re_2b5w8xz5jnrb,,,0,0,0,closed,closed,"1970-01-01 00:00:00",sbt,sbt|nsc-comunicacao|poder360|jornal-do-commercio|uol,red,,,,,,,,,,,,,,,
3540,"Não há evidências de que seguranças de Haddad sejam militares cubanos","Ao contrário do que afirmam publicações nas redes sociais, não há evidências de que pessoas que atuaram em um cordão de isolamento do presidenciável Fernando Haddad (PT) em um ato de campanha no Rio Grande do Sul sejam militares cubanos. O evento mencionado em boatos aconteceu na última quinta-feira, 27 de setembro, no município de Caxias do Sul.

Publicações disseminadas nas redes sociais chegaram a tal conclusão por conta do estilo do boné usado por um dos homens e em virtude da cor verde-oliva das camisas das pessoas que estavam ao redor do grupo petista. De acordo com posts em páginas de apoiadores do candidato Jair Bolsonaro (PSL), a combinação indicaria interferência de força militar estrangeira na campanha eleitoral brasileira.

A Resolução 23.546, de 2017, do Tribunal Superior Eleitoral (TSE), veda expressamente que partidos políticos recebam, “direta ou indiretamente, sob qualquer forma ou pretexto, doação, contribuição ou auxílio pecuniário ou estimável em dinheiro, inclusive por meio de publicidade de qualquer espécie”, de origem estrangeira.

Até descartar evidências de que sejam, de fato, cubanos, o Comprova atuou em quatro frentes principais. Primeiro, comparou as roupas dos supostos soldados do país de Raúl Castro e Miguel Díaz-Canel com as dos homens que aparecem nos vídeos. Não há correspondência. Os trajes das Forças Armadas de Cuba, conforme <a target=""blank"" href=""http://www.radiorebelde.cu/noticia/desfile-militar-popular-plaza-todos-cubanos-20170101/"" rel=""noopener noreferrer"">imagens oficiais</a> de desfiles militares em Havana, têm detalhes e botões, não são camisas unicolores. 

Em seguida, também buscamos referências sobre o boné que está na cabeça de um homem à frente de Haddad. O acessório tem uma estrela vermelha na frente e uma bandeira de Cuba na parte lateral. Algumas versões do boato apontam, a partir de um frame do G1, que o item seria mais uma prova da ligação dos seguranças com o regime cubano. Uma análise mais lenta do vídeo, contudo, mostra que apenas <a target=""blank"" href=""http://midias.gazetaonline.com.br/_midias/jpg/2018/10/01/1050x500/1_cubano_haddad_marcas_final-5811268.jpg?5bb2ce9e413c9"" rel=""noopener noreferrer"">um homem</a> usa o objeto. Os demais, também vestidos de verde, usam outros tipos de bonés ou nenhum. Além disso, o boné com a estrela e a bandeira cubana é um item facilmente localizado em lojas online. Um site chamado “<a target=blank"" href=""http://www.lojinhadoptrj.com.br/departamento/26792/03/bone9s"" rel=""noopener noreferrer"">Lojinha do PT-RJ</a>” comercializa o objeto por R$ 30. 

Ainda dentro deste trabalho de checagem, acionamos repórteres que acompanharam a caminhada de Fernando Haddad em Caxias do Sul. Eles relataram não terem ouvido nenhum membro da equipe do petista falando em outra língua, a não ser o português. 

Por fim, buscamos explicações junto ao PT do Rio Grande do Sul e a Miguel Rossetto, ex-ministro da Previdência Social no governo Dilma Rousseff (PT) e candidato ao governo daquele Estado. Ele aparece ao lado de Haddad em uma das gravações e, portanto, também estava protegido pelos supostos cubanos. 

O presidente do PT no Estado, o deputado federal Pepe Vargas, informou que os seguranças eram voluntários, brasileiros e militantes do PT gaúcho. Disse, ainda, que a escolha das roupas levou em conta a facilidade para identificar o grupo entre os demais apoiadores, já que os correligionários costumam vestir a cor vermelha. O deputado não soube mencionar por que a cor verde foi a escolhida.

Já a assessoria de Rossetto informou não contratar segurança privada. Reforçou que a colaboração com a segurança das atividades de campanha é feita por militantes do PT e de movimentos sociais. Também acrescentou que as camisas verdes foram providenciadas pelo partido, para identificação da equipe de apoio. 

“Não foram providenciados bonés, sendo opção de cada pessoa usar ou não. Entre as agendas de Caxias do Sul, Canoas e Porto Alegre, contamos com a participação de um conjunto de militantes. Desconhecemos a presença de estrangeiros entre os militantes que se voluntariaram para contribuir com a segurança dos atos”, informou a assessoria, em nota.

Candidatos à presidência da República de partidos com pelo menos <a target=""blank"" href=""https://politica.estadao.com.br/noticias/eleicoes,pf-vai-limitar-seguranca-de-candidatos-a-presidencia-nas-eleicoes-2018,70002436855"" rel=""noopener noreferrer"">cinco representantes</a> no Congresso têm direito, caso solicitem, a <a target=""blank href=""http://agenciabrasil.ebc.com.br/politica/noticia/2018-09/cada-candidato-presidencia-tera-25-policiais-para-sua-seguranca"" rel=""noopener noreferrer"">até 25 policiais federais</a>.

Mensagens com o boato aparecem no Monitor de WhatsApp da UFMG, ferramenta desenvolvida por pesquisadores da universidade mineira para verificar os conteúdos mais disseminados em grupos abertos do aplicativo. No Twitter, uma das postagens recebeu, até a noite desta segunda-feira, 1º de outubro, mais de 1,1 mil retuítes e outras 1,7 mil curtidas. Com menos engajamento, o boato também circulou em páginas anti-petistas do Facebook.",,"1970-01-01 00:00:00",archived-answer,https://projetocomprova.com.br/post/re_2b5w8xy19gky/,https://projetocomprova.com.br/wp-content/uploads/2018/10/k5S05wr9QHyvBBQCICNc-2.png,k5S05wr9QHyvBBQCICNc,,,,https://projetocomprova.com.br/wp-content/uploads/2018/10/k5S05wr9QHyvBBQCICNc-2.png,,,,"a:3:{s:3:""loc"";s:84:""https://projetocomprova.com.br/wp-content/uploads/2018/10/k5S05wr9QHyvBBQCICNc-2.png"";s:5:""title"";s:20:""k5S05wr9QHyvBBQCICNc"";s:7:""caption"";s:0:"""";}|a:3:{s:3:""loc"";s:84:""https://projetocomprova.com.br/wp-content/uploads/2018/10/k5S05wr9QHyvBBQCICNc-2.png"";s:5:""title"";s:20:""k5S05wr9QHyvBBQCICNc"";s:7:""caption"";s:0:"""";}|a:3:{s:3:""loc"";s:84:""https://projetocomprova.com.br/wp-content/uploads/2018/10/k5S05wr9QHyvBBQCICNc-2.png"";s:5:""title"";s:20:""k5S05wr9QHyvBBQCICNc"";s:7:""caption"";s:0:"""";}",,,,,,,,,,,,,,,,publish,1,lunar_admin,oli@lunar.build,,,re_2b5w8xy19gky,,,0,0,0,closed,closed,"1970-01-01 00:00:00",estadao,gauchazh|sbt|jornal-do-commercio|revista-piaui|nsc-comunicacao|poder360,red,,,,,,,,,,,,,,,
3542,"Manifestação pró-Bolsonaro em Israel é real, mas pega carona em celebração judaica","São verdadeiros os vídeos publicados nas redes sociais que mostram manifestações de apoio ao candidato Jair Bolsonaro (PSL) nas ruas de Jerusalém, em Israel. Pessoas vestidas de amarelo, levando bandeiras do Brasil, aparecem desfilando em clima festivo na rua enquanto um locutor grita frases pró-Bolsonaro. Em um dos vídeos, divulgado no YouTube, um homem interage com a câmera: ""Ouviu aí, né? Aqui em Israel, Jerusalém, quem está sendo aclamado"".

Ao pesquisar sobre manifestações recentes em Israel, o Comprova constatou que as gravações ocorreram durante as celebrações judaicas da Festa dos Tabernáculos 2018, evento organizado pela Embaixada Cristã Internacional de Jerusalém (ICEJ). A programação tem como destaque a chamada Marcha de Jerusalém, que reúne grupos de diversos países pelas ruas da Capital. Segundo o <a target=""blank"" href=""https://www.jpost.com/Israel-News/7000-Christian-Evangelicals-parade-through-capital-in-annual-Jerusalem-March-event-568185"" rel=""noopener noreferrer"">Jerusalem Post</a>, o Brasil levou a maior delegação, com 900 pessoas.

Na data da marcha, dia 27 de setembro, o diretor nacional da ICEJ Brasil, apóstolo Renê Terra Nova, divulgou em suas redes sociais um vídeo de apoio a Jair Bolsonaro. Na publicação, ele e outros brasileiros aparecem nas ruas de Jerusalém com camisetas e faixas do candidato do PSL. Ao pesquisar pelo líder religioso no Facebook, o Comprova também localizou vídeos em que ele mobiliza brasileiros em Israel com gritos de ""17 é Bolsonaro"".

É possível constatar que as manifestações lideradas por Terra Nova ocorreram durante a realização da Marcha de Jerusalém com base no trajeto da caminhada: uma das imagens mostra ele e outros brasileiros na rua Ben Yehuda, enquanto outro vídeo registra manifestações na rua Hillel. As duas vias constam no trajeto da marcha festiva detalhada pelo site <a target=""blank"" href=""https://israelb.org/2018/09/jerusalem-march-thursday/"" rel=""noopener noreferrer"">Israel B</a> (o Comprova analisou o percurso no Google Street View e confirmou as localizações). 

Um vídeo dos atos pró-Bolsonaro em Israel, publicado na página SomostodosBolsonaro do Facebook, foi apresentado como “Mega manifestação em Israel a favor de Bolsonaro!”, sugerindo que a multidão em marcha participou de um ato exclusivamente político, enquanto na verdade se tratava de uma programação religiosa. O vídeo somou 74 mil visualizações entre 28 de setembro e 1º de outubro. Outra gravação, publicada pela página Folha Política no YouTube, alcançou 21,7 mil visualizações no mesmo período.

A ambientação dos vídeos deixa evidente o contexto de festa e interação entre povos — embora tenham ocorrido manifestações esporádicas voltadas para a eleição no Brasil, o evento não teve motivação política e contou com atos promovidos por delegações judaicas de outras nações. Ou seja, não é possível atribuir a presença de todos os brasileiros e demais pessoas que aparecem nas imagens como sendo apoiadores do candidato.",,"1970-01-01 00:00:00",archived-answer,https://projetocomprova.com.br/post/re_2b5w8xnxjogz/,https://projetocomprova.com.br/wp-content/uploads/2018/10/XEctGYbhTy6QWoAKwevs-2.jpg,XEctGYbhTy6QWoAKwevs,,,,https://projetocomprova.com.br/wp-content/uploads/2018/10/XEctGYbhTy6QWoAKwevs-2.jpg,,,,"a:3:{s:3:""loc"";s:84:""https://projetocomprova.com.br/wp-content/uploads/2018/10/XEctGYbhTy6QWoAKwevs-2.jpg"";s:5:""title"";s:20:""XEctGYbhTy6QWoAKwevs"";s:7:""caption"";s:0:"""";}|a:3:{s:3:""loc"";s:84:""https://projetocomprova.com.br/wp-content/uploads/2018/10/XEctGYbhTy6QWoAKwevs-2.jpg"";s:5:""title"";s:20:""XEctGYbhTy6QWoAKwevs"";s:7:""caption"";s:0:"""";}|a:3:{s:3:""loc"";s:84:""https://projetocomprova.com.br/wp-content/uploads/2018/10/XEctGYbhTy6QWoAKwevs-2.jpg"";s:5:""title"";s:20:""XEctGYbhTy6QWoAKwevs"";s:7:""caption"";s:0:"""";}",,,,,,,,,,,,,,,,publish,1,lunar_admin,oli@lunar.build,,,re_2b5w8xnxjogz,,,0,0,0,closed,closed,"1970-01-01 00:00:00",1506,poder360|sbt|nsc-comunicacao|jornal-do-commercio|afp,"black and white",,,,,,,,,,,,,,,
3544,"Foto de multidão no Largo da Batata é de protesto contra Bolsonaro e não do Carnaval de 2017","São falsas as afirmações e montagens que alegam ser de um Carnaval as fotos do protesto realizado contra o candidato Jair Bolsonaro (PSL) no Largo da Batata, em São Paulo, no sábado, 29 de setembro, e que estão circulando em grupos de WhatsApp e nas redes sociais, como o Facebook. As mensagens usam uma reportagem com uma foto antiga do Estadão sobre o Carnaval realizado no local em 2017. Uma versão do boato faz uso de uma manchete da Gaúcha ZH sobre o protesto, mas substitui a foto original por uma antiga, estimulando a desinformação.

Algumas páginas que apoiam o candidato Bolsonaro apenas republicaram a <a target=""blank"" href=""https://sao-paulo.estadao.com.br/noticias/geral,a-situacao-saiu-do-nosso-controle-diz-secretario-de-doria-sobre-pre-carnaval-em-pinheiros,70001672177"" rel=""noopener noreferrer"">reportagem do Estadão sobre o pré-carnaval de 2017</a>, sob alegação de que veículos de comunicação usavam imagens daquela festa para ilustrar as novas reportagens sobre o protesto. Outra versão colocava lado a lado chamadas da reportagem já citada do Estadão, com a referência da data de fevereiro de 2017, junto a uma <a target=""blank"" href=""https://gauchazh.clicrbs.com.br/politica/eleicoes/noticia/2018/09/mulheres-protestam-contra-bolsonaro-em-diversas-cidades-do-pais-cjmnsdi7s009u01k7kbuwsr4b.html"" rel=""noopener noreferrer"">notícia da Gaúcha ZH</a>, que traz informações sobre as manifestações contra Bolsonaro em todo o país, em setembro de 2018. Neste caso, a foto do carnaval - de autoria de Gabriela Biló, do Estadão - foi copiada e colada na chamada do protesto. Ela mesmo <a target=""blank"" href=""https://www.instagram.com/p/BoXdBLyBXhQ/?taken-by=gabriela.bilo"" rel=""noopener noreferrer"">publicou uma foto</a> da manifestação do último sábado em seu Instagram. Esta não é a mesma foto escolhida para ilustrar a reportagem da Gaúcha ZH: o jornal usou uma <a target=""blank"" href=""https://twitter.com/AFPBrasil/status/1046142513499840513"" rel=""noopener noreferrer"">foto de autoria de Miguel Schincariol</a>, distribuída pela AFP, feita no sábado, dia 29 de setembro de 2018.

Há semelhanças entre as duas imagens: elas foram feitas no mesmo local, o Largo da Batata, em São Paulo, e mostram a vista aérea com uma multidão. Porém, há diferenças que mostram que as imagens não foram feitas no mesmo dia. Na fotografia do Carnaval, há mais guarda-sóis e, inclusive, uma roda-gigante ao fundo da imagem. Já a imagem do protesto tem menos guarda-sóis, não há roda-gigante e é possível perceber bandeiras de partidos políticos e uma bola azul. 

A roda-gigante foi <a href=https://fotografia.folha.uol.com.br/galerias/49298-roda-gigante-largo-da-batata  target=_blank rel=""noopener noreferrer"">instalada</a> em 2017 somente durante o carnaval, precisamente no dia 18 de fevereiro, no contexto de ação de marketing da marca de cerveja Skol. As fotos do último fim de semana, portanto, não mostram a atração de 21 metros de altura.

Outra diferença entre as duas imagens é a existência de um grafite na lateral de um prédio da região - está na foto do protesto, mas não existia em 2017.

O Comprova teve acesso aos metadados do arquivo original de Miguel Schincariol e pôde verificar a data original em que a foto foi realizada: 16:28 do dia 29 de setembro de 2018.

Contatada pelo Comprova, a fotógrafa Gabriela Biló, autora da foto da manifestação que foi distribuída pela Estadão no último sábado e também da foto durante o carnaval de 2017, explicou a situação. O ponto de onde a foto foi tirada é a casa de uma residente. É um local já conhecido e utilizado frequentemente por ela e para tirar fotos panorâmicas do Largo da Batata. No último sábado, enquanto ela entrava no edifício, Miguel Schincariol, autor da foto veiculada pela AFP, a viu entrar e pediu para subir também. Com eles também estava a fotógrafa Carla Carniel.

Usuários nas redes sociais compartilharam a foto do Estadão. O perfil de Geovani Campelo no Facebook, por exemplo, obteve 2,9 mil reações, 1,3 mil comentários e 32 mil compartilhamentos até a tarde de 1º de outubro. Além disso, algumas páginas viralizaram a desinformação utilizando imagens aéreas do telejornal SPTV (TV Globo), como a Papai Noel, que alcançou 25 mil visualizações, 1,5 mil pessoas compartilhamentos e 69 comentários. Já a página O Congressita alcançou 217 mil visualizações, 681 comentários e 8,8 mil compartilhamentos com a mesma estratégia. 

O <a target=""blank"" href=""https://politica.estadao.com.br/blogs/estadao-verifica/disseminadores-de-boatos-promovem-falsa-checagem-sobre-protesto-contra-bolsonaro/"" rel=""noopener noreferrer"">Estadão</a>, o <a target=""blank"" href=""https://gauchazh.clicrbs.com.br/politica/eleicoes/noticia/2018/10/foto-de-ato-contra-jair-bolsonaro-no-largo-da-batata-nao-foi-manipulada-cjmpl4vve00cm01kbmqaez38i.html"" rel=""noopener noreferrer"">Gaucha ZH</a> e o <a target=""blank"" href=""https://oglobo.globo.com/fato-ou-fake/e-fake-que-imagem-de-ato-contra-bolsonaro-no-largo-da-batata-do-carnaval-de-2017-23115849"" rel=""noopener noreferrer"">Fato ou Fake</a> também verificaram e constataram a desinformação disseminada na web.",,"1970-01-01 00:00:00",archived-answer,https://projetocomprova.com.br/post/re_2b5w8xn4gvwb/,https://projetocomprova.com.br/wp-content/uploads/2018/10/WmJ7zIInSQWSxMHUxy9s-2.png,WmJ7zIInSQWSxMHUxy9s,,,,https://projetocomprova.com.br/wp-content/uploads/2018/10/WmJ7zIInSQWSxMHUxy9s-2.png,,,,"a:3:{s:3:""loc"";s:84:""https://projetocomprova.com.br/wp-content/uploads/2018/10/WmJ7zIInSQWSxMHUxy9s-2.png"";s:5:""title"";s:20:""WmJ7zIInSQWSxMHUxy9s"";s:7:""caption"";s:0:"""";}|a:3:{s:3:""loc"";s:84:""https://projetocomprova.com.br/wp-content/uploads/2018/10/WmJ7zIInSQWSxMHUxy9s-2.png"";s:5:""title"";s:20:""WmJ7zIInSQWSxMHUxy9s"";s:7:""caption"";s:0:"""";}|a:3:{s:3:""loc"";s:84:""https://projetocomprova.com.br/wp-content/uploads/2018/10/WmJ7zIInSQWSxMHUxy9s-2.png"";s:5:""title"";s:20:""WmJ7zIInSQWSxMHUxy9s"";s:7:""caption"";s:0:"""";}",,,,,,,,,,,,,,,,publish,1,lunar_admin,oli@lunar.build,,,re_2b5w8xn4gvwb,,,0,0,0,closed,closed,"1970-01-01 00:00:00",,poder360|sbt|correio-do-povo|uol|nsc-comunicacao|afp|jornal-do-commercio,red,,,,,,,,,,,,,,,
3546,"Deputado do RJ não ofereceu vantagens para professoras fazerem vídeo contra Bolsonaro","É velho e falso o vídeo que circula no WhatsApp e em redes sociais dando conta de que o deputado estadual Paulo Ramos (PDT-RJ) <http://www.deputadopauloramos.com.br/?page_id=2185> estaria visitando escolas e oferecendo vantagens para que professoras fizessem um vídeo dizendo que são contra o candidato do PSL ao Palácio do Planalto, Jair Bolsonaro. Na verdade, a gravação foi feita em agosto de 2017 na Fazenda Modelo, que abriga animais abandonados no Rio de Janeiro. O parlamentar, que na época era filiado ao PSOL, discutiu com ativistas de proteção animal.

O vídeo ganhou força com a publicação na página do delegado Francischini, apoiador de Bolsonaro e candidato a deputado estadual no Paraná. 

Antes de qualquer coisa, o Comprova procurou, no Google, a origem do vídeo, buscando pelo nome do deputado Paulo Ramos e por “professoras”. As publicações mais antigas são de agosto de 2017 e a primeira delas foi feita por Bruna Franco no YouTube. A <a target=""blank"" href=""https://www.youtube.com/watch?v=Kjd5zw1Lzdg"" rel=""noopener noreferrer"">gravação original</a> tem 9min02s. O vídeo enganoso foi editado e tem apenas 1min37s. Ele representa o trecho de 2min59s a 4min36s do original.

Na ocasião, o parlamentar se irritou quando uma das protetoras disse que a visita ao abrigo era um “circo”. Ele começou a gritar com elas e as expulsou do local. Não houve agressão física, mas o deputado chegou a derrubar, acidentalmente, o celular de uma ativista. 

No Facebook, o Comprova encontrou Bruna Franco, estudante de medicina e ativista da proteção aos animais. Por telefone, ela esclareceu que o vídeo foi feito por uma amiga, a pedido dela, na Fazenda Modelo, antes de uma vistoria que seria realizada pela Comissão de Defesa dos Animais da Alerj (Assembleia Legislativa do Estado do Rio de Janeiro). Ela chegou a fazer uma <a target=""blank"" href=""https://www.facebook.com/brunafrancoativista/videos/1199748733463836/"" rel=""noopener noreferrer"">transmissão ao vivo no Facebook</a> antes da gravação. O convite foi feito pelo então presidente da comissão, o deputado Carlos Osório, que também aparece nas gravações. A confusão, segundo ela, não tem qualquer relação com a eleição presidencial ou ao fato de apoiarem ou não Bolsonaro.

Na <a target=""blank"" href=""https://www.facebook.com/deputadopauloramosrj/posts/867296596992973"" rel=""noopener noreferrer"">página do deputado Paulo Ramos no Facebook</a>, ele divulgou uma nota sobre o caso. “Este vídeo que está sendo levianamente divulgado, inclusive sendo editado, com o deputado Paulo Ramos, do PDT, ocorreu na Fazenda Modelo, órgão da Prefeitura do Rio de Janeiro, quando da visita da Comissão de Proteção Animal da Alerj para apurar denúncias de maus-tratos no abrigo, no dia 18 de agosto de 2017”, diz o deputado, que ainda faz acusações contra as protetoras. 

No Twitter, <a target=""blank"" href=""https://twitter.com/bruna_franco_/status/1045778019057651712?s=12"" rel=""noopener noreferrer"">Bruna Franco rebateu</a>. O Comprova não encontrou qualquer processo movido contra as protetoras no TJ-RJ (Tribunal de Justiça do Rio de Janeiro). 

Até agora, o vídeo enganoso, que também vem sendo compartilhado no Whatsapp, teve 78 mil visualizações e 3,6 mil compartilhamentos na página do delegado no Facebook. 

A informação falsa também foi checada pelo <a target=""blank"" href=""https://g1.globo.com/fato-ou-fake/noticia/2018/09/26/e-fake-que-deputado-paulo-ramos-ofereceu-dinheiro-para-professoras-fazerem-campanha-contra-bolsonaro-em-video.ghtml"" rel=""noopener noreferrer"">“Fato ou Fake”</a>, do G1.  ",,"1970-01-01 00:00:00",archived-answer,https://projetocomprova.com.br/post/re_2b5w8xzew58n/,https://projetocomprova.com.br/wp-content/uploads/2018/09/wczlGArLQ0GpTKeNEdbV-2.jpg,wczlGArLQ0GpTKeNEdbV,,,,https://projetocomprova.com.br/wp-content/uploads/2018/09/wczlGArLQ0GpTKeNEdbV-2.jpg,,,,"a:3:{s:3:""loc"";s:84:""https://projetocomprova.com.br/wp-content/uploads/2018/09/wczlGArLQ0GpTKeNEdbV-2.jpg"";s:5:""title"";s:20:""wczlGArLQ0GpTKeNEdbV"";s:7:""caption"";s:0:"""";}|a:3:{s:3:""loc"";s:84:""https://projetocomprova.com.br/wp-content/uploads/2018/09/wczlGArLQ0GpTKeNEdbV-2.jpg"";s:5:""title"";s:20:""wczlGArLQ0GpTKeNEdbV"";s:7:""caption"";s:0:"""";}|a:3:{s:3:""loc"";s:84:""https://projetocomprova.com.br/wp-content/uploads/2018/09/wczlGArLQ0GpTKeNEdbV-2.jpg"";s:5:""title"";s:20:""wczlGArLQ0GpTKeNEdbV"";s:7:""caption"";s:0:"""";}",,,,,,,,,,,,,,,,publish,1,lunar_admin,oli@lunar.build,,,re_2b5w8xzew58n,,,0,0,0,closed,closed,"1970-01-01 00:00:00",uol,poder360|jornal-do-commercio|sbt|nsc-comunicacao|uol,red,,,,,,,,,,,,,,,
3548,"É falsa afirmação de que Haddad apoia lei que obriga igrejas a casar homossexuais","É falsa a informação de que o candidato do PT à presidência da República, Fernando Haddad, apoia a criação de uma lei para prender padres e pastores que se recusarem a realizar casamentos entre pessoas do mesmo sexo em igrejas. Não há registros de criação de lei com esse propósito, nem de apoio do petista a qualquer proposta semelhante. O <a target=""blank"" href=""http://divulgacandcontas.tse.jus.br/candidaturas/oficial/2018/BR/BR/2022802018/280000629808//proposta_1536702143353.pdf"" rel=""noopener noreferrer"">programa de governo</a> do candidato também não faz qualquer proposta similar. 

O boato foi alimentado por uma frase falsamente atribuída ao deputado federal Jean Wyllys (PSOL/RJ) e publicada no Facebook junto com uma foto do parlamentar. A declaração inventada é a seguinte: ""Com o apoio do candidato a presidência Fernando Haddad, vou criar a Lei Marielle Franco, essa lei obrigará Padres e Pastores a realizarem cerimônias de casamentos de homossexuais na igreja, os que recusarem serão presos (sic)"".

Para concluir que o parlamentar jamais afirmou tal frase, o Comprova, primeiro, pesquisou pronunciamentos dele em plenário, publicações nas redes sociais e entrevistas. Buscas no Google pelas mesmas palavras e expressões usadas na declaração falsa também não apresentaram resultados.

Também consultamos a relação de propostas de Fernando Haddad, registradas no Tribunal Superior Eleitoral (TSE). A única lei sugerida no documento que beneficia diretamente os homossexuais diz respeito à responsabilização ""dos crimes de ódio, entre os quais os praticados contra as pessoas LGBTI+"".

Logo após assumir um mandato na Câmara pela primeira vez, em 2011, o deputado apresentou uma Proposta de Emenda Constitucional (PEC) para garantir o direito do casamento civil entre homossexuais. A PEC, que não reuniu o número mínimo de assinaturas para prosseguir, <a target=""blank"" href=""http://jeanwyllys.com.br/wp/jean-wyllys-%E2%80%9Co-direito-ao-casamento-civil-deve-ser-para-todos-e-todas-os-mesmos-direitos-com-os-mesmos-nomes%E2%80%9D-28-06-2011"" rel=""noopener noreferrer"">não versava sobre igrejas</a>. 

Em 2013, uma <a target=""blank"" href=""http://www.cnj.jus.br/busca-atos-adm?documento=2504"" rel=""noopener noreferrer"">resolução</a> aprovada pelo Conselho Nacional de Justiça (CNJ) obrigou todos os cartórios do país a celebrar o casamento civil entre pessoas do mesmo sexo e a converter união estável homoafetiva em casamento. A decisão foi tomada após o deputado, o partido dele e a Associação dos Registradores de Pessoas Naturais do Rio de Janeiro (Arpen-RJ) provocarem o Conselho a respeito.

O parlamentar também apresentou um <a target=""blank"" href=""http://www.camara.gov.br/proposicoesWeb/fichadetramitacao?idProposicao=567021"" rel=""noopener noreferrer"">projeto de lei</a>, há cinco anos, para “reconhecer o casamento civil e a união estável entre pessoas do mesmo sexo”. Em junho deste ano, Jean Wyllys esclareceu em sua <a target=""blank"" href=""https://www.facebook.com/jean.wyllys/posts/uma-das-mentiras-mais-usadas-por-homof%C3%B3bicos-e-fundamentalistas-religiosos-contr/1828785847169414/"" rel=""noopener noreferrer"">página</a> que, apesar da decisão do CNJ, é autor de projeto para “incluir essa realidade no Código Civil, que continua desatualizado”.

Embora seja coordenador da comissão externa que acompanha investigação do assassinato da vereadora do Rio de Janeiro Marielle Franco (PSOL) e do motorista Anderson Gomes, Jean Wyllys não tem nenhum “projeto de lei Marielle Franco”. 

A única lei com nome semelhante localizada pelo Comprova foi <a target=""blank"" href=""https://oglobo.globo.com/rio/pezao-sanciona-lei-que-cria-dia-marielle-franco-contra-genocidio-da-mulher-negra-22898278"" rel=""noopener noreferrer"">sancionada</a> em julho, no Estado do Rio. Ela torna o 14 de março o dia de luta contra o genocídio da mulher negra. É uma lei estadual e, portanto, sem qualquer relação com a atuação legislativa de um deputado federal.

Procurado pelo Comprova para se manifestar sobre a frase atribuída a ele, o deputado afirmou que sua defesa “é pelo casamento civil - ou seja, em nada tem a ver com igrejas! -, pela liberdade religiosa e pelo respeito à Constituição, que reconhece no artigo quinto o direito à liberdade de crença e consciência”. 

A assessoria de imprensa de Fernando Haddad foi procurada, mas não deu retorno.

A frase falsa foi postada na página Esquerda Brasil 2018, que não é de apoio a partidos desse campo político. Até o início da noite desta sexta-feira, 28 de setembro, a postagem havia sido compartilhada 22 mil vezes. Recebeu, ainda, 2,2 mil reações e 4,8 mil comentários. Enviamos um pedido de esclarecimento à página, para que revelassem de onde retiraram a informação. A mensagem foi visualizada, mas não respondida.

O Comprova identificou que boatos sobre punições a religiosos que não casarem gays existem pelo menos desde 2011, quando o debate sobre o tema ganhou força.",,"1970-01-01 00:00:00",archived-answer,https://projetocomprova.com.br/post/re_2b5w8xzvaapy/,https://projetocomprova.com.br/wp-content/uploads/2018/09/eihqrgcQS5W9O4pnhwdg-2.jpg,eihqrgcQS5W9O4pnhwdg,,,,https://projetocomprova.com.br/wp-content/uploads/2018/09/eihqrgcQS5W9O4pnhwdg-2.jpg,,,,"a:3:{s:3:""loc"";s:84:""https://projetocomprova.com.br/wp-content/uploads/2018/09/eihqrgcQS5W9O4pnhwdg-2.jpg"";s:5:""title"";s:20:""eihqrgcQS5W9O4pnhwdg"";s:7:""caption"";s:0:"""";}|a:3:{s:3:""loc"";s:84:""https://projetocomprova.com.br/wp-content/uploads/2018/09/eihqrgcQS5W9O4pnhwdg-2.jpg"";s:5:""title"";s:20:""eihqrgcQS5W9O4pnhwdg"";s:7:""caption"";s:0:"""";}|a:3:{s:3:""loc"";s:84:""https://projetocomprova.com.br/wp-content/uploads/2018/09/eihqrgcQS5W9O4pnhwdg-2.jpg"";s:5:""title"";s:20:""eihqrgcQS5W9O4pnhwdg"";s:7:""caption"";s:0:"""";}",,,,,,,,,,,,,,,,publish,1,lunar_admin,oli@lunar.build,,,re_2b5w8xzvaapy,,,0,0,0,closed,closed,"1970-01-01 00:00:00",,poder360|jornal-do-commercio|sbt|uol|nsc-comunicacao,red,,,,,,,,,,,,,,,
3550,"Vídeo que mostra apreensão de material de campanha de Gleisi Hoffmann é verdadeiro","É verdadeiro o <a target=""blank"" href=""https://www.youtube.com/watch?time_continue=71&v=Ie5F42fgIWU"" rel=""noopener noreferrer"">vídeo publicado no YouTube</a> que mostra a apreensão de materiais irregulares de campanha, incluindo peças de divulgação da senadora Gleisi Hoffmann (PT-PR) ao lado do ex-presidente Lula. Gleisi é candidata a deputada federal. A gravação registra o momento em que policiais militares e uma pessoa com identificação da Justiça Eleitoral recolhem placas e panfletos do PT expostos em tendas montadas em um calçadão. 

Ao analisar as imagens dos policiais e da viatura no local, é possível identificar que se trata da PM do Paraná. A partir disso, o Comprova entrou em contato com a Polícia Militar paranaense e o Tribunal Regional Eleitoral para confirmar a ocorrência do evento. Os órgãos informaram que a ação retratada no vídeo ocorreu no último dia 26 de setembro, no Centro de Curitiba, por ordem da Justiça Eleitoral. Por meio do Google Maps, o Comprova localizou <a target=""blank"" href=""https://www.google.com.br/maps/@-25.4308114,-49.2707023,3a,75y,252.49h,89.11t/data=!3m6!1e1!3m4!1suWuw0DfY5fyq-LYQ7sh11Q!2e0!7i13312!8i6656"" rel=""noopener noreferrer"">o lugar exato</a> do ocorrido.

O TRE-PR encaminhou ao Comprova documentos relacionados à apreensão. Na decisão, assinada dia 26 de setembro, o juiz eleitoral Douglas Marcel Peres aponta que o Tribunal Superior Eleitoral (TSE) indeferiu o registro de candidatura de Lula com base na Lei da Ficha Limpa e determina que sejam feitas diligências e, eventualmente, a apreensão de materiais de propaganda de Lula como presidente.

Em ofícios assinados nos dias 26 e 27 de setembro, o chefe de cartório da 176ª Zona Eleitoral confirma o recolhimento de peças de Lula como candidato a presidente em “diversos materiais de diversos candidatos” em um calçadão no centro de Curitiba, no diretório do PT, no comitê da senadora Gleisi e no comitê central do partido.

Em nota, o diretório do PT no Paraná afirmou que os materiais recolhidos foram produzidos antes da impugnação da candidatura de Lula. A nota também aponta que desde a confirmação da candidatura de Fernando Haddad à presidência pelo PT, os materiais foram readequados conforme orientação do TSE.

A gravação divulgada no YouTube pelo canal da página Folha Política teve 32,7 mil visualizações entre os dias 27 e 28 de setembro. O título do vídeo diz que ""cidadãos comemoram"" apreensão, embora as imagens não registrem grande reação coletiva. Outros canais compartilharam o mesmo conteúdo no YouTube. A notícia da apreensão foi tema da <a target=""blank"" href=""https://epoca.globo.com/expresso/policia-militar-recolhe-material-de-campanha-de-gleisi-hoffmann-23106858?utm_source=facebook&utm_medium=social&utm_campaign=post"" rel=""noopener noreferrer"">coluna de Murilo Ramos</a> na Época.",,"1970-01-01 00:00:00",archived-answer,https://projetocomprova.com.br/post/re_2b5w8xnd2e5z/,https://projetocomprova.com.br/wp-content/uploads/2018/09/WAf21brqSsSY7JRAtYNs-2.png,WAf21brqSsSY7JRAtYNs,,,,https://projetocomprova.com.br/wp-content/uploads/2018/09/WAf21brqSsSY7JRAtYNs-2.png,,,,"a:3:{s:3:""loc"";s:84:""https://projetocomprova.com.br/wp-content/uploads/2018/09/WAf21brqSsSY7JRAtYNs-2.png"";s:5:""title"";s:20:""WAf21brqSsSY7JRAtYNs"";s:7:""caption"";s:0:"""";}|a:3:{s:3:""loc"";s:84:""https://projetocomprova.com.br/wp-content/uploads/2018/09/WAf21brqSsSY7JRAtYNs-2.png"";s:5:""title"";s:20:""WAf21brqSsSY7JRAtYNs"";s:7:""caption"";s:0:"""";}|a:3:{s:3:""loc"";s:84:""https://projetocomprova.com.br/wp-content/uploads/2018/09/WAf21brqSsSY7JRAtYNs-2.png"";s:5:""title"";s:20:""WAf21brqSsSY7JRAtYNs"";s:7:""caption"";s:0:"""";}",,,,,,,,,,,,,,,,publish,1,lunar_admin,oli@lunar.build,,,re_2b5w8xnd2e5z,,,0,0,0,closed,closed,"1970-01-01 00:00:00",,jornal-do-commercio|gauchazh|correio-do-povo|sbt|nsc-comunicacao|radio-bandeirantes|poder360,green,,,,,,,,,,,,,,,
3552,"Forças Armadas não solicitaram ao TSE perícia nas urnas eletrônicas","Não é verdade que as Forças Armadas exigiram ao Tribunal Superior Eleitoral (TSE) uma perícia nas urnas eletrônicas. Em texto apócrifo que circula no WhatsApp e em redes sociais, há o rumor que oficiais do Exército, Marinha e Aeronáutica enviaram um comunicado oficial à presidente do TSE, ministra Rosa Weber, por receio de fraude nas votações. No entanto, o órgão nega a existência de uma comunicação do tipo.

Para checar a veracidade da corrente, o Comprova entrou em contato com as assessorias do TSE e das Forças Armadas — ambas as instituições negaram o boato. 

“O Exército não solicitou ao TSE nem recebeu qualquer determinação para participar de perícia, avaliação ou auditoria técnica do funcionamento e segurança dos equipamentos eletrônicos de apuração”, diz nota enviada pelo Exército ao Comprova. 

O Comprova também buscou nos comunicados oficiais e no site do Exército referências a urnas eletrônicas, sem resultados.

A equipe de verificação do boato ainda buscou localizar a foto original utilizada em uma publicação no Facebook com o texto enganoso. Ela foi feita no Quartel-General do Exército, em Brasília (DF), em setembro de 2017, e <a target=""blank"" href=""http://www.eb.mil.br/web/midia-impressa/noticiario-do-exercito/-/asset_publisher/IZ4bX6gegOtX/content/301-reuniao-do-alto-comando-do-exercito"" rel=""noopener noreferrer"">divulgada no site</a> do Exército. 

Na ocasião, estava sendo realizada a “301ª Reunião do Alto-Comando do Exército” (RACE), em Brasília. Segundo o site do Exército, durante o encontro, os presentes discutiram assuntos na esfera do planejamento estratégico da instituição, “com decisões relacionadas à carreira, à profissão militar e aos meios disponíveis atualmente para o cumprimento das missões constitucionais”.

Já a foto que acompanha o mesmo texto enganoso em uma publicação no Twitter foi encontrada pelo Comprova na mesma rede social, mas em um <a target=""blank""  href=""https://twitter.com/gen_villasboas/status/907223432437403649"" rel=""noopener noreferrer"">tuíte</a> do general Eduardo Villas Bôas, comandante do Exército brasileiro. O post também é de setembro de 2017. 

Rumores sobre fraudes no sistema de votação têm sido frequentes durante a campanha. Segundo o TSE, o voto eletrônico emprega <a target=""blank"" href=""http://www.tse.jus.br/eleicoes/urna-eletronica/seguranca-da-urna/seguranca"" rel=""noopener noreferrer"">segurança em camadas</a>. Isso quer dizer que qualquer ataque ao sistema causa um efeito dominó, que impossibilita que uma urna comprometida gere resultados válidos.

O TSE encomenda auditorias e perícias de instituições independentes. Da mesma forma, antes de cada eleição é realizado um Teste Público de Segurança do sistema eletrônico de votação, de acordo com a Resolução-TSE 23.444/2015. No dia da eleição, ocorre mais uma verificação: fiscais de partidos políticos e coligações, representantes da Ordem dos Advogados do Brasil (OAB) e de entidades representativas da sociedade fazem uma ""votação paralela"". O objetivo é atestar os dispositivos de segurança e a veracidade dos resultados de urnas sorteadas.

Além do WhatsApp, o boato também foi compartilhado no grupo do Facebook “Apoio ao dr Sérgio Moro e Lava Jato e a FFAA”, com 9,5 mil compartilhamentos, e no Twitter pelo usuário @arthur_slo, com 951 retweets.",,"1970-01-01 00:00:00",archived-answer,https://projetocomprova.com.br/post/re_2b5w8xn0dwwn/,https://projetocomprova.com.br/wp-content/uploads/2018/09/rcDET1hQLqpKvWOvQP7g-2.png,rcDET1hQLqpKvWOvQP7g,,,,https://projetocomprova.com.br/wp-content/uploads/2018/09/rcDET1hQLqpKvWOvQP7g-2.png,,,,"a:3:{s:3:""loc"";s:84:""https://projetocomprova.com.br/wp-content/uploads/2018/09/rcDET1hQLqpKvWOvQP7g-2.png"";s:5:""title"";s:20:""rcDET1hQLqpKvWOvQP7g"";s:7:""caption"";s:0:"""";}|a:3:{s:3:""loc"";s:84:""https://projetocomprova.com.br/wp-content/uploads/2018/09/rcDET1hQLqpKvWOvQP7g-2.png"";s:5:""title"";s:20:""rcDET1hQLqpKvWOvQP7g"";s:7:""caption"";s:0:"""";}|a:3:{s:3:""loc"";s:84:""https://projetocomprova.com.br/wp-content/uploads/2018/09/rcDET1hQLqpKvWOvQP7g-2.png"";s:5:""title"";s:20:""rcDET1hQLqpKvWOvQP7g"";s:7:""caption"";s:0:"""";}",,,,,,,,,,,,,,,,publish,1,lunar_admin,oli@lunar.build,,,re_2b5w8xn0dwwn,,,0,0,0,closed,closed,"1970-01-01 00:00:00",estadao|folha-de-s-paulo,gauchazh|sbt|nsc-comunicacao|uol|correio-do-povo|poder360|afp|jornal-do-commercio,red,,,,,,,,,,,,,,,
3554,"PM não invadiu comitê de campanha do PT em busca de panfletos com a foto de Lula candidato","É falsa a alegação que acompanha um vídeo publicado no Facebook com imagens de uma suposta invasão da Polícia Militar de Santa Catarina a um comitê de campanha do Partido dos Trabalhadores (PT). A ação policial estaria buscando, diz um dos posts, panfletos com a foto de Luiz Inácio Lula da Silva como candidato à presidência. As imagens não têm nenhuma relação com o fato relatado. 

A gravação mostra policiais invadindo uma residência cuja porta tem um adesivo da campanha presidencial do PT. “Polícia invade comitê do PT em Santa Catarina ...entregavam panfletos com a foto de LULA pra presidente”, diz a descrição de uma das publicações que usou o vídeo. Um internauta comenta: “Quadrilha desgraçada...tudo pelo poder....não tem respeito com nada...são sujos”.

O Comprova chegou ao fato original com ajuda da busca por vídeos do Google e encontrou uma <a target=""blank"" href=""https://www.youtube.com/watch?v=83O5f3KaKpE"" rel=""noopener noreferrer"">versão da gravação</a> divulgada pela UnisulTV. O vídeo foi gravado na tarde da última terça-feira, 25 de setembro, por volta das 15h, no centro histórico de Laguna, em Santa Catarina, distante cerca de 120 quilômetros ao sul da capital Florianópolis, mais precisamente na altura do <a target=""blank"" href=""https://www.google.com.br/maps/@-28.4839504,-48.7823137,3a,75y,284.52h,80.69t/data=!3m6!1e1!3m4!1scAVpF9PIOU70PA-uOJ7ZJw!2e0!7i13312!8i6656"" rel=""noopener noreferrer"">número 33 da Rua Raulino Horn</a>. A Polícia Militar invadiu a residência, na parte de cima de uma loja, e prendeu duas jovens por desacato. A corporação havia recebido denúncias de uma festa com som alto no local.

“Essas estudantes já tinham histórico de ficar mostrando partes íntimas, usando drogas e escutando som alto, gerando perturbação do trabalho e sossego alheio (dos comerciantes vizinhos e de pessoas que passam por ali). O comerciante gerou a ocorrência após vários clientes reclamarem do fato. A GU [Guarnição] tentou negociar com as estudantes, mas não teve êxito, por este motivo teve que arrombar a porta”, disse a assessoria da Polícia Militar.

Segundo a PM, o evento não teve motivações políticas. “Não tem nada a ver com o recolhimento de materiais da campanha do Lula. Era um caso de perturbação do sossego alheio, em que coincidiu o fato das moradoras serem militantes do PT, mas não tem nada a ver com situação política”, declarou.

Na mesma data, o Tribunal Regional Eleitoral de Santa Catarina (TRE-SC) <a target=""blank"" href=""https://www.tre-sc.jus.br/mural/api/1369/decisao/pje"" rel=""noopener noreferrer"">determinou</a> a busca e apreensão de materiais de campanha eleitoral nos quais Lula é apresentado como candidato ao Planalto. Em sua decisão, o juiz auxiliar Antônio Schenkel do Amaral e Silva menciona que é crime “divulgar, na propaganda, fatos que sabe inverídicos, em relação a partidos ou candidatos e capazes de exercerem influência perante o eleitorado”. A ordem foi executada em seis cidades, mas Laguna não faz parte da lista. As cidades são: Chapecó, São João, Mafra, Blumenau, Araranguá e Florianópolis.

“O Partido dos Trabalhadores de Santa Catarina e a campanha Ana Paula Lima Federal 1313 esclarecem que o material impresso em que consta o ex-presidente Lula foi contratado, executado e pago no início da campanha, no dia 15 de agosto”, diz a nota de imprensa divulgada no dia 26 de setembro pela assessoria jurídica da candidata.

Ainda que os comitês de campanha dos petistas Ana Paula Lima e Claudio Vignatti, candidato a deputado federal, foram buscados pelas forças da ordem naquele dia, respectivamente, em Blumenau e Chapecó, o vídeo mostra um evento não relacionado e em outra cidade catarinense.

O vídeo com a descrição enganosa viralizou na rede. Apenas um deles, publicado no Facebook por Emerson Persuhn Persuhn, teve até a manhã desta sexta-feira, 28 de setembro, mais de 72 mil visualizações de 3 mil compartilhamentos. Outras versões também circulam no Twitter, YouTube e WhatsApp.",,"1970-01-01 00:00:00",archived-answer,https://projetocomprova.com.br/post/re_2b5w8xn4gkbb/,https://projetocomprova.com.br/wp-content/uploads/2018/09/8qadOzOeTpe7fF3ojwCJ-2.png,8qadOzOeTpe7fF3ojwCJ,,,,https://projetocomprova.com.br/wp-content/uploads/2018/09/8qadOzOeTpe7fF3ojwCJ-2.png,,,,"a:3:{s:3:""loc"";s:84:""https://projetocomprova.com.br/wp-content/uploads/2018/09/8qadOzOeTpe7fF3ojwCJ-2.png"";s:5:""title"";s:20:""8qadOzOeTpe7fF3ojwCJ"";s:7:""caption"";s:0:"""";}|a:3:{s:3:""loc"";s:84:""https://projetocomprova.com.br/wp-content/uploads/2018/09/8qadOzOeTpe7fF3ojwCJ-2.png"";s:5:""title"";s:20:""8qadOzOeTpe7fF3ojwCJ"";s:7:""caption"";s:0:"""";}|a:3:{s:3:""loc"";s:84:""https://projetocomprova.com.br/wp-content/uploads/2018/09/8qadOzOeTpe7fF3ojwCJ-2.png"";s:5:""title"";s:20:""8qadOzOeTpe7fF3ojwCJ"";s:7:""caption"";s:0:"""";}",,,,,,,,,,,,,,,,publish,1,lunar_admin,oli@lunar.build,,,re_2b5w8xn4gkbb,,,0,0,0,closed,closed,"1970-01-01 00:00:00",poder360,gauchazh|correio-do-povo|jornal-do-commercio|poder360|uol|nsc-comunicacao|afp|sbt|revista-piaui,red,,,,,,,,,,,,,,,
3556,"Entrevista de vice de Amoêdo foi editada para parecer apoio a Bolsonaro","É falsa a informação de que o vice na chapa de João Amoêdo (Novo) à presidência da República, Christian Lohbauer, elogiou e recomendou votos para o candidato Jair Bolsonaro (PSL). O vídeo de uma entrevista de Lohbauer à rádio Jovem Pan foi digitalmente alterado para mudar o sentido real das declarações dele.

O conteúdo enganoso, com 1m21s, reproduz o trecho em que o vice de Amoêdo critica os cinco principais candidatos da disputa presidencial. Mas há um corte logo após a menção a Bolsonaro e o vídeo continua com outro trecho da entrevista, como se a opinião de Lohbauer sobre o adversário do PSL fosse elogiosa: ""Nós temos aqui é um candidato viável, um sujeito que estuda, que tem posições, que vai constituir um governo técnico, que vai enfrentar todos os desafios que a gente tem pela frente inclusive de um Congresso hostil, que é o que a gente vai ter lá adiante"".

O Comprova buscou o <a target=""blank"" href=""https://jovempan.uol.com.br/eleicoes-2018/presidenciais/jovem-pan-realiza-a-partir-do-dia-10-sabatina-com-candidatos-a-vice-presidencia-da-republica.html"" rel=""noopener noreferrer"">vídeo original da entrevista</a>, realizada no dia 17 de setembro e disponível no <a target=""blank"" href=""https://www.youtube.com/watch?v=uzvn-Lztz-0"" rel=""noopener noreferrer"">canal da emissora</a> no Youtube. Na realidade, Lohbauer comenta que votar em Bolsonaro seria “entregar o país num cheque em branco no escuro, porque ninguém tem a menor ideia do que vai acontecer” e completa que o país “não tem tempo para aventura”. Só depois dessas afirmações que o candidato a vice parte para os elogios ao presidenciável do Novo.

João Amoêdo <a target=""blank"" href=""https://www.facebook.com/JoaoAmoedoNOVO/videos/298174610780288/?__xts__[0]=68.ARDfebj9VzDgSQCd4qU4nqgXejCCcfVzKNvtBwpU5Ksl131vBzzdBoXwqC3b5cCNM1XTHNQUOLzTCppXCTwts_j2KHX_QO77lmAhbwy5d33swxlfG91tUTrjYjfVXfKml7Fh_58XJL-QnQP0n-EeDhUK9YGo5Uz-NgK2kZJSuxTMZs-5pFRs&__tn__=-R"" rel=""noopener noreferrer"">desmentiu o conteúdo</a> em sua página oficial. Ele publicou um post com o vídeo original no canal da Jovem Pan News e escreveu: “Está circulando por aí um vídeo editado onde o Professor Christian, candidato do NOVO à Vice-presidência, estaria apoiando outro presidenciável nas eleições. Isso é mentira. Uma fake news, prática já conhecida da velha política. Mas mentira a gente combate com verdade. Assista ao vídeo completo da entrevista em questão.”

O vídeo manipulado teve ampla circulação no WhatsApp e em redes sociais como o Twitter e o Facebook. Uma das publicações na rede de Mark Zuckerberg atingiu 407 mil visualizações e 24 mil compartilhamentos. No twitter, uma publicação de Winston Ling teve mais de 4 mil curtidas e 2 mil retuítes.  ",,"1970-01-01 00:00:00",archived-answer,https://projetocomprova.com.br/post/re_2b5w8xy19kny/,https://projetocomprova.com.br/wp-content/uploads/2018/09/8ecPmPnS8q6xine8kwJb-2.png,8ecPmPnS8q6xine8kwJb,,,,https://projetocomprova.com.br/wp-content/uploads/2018/09/8ecPmPnS8q6xine8kwJb-2.png,,,,"a:3:{s:3:""loc"";s:84:""https://projetocomprova.com.br/wp-content/uploads/2018/09/8ecPmPnS8q6xine8kwJb-2.png"";s:5:""title"";s:20:""8ecPmPnS8q6xine8kwJb"";s:7:""caption"";s:0:"""";}|a:3:{s:3:""loc"";s:84:""https://projetocomprova.com.br/wp-content/uploads/2018/09/8ecPmPnS8q6xine8kwJb-2.png"";s:5:""title"";s:20:""8ecPmPnS8q6xine8kwJb"";s:7:""caption"";s:0:"""";}|a:3:{s:3:""loc"";s:84:""https://projetocomprova.com.br/wp-content/uploads/2018/09/8ecPmPnS8q6xine8kwJb-2.png"";s:5:""title"";s:20:""8ecPmPnS8q6xine8kwJb"";s:7:""caption"";s:0:"""";}",,,,,,,,,,,,,,,,publish,1,lunar_admin,oli@lunar.build,,,re_2b5w8xy19kny,,,0,0,0,closed,closed,"1970-01-01 00:00:00",,gauchazh|correio-do-povo|uol|revista-piaui|sbt|nsc-comunicacao|jornal-do-commercio|poder360,red,,,,,,,,,,,,,,,
3558,"Pesquisa que mostra Bolsonaro vencendo em todos os Estados é falsa","Um texto sobre uma pesquisa que teria sido feita em julho e que afirma que “Bolsonaro está na frente em todos os estados e venceria as eleições no primeiro turno mesmo com Lula sendo candidato”, ganhou novo fôlego nas redes sociais e vem se espalhando rapidamente. O levantamento é falso e não tem registro no TSE.

Apesar de, no texto, o autor não identificar qual instituto teria realizado o levantamento (a pesquisa é só referida como “realizadas pela instituição de pesquisas”) os números apresentados são iguais aos de uma suposta pesquisa do Instituto Paraná Pesquisas, que já foi negada <a target=""blank"" href=""http://www.paranapesquisas.com.br/noticias/nota-de-esclarecimento-2/"" rel=""noopener noreferrer"">pela própria instituição</a>. 

O Comprova não encontrou quaisquer outras pesquisas de outros institutos e nem tem informações de outra que tenha vindo a público com esses índices. 

Entre outros dados, a suposta pesquisa aponta que no estado do Rio de Janeiro, o candidato do PSL Jair Bolsonaro teria a preferência de 64,72% do eleitorado, enquanto Lula atingiria 32,61%. Na pesquisa lançada pelo Instituto Paraná na época, Bolsonaro está com 26,6% das intenções de votos, enquanto Lula tem 25,5%.

A pesquisa falsa ainda se estende por outros Estados, como Bahia (Bolsonaro: 38,62% x Lula: 23,75%), Minas Gerais (Bolsonaro: 58,81% x Lula: 11,94%), Pernambuco (Bolsonaro: 35,09% x Lula: 23,63%) e São Paulo (Bolsonaro: 61,47% x Lula: 37,27%). Entretanto, em sua nota oficial, o Instituto Paraná afirma que não publicou pesquisa com resultados para todos os estados brasileiros e pede para que as pessoas desconsiderem o conteúdo caso o recebam por se tratar de informação falsa.

De acordo com o TSE, entidades e empresas que realizarem pesquisas de opinião pública relativas às “Eleições 2018” ou a candidatos devem registrá-las junto à Justiça Eleitoral, como determina a Res.-TSE nº 23.549, de 18.12.2017. Como explica um <a target=""blank"" href=""https://www.gazetadopovo.com.br/eleicoes/2018/como-confiar-nas-pesquisas-eleitorais-e-por-que-elas-sao-importantes-1ymynpumrcx2ub4q7u0rft3s4"" rel=""noopener noreferrer"">material elaborado pela Gazeta do Povo</a>, divulgar levantamentos falsos ou que não foram registrados pode gerar uma multa de até R$ 100 mil para o veículo de comunicação.

Levantamentos de abrangência nacional podem ser pesquisados diretamente <a target=""blank"" href=""http://www.tse.jus.br/eleicoes/pesquisa-eleitorais/consulta-as-pesquisas-registradas"" rel=""noopener noreferrer"">no site do TSE</a>, enquanto pesquisas estaduais ou municipais estão registradas nas páginas dos TREs. Na Justiça Eleitoral, contudo, só há informações sobre a metodologia da pesquisa; não os resultados.

A matéria com a pesquisa falsa foi mais recentemente postada nas redes sociais pelo perfil do jornalista Hélio Nogueira (@HelioNogueiraTV) no último dia 20/08. Até o dia 22/08, esse post contava com 795 retweets e 1,504 curtidas. 

O conteúdo dessa suposta pesquisa também foi alvo de investigação pelo <a target=""blank"" href=""https://g1.globo.com/fato-ou-fake/noticia/2018/07/30/pesquisa-mostra-bolsonaro-a-frente-em-todos-os-estados-mesmo-com-lula-candidato-fake.ghtml"" rel=""noopener noreferrer"">G1</a>, <a target=""blank"" href=""https://www1.folha.uol.com.br/poder/2018/07/noticia-sobre-pesquisa-onde-mostra-bolsonaro-lider-em-todos-os-estados-e-falsa.shtml"" rel=""noopener noreferrer"">Folha de S. Paulo</a>, <a target=""blank"" href=""https://veja.abril.com.br/blog/me-engana-que-eu-posto/pesquisa-eleitoral-nao-mostra-bolsonaro-na-lideranca-em-todos-os-estados/"" rel=""noopener noreferrer"">Veja</a> e <a target=""blank"" href=""https://www.boatos.org/politica/pesquisa-bolsonaro-vence-lula-estados.html"" rel=""noopener noreferrer"">Boatos.org</a>. ",,"1970-01-01 00:00:00",archived-answer,https://projetocomprova.com.br/post/re_2b5w8xnmbwey/,https://projetocomprova.com.br/wp-content/uploads/2018/08/kVnfvGl0SH2kVXEFHVXE-2.png,kVnfvGl0SH2kVXEFHVXE,,,,https://projetocomprova.com.br/wp-content/uploads/2018/08/kVnfvGl0SH2kVXEFHVXE-2.png,,,,"a:3:{s:3:""loc"";s:84:""https://projetocomprova.com.br/wp-content/uploads/2018/08/kVnfvGl0SH2kVXEFHVXE-2.png"";s:5:""title"";s:20:""kVnfvGl0SH2kVXEFHVXE"";s:7:""caption"";s:0:"""";}|a:3:{s:3:""loc"";s:84:""https://projetocomprova.com.br/wp-content/uploads/2018/08/kVnfvGl0SH2kVXEFHVXE-2.png"";s:5:""title"";s:20:""kVnfvGl0SH2kVXEFHVXE"";s:7:""caption"";s:0:"""";}|a:3:{s:3:""loc"";s:84:""https://projetocomprova.com.br/wp-content/uploads/2018/08/kVnfvGl0SH2kVXEFHVXE-2.png"";s:5:""title"";s:20:""kVnfvGl0SH2kVXEFHVXE"";s:7:""caption"";s:0:"""";}",,,,,,,,,,,,,,,,publish,1,lunar_admin,oli@lunar.build,,,re_2b5w8xnmbwey,,,0,0,0,closed,closed,"1970-01-01 00:00:00",jornal-do-commercio,sbt|nsc-comunicacao|poder360|uol|jornal-do-commercio,red,,,,,,,,,,,,,,,
3560,"Meme que trata Lula, FHC e Dilma como beneficiários de uma “Bolsa Ditadura” é enganoso","É falso o conteúdo do meme disseminado no WhatsApp e em redes sociais que acusa os ex-presidentes Luiz Inácio Lula da Silva (PT), Dilma Rousseff (PT) e Fernando Henrique Cardoso (PSDB) de receberem uma “Bolsa Ditadura” e aposentadorias em função do cargo que exerceram. Na parte de cima da peça de desinformação, o título “Veja quem Bolsonaro ameaça” sugere que os citados terão os benefícios cortados caso o candidato do PSL seja eleito em outubro, o que também é enganoso.

O texto do meme coloca os três ex-presidentes, o ex-ministro José Dirceu, o ex-deputado federal José Genoino e artistas como Gilberto Gil, Caetano Veloso, Chico Buarque e Marieta Severo entre os “aproximadamente 20 mil anistiados” que recebem a “Bolsa Ditadura” e diz que o benefício é pago mensalmente com isenção de Imposto de Renda. O material enganoso também afirma que metade dos beneficiados recebe acima do teto constitucional de R$ 33.763 e que os ex-presidentes têm direito a aposentadorias no valor de R$ 30.471.

O projeto Comprova verificou que o meme tem informações falsas. Para chegar a esta conclusão, a equipe consultou dados do Ministério da Justiça, a Constituição brasileira e o Diário Oficial da União, entre outras fontes.

Aquilo que o meme chama pejorativamente de “Bolsa Ditadura” é a “reparação econômica” que pode ser concedida a quem foi vítima de perseguição política no período de 18 de setembro de 1946 a 5 de outubro de 1988, período mais amplo que o do regime militar, que vigorou entre 1964 e 1985. Ela está prevista na <a target=""blank"" href=""http://www.planalto.gov.br/ccivil_03/leis/2002/L10559.htm"" rel=""noopener noreferrer"">lei 10.559/2002</a> e é regulada por esta mesma norma.

No <a target=""blank"" href=""http://www.justica.gov.br/seus-direitos/anistia/pessoas-anistiadas/deferimentos-ate-dezembro-de-2015.pdf/view"" rel=""noopener noreferrer"">site do Ministério da Justiça</a>, é possível verificar a lista de beneficiados pela anistia política. Dos citados no meme, somente Dirceu e Genoino, perseguidos durante a ditadura, aparecem entre os beneficiados. Lula, Dilma, FHC e os artistas não receberam indenização.

Dirceu <a target=""blank"" href=""https://www1.folha.uol.com.br/fsp/brasil/fc2602200219.htm"" rel=""noopener noreferrer"">obteve em 2002 o direito de receber</a> uma parcela única equivalente a 330 salários mínimos, o que na época correspondia a R$ 59.400. Em 2006, <a target=""blank"" href=""https://www1.folha.uol.com.br/fsp/brasil/fc1404200609.htm"" rel=""noopener noreferrer"">Genoino teve direito</a> a uma parcela única de R$ 100.000 em valores da ocasião. De fato, o recebimento da reparação é isento de Imposto de Renda, mas nenhum dos dois recebe valores mensalmente.

Em 1993, o Ministério do Trabalho concedeu a Lula um outro tipo de direito: a aposentadoria como anistiado. A decisão foi tomada porque, em ato de exceção, a ditadura havia cassado os direitos sindicais do petista e o destituído do cargo de presidente do Sindicato dos Metalúrgicos de São Bernardo do Campo (SP). No ano passado, a defesa de Lula na operação Lava Jato <a target=""blank"" href=""https://noticias.uol.com.br/politica/ultimas-noticias/2017/08/30/lula-pede-a-moro-que-desbloqueie-aposentadoria-poupanca-e-heranca-de-marisa.htm"" rel=""noopener noreferrer"">informou</a> que a aposentadoria rendia ao ex-presidente R$ 8.900 por mês, valor mais baixo que os citados no meme.

A afirmação de que os ex-presidentes recebem aposentadorias por terem exercido o cargo é totalmente falsa. O benefício não existe desde a promulgação da Constituição de 1988.
A insinuação de que Bolsonaro é contra a reparação econômica aos perseguidos políticos e a aposentadoria dos ex-presidentes também é enganosa. Em seu <a target=""blank"" href=""http://divulgacandcontas.tse.jus.br/candidaturas/oficial/2018/BR/BR/2022802018/280000614517//proposta_1534284632231.pdf"" rel=""noopener noreferrer"">plano de governo</a> não há nenhuma posição contrária à reparação e nem poderia haver proposta de encerrar um tipo de aposentadoria que não existe.

O que poderia embasar tal insinuação é que o candidato <a target=""blank"" href=""https://twitter.com/jairbolsonaro/status/446670853582127105"" rel=""noopener noreferrer"">já afirmou</a>, em tom crítico, que “há muito 171 recebendo Bolsa-Ditadura”. Além disso, o presidenciável apresentou em março deste ano um <a target=""blank"" href=""http://www.camara.gov.br/proposicoesWeb/fichadetramitacao?idProposicao=2170476"" rel=""noopener noreferrer"">projeto de lei</a> que propõe o fim do direito que todos os ex-presidentes têm de contar com seis servidores, dois carros oficiais e dois motoristas, benefício previsto em <a target=""blank"" href=""http://www.planalto.gov.br/ccivil_03/LEIS/L7474.htm"" rel=""noopener noreferrer"">lei de 1986</a>, regulamentada por <a target=""blank"" href=""http://www.planalto.gov.br/ccivil_03/_Ato2007-2010/2008/Decreto/D6381.htm"" rel=""noopener noreferrer"">decreto de 2008</a>.

O projeto foi apensado a outro, o 6.280, este de autoria do deputado Rocha (PSDB-AC), que propôs exatamente a mesma coisa em 2016. As propostas ainda não foram votadas na Comissão de Constituição e Justiça e de Cidadania da Câmara.

O pedido de verificação do meme foi enviado pelo WhatsApp do Comprova. Recebeu algum conteúdo duvidoso sobre as eleições presidenciais e quer sugerir uma verificação? Mande uma mensagem para o WhatsApp do Comprova (11) 97795-0022.

O sites <a target=""blank"" href=""https://www.boatos.org/entretenimento/bolsa-ditadura-365-milhoes.html"" rel=""noopener noreferrer"">Boatos.org</a> e <a target=""blank"" href=""http://www.e-farsas.com/chico-buarque-gilberto-gil-caetano-veloso-e-outros-recebem-365-milhoes-de-bolsa-ditadura.html"" rel=""noopener noreferrer"">e-farsas</a> verificaram, recentemente, peças semelhantes de desinformação.",,"1970-01-01 00:00:00",archived-answer,https://projetocomprova.com.br/post/re_2b5w8xy21rpn/,https://projetocomprova.com.br/wp-content/uploads/2018/09/Efw0vy0OSvSawiDqYdjn-2.png,Efw0vy0OSvSawiDqYdjn,,,,https://projetocomprova.com.br/wp-content/uploads/2018/09/Efw0vy0OSvSawiDqYdjn-2.png,,,,"a:3:{s:3:""loc"";s:84:""https://projetocomprova.com.br/wp-content/uploads/2018/09/Efw0vy0OSvSawiDqYdjn-2.png"";s:5:""title"";s:20:""Efw0vy0OSvSawiDqYdjn"";s:7:""caption"";s:0:"""";}|a:3:{s:3:""loc"";s:84:""https://projetocomprova.com.br/wp-content/uploads/2018/09/Efw0vy0OSvSawiDqYdjn-2.png"";s:5:""title"";s:20:""Efw0vy0OSvSawiDqYdjn"";s:7:""caption"";s:0:"""";}|a:3:{s:3:""loc"";s:84:""https://projetocomprova.com.br/wp-content/uploads/2018/09/Efw0vy0OSvSawiDqYdjn-2.png"";s:5:""title"";s:20:""Efw0vy0OSvSawiDqYdjn"";s:7:""caption"";s:0:"""";}",,,,,,,,,,,,,,,,publish,1,lunar_admin,oli@lunar.build,,,re_2b5w8xy21rpn,,,0,0,0,closed,closed,"1970-01-01 00:00:00",uol,gauchazh|sbt|radio-bandeirantes|correio-do-povo|poder360|nsc-comunicacao|jornal-do-commercio|uol|revista-piaui,red,,,,,,,,,,,,,,,
3562,"""Mamadeiras eróticas"" não foram distribuídas em creches pelo PT","É falsa a afirmação de que mamadeiras com bico de borracha em formato de pênis foram distribuídas em creches para combater a homofobia. Em um vídeo publicado por um usuário do Facebook, no dia 25 de setembro, o autor da gravação mostra o objeto e diz que a mamadeira é ""distribuída em creche, para seu filho, com a desculpa de combater a homofobia"". O vídeo não menciona em qual unidade de ensino, município ou Estado ocorreria a suposta distribuição. Ele ainda afirma que se trata de ""parte do kit gay, uma invenção de Haddad"", em referência ao candidato à presidência pelo PT, Fernando Haddad. 

Embora vários usuários tenham entendido a publicação como sátira, ironizado o post e contestado a veracidade do conteúdo nos comentários, houve quem manifestasse indignação e revolta, confiando nas informações do autor. Até esta quinta-feira, 27 de setembro, o Facebook informava que 4,3 mil pessoas que curtiram o vídeo haviam reagido com humor (Haha); outras 2,2 mil com indignação (Grr). 

O Comprova fez buscas com a descrição do objeto no Google e constatou que o produto existe e é comercializado para o público adulto em sex shops. Uma das lojas que anuncia a venda pela internet informou ao Comprova que a mercadoria é importada.

A Secretaria Nacional de Comunicação do PT disse desconhecer o vídeo do Facebook e afirmou que o partido e a campanha de Haddad não tem qualquer ligação com o produto mostrado na gravação.

O Ministério da Educação (MEC) observou que cada município e Estado é autônomo e que a gestão de educação básica é dos entes federados, confirmando que não existiu distribuição de material daquele tipo por parte do governo federal. 

O Comprova tentou contato com o responsável pelo post no Facebook para esclarecer se ele é o autor da gravação e qual seria sua intenção ao divulgar o vídeo, mas não obteve resposta até a publicação desta verificação. As publicações mais recentes do perfil apoiam candidatura de Jair Bolsonaro.

A publicação original do vídeo no Facebook teve 2,4 milhões de visualizações e 71 mil compartilhamentos entre os dias 25 e 27 de setembro. ",,"1970-01-01 00:00:00",archived-answer,https://projetocomprova.com.br/post/re_2b5w8xyj0jwb/,https://projetocomprova.com.br/wp-content/uploads/2018/09/ghZhhcARQG0BBBAncvvw-2.png,ghZhhcARQG0BBBAncvvw,,,,https://projetocomprova.com.br/wp-content/uploads/2018/09/ghZhhcARQG0BBBAncvvw-2.png,,,,"a:3:{s:3:""loc"";s:84:""https://projetocomprova.com.br/wp-content/uploads/2018/09/ghZhhcARQG0BBBAncvvw-2.png"";s:5:""title"";s:20:""ghZhhcARQG0BBBAncvvw"";s:7:""caption"";s:0:"""";}|a:3:{s:3:""loc"";s:84:""https://projetocomprova.com.br/wp-content/uploads/2018/09/ghZhhcARQG0BBBAncvvw-2.png"";s:5:""title"";s:20:""ghZhhcARQG0BBBAncvvw"";s:7:""caption"";s:0:"""";}|a:3:{s:3:""loc"";s:84:""https://projetocomprova.com.br/wp-content/uploads/2018/09/ghZhhcARQG0BBBAncvvw-2.png"";s:5:""title"";s:20:""ghZhhcARQG0BBBAncvvw"";s:7:""caption"";s:0:"""";}",,,,,,,,,,,,,,,,publish,1,lunar_admin,oli@lunar.build,,,re_2b5w8xyj0jwb,,,0,0,0,closed,closed,"1970-01-01 00:00:00",afp,sbt|nsc-comunicacao|uol|afp|poder360|jornal-do-commercio,red,,,,,,,,,,,,,,,
3564,"Candidato não venceria no 1º turno com 35% dos votos válidos, como diz post enganoso","É enganoso o post que vem sendo compartilhado nas redes sociais com uma imagem de tela do <a target=""blank"" href=""https://noticias.band.uol.com.br/eleicoes/indice/"" rel=""noopener noreferrer"">Índice Band</a> acompanhada da afirmação de que Jair Bolsonaro (PSL) seria eleito presidente no primeiro turno das eleições com 35% dos votos válidos. Para <a target=""blank"" href=""http://www.tse.jus.br/o-tse/escola-judiciaria-eleitoral/publicacoes/revistas-da-eje/artigos/revista-eletronica-eje-n.-6-ano-3/quando-afinal-ha-segundo-turno-em-uma-eleicao"" rel=""noopener noreferrer"">ganhar as eleições na primeira fase</a> do pleito, o candidato ao Planalto deve ter 50% dos votos válidos mais um voto. 

A foto foi publicada no perfil de Facebook do deputado federal Mitel Mazard (PSL-SP) e em outros perfis e páginas da internet. O indicador é elaborado pelo Ipespe (Instituto de Pesquisas Sociais, Políticas e Econômicas) e apresenta a média das pesquisas eleitorais divulgadas por institutos de pesquisas selecionados entre os de maior tradição no país, com mais anos de experiência, e que divulguem pesquisas com frequência. São usados, por exemplo, dados de Ibope, Datafolha e MDA.
 
Segundo Marcela Montenegro, diretora-executiva do Ipespe, o objetivo é que o eleitor tenha como referência valores semelhantes aos anunciados pelo TSE (Tribunal Superior Eleitoral) na apuração. O cálculo do Índice trabalha sempre com ""votos válidos"", ou seja, não entram na conta os entrevistados indecisos ou que declararam voto branco ou nulo.

O resultado do cálculo mostra que Bolsonaro tinha, em 20 de setembro, 35% dos votos válidos. Mazard postou um gráfico do índice verdadeiro, mas publicou um texto incorreto junto à imagem, em que afirma que com esse número o presidenciável seria eleito.

Na postagem do Facebook, ele disponibilizou um link do site ""<a target=""blank"" href=""https://www.oantagonista.com/brasil/com-35-dos-votos-um-candidato-pode-se-eleger-no-1o-turno/"" rel=""noopener noreferrer"">O Antagonista</a>"". A publicação reproduz um trecho de uma <a target=""blank"" href=""https://blogs.oglobo.globo.com/miriam-leitao/post/incertezas-da-campanha.html"" rel=""noopener noreferrer"">entrevista do cientista político Lúcio Rennó</a>, da UnB (Universidade de Brasília) à jornalista Miriam Leitão, do jornal ""O Globo"".

Rennó explica que, dependendo da quantidade de abstenções, votos brancos e nulos – o que é difícil prever– um candidato que obtenha mais de 35% dos ""votos totais"" pode ser eleito no primeiro turno. Mas não cita valores mais específicos.

Em entrevista por telefone, o candidato a deputado federal disse ter ciência de que esta informação está incorreta. No entanto, não quis dizer à equipe do Comprova se iria corrigir ou não a descrição do post enganoso. 

A postagem enganosa foi publicada na terça-feira, 25 de setembro, e viralizou no Facebook. O post registrou 7,1 mil compartilhamentos, 973 curtidas e 523 comentários até as 12h44 desta quinta-feira, 27 de setembro. E até esse horário o post não havia sido alterado.",,"1970-01-01 00:00:00",archived-answer,https://projetocomprova.com.br/post/re_2b5w8xnryxpb/,https://projetocomprova.com.br/wp-content/uploads/2018/09/ofPPKZ5NTJSFr8ZiVbPQ-2.png,ofPPKZ5NTJSFr8ZiVbPQ,,,,https://projetocomprova.com.br/wp-content/uploads/2018/09/ofPPKZ5NTJSFr8ZiVbPQ-2.png,,,,"a:3:{s:3:""loc"";s:84:""https://projetocomprova.com.br/wp-content/uploads/2018/09/ofPPKZ5NTJSFr8ZiVbPQ-2.png"";s:5:""title"";s:20:""ofPPKZ5NTJSFr8ZiVbPQ"";s:7:""caption"";s:0:"""";}|a:3:{s:3:""loc"";s:84:""https://projetocomprova.com.br/wp-content/uploads/2018/09/ofPPKZ5NTJSFr8ZiVbPQ-2.png"";s:5:""title"";s:20:""ofPPKZ5NTJSFr8ZiVbPQ"";s:7:""caption"";s:0:"""";}|a:3:{s:3:""loc"";s:84:""https://projetocomprova.com.br/wp-content/uploads/2018/09/ofPPKZ5NTJSFr8ZiVbPQ-2.png"";s:5:""title"";s:20:""ofPPKZ5NTJSFr8ZiVbPQ"";s:7:""caption"";s:0:"""";}",,,,,,,,,,,,,,,,publish,1,lunar_admin,oli@lunar.build,,,re_2b5w8xnryxpb,,,0,0,0,closed,closed,"1970-01-01 00:00:00",poder360,nsc-comunicacao|correio-do-povo|uol|sbt|poder360|afp|jornal-do-commercio,,,,,,,,,,,,,,,,
3566,"Foto de maconha embalada com imagem de Lula é verdadeira, mas não tem ligação com a campanha do PT","É verdadeira a foto que mostra porções de maconha embaladas com a imagem do ex-presidente Lula com a inscrição “Lula livre no Brasil e no mundo” que circula nas redes sociais. A droga foi apreendida pela Polícia Militar de São Paulo, em Batatais, no dia 11 de setembro e a imagem foi feita por um dos policiais que participaram da ação. O PT, no entanto, considerou absurda a ligação entre o material e uma suposta estratégia de campanha do partido, como sugerido em textos de redes sociais que acompanham a foto.

O 15º Batalhão da PM em Franca-SP, que também é responsável pelo policiamento em Batatais, confirmou ao Comprova que a foto diz respeito a uma ocorrência registrada no dia em questão, quando houve a apreensão da droga. A maconha embalada com a imagem do ex-presidente e outros entorpecentes estavam em posse de um adolescente de 17 anos. 

Utilizando a ferramenta de busca de imagens do Google, o Comprova identificou a mesma foto publicada por um blog no dia 24 de setembro, com a informação de que a apreensão ocorreu na cidade de Batatais-SP. 

O mesmo caminho foi percorrido para a busca de informações sobre a imagem usada para a embalagem da droga. Trata-se do mesmo logotipo utilizado na divulgação de <a target=""blank"" href=""https://www.cut.org.br/noticias/11-abril-atos-e-vigilias-em-defesa-de-lula-livre-ocorrerao-no-brasil-e-no-mundo-505b"" rel=""noopener noreferrer"">atos pela liberdade de Lula</a>, dia 11 de abril, embora não exista qualquer relação entre os movimentos em defesa do ex-presidente e a ocorrência policial no interior paulista. Ao Comprova, a CUT diz que a imagem publicada no seu site é pública. 

A apreensão da maconha personalizada foi registrada pelo <a target=""blank"" href=""https://ojornaldebatatais.com.br/adolescente-e-apreendido-suspeito-de-trafico-simara/"" rel=""noopener noreferrer"">Jornal de Batatais</a> no dia 17 de setembro. Em contato com o Comprova, a proprietária do site informou que as informações sobre a apreensão e foto da droga foram disponibilizadas pela polícia.

O jornal também registrou outra apreensão de maconha na cidade de Batatais, com a <a target=""blank"" href=""https://ojornaldebatatais.com.br/dupla-e-presa-suspeita-de-trafico-no-simieli/"" rel=""noopener noreferrer"">mesma imagem de Lula</a> nas embalagens, no dia 7 de setembro.

Imagens de pessoas famosas em embalagens de drogas não são raras. Há outros casos (como <a target=""blank"" href=""https://noticias.uol.com.br/album/2015/05/13/neymar-maradona-e-anderson-silva-estampam-embalagens-de-cocaina-e-maconha.htm"" rel=""noopener noreferrer"">aqui</a>  e <a target=""blank"" href=""http://g1.globo.com/rio-de-janeiro/noticia/2012/01/policia-civil-apreende-crack-com-foto-de-ronaldinho-gaucho-no-rio.html"" rel=""noopener noreferrer"">aqui</a>) também sem relação alguma entre o indivíduo da foto e o tráfico do entorpecente.

No Twitter, a foto das porções de maconha revestidas com o rosto do ex-presidente repercutiu em um post do cantor Roger (@roxmo), vocalista do Ultraje a Rigor, que alcançou mais de 600 retweets e 1,4 mil curtidas entre os dias 24 e 25 de setembro.
 
O perfil de Winston Ling, empresário brasileiro que mora na China, compartilhou a mesma imagem que Roger no Twitter. Segundo ele “enquanto traficantes ameaçam nas favelas quem vai votar no Bolsonaro, eles fazem campanha em tabletes de maconha com foto de Lula Livre, com certeza com apoio do partido (NarcoEstado)” (sic). 

O Comprova também localizou compartilhamentos do mesmo conteúdo em grupos do WhatsApp.
",,"1970-01-01 00:00:00",archived-answer,https://projetocomprova.com.br/post/re_2b5w8xygrp0n/,https://projetocomprova.com.br/wp-content/uploads/2018/09/UseX5wmbQQ6lrOVQzUXG-2.png,UseX5wmbQQ6lrOVQzUXG,,,,https://projetocomprova.com.br/wp-content/uploads/2018/09/UseX5wmbQQ6lrOVQzUXG-2.png,,,,"a:3:{s:3:""loc"";s:84:""https://projetocomprova.com.br/wp-content/uploads/2018/09/UseX5wmbQQ6lrOVQzUXG-2.png"";s:5:""title"";s:20:""UseX5wmbQQ6lrOVQzUXG"";s:7:""caption"";s:0:"""";}|a:3:{s:3:""loc"";s:84:""https://projetocomprova.com.br/wp-content/uploads/2018/09/UseX5wmbQQ6lrOVQzUXG-2.png"";s:5:""title"";s:20:""UseX5wmbQQ6lrOVQzUXG"";s:7:""caption"";s:0:"""";}|a:3:{s:3:""loc"";s:84:""https://projetocomprova.com.br/wp-content/uploads/2018/09/UseX5wmbQQ6lrOVQzUXG-2.png"";s:5:""title"";s:20:""UseX5wmbQQ6lrOVQzUXG"";s:7:""caption"";s:0:"""";}",,,,,,,,,,,,,,,,publish,1,lunar_admin,oli@lunar.build,,,re_2b5w8xygrp0n,,,0,0,0,closed,closed,"1970-01-01 00:00:00",folha-de-s-paulo,sbt|poder360|jornal-do-commercio|correio-do-povo|revista-piaui|uol|nsc-comunicacao,"full colour",,,,,,,,,,,,,,,
3568,"Haddad não afirmou que governo deve decidir o gênero das crianças","Ao contrário do que afirma um meme que viralizou no Facebook, não há registro de que o candidato à presidência Fernando Haddad (PT) tenha afirmado que o governo deve decidir sobre o gênero de crianças. 

Segundo o meme, o petista teria dito que “ao completar cinco anos, a criança passa a ser propriedade do Estado” e que cabe ao governo “decidir se menino será menina e vice-versa”. Em pesquisas com as palavras-chave “criança”, “propriedade” e “Estado”, não foi encontrada nenhuma referência a falas de Haddad nesse sentido. O Comprova usou as ferramentas de busca do Google, YouTube, Facebook, Twitter e fez buscas em portais de notícia.

A assessoria do presidenciável também negou que Haddad tenha feito as declarações que viralizaram.

No <a target=""blank"" href=""http://divulgacandcontas.tse.jus.br/candidaturas/oficial/2018/BR/BR/2022802018/280000629808//proposta_1536702143353.pdf"" rel=""noopener noreferrer"">programa de governo do PT</a> a palavra “criança” aparece 18 vezes, mas em nenhum trecho o termo é utilizado no mesmo sentido do boato. No documento, há referências ao combate da mortalidade infantil, repressão do trabalho de crianças e incentivos à educação, além de prevenção ao abandono e à violência.

O meme é aparentemente uma reedição de um boato que circulou em fevereiro de 2017, baseado em uma declaração de Deborah Duprat, procuradora federal dos Direitos do Cidadão, que foi tirada de contexto para dar a ideia de que as crianças são propriedade do Estado.

Na ocasião, Duprat defendia a inconstitucionalidade do projeto Escola Sem Partido. <a target=""blank"" href=""http://www2.camara.leg.br/camaranoticias/tv/materias/EXPRESSAO-NACIONAL/523383-ESCOLA-SEM-PARTIDO.html"" rel=""noopener noreferrer"">Ela afirmou</a> ser “equivocada” a percepção de que a família tem “poder absoluto sobre a criança” e que a “a Constituição diz que a criança é um problema da família, da sociedade e do Estado”. Posts e textos sobre essa declaração repercutiram nas redes.

Ex-ministro da Educação, Haddad também <a target=""blank"" href="" http://piaui.folha.uol.com.br/materia/vivi-na-pele-o-que-aprendi-nos-livros/"" rel=""noopener noreferrer"">é contra</a> o Escola Sem Partido. Foi na gestão do petista à frente do ministério que surgiu, em 2011, a polêmica em torno do material “<a target=""blank"" href=""https://novaescola.org.br/conteudo/84/conheca-o-kit-gay-vetado-pelo-governo-federal-em-2011"" rel=""noopener noreferrer"">Escola sem homofobia</a>”, que críticos chamam pejorativamente de “kit gay”. O material foi vetado pelo governo federal.

A postagem do meme feita na manhã deste domingo, 23 de setembro, em uma página no Facebook teve 152 mil compartilhamentos até o início da tarde desta terça-feira, 25. O meme também foi compartilhado pelo WhatsApp.

A agência <a target=""blank"" href=""https://aosfatos.org/noticias/haddad-nunca-disse-que-cabe-ao-estado-decidir-sexualidade-de-criancas/"" rel=""noopener noreferrer"">Aos Fatos</a> e o site <a target=""blank"" href=""https://www.boatos.org/politica/haddad-crianca-propriedade-estado.html"" rel=""noopener noreferrer"">Boatos.org</a> também verificaram o post com a frase atribuída a Haddad.",,"1970-01-01 00:00:00",archived-answer,https://projetocomprova.com.br/post/re_2b5w8xnxgqdb/,https://projetocomprova.com.br/wp-content/uploads/2018/09/r2WwAY6Sdig2v9uZL7ij-2.png,r2WwAY6Sdig2v9uZL7ij,,,,https://projetocomprova.com.br/wp-content/uploads/2018/09/r2WwAY6Sdig2v9uZL7ij-2.png,,,,"a:3:{s:3:""loc"";s:84:""https://projetocomprova.com.br/wp-content/uploads/2018/09/r2WwAY6Sdig2v9uZL7ij-2.png"";s:5:""title"";s:20:""r2WwAY6Sdig2v9uZL7ij"";s:7:""caption"";s:0:"""";}|a:3:{s:3:""loc"";s:84:""https://projetocomprova.com.br/wp-content/uploads/2018/09/r2WwAY6Sdig2v9uZL7ij-2.png"";s:5:""title"";s:20:""r2WwAY6Sdig2v9uZL7ij"";s:7:""caption"";s:0:"""";}|a:3:{s:3:""loc"";s:84:""https://projetocomprova.com.br/wp-content/uploads/2018/09/r2WwAY6Sdig2v9uZL7ij-2.png"";s:5:""title"";s:20:""r2WwAY6Sdig2v9uZL7ij"";s:7:""caption"";s:0:"""";}",,,,,,,,,,,,,,,,publish,1,lunar_admin,oli@lunar.build,,,re_2b5w8xnxgqdb,,,0,0,0,closed,closed,"1970-01-01 00:00:00",nexo,sbt|nsc-comunicacao|correio-do-povo|uol|poder360|jornal-do-commercio|afp,red,,,,,,,,,,,,,,,
3570,"PT e Ciro não têm plano de fazer confisco de poupanças como sugere boato","São falsas as mensagens que circulam no WhatsApp dizendo que o PT tem um projeto de confisco da poupança e que ele será automaticamente aprovado caso o candidato do partido, Fernando Haddad, ou mesmo Ciro Gomes (PDT) vençam a eleição.

A mensagem que faz circular o boato cita o Projeto de Lei nº 137, de 2004, apresentado pelo então deputado federal Nazareno Fonteles (PT-PI), comparando-o ao confisco da poupança idealizado pela ministra Zélia Cardoso de Melo no governo Fernando Collor, em 1990.

O texto enganoso deturpa o projeto e omite informações - principalmente, o fato de que ele não avançou na Câmara dos Deputados e acabou arquivado em 2007. A mensagem também deixa de informar que os planos de governo de Haddad e de Ciro não incluem nenhuma proposta semelhante ao projeto de 2004.

O <a target=""blank"" href""http://www.camara.gov.br/proposicoesWeb/prop_mostrarintegra?codteor=202553&filename=Tramitacao-PLP+137/2004"" rel=""noopener noreferrer"">projeto de Fonteles</a> propunha o estabelecimento, por um período de sete anos, de um limite máximo de consumo por pessoa e da “Poupança Fraterna”. O limite de gastos pessoais seria o equivalente a dez vezes o valor do PIB per capita mensal do brasileiro no ano anterior. Para se ter uma ideia, levando-se em conta <a target=""blank"" href""http://agenciabrasil.ebc.com.br/economia/noticia/2018-02/renda-familiar-capita-no-brasil-em-2017-era-de-r-1268-segundo-ibge"" rel=""noopener noreferrer""> o resultado do ano passado</a>, este limite seria de R$ 12.680 mensais em 2018. 

Todo o rendimento que ultrapasse este limite teria de ficar depositado em uma conta especial de poupança, a “Poupança Fraterna”. Os valores seriam devolvidos, com juros e em parcelas, aos titulares nos 14 anos seguintes ao período de sete anos. Até a devolução, os recursos seriam investidos em programas de incentivos a cooperativas, a micro e pequenas empresas, em programas especiais de trabalho nas áreas de saúde, nutrição e educação e em programas de desenvolvimento tecnológico.

O projeto parou logo na primeira comissão em que tramitou na Câmara, a Comissão de Finanças e Tributação. O então deputado Max Rosenmann (PMDB-PR), que morreu em 2008, foi o relator do projeto na comissão. Em 2005, ele elaborou um <a target=""blank"" href=""http://www.camara.gov.br/proposicoesWeb/prop_mostrarintegra?codteor=327088&filename=Tramitacao-PLP+137/2004"" rel=""noopener noreferrer"">relatório contrário ao projeto</a>, pedindo o seu arquivamento, o que <a target=""blank"" href""http://www.camara.gov.br/proposicoesWeb/fichadetramitacao?idProposicao=156281"" rel=""noopener noreferrer""> aconteceu oficialmente em 2007</a>. Fonteles foi deputado federal até 2014 e não voltou a apresentar <a target=""blank"" href""http://www.camara.leg.br/internet/sileg/Prop_lista.asp?Autor=0&ideCadastro=74491&Limite=N&tipoProp=1"" rel=""noopener noreferrer""> projetos com este teor</a>.

Na campanha eleitoral deste ano, o <a target=""blank"" href""https://lula.com.br/wp-content/uploads/2018/09/Plano_de_Governo_HADDAD_13-1.pdf"" rel=""noopener noreferrer"">
plano de governo de Haddad</a> não tem nada que se assemelhe ao projeto apresentado 14 anos atrás por Fonteles. A palavra “consumo”, por exemplo, aparece 20 vezes no plano do petista. Nenhuma delas tem o sentido do projeto apresentado em 2004. Bem ao contrário, a ativação do consumo é apresentada como um pilar do plano de desenvolvimento econômico proposto pela candidatura do PT. “A estruturação do novo projeto de desenvolvimento passa pela renovação e ampliação da capacidade de produção e consumo”, diz um trecho do plano do PT.

O <a target=""blank"" href""http://divulgacandcontas.tse.jus.br/candidaturas/oficial/2018/BR/BR/2022802018/280000605589//proposta_1533938913830.pdf"" rel=""noopener noreferrer""> plano de Ciro Gomes</a> também não tem nenhuma proposta que se pareça com o projeto de Fonteles. O candidato do PDT propõe algo bem diferente, que é a redução de impostos sobre consumo (PIS/COFINS e ICMS).

Quando tramitava na Câmara, o projeto também foi objeto de boatos, como <a target=""blank"" href""http://g1.globo.com/Noticias/Politica/0,,AA1386728-5601,00.html"" rel=""noopener noreferrer""> relatou o portal G1</a>. Em 2014, voltou a circular um boato sobre confisco da poupança tendo o projeto como base. Nesta ocasião, o “<a target=""blank"" href""https://www.boatos.org/politica/mentira-congresso-cria-projeto-de-lei-que-preve-confisco-da-poupanca.html"" rel=""noopener noreferrer"">Boatos.org</a>” desmentiu a peça de desinformação.",,"1970-01-01 00:00:00",archived-answer,https://projetocomprova.com.br/post/re_2b5w8xn3kovn/,https://projetocomprova.com.br/wp-content/uploads/2018/09/EJAWrpkYTSWYAohkvekZ-2.jpg,EJAWrpkYTSWYAohkvekZ,,,,https://projetocomprova.com.br/wp-content/uploads/2018/09/EJAWrpkYTSWYAohkvekZ-2.jpg,,,,"a:3:{s:3:""loc"";s:84:""https://projetocomprova.com.br/wp-content/uploads/2018/09/EJAWrpkYTSWYAohkvekZ-2.jpg"";s:5:""title"";s:20:""EJAWrpkYTSWYAohkvekZ"";s:7:""caption"";s:0:"""";}|a:3:{s:3:""loc"";s:84:""https://projetocomprova.com.br/wp-content/uploads/2018/09/EJAWrpkYTSWYAohkvekZ-2.jpg"";s:5:""title"";s:20:""EJAWrpkYTSWYAohkvekZ"";s:7:""caption"";s:0:"""";}|a:3:{s:3:""loc"";s:84:""https://projetocomprova.com.br/wp-content/uploads/2018/09/EJAWrpkYTSWYAohkvekZ-2.jpg"";s:5:""title"";s:20:""EJAWrpkYTSWYAohkvekZ"";s:7:""caption"";s:0:"""";}",,,,,,,,,,,,,,,,publish,1,lunar_admin,oli@lunar.build,,,re_2b5w8xn3kovn,,,0,0,0,closed,closed,"1970-01-01 00:00:00",sbt,nsc-comunicacao|jornal-do-commercio|sbt|poder360|uol|revista-piaui,red,,,,,,,,,,,,,,,
3572,"É falsa notícia de que Jean Wyllys foi convidado para ser ministro da Educação de Haddad","É falso o tweet que alega que o deputado federal Jean Wyllys (Psol-RJ) foi convidado para ser ministro da Educação num possível governo de Fernando Haddad, candidato à presidência da República pelo Partido dos Trabalhadores.

A postagem enganosa usa uma imagem manipulada do portal G1 com a seguinte manchete: ""Jean Wyllys confirma convite de Haddad para ser Ministro da Educação em eventual governo do petista"". Isso é falso e a reportagem não foi publicada pelo site.

O texto da montagem foi feito com padrões de escrita diferentes daqueles usados pelo G1. As palavras “deputado” e “ministro”, por exemplo, foram grafadas com caixa alta. Quando não iniciam frases, o portal usa caixa baixa para elas - como neste <a target=""blank"" href=""https://g1.globo.com/politica/noticia/planalto-anuncia-deputado-ronaldo-fonseca-como-novo-ministro-da-secretaria-geral.ghtml"" rel=""noopener noreferrer"">exemplo</a>. O portal também <a target=""blank"" href=""https://g1.globo.com/fato-ou-fake/noticia/2018/09/21/e-fake-print-de-texto-que-diz-que-jean-wyllys-foi-convidado-por-haddad-para-ser-ministro-da-educacao-em-eventual-governo.ghtml"" rel=""noopener noreferrer"">publicou um desmentido</a> sobre a informação falsa que circula atrelada a sua marca. 

Como o código fonte e os elementos do HTML das páginas de internet podem sempre ser acessados por meio dos próprios aplicativos de navegação (Google Chrome, Internet Explorer e Mozilla Firefox, por exemplo), é possível editar os textos que eles armazenam. No entanto, as alterações só ficam disponíveis para quem faz as edições. Logo, o texto alterado não é exibido para os demais internautas que acessam os sites.

Outra evidência de que a informação é falsa está no nome de quem é o responsável pela suposta reportagem. O jornalista que assina o texto é Bernardo Caram. A matéria falsa está datada de 20 de setembro de 2018. É verdade que Caram trabalhou no G1, mas entre outubro de 2016 e março de 2018. Atualmente ele é jornalista da Folha de S.Paulo, integrante do Comprova.

As assessorias de Fernando Haddad e de Jean Wyllys também negaram a informação.

O tweet falso foi publicado em 21 de setembro de 2018 pelo usuário @fabiopatriota10. Até a noite desta sexta-feira, 21 de setembro, a publicação teve 2,3 mil curtidas, 1,2 mil compartilhamentos e 297 comentários.",,"1970-01-01 00:00:00",archived-answer,https://projetocomprova.com.br/post/re_2b5w8xz52ogb/,https://projetocomprova.com.br/wp-content/uploads/2018/09/ekMZAvTJS2qUXvKV2VRo-2.png,ekMZAvTJS2qUXvKV2VRo,,,,https://projetocomprova.com.br/wp-content/uploads/2018/09/ekMZAvTJS2qUXvKV2VRo-2.png,,,,"a:3:{s:3:""loc"";s:84:""https://projetocomprova.com.br/wp-content/uploads/2018/09/ekMZAvTJS2qUXvKV2VRo-2.png"";s:5:""title"";s:20:""ekMZAvTJS2qUXvKV2VRo"";s:7:""caption"";s:0:"""";}|a:3:{s:3:""loc"";s:84:""https://projetocomprova.com.br/wp-content/uploads/2018/09/ekMZAvTJS2qUXvKV2VRo-2.png"";s:5:""title"";s:20:""ekMZAvTJS2qUXvKV2VRo"";s:7:""caption"";s:0:"""";}|a:3:{s:3:""loc"";s:84:""https://projetocomprova.com.br/wp-content/uploads/2018/09/ekMZAvTJS2qUXvKV2VRo-2.png"";s:5:""title"";s:20:""ekMZAvTJS2qUXvKV2VRo"";s:7:""caption"";s:0:"""";}",,,,,,,,,,,,,,,,publish,1,lunar_admin,oli@lunar.build,,,re_2b5w8xz52ogb,,,0,0,0,closed,closed,"1970-01-01 00:00:00",poder360,afp|jornal-do-commercio|sbt|correio-do-povo|nsc-comunicacao|uol|revista-piaui|poder360,red,,,,,,,,,,,,,,,
3574,"Caminhões em carreata pró-Bolsonaro pertencem a empresa de turismo, e não ao Exército","É enganosa a informação de que o candidato a deputado estadual Tenente Coronel Zucco (PSL-RS) usou caminhões do Exército para fazer campanha a favor dele e de Jair Bolsonaro (PSL) no último sábado, 22 de setembro, no litoral do Rio Grande do Sul. Os veículos foram adquiridos em leilões do Exército e foram emprestados por Paulo Souza, proprietário da empresa <a target=""blank"" href=""https://www.facebook.com/carrossauro"" rel=""noopener noreferrer"">Carrossauro</a>, que promove <a target=""blank"" href=""https://gauchazh.clicrbs.com.br/comportamento/verao/noticia/2018/01/missao-de-guerra-guias-vestidos-de-soldados-levam-veranistas-em-caminhoes-por-trilhas-em-tramandai-cjc28qsyz00sv01psrtokhexp.html"" rel=""noopener noreferrer"">transporte turístico</a> na região.

A carreata passou por <a target=""blank"" href=""https://www.google.com.br/maps/@-29.7659049,-50.0167876,3a,75y,6.46h,85.67t/data=!3m6!1e1!3m4!1sFkgYr9WiEHJbttLbNb9yGw!2e0!7i13312!8i6656"" rel=""noopener noreferrer"">Capão da Canoa</a>, no litoral gaúcho. Pela similaridade dos caminhões usados no ato, muitas pessoas denunciaram que haviam sido cedidos pelo Exército. Na realidade, os veículos já pertenceram às Forças Armadas, mas foram a leilão e agora são da empresa de turismo. 

O proprietário da Carrossauro, Paulo Souza, comprou dois dos caminhões em dezembro do ano passado. São veículos produzidos no início da década de 1980 pela Engesa, antiga indústria nacional de material bélico, que eram usados pelo Exército e pela Aeronáutica para o transporte de tropas e equipamentos. Em março deste ano, Souza comprou mais um caminhão. Todos foram comprados de pessoas que os haviam adquirido em leilões. Os três foram usados na caravana no sábado.

O Comprova solicitou os documentos dos veículos, mas o proprietário preferiu não apresentá-los porque o advogado de Zucco disse que irá entrar com uma representação no TRE-RS (Tribunal Regional Eleitoral do Rio Grande do Sul) contra pessoas que compartilharam a informação.

Segundo a assessoria do Exército, esse tipo de veículo, como mostra no vídeo, não teria placa se fosse realmente do órgão. É preciso uma regularização para eles circularem normalmente. Aliás, os caminhões da gravação contam com o brasão do Cruzeiro do Sul, o que não é mais usado. Sobre o caso, o Comando Militar do Sul <a target=""blank"" href=""https://twitter.com/CmdoCMS/status/1044349708599209985"" rel=""noopener noreferrer"">publicou nota</a> em seu perfil no Twitter.

O próprio Zucco desmentiu o boato em <a target=""blank"" href=""https://www.facebook.com/LLZUCCO/videos/555015581594801/?__xts__[0]=68.ARCFI1_0l0B8mPbrHwM4Aj3zL9cc3trF4xDjTQ4IH8l2rH2HJdIisRD3zXaCX3srjeLabKHLWtFdGeS0O3YQ6G6xkcvuysd0FC8Q6AiCvFhmz--EYwT1FJFKFwA1Dsv1QI2_Ha7O9nBiX16M4w7FbX5P8JTY-laVRviGc-S7DIBkC3vJsL3B&__tn__=kHH-R"" rel=""noopener noreferrer"">vídeo</a> publicado em seu perfil no Facebook. ""Esse comentário maldoso, essa fake news, não pode acontecer, e, logicamente, que as Forças Armadas não compactuariam, não apoiariam, nenhum tipo de campanha política"", disse. 

O proprietário da empresa de turismo, Paulo Souza, também desmentiu a informação em uma postagem no Facebook. ""Os veículos são de minha propriedade e foram usados gratuitamente na campanha e continuarão a serem usados"", escreveu. “Soube que haveria uma carreata em Capão da Canoa, peguei meus caminhões e fui com meu filho e cunhado. Os caminhões são meus e ando onde quiser”, completou, em entrevista ao Comprova.

O vídeo usado em uma das publicações falsas tem origem do Instagram. Foi publicado na ferramenta ""Stories"". Por ser uma rede social fechada não é possível saber o autor original do conteúdo. Essa gravação foi replicada em outras redes sociais e gerou grande engajamento (reações, comentários e compartilhamentos). Na página do Facebook ""Falando Verdades"", por exemplo, o vídeo com a descrição enganosa registrou 3,6 mil compartilhamentos, 1,2 mil comentários e 1,5 mil reações até a tarde desta segunda-feira, 24 de setembro.",,"1970-01-01 00:00:00",archived-answer,https://projetocomprova.com.br/post/re_2b5w8xn3kkrn/,https://projetocomprova.com.br/wp-content/uploads/2018/09/0XLv635NR5WggDuyayg2-2.png,0XLv635NR5WggDuyayg2,,,,https://projetocomprova.com.br/wp-content/uploads/2018/09/0XLv635NR5WggDuyayg2-2.png,,,,"a:3:{s:3:""loc"";s:84:""https://projetocomprova.com.br/wp-content/uploads/2018/09/0XLv635NR5WggDuyayg2-2.png"";s:5:""title"";s:20:""0XLv635NR5WggDuyayg2"";s:7:""caption"";s:0:"""";}|a:3:{s:3:""loc"";s:84:""https://projetocomprova.com.br/wp-content/uploads/2018/09/0XLv635NR5WggDuyayg2-2.png"";s:5:""title"";s:20:""0XLv635NR5WggDuyayg2"";s:7:""caption"";s:0:"""";}|a:3:{s:3:""loc"";s:84:""https://projetocomprova.com.br/wp-content/uploads/2018/09/0XLv635NR5WggDuyayg2-2.png"";s:5:""title"";s:20:""0XLv635NR5WggDuyayg2"";s:7:""caption"";s:0:"""";}",,,,,,,,,,,,,,,,publish,1,lunar_admin,oli@lunar.build,,,re_2b5w8xn3kkrn,,,0,0,0,closed,closed,"1970-01-01 00:00:00",gauchazh,sbt|jornal-do-commercio|nsc-comunicacao|gauchazh|revista-piaui|poder360,red,,,,,,,,,,,,,,,
3576,"Imagens de caminhão e aeronaves com banners de Bolsonaro são simulações","São manipuladas as imagens compartilhadas em redes sociais que mostram aeronaves da rede de lojas de departamentos Havan e um caminhão de uma transportadora catarinense com banners do candidato Jair Bolsonaro (PSL). As aeronaves realmente pertencem à Havan, mas a customização da plotagem em verde e amarelo com a foto de Bolsonaro foi manipulada digitalmente.

A assessoria de imprensa da Havan confirmou ao Comprova que se trata de uma simulação feita pela própria empresa para ilustrar como ficariam as plotagens. Conforme a assessoria, o empresário Luciano Hang, dono da rede de lojas, protocolou um pedido junto ao Tribunal Superior Eleitoral (TSE) com a intenção de obter autorização para plotar o avião e o helicóptero conforme aparecem na imagem. Hang já declarou apoio a Bolsonaro.

O TSE informou ao Comprova nesta segunda-feira, 24 de setembro, que a petição de Luciano Hang foi distribuída ao ministro Jorge Mussi e ainda não há decisão sobre o caso. Ainda segundo o TSE, ""não consta da letra da lei a propaganda feita em aeronaves, razão pela qual essa é uma questão que poderá ainda ser submetida à jurisdição da Justiça Eleitoral"".

O Grupo Pegoraro, transportadora com matriz em Joaçaba-SC, também confirmou que o caminhão na imagem pertence à empresa, mas que nesse caso a montagem partiu de usuários nas redes sociais. A empresa ainda apontou que a legislação eleitoral não permitiria propaganda nas dimensões que sugere a imagem.

Uma publicação da página Bolsonaro Herói Nacional com a montagem das aeronaves e os dizeres ""Olha só o que o Luciano Hang da Havan aprontou dessa vez"" foi compartilhada mais de 10 mil vezes entre os dias 20 e 24 de setembro no Facebook. O Prova Real também localizou compartilhamentos do mesmo conteúdo no Twitter e em grupos de WhatsApp.

Outra publicação no Facebook, de um membro do Grupo Olavo de Carvalho, teve 5,9 mil  compartilhamentos da imagem do caminhão no mesmo período. O texto diz que o Grupo Pegoraro de Joaçaba personalizou 17 de suas carretas. A provável publicação inicial data de 19 de setembro, com pouco mais de cem compartilhamentos. 
A legislação eleitoral aponta que é proibido colar propaganda eleitoral em veículos, exceto adesivos microperfurados até a extensão total do para-brisa traseiro e, em outras posições, adesivos que não excedam o tamanho de 0,5m² (meio metro quadrado).

A veracidade da plotagem das aeronaves também foi verificada pelo jornal <a target=""blank"" href=""https://omunicipio.com.br/luciano-hang-plotou-aeronaves-da-havan-com-imagens-de-bolsonaro-o-municipio-confere/"" rel=""noopener noreferrer"">O Município</a>, de Brusque-SC.",,"1970-01-01 00:00:00",archived-answer,https://projetocomprova.com.br/post/re_2b5w8xndeney/,https://projetocomprova.com.br/wp-content/uploads/2018/09/nhRpXxEASSiOwExYsyvu-2.png,nhRpXxEASSiOwExYsyvu,,,,https://projetocomprova.com.br/wp-content/uploads/2018/09/nhRpXxEASSiOwExYsyvu-2.png,,,,"a:3:{s:3:""loc"";s:84:""https://projetocomprova.com.br/wp-content/uploads/2018/09/nhRpXxEASSiOwExYsyvu-2.png"";s:5:""title"";s:20:""nhRpXxEASSiOwExYsyvu"";s:7:""caption"";s:0:"""";}|a:3:{s:3:""loc"";s:84:""https://projetocomprova.com.br/wp-content/uploads/2018/09/nhRpXxEASSiOwExYsyvu-2.png"";s:5:""title"";s:20:""nhRpXxEASSiOwExYsyvu"";s:7:""caption"";s:0:"""";}|a:3:{s:3:""loc"";s:84:""https://projetocomprova.com.br/wp-content/uploads/2018/09/nhRpXxEASSiOwExYsyvu-2.png"";s:5:""title"";s:20:""nhRpXxEASSiOwExYsyvu"";s:7:""caption"";s:0:"""";}",,,,,,,,,,,,,,,,publish,1,lunar_admin,oli@lunar.build,,,re_2b5w8xndeney,,,0,0,0,closed,closed,"1970-01-01 00:00:00",1506,sbt|correio-do-povo|poder360|nsc-comunicacao|jornal-do-commercio,"black and white",,,,,,,,,,,,,,,
3578,"Imagens de caravana de motos são de romaria e não de carreata em apoio a Bolsonaro","O vídeo de uma caravana de motos compartilhado nas redes sociais como sendo de uma carreata formada por apoiadores do candidato à presidência Jair Bolsonaro é falso. 

As imagens foram gravadas durante a 32ª Moto Romaria 2018, no dia 16 de setembro, um evento que reuniu milhares de motocicletas em uma caravana que faz o percurso de 120 km de Fortaleza até Canindé, no Ceará. Segundo os organizadores, “é um evento único do motociclismo no Ceará, quem foi nunca se arrependeu. Muitos vão pela fé e religiosidade, mas o evento é aberto a todos”.

A gravação foi realizada na BR-020, <a target=""blank"" href=""https://www.google.com.br/maps/@-4.3400439,-39.2922742,3a,29.5y,49.84h,82.93t/data=!3m6!1e1!3m4!1s0yqs2GFocCgRkC_paR1KKg!2e0!7i13312!8i6656"" rel=""noopener noreferrer"">na entrada de Canindé</a>, na altura do bairro de Boa Vista, quando a caravana chegava em seu destino final. Na gravação, pode-se observar <a target=""blank"" href=""http://divulgacandcontas.tse.jus.br/divulga/#/candidato/2018/2022802018/CE/60000611947"" rel=""noopener noreferrer"">uma bandeira</a> do candidato Robério Monteiro (PDT), que também aparece em um <a target=""blank"" href=""https://www.facebook.com/MaiadaMotoRomariadeCaninde/videos/237207273619290/"" rel=""noopener noreferrer"">vídeo sobre o evento</a> publicado por Edison Maia, organizador da Moto Romaria, em sua página no Facebook. 

<a target=""blank"" href=""https://www.youtube.com/watch?v=CbCu7rAuO4s"" rel=""noopener noreferrer"">Outra filmagem</a> da Moto Romaria 2018 mostra o mesmo padrão do comboio liderado por viaturas da Polícia Rodoviária Federal: um Renault, um Chevrolet e cinco motocicletas em formação.

Para chegar a essa conclusão, a equipe do Comprova examinou comentários do vídeo e obteve a dica de que teria sido gravado na Moto Romaria do Ceará. A partir disso, uma extensa busca por vídeos da Romaria nos recentes anos foi realizada. Uma comparação dessas gravações com as imagens do vídeo verificado foi realizada para comprovar seu contexto e localização originais.

Ainda que alguns motoqueiros tenham levado bandeiras de candidatos que concorrem nas eleições de outubro, o evento não tem nenhuma motivação política. Trata-se de uma peregrinação de cunho religioso em homenagem a São Francisco.

A solicitação de contato feita pela AFP, membro do Comprova, aos organizadores do evento não foi respondida até a publicação desta história.

Recentemente, diversas imagens fora de seu contexto original alegando exibir manifestações a favor de Bolsonaro vêm sendo compartilhadas nas redes sociais. O Comprova já desmentiu algumas delas. 

Segundo estatísticas do Facebook, o vídeo já foi compartilhado 161,8 mil vezes e assistido por quase 4 milhões de usuários desde que foi publicado no dia 22 de setembro de 2018. O vídeo foi disseminado por 142 páginas diferentes, grande parte delas apoia abertamente o presidenciável.",,"1970-01-01 00:00:00",archived-answer,https://projetocomprova.com.br/post/re_2b5w8xzzgj0b/,https://projetocomprova.com.br/wp-content/uploads/2018/09/qIjnbwHbQRK705pNN5gd-2.png,qIjnbwHbQRK705pNN5gd,,,,https://projetocomprova.com.br/wp-content/uploads/2018/09/qIjnbwHbQRK705pNN5gd-2.png,,,,"a:3:{s:3:""loc"";s:84:""https://projetocomprova.com.br/wp-content/uploads/2018/09/qIjnbwHbQRK705pNN5gd-2.png"";s:5:""title"";s:20:""qIjnbwHbQRK705pNN5gd"";s:7:""caption"";s:0:"""";}|a:3:{s:3:""loc"";s:84:""https://projetocomprova.com.br/wp-content/uploads/2018/09/qIjnbwHbQRK705pNN5gd-2.png"";s:5:""title"";s:20:""qIjnbwHbQRK705pNN5gd"";s:7:""caption"";s:0:"""";}|a:3:{s:3:""loc"";s:84:""https://projetocomprova.com.br/wp-content/uploads/2018/09/qIjnbwHbQRK705pNN5gd-2.png"";s:5:""title"";s:20:""qIjnbwHbQRK705pNN5gd"";s:7:""caption"";s:0:"""";}",,,,,,,,,,,,,,,,publish,1,lunar_admin,oli@lunar.build,,,re_2b5w8xzzgj0b,,,0,0,0,closed,closed,"1970-01-01 00:00:00",afp,sbt|poder360|correio-do-povo|uol|nsc-comunicacao|jornal-do-commercio|afp,red,,,,,,,,,,,,,,,
3580,"Vídeo de ""eleitores do PT"" espancando idosas é falso","Um vídeo publicado nas redes sociais alega que idosas eleitoras do candidato à presidência pelo PSL, Jair Bolsonaro, foram atacadas por apoiadores do Partido dos Trabalhadores em 18 de setembro de 2018. As imagens, no entanto, estão fora de contexto e essa versão é falsa.

“Aconteceu Agora: Eleitores do PT já estão atacando os da direita! Vejam eles espancando covardemente essa senhoras de idade eleitoras do Bolsonaro” diz a descrição de uma publicação no Facebook feita na última terça-feira, 18 de setembro. 

O vídeo não foi gravado recentemente e não há imagens de idosas sendo espancadas e nem de eleitores fazendo campanha para Bolsonaro.

Na verdade, o vídeo foi gravado em 4 de março de 2016, quando o ex-presidente Luiz Inácio Lula da Silva (PT) foi conduzido coercitivamente a uma delegacia da Polícia Federal no aeroporto de Congonhas, em São Paulo, para depor no âmbito da operação Lava Jato. 

Para chegar a essa conclusão, fizemos uma busca por imagens semelhantes às do vídeo enganoso, com auxílio do Citizen Evidence, e identificamos o local da gravação. 
 
Comparamos as imagens do vídeo e confirmamos que foi feito nas <a target=""”lank"" href=""https://www.google.com/maps/@-23.6225513,-46.6618224,3a,75y,317.68h,88.19t/data=!3m6!1e1!3m4!1sWn7niYNx3PMzPwMyUaizeg!2e0!7i13312!8i6656"" rel=""noopener noreferrer"">imediações</a> do aeroporto.

Na sequência, fizemos buscas na web por incidentes com militantes do PT naquelas imediações e chegamos ao dia 4 de março de 2016, data em que Lula foi conduzido à delegacia da Polícia Federal em Congonhas. Há duas pessoas nas imagens e elas também aparecem em um <a target=""”lank"" href=""http://g1.globo.com/sao-paulo/noticia/2016/03/manifestantes-anti-e-pro-lula-brigam-em-frente-casa-do-ex-presidente.html"" rel=""noopener noreferrer"">vídeo publicado pelo portal G1</a> sobre o evento, em março de 2016. A paisagem urbana de ambas gravações também coincide com a Avenida Washington Luis, da capital paulista, na altura do número 6995.

A alegação falsa viralizou depois que foi publicada no Facebook pela conta “Fagner Andrade”. As páginas ""Jair_Messias_Bolsonaro_Oficial"" e ""BRN - O Brasil é Nosso"" também publicaram o conteúdo falso.

No Facebook, este post falso foi visualizado cerca de 916 mil vezes e teve mais de 39 mil compartilhamentos desde o dia 18 de setembro nas páginas e no perfil citados.",,"1970-01-01 00:00:00",archived-answer,https://projetocomprova.com.br/post/re_2b5w8xygrm9n/,https://projetocomprova.com.br/wp-content/uploads/2018/09/T4mGALnSZuBWaQS0e442-2.png,T4mGALnSZuBWaQS0e442,,,,https://projetocomprova.com.br/wp-content/uploads/2018/09/T4mGALnSZuBWaQS0e442-2.png,,,,"a:3:{s:3:""loc"";s:84:""https://projetocomprova.com.br/wp-content/uploads/2018/09/T4mGALnSZuBWaQS0e442-2.png"";s:5:""title"";s:20:""T4mGALnSZuBWaQS0e442"";s:7:""caption"";s:0:"""";}|a:3:{s:3:""loc"";s:84:""https://projetocomprova.com.br/wp-content/uploads/2018/09/T4mGALnSZuBWaQS0e442-2.png"";s:5:""title"";s:20:""T4mGALnSZuBWaQS0e442"";s:7:""caption"";s:0:"""";}|a:3:{s:3:""loc"";s:84:""https://projetocomprova.com.br/wp-content/uploads/2018/09/T4mGALnSZuBWaQS0e442-2.png"";s:5:""title"";s:20:""T4mGALnSZuBWaQS0e442"";s:7:""caption"";s:0:"""";}",,,,,,,,,,,,,,,,publish,1,lunar_admin,oli@lunar.build,,,re_2b5w8xygrm9n,,,0,0,0,closed,closed,"1970-01-01 00:00:00",afp|poder360,nsc-comunicacao|jornal-do-commercio|sbt|correio-do-povo|uol|poder360,red,,,,,,,,,,,,,,,
3582,"Áudio atribuído a Jair Bolsonaro no hospital é falso","O áudio atribuído ao presidenciável Jair Bolsonaro (PSL) que circula em redes sociais desde terça-feira, 18 de setembro, quando foi divulgada a pesquisa <a target=""blank"" href=""https://politica.estadao.com.br/noticias/eleicoes,ibope-haddad-cresce-11-pontos-e-se-isola-no-segundo-lugar-bolsonaro-mantem-lideranca,70002508467"" rel=""noopener noreferrer"">Ibope</a>, é falso, segundo peritos ouvidos pelo Comprova. 

Na gravação, o homem que se passa por Bolsonaro xinga o general Hamilton Mourão, vice do candidato à presidência, e uma enfermeira do hospital Albert Einstein, em São Paulo, onde o capitão reformado do exército está internado para se recuperar de um atentado a faca ocorrido no dia 6 de setembro durante ato de campanha em Juiz de Fora (MG). 

O homem também diz que não aguenta mais ficar no hospital e que o ""teatrinho acabou"". A fala alimentou teorias falsas de que o atentado sofrido por Bolsonaro seria forjado. 

Um trecho da gravação faz referência a Fernando Haddad, candidato do PT à Presidência, que está em segundo lugar nas intenções de votos, segundo o Ibope, atrás apenas de Bolsonaro. “Me tira daqui, a gente tem uma eleição pra ganhar, pô (sic). Uma eleição pra ganhar, e você me mantendo aqui nesse teatro”, diz o homem, dirigindo-se a quem chama de Eduardo – mesmo nome de um dos filhos de Bolsonaro. 

A pedido do Comprova, o Instituto Brasileiro de Peritos comparou o áudio viral com a voz de Bolsonaro na <a target=""blank"" href=""https://www.youtube.com/watch?v=e1gSZl7LJ-k"" rel=""noopener noreferrer"">entrevista</a> que ele concedeu ao jornalista Luiz Datena no dia 22 de abril de 2018. A conclusão é de que não é o candidato do PSL que fala na gravação viral que foi divulgada nesta semana. “O corpo probatório sustenta muito fortemente a hipótese de que as amostras de fala não foram proferidas pelo mesmo locutor”, diz o laudo. 

A metodologia da <a target=""blank"" href=""https://politica.estadao.com.br/blogs/estadao-verifica/wp-content/uploads/sites/690/2018/09/Parecer-Técnico-IBP18072.pdf"" rel=""noopener noreferrer"">perícia</a> constitui-se de uma análise qualitativa dos marcadores de voz, fala e linguagem dos falantes. Depois, é realizada a comparação desses parâmetros em cada amostra de voz e fala questionada. Nesta análise, foram observados padrões das vogais e consoantes, ritmo e velocidade de fala, padrões de entonação, qualidade da voz e os hábitos apresentados pelo falante, além da aplicação de palavras nas sentenças e o uso de regras gramaticais.

No áudio falso foi percebido, por exemplo, um sotaque típico do interior na fala do fonema “r”, enquanto na fala de Bolsonaro isso não aparece. Também foram percebidas diferenças na ressonância, articulação, velocidade de fala e desvio fonético entre as amostras comparadas.

O Comprova também consultou o perito Mauricio de Cunto, da empresa Fonolab. Ele comparou o áudio viral a três gravações do candidato no hospital (<a target=""blank"" href=""https://www.youtube.com/watch?v=VcN13MwJUdY"" rel=""noopener noreferrer"">aqui,</a> <a target=""blank"" href=""https://www.youtube.com/watch?v=YB569uK‐ks0"" rel=""noopener noreferrer"">aqui,</a> e <a target=""blank"" href=""https://www.youtube.com/watch?v=NUvK9o‐N230"" rel=""noopener noreferrer"">aqui</a>). 

Ao analisar a frequência da voz do candidato, o especialista concluiu que o imitador do áudio tem um tom mais agudo. ""A voz questionada é muito divergente das vozes autênticas, podendo ser considerada falsa”, afirma o <a target=""blank"" href=""https://politica.estadao.com.br/blogs/estadao-verifica/wp-content/uploads/sites/690/2018/09/Voz-Jair-Bolsonaro.pdf"" rel=""noopener noreferrer"">parecer</a> emitido pelo perito. 

Outro elemento que aponta se tratar de um áudio falso é a baixa qualidade da gravação. De acordo com peritos experientes, esse é um truque típico das falsificações: diminuir a resolução de áudios, vídeos e fotos faz com que a análise dessas mídias se torne mais difícil.

Dois filhos de Bolsonaro, Carlos e Eduardo, já desmentiram em suas contas de Twitter a veracidade do áudio. “A mais nova fakenews (sic) com um áudio em que dizem ser Bolsonaro reclamando no hospital”, escreveu Carlos em <a target=""blank"" href=""https://twitter.com/CarlosBolsonaro/status/1042436525626150912"" rel=""noopener noreferrer""> um tuíte</a>, republicado por Eduardo.

O hospital em que o presidenciável está internado, o Albert Einstein, também negou a gravação e a informação de que uma enfermeira teria sido despedida após o episódio.

O boato foi repassado a integrantes do Comprova por WhatsApp, além de ter sido publicado em vídeos no YouTube. No canal Jefferson Moraes, por exemplo, o vídeo somava 49.038 mil visualizações da data em que foi publicado, dia 18 de setembro de 2018, até a tarde desta sexta-feira, 21 de setembro.

Os sites <a target=""blank"" href=""https://g1.globo.com/fato-ou-fake/noticia/2018/09/20/e-fake-audio-que-mostra-bolsonaro-gritando-em-hospital.ghtml"" rel=""noopener noreferrer"">Fato ou Fake</a> e <a target=""blank"" href=""https://www.boatos.org/politica/audio-bolsonaro-enfermeira-teatro.html"" rel=""noopener noreferrer"">Boatos.Org</a> também publicaram desmentidos sobre o assunto.",,"1970-01-01 00:00:00",archived-answer,https://projetocomprova.com.br/post/re_2b5w8xzk5wmn/,https://projetocomprova.com.br/wp-content/uploads/2018/09/bJUMfnLdS9CAozqNJNhB-2.jpg,bJUMfnLdS9CAozqNJNhB,,,,https://projetocomprova.com.br/wp-content/uploads/2018/09/bJUMfnLdS9CAozqNJNhB-2.jpg,,,,"a:3:{s:3:""loc"";s:84:""https://projetocomprova.com.br/wp-content/uploads/2018/09/bJUMfnLdS9CAozqNJNhB-2.jpg"";s:5:""title"";s:20:""bJUMfnLdS9CAozqNJNhB"";s:7:""caption"";s:0:"""";}|a:3:{s:3:""loc"";s:84:""https://projetocomprova.com.br/wp-content/uploads/2018/09/bJUMfnLdS9CAozqNJNhB-2.jpg"";s:5:""title"";s:20:""bJUMfnLdS9CAozqNJNhB"";s:7:""caption"";s:0:"""";}|a:3:{s:3:""loc"";s:84:""https://projetocomprova.com.br/wp-content/uploads/2018/09/bJUMfnLdS9CAozqNJNhB-2.jpg"";s:5:""title"";s:20:""bJUMfnLdS9CAozqNJNhB"";s:7:""caption"";s:0:"""";}",,,,,,,,,,,,,,,,publish,1,lunar_admin,oli@lunar.build,,,re_2b5w8xzk5wmn,,,0,0,0,closed,closed,"1970-01-01 00:00:00",folha-de-s-paulo,jornal-do-commercio|sbt|radio-bandeirantes|correio-do-povo|nsc-comunicacao|uol|revista-piaui|poder360,red,,,,,,,,,,,,,,,
3584,"Declaração de Cid Gomes é tirada de contexto e atribuída a Fernando Haddad","Um post enganoso publicado no Facebook sugere que o homem que aparece em um vídeo afirmando que ""desvio de dinheiro é natural e intrínseco ao serviço público"" é o candidato à presidência da República do PT, Fernando Haddad. A informação não é verdadeira. O político na imagem - visualizada mais de duas milhões de vezes - é Cid Gomes (PDT), ex-governador do Ceará.

A descrição da publicação diz: “Olha a visão do candidato de Lula (Haddad), o cara que vocês irão votar a pedido do Lula, a mesma coisa de Dilma e Temer, ou talvez pior ainda”. A declaração provocou inconformidade em alguns usuários. “Ladrão safado. Natural né bandido.vamos banir VCS do Brasil corja de pilantras”, comentou um deles.

No entanto, a <a target=""blank"" href=""http://mais.uol.com.br/view/pj4p9vzv54s1/cid-declara-que-desvio-de-dinheiro-e-natural-no-servico-publico-04020D99336EC4915326"" rel=""noopener noreferrer"">declaração</a> foi feita por Cid Gomes, ex- governador do Ceará e irmão do candidato à presidência Ciro Gomes (PDT), no dia 29 de setembro de 2014. O comentário sobre desvios foi feito em defesa do Camilo Santana (PT), que na época era candidato a governador do Ceará e foi envolvido em um escândalo político relacionado a desvio de verbas destinadas à construção de sanitários para famílias carentes no estado cearense.

Santana, sucessor e aliado de Cid, teve o nome envolvido porque era o secretário de Cidades quando o chamado “escândalo dos banheiros” veio à tona. Ele sempre negou irregularidades e disse que suas contas foram aprovadas pelo Tribunal de Contas do Estado.

“Desde que existiu o dinheiro, existe quem procure roubar o dinheiro (sic). A diferença entre um governo sério e um governo conivente, é que o governo sério, quando descobre, pune. E foi o que o Camilo fez quando assumiu a secretaria [de Cidades] e viu que tinha um escândalo”, disse Cid, no <a target=""blank"" href=""http://mais.uol.com.br/view/pj4p9vzv54s1/cid-declara-que-desvio-de-dinheiro-e-natural-no-servico-publico-04020D99336EC4915326"" rel=""noopener noreferrer"">vídeo original</a>, após se referir à normalidade dos desvios.

No dia 8 de agosto de 2018, o Comprova <a target=""blank"" href=""https://projetocomprova.com.br/post/re_2B5W8XY6DPpb"" rel=""noopener noreferrer"">mostrou</a> que outra frase, também atribuída a Cid Gomes, foi falsamente relacionada ao candidato Geraldo Alckmin (PSDB). 

Segundo as estatísticas do Facebook, o vídeo do post enganoso foi assistido mais de 2,8 milhões de vezes e compartilhado 159 mil vezes desde que foi publicado, no dia 1º de setembro.",,"1970-01-01 00:00:00",archived-answer,https://projetocomprova.com.br/post/re_2b5w8xyr5p5n/,https://projetocomprova.com.br/wp-content/uploads/2018/09/GxMJ9ZKKRSqTGX4D3iQg-2.png,GxMJ9ZKKRSqTGX4D3iQg,,,,https://projetocomprova.com.br/wp-content/uploads/2018/09/GxMJ9ZKKRSqTGX4D3iQg-2.png,,,,"a:3:{s:3:""loc"";s:84:""https://projetocomprova.com.br/wp-content/uploads/2018/09/GxMJ9ZKKRSqTGX4D3iQg-2.png"";s:5:""title"";s:20:""GxMJ9ZKKRSqTGX4D3iQg"";s:7:""caption"";s:0:"""";}|a:3:{s:3:""loc"";s:84:""https://projetocomprova.com.br/wp-content/uploads/2018/09/GxMJ9ZKKRSqTGX4D3iQg-2.png"";s:5:""title"";s:20:""GxMJ9ZKKRSqTGX4D3iQg"";s:7:""caption"";s:0:"""";}|a:3:{s:3:""loc"";s:84:""https://projetocomprova.com.br/wp-content/uploads/2018/09/GxMJ9ZKKRSqTGX4D3iQg-2.png"";s:5:""title"";s:20:""GxMJ9ZKKRSqTGX4D3iQg"";s:7:""caption"";s:0:"""";}",,,,,,,,,,,,,,,,publish,1,lunar_admin,oli@lunar.build,,,re_2b5w8xyr5p5n,,,0,0,0,closed,closed,"1970-01-01 00:00:00",afp,afp|correio-do-povo|nsc-comunicacao|poder360|sbt|uol|jornal-do-commercio,"black and white",,,,,,,,,,,,,,,
3586,"Evento nos EUA é um debate sobre o cenário eleitoral brasileiro e não é organizado por George Soros","É falsa a informação que circula nas redes sociais e diz que grupo de George Soros realiza uma reunião para definir como destruir o candidato à presidência Jair Bolsonaro (PSL). O evento que será realizado em Washington é uma palestra, organizada pelo Diálogo Interamericano (IAD, em uma sigla em inglês), uma entidade que fomenta o debate político e social para a América Latina. No dia 25 de setembro, será realizado um painel sobre o cenário eleitoral do Brasil em 2018, com três debatedores brasileiros. George Soros não é formalmente vinculado à entidade.

A postagem diz que George Soros promoveria um encontro de “figurões de esquerda”, que teriam em comum o apoio a regimes comunistas da América Latina, cuja pauta seria como destruir em todo o mundo - principalmente nos Estados Unidos e no Brasil - a reputação do presidenciável Jair Bolsonaro. A nota lembra que o candidato foi vítima de um ataque e faz suposições acerca da autoria. Ainda há suposições sobre o apoio de George Soros a regimes de esquerda.

O texto é ilustrado por uma foto que mostra o ex-presidente Luiz Inácio Lula da Silva e Antônio Palocci cumprimentando George Soros. Esse <a target=""blank"" href:""http://memoria.ebc.com.br/agenciabrasil/sites/_agenciabrasil/files/gallery_assist/3/gallery_assist639164/3fde224a99d00.jpg"" rel=""noopener noreferrer"">encontro aconteceu no dia 26 de janeiro de 2003</a>, durante o 33º Fórum Econômico Mundial, em Davos, na Suíça. Na época, Lula era presidente recém-eleito para o primeiro mandato e Palocci, seu ministro da Fazenda. A foto é de Ricardo Stuckert, que trabalhava para a presidência da República.

O evento que será realizado em Washington - <a target=""blank"" href=""https://www.thedialogue.org/events/brazilian-elections-starting-over-or-more-of-the-same/"" rel=""noopener noreferrer"">Brazilian Elections: Starting over or more of the same?</a> (Eleições brasileiras: um recomeço ou mais do mesmo?, em tradução livre) - não terá a participação de nenhum ""figurão"". A proposta é discutir o cenário eleitoral em um momento de grande polarização no Brasil, que tem uma economia se recuperando após uma recessão e cujos escândalos de corrupção afetaram a confiança pública nas instituições do país. O convite para o evento fala na inelegibilidade de Luiz Inácio Lula da Silva, candidato do PT que foi substituído por Fernando Haddad, e em Jair Bolsonaro, apresentado como um congressista linha dura e que está hospitalizado após um ataque a faca. O texto ainda menciona que há quatro ou cinco nomes com possibilidade de chegar ao segundo turno.

O painel terá explanações de três brasileiros, e conta com a mediação de Peter Hakim, presidente emérito da entidade. Serão palestrantes Monica de Bolle, diretora do Departamento de Estudos Latino-Americanos da Escola de Estudos Internacionais Avançados Johns Hopkins; Maurício Moura, fundador e CEO do Ideia Big Data; e Henrique Gomes Batista, correspondente d’O Globo em Washington.

A postagem original foi publicada no site MCI Rádio, no dia 14 de setembro. O conteúdo foi repostado 19 vezes no Twitter e Facebook - foram 555 interações totais que alcançaram 274.236 usuários das redes sociais até o dia 19 de setembro, segundo o CrowdTangle, uma das ferramentas utilizadas pelo Comprova para analisar o grau de viralização de posts nas redes sociais.",,"1970-01-01 00:00:00",archived-answer,https://projetocomprova.com.br/post/re_2b5w8xbannen/,https://projetocomprova.com.br/wp-content/uploads/2018/09/WgPEDKlkQ5OoxcPutzeN-2.jpg,WgPEDKlkQ5OoxcPutzeN,,,,https://projetocomprova.com.br/wp-content/uploads/2018/09/WgPEDKlkQ5OoxcPutzeN-2.jpg,,,,"a:3:{s:3:""loc"";s:84:""https://projetocomprova.com.br/wp-content/uploads/2018/09/WgPEDKlkQ5OoxcPutzeN-2.jpg"";s:5:""title"";s:20:""WgPEDKlkQ5OoxcPutzeN"";s:7:""caption"";s:0:"""";}|a:3:{s:3:""loc"";s:84:""https://projetocomprova.com.br/wp-content/uploads/2018/09/WgPEDKlkQ5OoxcPutzeN-2.jpg"";s:5:""title"";s:20:""WgPEDKlkQ5OoxcPutzeN"";s:7:""caption"";s:0:"""";}|a:3:{s:3:""loc"";s:84:""https://projetocomprova.com.br/wp-content/uploads/2018/09/WgPEDKlkQ5OoxcPutzeN-2.jpg"";s:5:""title"";s:20:""WgPEDKlkQ5OoxcPutzeN"";s:7:""caption"";s:0:"""";}",,,,,,,,,,,,,,,,publish,1,lunar_admin,oli@lunar.build,,,re_2b5w8xbannen,,,0,0,0,closed,closed,"1970-01-01 00:00:00",,sbt|uol|nsc-comunicacao|poder360|jornal-do-commercio,"full colour",,,,,,,,,,,,,,,
3588,"Patrícia Pillar desmente meme e diz que nunca sofreu agressão","Um meme que combina uma foto da atriz Patrícia Pillar com uma fala atribuída a ela, que diz “Gente, eu nunca fui casada com Bolsonaro. Quem me batia era o Ciro Gomes” é uma das imagens mais sugeridas para verificação recebidas pelo WhatsApp do Comprova nos últimos dias. Graças à popularização da peça, a própria atriz veio a público para declarar que nunca fez essa afirmação, tampouco teria sido agredida pelo ex-marido.

Patrícia, que foi casada com Ciro Gomes entre 1999 e 2011, fez duas postagens na sua página oficial no Facebook - uma no dia 19 de setembro e outra na madrugada do dia 20. <a target=""blank"" href=""https://www.facebook.com/patriciapillaroficial/videos/299255220867459/"" rel=""noopener noreferrer"">Na primeira</a>, ela afirma em texto que “estou aqui para dizer que  estão usando a minha imagem para divulgar notícias falsas, favorecendo um candidato que jamais seria o meu”. Neste primeiro vídeo, a atriz declara que “nunca sofri nenhum tipo de violência da parte de ninguém. Isso é totalmente falso”. Na segunda postagem, a atriz vai além e chega a declarar seu voto em Ciro Gomes. 

O meme começou a circular no Facebook no dia 19 de setembro. A primeira postagem localizada pelo Comprova, em um perfil pessoal, foi apagada, mas chegou a ter 20 mil compartilhamentos. Pelo menos outros três perfis continuam compartilhando a montagem, com engajamento expressivo. Um deles tinha 29,2 mil compartilhamentos na tarde de 20 de setembro. Os outros dois perfis somavam 4,4 mil compartilhamentos. O conteúdo também está sendo compartilhado por WhatsApp e foi rastreado pelo monitor de WhatsApp da UFMG.

A dupla postagem de Patrícia Pillar foi notícia nos principais jornais e portais de notícias do país. O site <a target=""blank"" href=""https://www.boatos.org/politica/ciro-gomes-bateu-em-patricia-pillar.html"" rel=""noopener noreferrer"">Boatos.org</a> e a <a target=""blank"" href=""https://piaui.folha.uol.com.br/lupa/2018/09/20/verificamos-patricia-pillar-ciro-gomes/"" rel=""noopener noreferrer"">Agência Lupa</a> também publicaram o desmentido. ",,"1970-01-01 00:00:00",archived-answer,https://projetocomprova.com.br/post/re_2b5w8xbwplgn/,https://projetocomprova.com.br/wp-content/uploads/2018/09/HOoEGgGTymi2iQNOGsTX-2.jpg,HOoEGgGTymi2iQNOGsTX,,,,https://projetocomprova.com.br/wp-content/uploads/2018/09/HOoEGgGTymi2iQNOGsTX-2.jpg,,,,"a:3:{s:3:""loc"";s:84:""https://projetocomprova.com.br/wp-content/uploads/2018/09/HOoEGgGTymi2iQNOGsTX-2.jpg"";s:5:""title"";s:20:""HOoEGgGTymi2iQNOGsTX"";s:7:""caption"";s:0:"""";}|a:3:{s:3:""loc"";s:84:""https://projetocomprova.com.br/wp-content/uploads/2018/09/HOoEGgGTymi2iQNOGsTX-2.jpg"";s:5:""title"";s:20:""HOoEGgGTymi2iQNOGsTX"";s:7:""caption"";s:0:"""";}|a:3:{s:3:""loc"";s:84:""https://projetocomprova.com.br/wp-content/uploads/2018/09/HOoEGgGTymi2iQNOGsTX-2.jpg"";s:5:""title"";s:20:""HOoEGgGTymi2iQNOGsTX"";s:7:""caption"";s:0:"""";}",,,,,,,,,,,,,,,,publish,1,lunar_admin,oli@lunar.build,,,re_2b5w8xbwplgn,,,0,0,0,closed,closed,"1970-01-01 00:00:00",jornal-do-commercio,correio-do-povo|nsc-comunicacao|poder360|sbt|exame|uol|jornal-do-commercio,red,,,,,,,,,,,,,,,
3590,"Posts que anunciam vitória de Bolsonaro no 1º turno com 61% são enganosos","São enganosos os posts nas redes sociais afirmando que o candidato Jair Bolsonaro (PSL) tem 61% das intenções de voto e, portanto, seria vitorioso no primeiro turno da disputa presidencial. As postagens se baseiam em cálculos do site <a target=""blank"" href=""http://www.pollingdata.com.br/"" rel=""noopener noreferrer"">PollingData</a>, que não faz pesquisa de intenção de voto. O site faz uma projeção de resultado da eleição tendo como base pesquisas feitas por diversas empresas. Na tarde desta quarta-feira, 19 de setembro, ele apontava que Bolsonaro tinha apenas 5% de chances de vencer a eleição já no primeiro turno.

Os posts enganosos usaram a projeção que o site fazia na manhã de terça-feira, 18 de setembro. Naquele momento, de acordo com o PollingData, a probabilidade de Bolsonaro ganhar a eleição era de 61%, mas não exatamente no primeiro turno.

Como o cálculo muda conforme novas pesquisas são divulgadas, as projeções do PollingData estavam um pouco diferentes nesta quarta-feira. No período da tarde, com as pesquisas disponíveis naquele momento, a probabilidade de Bolsonaro vencer a disputa presidencial era de 54%, contra 37% de Fernando Haddad (PT), 8% de Ciro Gomes (PDT) e 1% de Marina Silva (Rede).

A probabilidade de a eleição terminar logo no primeiro turno, com vitória de Bolsonaro, era de somente 5%. Para que a disputa acabe já em 7 de outubro, o primeiro colocado precisa obter metade dos votos válidos mais um. A probabilidade de isto não acontecer e haver necessidade de realização do segundo turno era de 95%.

Os cálculos do PollingData indicavam que, havendo segundo turno, Bolsonaro tinha 100% de probabilidade de estar nele. A probabilidade de Haddad chegar ao segundo turno era de 84%; a de Ciro ir à segunda rodada era de 14%; a de Marina era de 2% e a Geraldo Alckmin (PSDB) era de apenas 1%.

O PollingData usa o “modelo de agregação” como método de cálculo das probabilidades de vitória na eleição. Neste modelo, são levados em consideração os resultados de pesquisas eleitorais, dando pesos diferentes a elas de acordo com elementos como a margem de erro e a distância da data das eleições – quanto mais perto do pleito, maior o peso do levantamento no cálculo. Trata-se de um conjunto de médias ponderadas.

Neale Ahmed El-Dash, doutor em estatística pela USP (Universidade de São Paulo) e responsável pelo PollingData, afirmou ao Comprova que alimenta os cálculos com dados de pesquisas agregadas pelo site Poder360. O “<a target=""blank"" href=""https://www.poder360.com.br/pesquisas-de-opiniao/"" rel=""noopener noreferrer"">Agregador de Pesquisas</a>” do Poder360 reúne as pesquisas feitas por empresas  como Datafolha, Ibope, DataPoder360 e outros.

El-Dash frisa que o “modelo de agregação” não foi desenvolvido com a intenção de se fazer previsões. O modelo não tem como prever fatos que venham a mudar a história da campanha eleitoral e alterações no comportamento do eleitor.

Os posts enganosos foram replicados por apoiadores de Bolsonaro no Facebook e no Twitter. No Facebook, umas das postagens reproduzia o título equivocado do site “Notícias inFoco”: “Bolsonaro está com 61% dos votos e assusta oposição”. A postagem enganosa do site gerou 38 mil interações nesta rede social, de acordo com o Spike Newswhip, ferramenta de monitoramento.

O site Poder360 faz parte do projeto Comprova.",,"1970-01-01 00:00:00",archived-answer,https://projetocomprova.com.br/post/re_2b5w8xy2oo5z/,https://projetocomprova.com.br/wp-content/uploads/2018/09/278MH50QASbQYFbraRNV-2.png,278MH50QASbQYFbraRNV,,,,https://projetocomprova.com.br/wp-content/uploads/2018/09/278MH50QASbQYFbraRNV-2.png,,,,"a:3:{s:3:""loc"";s:84:""https://projetocomprova.com.br/wp-content/uploads/2018/09/278MH50QASbQYFbraRNV-2.png"";s:5:""title"";s:20:""278MH50QASbQYFbraRNV"";s:7:""caption"";s:0:"""";}|a:3:{s:3:""loc"";s:84:""https://projetocomprova.com.br/wp-content/uploads/2018/09/278MH50QASbQYFbraRNV-2.png"";s:5:""title"";s:20:""278MH50QASbQYFbraRNV"";s:7:""caption"";s:0:"""";}|a:3:{s:3:""loc"";s:84:""https://projetocomprova.com.br/wp-content/uploads/2018/09/278MH50QASbQYFbraRNV-2.png"";s:5:""title"";s:20:""278MH50QASbQYFbraRNV"";s:7:""caption"";s:0:"""";}",,,,,,,,,,,,,,,,publish,1,lunar_admin,oli@lunar.build,,,re_2b5w8xy2oo5z,,,0,0,0,closed,closed,"1970-01-01 00:00:00",uol|1506,sbt|nsc-comunicacao|afp|jornal-do-commercio|poder360|uol|exame,red,,,,,,,,,,,,,,,
3592,"Vídeo de 2015 foi editado para parecer manifestação de apoio a Bolsonaro na Esplanada dos Ministérios","É falso o vídeo publicado no Facebook pela página ""Bolsonaro Presidente Sudeste"" que alega que um milhão de pessoas fizeram um ""coro de arrepiar"" na Esplanada dos Ministérios em defesa de Jair Bolsonaro, candidato à Presidência pelo PSL. A <a target=""blank"" href=""https://www.youtube.com/watch?v=H3A0Sttbm7Q"" rel=""noopener noreferrer"">gravação original</a> foi publicada no YouTube em 15 de março de 2015 em um ato pelo impeachment da então presidente Dilma Rousseff (PT).

Para encontrar o conteúdo original, o Comprova fez uma análise do vídeo. Em uma cena da gravação, aparece <a target=""blank"" href=""https://static.poder360.com.br/2018/09/printcartaz.png"" rel=""noopener noreferrer"">uma pessoa com um cartaz escrito ""Fora Dilma""</a>, bastante difundido durante os protestos contra o segundo governo da petista, entre 2015 e 2016. 

A partir disso, foi realizada uma busca no Google Vídeos com as seguintes palavras-chaves: ""fora"" ""dilma"" ""manifestação"" ""brasília"". Na <a target=""blank"" href=""https://static.poder360.com.br/2018/09/print-google-pesquisa.png"" rel=""noopener noreferrer"">primeira página dessa busca</a> foi possível encontrar o vídeo em questão.

A gravação original foi publicada no YouTube por Mairon Oliveira, advogado e morador do Distrito Federal. Ao Comprova, ele confirmou a autoria do vídeo. ""Isso foi em 2015 na manifestação 'fora Dilma'. Não tem nada a ver com o Bolsonaro"", disse.

Além disso, de acordo com reportagem da <a target=""blank"" href=""https://www1.folha.uol.com.br/poder/2015/03/1603185-protestos-em-17-estados-pedem-de-impeachment-a-intervencao-militar.shtml"" rel=""noopener noreferrer"">Folha de S. Paulo</a>, publicada em 15 de março de 2015, a Polícia Militar do Distrito Federal estimou que a manifestação pelo impeachment reuniu 40 mil pessoas e não um milhão como diz a descrição do vídeo enganoso. Já os organizadores do protesto, na época, diziam que cerca de 100 mil foram à Esplanada dos Ministérios. 

O vídeo publicado pela Página ""Bolsonaro Presidente Sudeste"" foi compartilhado nessa segunda-feira, 17 de setembro, e alcançou mais de 66 mil compartilhamentos e 888  mil visualizações nas primeiras 24 horas.",,"1970-01-01 00:00:00",archived-answer,https://projetocomprova.com.br/post/re_2b5w8xnpmk9y/,https://projetocomprova.com.br/wp-content/uploads/2018/09/2gy4Juc2SjeEBjhvZ5Af-2.png,2gy4Juc2SjeEBjhvZ5Af,,,,https://projetocomprova.com.br/wp-content/uploads/2018/09/2gy4Juc2SjeEBjhvZ5Af-2.png,,,,"a:3:{s:3:""loc"";s:84:""https://projetocomprova.com.br/wp-content/uploads/2018/09/2gy4Juc2SjeEBjhvZ5Af-2.png"";s:5:""title"";s:20:""2gy4Juc2SjeEBjhvZ5Af"";s:7:""caption"";s:0:"""";}|a:3:{s:3:""loc"";s:84:""https://projetocomprova.com.br/wp-content/uploads/2018/09/2gy4Juc2SjeEBjhvZ5Af-2.png"";s:5:""title"";s:20:""2gy4Juc2SjeEBjhvZ5Af"";s:7:""caption"";s:0:"""";}|a:3:{s:3:""loc"";s:84:""https://projetocomprova.com.br/wp-content/uploads/2018/09/2gy4Juc2SjeEBjhvZ5Af-2.png"";s:5:""title"";s:20:""2gy4Juc2SjeEBjhvZ5Af"";s:7:""caption"";s:0:"""";}",,,,,,,,,,,,,,,,publish,1,lunar_admin,oli@lunar.build,,,re_2b5w8xnpmk9y,,,0,0,0,closed,closed,"1970-01-01 00:00:00",poder360,sbt|radio-bandeirantes|gauchazh|correio-do-povo|afp|uol|nsc-comunicacao|revista-piaui|poder360|jornal-do-commercio,red,,,,,,,,,,,,,,,
3594,"PT não aprovou “plano de dominação comunista” como sugere boato","Um boato antigo sobre um “plano de dominação comunista” que teria sido elaborado pelo PT voltou a circular no WhatsApp nos últimos dias. O texto enganoso diz que o partido publicou o tal plano em seu site e que agora, na eleição presidencial, “é Bolsonaro ou ditadura comunista petista”. Também afirma que espalhar a mensagem enganosa seria a “última chance de impedir que nosso país se torne uma nova Cuba”.

A mensagem lista diretrizes supostamente defendidas pelo PT, como a estatização da TV Globo e a anulação das sentenças do mensalão. No entanto, nenhuma delas é apresentada como posicionamento oficial no site da legenda. O link que acompanha o boato é um arquivo em formato PDF que reúne teses apresentadas por diferentes correntes petistas no congresso do partido realizado entre 11 e 13 de junho de 2015, em Salvador.

As afirmações do boato, quando existentes, foram citadas por alas diferentes da legenda. No entanto, elas não aparecem nas resoluções aprovadas naquele congresso, que foram registradas pelo partido no documento “<a target=""blank"" href=""http://www.pt.org.br/wp-content/uploads/2015/06/CARTA1-5.pdf"" rel=""noopener noreferrer"">Carta de Salvador e Resoluções do 5º Congresso</a>”. Ou seja, as propostas listadas no boato não avançaram. São apenas ideias mais radicais - e às vezes deturpadas pelo boato - de correntes petistas não-hegemônicas.

O boato diz, por exemplo, que o PT quer a “estatização da Rede Globo e de todas emissoras religiosas”. Trata-se, porém, de uma tese da chapa Virar à Esquerda! Reatar com o Socialismo!, da Esquerda Marxista. A proposição faz parte de um documento chamado “<a target=""blank"" href=""https://web.archive.org/web/20170210180214/http://www.marxismo.org.br/printpdf/1308"" rel=""noopener noreferrer"">Carta Aberta ao companheiro Lula, à Presidente Dilma Rousseff e ao Diretório Nacional do PT</a>”, escrito no final de 2014. No congresso de 2015, a própria corrente marxista admite que o partido tomou um caminho diferente do proposto na carta.

A suposta proposição de dar “imunidade aos movimentos como MST e MTST, que poderão agir sem serem presos” sequer é mencionada no documento de teses do Congresso do PT. A única vez em que os movimentos são citados é na sentença “constituir um governo apoiado nas organizações populares, na CUT, no MST, entre outras”, proposta da carta aberta da Esquerda Marxista citada acima, mas não na Carta de Salvador.

O boato também diz que o PT defende a “anulação das sentenças do Mensalão” e o “impeachment dos Ministros do STJ que foram a favor da condenação do Mensalão”. A chapa Diálogo e Ação Petista pediu a “anulação da Ação Penal 470” — processo criminal aberto no Supremo Tribunal Federal (STF) contra os 40 denunciados no escândalo do Mensalão. Já a Esquerda Marxista sugeriu o “impeachment dos ministros do STF que votaram na farsa da AP 470, a liberdade imediata e anulação da sentença dos dirigentes do PT”. Nenhuma das diretrizes foi aprovada pelo partido. Nas resoluções petistas, o PT concorda em lutar contra a corrupção, aprofundando “a participação e o controle social da gestão do Estado.”

A proposta de “cancelar todas as privatizações do Brasil, assim como a Bolívia fez no passado” foi feita pelas chapas Diálogo e Ação Petista e Virar à Esquerda! Reatar com o Socialismo!. No entanto, não há qualquer menção à Bolívia nesse sentido. No documento final aprovado pelo PT, o partido afirma ser contrário a privatizações, mas não fala em cancelamentos.

Quanto à afirmação de que o PT defende a “cassação do mandato de Jair Bolsonaro”, trata-se uma posição citada pela tendência Articulação de Esquerda. O grupo disse na ocasião que, num Congresso conservador e então presidido por Eduardo Cunha (MDB), temas como a reforma política, a “lei da mídia democrática”, a punição dos crimes da ditadura militar, o combate à corrupção e “mesmo a cassação do deputado Jair Bolsonaro” só terão chance de avançar caso haja pressão social. Como nos casos anteriores, o relatório final do PT não contém esta proposta.

O boato diz que o PT quer o “fim do financiamento público a qualquer mídia que seja contrária ao partido”. O que a corrente Esquerda Marxista pediu foi o “fim imediato do financiamento público a toda a imprensa burguesa (jornais e revistas) feitos através dos anúncios de publicidade estatais”, sugestão descartada pelo partido.

O texto enganoso alega que o PT defende o “calote da dívida interna e externa”, proposta feita somente pela chapa Virar à Esquerda! Reatar Com o Socialismo. A corrente sugeriu o envio ao Congresso de uma lei orçamentária que acabasse com o pagamento das dívidas interna e externa para usar o dinheiro com “Transporte, Saúde e Educação, públicos e gratuitos para todos, uma política para elevar o Salário Mínimo ao piso constitucional (DIEESE), reduzir a jornada para 40 horas sem redução de salários.” Mas, assim como as outras medidas citadas no boato, a proposição não foi aprovada como resolução do partido.

A última afirmação do boato, de que o PT pretende declarar “o Brasil é o fiador dos países comunistas da América”, está completamente deturpada. O que há, na verdade, é um parágrafo da chapa Partido Para Todos e na Luta, na tese “O Tempo Não Para”, dizendo que a reeleição de Dilma em 2014 foi “a grande vitória das possibilidades democráticas e populares no Brasil e no mundo” e que o Brasil é fiador de “um importante processo político e econômico em curso no mundo”, cuja derrota seria prejudicial à esquerda na América Latina. Nada relacionado a comunismo. Nas resoluções finais do encontro petista, não há nenhuma diretriz sobre o assunto.

O jornal “<a target=""blank"" href=""https://politica.estadao.com.br/blogs/estadao-verifica/boato-circula-com-falso-plano-de-dominacao-comunista-do-pt/"" rel=""noopener noreferrer"">O Estado de S.Paulo</a>” já verificou este boato anteriormente.",,"1970-01-01 00:00:00",archived-answer,https://projetocomprova.com.br/post/re_2b5w8xyegn7b/,https://projetocomprova.com.br/wp-content/uploads/2018/09/DoPPEdwJSI61qsgZ5Ydn-2.png,DoPPEdwJSI61qsgZ5Ydn,,,,https://projetocomprova.com.br/wp-content/uploads/2018/09/DoPPEdwJSI61qsgZ5Ydn-2.png,,,,"a:3:{s:3:""loc"";s:84:""https://projetocomprova.com.br/wp-content/uploads/2018/09/DoPPEdwJSI61qsgZ5Ydn-2.png"";s:5:""title"";s:20:""DoPPEdwJSI61qsgZ5Ydn"";s:7:""caption"";s:0:"""";}|a:3:{s:3:""loc"";s:84:""https://projetocomprova.com.br/wp-content/uploads/2018/09/DoPPEdwJSI61qsgZ5Ydn-2.png"";s:5:""title"";s:20:""DoPPEdwJSI61qsgZ5Ydn"";s:7:""caption"";s:0:"""";}|a:3:{s:3:""loc"";s:84:""https://projetocomprova.com.br/wp-content/uploads/2018/09/DoPPEdwJSI61qsgZ5Ydn-2.png"";s:5:""title"";s:20:""DoPPEdwJSI61qsgZ5Ydn"";s:7:""caption"";s:0:"""";}",,,,,,,,,,,,,,,,publish,1,lunar_admin,oli@lunar.build,,,re_2b5w8xyegn7b,,,0,0,0,closed,closed,"1970-01-01 00:00:00",uol|estadao,sbt|correio-do-povo|jornal-do-commercio|poder360|nsc-comunicacao|uol,red,,,,,,,,,,,,,,,
3596,"Meme mistura frases ditas por Ciro Gomes com outras sem registro ou fora de contexto","Um meme com frases atribuídas ao candidato Ciro Gomes (PDT), e que está circulando nas redes sociais, é enganoso. O Comprova procurou por todas as seis declarações atribuídas ao presidenciável e verificou que a maioria delas foi modificada ou está fora de contexto. Uma delas é um rumor, sobre o qual não há registro em áudio ou vídeo.

O meme traz as seguintes afirmações: “Holiday, por ser negro, é um capitãozinho do mato”; “Papel da minha mulher é dormir comigo”; “Dória é um viadinho com areia no cú (sic)”; “Vou receber a turma do Sérgio Moro na bala”; “A Venezuela é um exemplo de democracia”; e “Vou acabar com a ilusão moralista católica”. A peça ainda afirma que todas as frases são de Ciro Gomes. 

A declaração de Ciro sobre Fernando Holiday, vereador de São Paulo pelo DEM e integrante do MBL, está fora de contexto e frase foi modificada no meme. “Imagina, esse Fernando Holiday aqui. O capitãozinho do mato, porque é a pior coisa que tem é um negro que é usado pelo preconceito para estigmatizar, que era o capitão do mato do passado”, declarou no dia 18 de junho deste ano em uma <a target=""blank"" href=""https://www1.folha.uol.com.br/poder/2018/06/ciro-gomes-chama-vereador-fernando-holiday-de-capitaozinho-do-mato.shtml"" rel=""noopener noreferrer"">entrevista à rádio Jovem Pan</a>. Após a declaração, Holiday anunciou que <a target=""blank"" href=""https://congressoemfoco.uol.com.br/especial/noticias/fernando-holiday-anuncia-processo-contra-ciro-apos-ser-chamado-de-capitaozinho-do-mato/"" rel=""noopener noreferrer"">processaria</a> Ciro Gomes e o Ministério Público pediu <a target=""blank"" href=""https://veja.abril.com.br/politica/mp-pede-investigacao-por-injuria-racial-de-ciro-a-holiday/"" rel=""noopener noreferrer"">investigação do caso por injúria racial</a>.

Em relação à declaração sobre o papel de sua mulher, a frase é verdadeira, mas declarada há 16 anos. Em 20 de agosto de 2002, Ciro Gomes, então candidato à presidência, foi questionado sobre qual o papel de sua esposa na campanha - na época, ele era casado com a atriz Patrícia Pillar. “A minha companheira tem um dos papéis mais importantes, que é dormir comigo. Dormir comigo é um papel fundamental”, <a target=""blank"" href=""https://www1.folha.uol.com.br/fsp/brasil/fc3108200217.htm"" rel=""noopener noreferrer"">afirmou</a>. Em março de 2018, ele foi novamente questionado sobre a frase <a target=""blank"" href=""https://www.youtube.com/watch?v=q81R7brFO_w"" rel=""noopener noreferrer"">em entrevista ao Metrópoles</a>. Ciro alega que foi uma grande brincadeira e que a afirmação foi retirada de contexto, mas pondera que foi uma bobagem dita por ele pela qual já se desculpou.

A frase menos documentada é a suposta declaração sobre o ex-prefeito de São Paulo e candidato ao governo daquele estado, João Doria (PSDB). Em 27 de abril de 2017, Ciro Gomes esteve em um evento da USP e teria respondido a uma pergunta provocativa de estudantes da faculdade de Direito dizendo que Doria seria “um viado com areia no cu”. O <a target=blank href=""https://www1.folha.uol.com.br/colunas/monicabergamo/2017/04/1879554-alunos-da-usp-acusam-ciro-de-homofobia-ao-falar-de-doria.shtml"" rel=""noopener noreferrer"">fato foi relatado na coluna de Mônica Bergamo</a>, na Folha de S.Paulo. A coluna esteve no mesmo evento e ouviu Gomes proferir um dos palavrões, porém, não ouviu a frase completa atribuída a ele. Não há gravações em áudio ou vídeo da declaração, que é negada por Ciro. Em participação no <a target=""blank"" href=""https://www.youtube.com/watch?v=bY9MRIhGWvM"" rel=""noopener noreferrer"">programa Pânico</a>, da Jovem Pan, em 9 de agosto de 2017, ele nega que tenha falado com os estudantes.

Ciro Gomes realmente falou a polêmica frase sobre o juiz Sergio Moro. Em <a target=""blank"" href=""https://youtu.be/JmSFrGIh1f0?t=29m5s"" rel=""noopener noreferrer"">entrevista ao jornalista Luis Nassif</a>, o pedetista criticava a operação Lava Jato e <a target=""blank"" href=""https://www.gazetadopovo.com.br/vida-publica/ciro-gomes-diz-que-se-moro-tentar-prende-lo-recebera-turma-do-juiz-na-bala-bziwl2xyvbdjerivgffvf7tlz/"" rel=""noopener noreferrer"">rememorava o caso do blogueiro Eduardo Guimarães</a>, do Blog da Cidadania, que foi alvo de mandados de busca e apreensão e condução coercitiva. “Hoje esse Moro resolveu prender um blogueiro. Ele que mande me prender, eu recebo a turma dele na bala… se eu não tiver cometido nada errado”, declarou.

A frase sobre a Venezuela está fora de contexto, e também foi modificada ao ser inserida no meme. Em entrevista à rádio Jovem Pan, Ciro Gomes <a target=""blank"" href=""https://youtu.be/nORmpdO8Bpo?t=56m20s"" rel=""noopener noreferrer"">foi questionado sobre a relação do Brasil com os países bolivarianos</a> e se ele achava que a Venezuela é uma democracia. “A Venezuela é uma democracia tão democrática quanto a brasileira e a americana”, respondeu. Na sequência, ele ponderou que não defende o regime de Nicolás Maduro.

A última declaração atribuída a Ciro Gomes também é verdadeira. Em 14 de maio de 2017, ele participou de um debate em Oxford, e, depois de falar sobre o escândalo de corrupção da Petrobras e em grandes empresas, como a Volkswagen, <a target=""blank"" href=""https://youtu.be/GaCmhZT6Cvk?t=1h24m20s"" rel=""noopener noreferrer"">foi questionado se queria a estatização de empresas</a>. “Não, eu não quero estatização nenhuma. Eu quero controle social e o fim da ilusão moralista católica, o fim da ilusão. A humanidade precisa de controle. Não adianta alguém imaginar que um anjo vingador vai descer do céu, estalar o chicote e resolver o problema nacional brasileiro""

O meme foi publicado no Facebook pela página Marx da Depressão em 4 de setembro e já teve 2,6 mil reações e 27 mil compartilhamentos. O mesmo meme está sendo replicado no Twitter.
",,"1970-01-01 00:00:00",archived-answer,https://projetocomprova.com.br/post/re_2b5w8xn38zzy/,https://projetocomprova.com.br/wp-content/uploads/2018/09/i3pgiHAKSs6I0kqsi4n6-2.png,i3pgiHAKSs6I0kqsi4n6,,,,https://projetocomprova.com.br/wp-content/uploads/2018/09/i3pgiHAKSs6I0kqsi4n6-2.png,,,,"a:3:{s:3:""loc"";s:84:""https://projetocomprova.com.br/wp-content/uploads/2018/09/i3pgiHAKSs6I0kqsi4n6-2.png"";s:5:""title"";s:20:""i3pgiHAKSs6I0kqsi4n6"";s:7:""caption"";s:0:"""";}|a:3:{s:3:""loc"";s:84:""https://projetocomprova.com.br/wp-content/uploads/2018/09/i3pgiHAKSs6I0kqsi4n6-2.png"";s:5:""title"";s:20:""i3pgiHAKSs6I0kqsi4n6"";s:7:""caption"";s:0:"""";}|a:3:{s:3:""loc"";s:84:""https://projetocomprova.com.br/wp-content/uploads/2018/09/i3pgiHAKSs6I0kqsi4n6-2.png"";s:5:""title"";s:20:""i3pgiHAKSs6I0kqsi4n6"";s:7:""caption"";s:0:"""";}",,,,,,,,,,,,,,,,publish,1,lunar_admin,oli@lunar.build,,,re_2b5w8xn38zzy,,,0,0,0,closed,closed,"1970-01-01 00:00:00",,sbt|nsc-comunicacao|correio-do-povo|jornal-do-commercio|gauchazh|uol|poder360,"black and white",,,,,,,,,,,,,,,
3598,"Padre Marcelo Rossi não divulgou áudio com apoio a Bolsonaro","É falsa a informação de que o padre Marcelo Rossi apoia o candidato à Presidência pelo PSL, Jair Bolsonaro. Um áudio atribuído ao religioso que circula no WhatsApp e no YouTube diz que o candidato do PSL é “pró-família, pró-Deus e pró-valores”. “E quando vejo quem são os inimigos do Bolsonaro, eu falo ‘eu to escolhendo o cara certo para votar’”, diz o homem em trecho final do áudio. O padre Marcelo Rossi negou que a voz na gravação seja dele.

No WhatsApp, uma corrente com o áudio é compartilhada seguida de um texto que chama Marcelo Rossi de porta-voz da igreja. 

O Comprova localizou versões do áudio que variam de 9 a 18 minutos — é possível ouvir aplausos em determinados momentos. A informação falsa da peça está no texto que acompanha o áudio, atribuindo o discurso a Marcelo Rossi. Em nenhum momento do áudio viral o dono da voz, também vítima da informação falsa, diz seu nome.    

Na sexta-feira, 14 de setembro, o áudio foi publicado no canal de Bolsonaro no YouTube sendo atribuído a Marcelo Rossi. No Twitter, Carlos, um dos filhos do presidenciável, compartilhou o vídeo. “Padre Marcelo Rossi faz uma interessante reflexão da atual conjuntura política e social do Brasil e expõe porque Bolsonaro é importante neste cenário”, escreveu Carlos. 

Após ser alertado por seguidores que disseram não se tratar nem da posição de Marcelo Rossi nem da voz do religiosos, Carlos apagou o tuíte. O vídeo também foi apagado da página do YouTube de seu pai. 

Nas <a target=""blank"" href=""https://www.facebook.com/padremarcelorossi/videos/1878750648878283/"" rel=""noopener noreferrer"">suas redes sociais</a>, Marcelo Rossi pediu ajuda aos seus seguidores para encontrar o responsável por criar o boato. “Um áudio que está viralizando no WhatsApp, e eu nem tenho WhatsApp, com a minha voz falando sobre política, falando absurdos. Além de ser uma notícia mentirosa, eu jamais me meto em política, vocês me conhecem”, disse o sacerdote. 

“Além do que não é a minha voz. Infelizmente foi viralizado. Eu não me meto em política. A minha função é orar pelo Brasil”, completa. 

Em comentários nas redes sociais, internautas afirmaram que o autor da voz é Rinaldo Seixas Pereira, o Apóstolo Rina, da igreja Bola de Neve, que não faz imitações de Marcelo Rossi e que seria tão vítima do boato falso quanto Marcelo Rossi. O Comprova tentou contato com Rina pelo telefone da igreja, sem sucesso. Até a publicação deste texto, Rina também não tinha respondido às solicitações feitas por e-mail pelo Comprova.

O site <a target=""blank"" href=""https://aosfatos.org/noticias/padre-marcelo-rossi-nao-declarou-apoio-bolsonaro-audio-e-falso/"" rel=""noopener noreferrer"">Aos Fatos</a> também fez a verificação deste boato.
",,"1970-01-01 00:00:00",archived-answer,https://projetocomprova.com.br/post/re_2b5w8xnj5qjb/,https://projetocomprova.com.br/wp-content/uploads/2018/09/i8NUZiCnS1iIqWay0vET-2.png,i8NUZiCnS1iIqWay0vET,,,,https://projetocomprova.com.br/wp-content/uploads/2018/09/i8NUZiCnS1iIqWay0vET-2.png,,,,"a:3:{s:3:""loc"";s:84:""https://projetocomprova.com.br/wp-content/uploads/2018/09/i8NUZiCnS1iIqWay0vET-2.png"";s:5:""title"";s:20:""i8NUZiCnS1iIqWay0vET"";s:7:""caption"";s:0:"""";}|a:3:{s:3:""loc"";s:84:""https://projetocomprova.com.br/wp-content/uploads/2018/09/i8NUZiCnS1iIqWay0vET-2.png"";s:5:""title"";s:20:""i8NUZiCnS1iIqWay0vET"";s:7:""caption"";s:0:"""";}|a:3:{s:3:""loc"";s:84:""https://projetocomprova.com.br/wp-content/uploads/2018/09/i8NUZiCnS1iIqWay0vET-2.png"";s:5:""title"";s:20:""i8NUZiCnS1iIqWay0vET"";s:7:""caption"";s:0:"""";}",,,,,,,,,,,,,,,,publish,1,lunar_admin,oli@lunar.build,,,re_2b5w8xnj5qjb,,,0,0,0,closed,closed,"1970-01-01 00:00:00",folha-de-s-paulo,jornal-do-commercio|poder360|radio-bandeirantes|sbt|nsc-comunicacao|gauchazh|uol|revista-piaui,red,,,,,,,,,,,,,,,
3600,"Grupo de Facebook ""Mulheres unidas contra Bolsonaro"" é recente e foi criado já com esse nome","Circula nas redes sociais a informação de que o grupo “<a target=""blank"" href=""https://www.facebook.com/groups/499414607198716/"" rel=""noopener noreferrer"">Mulheres Unidas Contra Bolsonaro</a>”, do Facebook, teve número de seguidoras inflado artificialmente por meio de uma artimanha: o grupo seria originariamente um grupo de humor, e que depois teria trocado de nome para se transmutar numa campanha contra Bolsonaro, mantendo os seguidores. Essa informação é falsa.

Os boatos variam: uns afirmam que o grupo de humor seria pertencente à página “<a target=""blank"" href=""https://www.facebook.com/groups/GrupoDaGina2/"" rel=""noopener noreferrer"">Gina Indelicada</a>” (exclusivamente feminino, com 800 mil inscritas), outros que seria da “Gina Sincera”. Porém, o Facebook registra que o “Mulheres Unidas Contra Bolsonaro” foi criado no dia 30 de agosto de 2018 - e a data da criação de um grupo, de acordo com a rede social, não pode ser modificada. A empresa também confirma que o grupo “Mulheres Unidas Contra Bolsonaro” nunca mudou de nome nesse período.

Entre os argumentos dos que defendem que o grupo foi “comprado”, está a discrepância entre o número de membros que o Facebook exibe quando se faz uma busca pelo grupo e quando se consulta os inscritos dentro dele (1,8 milhão x 1 milhão, uma diferença de 800 mil perfis). De acordo com os acusadores, esse seria o número de pessoas que saíram do grupo quando perceberam a mudança de nome.

Consultado pelo <a target=""blank"" href=""https://www.buzzfeed.com/tatianafarah/grupo-anti-bolsonaro-reune-mais-de-1-milhao-de-mulheres-mas"" rel=""noopener noreferrer"">site Buzzfeed</a>, o Facebook explicou que “essa discrepância [entre o que aparece quando se busca o grupo e quando se está dentro dele] acontece porque o número visível dentro do grupo, que é fechado, inclui pessoas que foram convidadas mas ainda não responderam ou não tiveram seu nome analisado pelas administradoras.”

Segundo <a target=""blank"" href=""https://www.hojeemdia.com.br/primeiro-plano/grupo-feminino-contra-bolsonaro-no-facebook-%C3%A9-alvo-de-cr%C3%ADticas-1.655661"" rel=""noopener noreferrer"">o site Hoje em Dia</a>, o criador do personagem Gina Indelicada, Henrique Lopes, afirmou que a informação da venda do grupo é falsa. “Segundo ele, todos os grupos da Gina, incluindo os antigos, permanecem inalterados e podem ser acessados pelos usuários”.

Diversas contas no Twitter e no Facebook estão espalhando a informação falsa. Entre as mais viralizadas, está um tweet do perfil @Anacgraf2 que na tarde do dia 14 de setembro já contava com mais de 2,8 mil curtidas e 1,2 mil retweets, enquanto um post no Facebook da página “Eu sou mais Brasil” já passava dos 18 mil compartilhamentos. Na peça que a página botou em circulação, há também a informação de que Bolsonaro “é líder absoluto entre as mulheres que gostam de depilar as axilas"", frase sem sustentação, pois esse critério específico não é avaliado durante as consultas. Na pesquisa Ibope divulgada na segunda-feira, o candidato do PSL apresentou um aumento na preferência entre o voto feminino, mas em contrapartida continua sendo a opção mais rejeitada entre as mulheres. 

Além do Hoje em Dia e do Buzzfeed, essa alegação também foi alvo do <a target=""blank"" href=""https://catracalivre.com.br/cidadania/gina-indelicada-usada-para-mentir-sobre-mulheres-contra-bolsonaro/"" rel=""noopener noreferrer"">Catraca Livre</a> e do <a target=""blank"" href=""https://catracalivre.com.br/cidadania/gina-indelicada-usada-para-mentir-sobre-mulheres-contra-bolsonaro/"" rel=""noopener noreferrer"">e-Farsas</a>. 

<b>Atualização</b>
O grupo foi hackeado e o seu nome foi alterado na noite de sábado, 15 de setembro, como relata o site <a target=""blank"" href=""https://gauchazh.clicrbs.com.br/politica/eleicoes/noticia/2018/09/grupo-no-facebook-mulheres-unidas-contra-bolsonaro-e-hackeado-afirmam-integrantes-cjm4smxwu03ot01pxorp4eglr.html"" rel=""noopener noreferrer"">GaúchaZH</a>.",,"1970-01-01 00:00:00",archived-answer,https://projetocomprova.com.br/post/re_2b5w8xn38wvy/,https://projetocomprova.com.br/wp-content/uploads/2018/09/0HIkiafQgK9bcui4fJhg-2.png,0HIkiafQgK9bcui4fJhg,,,,https://projetocomprova.com.br/wp-content/uploads/2018/09/0HIkiafQgK9bcui4fJhg-2.png,,,,"a:3:{s:3:""loc"";s:84:""https://projetocomprova.com.br/wp-content/uploads/2018/09/0HIkiafQgK9bcui4fJhg-2.png"";s:5:""title"";s:20:""0HIkiafQgK9bcui4fJhg"";s:7:""caption"";s:0:"""";}|a:3:{s:3:""loc"";s:84:""https://projetocomprova.com.br/wp-content/uploads/2018/09/0HIkiafQgK9bcui4fJhg-2.png"";s:5:""title"";s:20:""0HIkiafQgK9bcui4fJhg"";s:7:""caption"";s:0:"""";}|a:3:{s:3:""loc"";s:84:""https://projetocomprova.com.br/wp-content/uploads/2018/09/0HIkiafQgK9bcui4fJhg-2.png"";s:5:""title"";s:20:""0HIkiafQgK9bcui4fJhg"";s:7:""caption"";s:0:"""";}",,,,,,,,,,,,,,,,publish,1,lunar_admin,oli@lunar.build,,,re_2b5w8xn38wvy,,,0,0,0,closed,closed,"1970-01-01 00:00:00",jornal-do-commercio,poder360|sbt|nsc-comunicacao|gauchazh|jornal-do-commercio|uol|revista-piaui,red,,,,,,,,,,,,,,,
3602,"Adélio esteve na Câmara em 2013 mas ainda não se sabe se visitou deputados do PSOL","O homem que feriu o candidato à presidência Jair Bolsonaro (PSL) com uma faca, Adélio Bispo de Oliveira, esteve na Câmara dos Deputados em 2013, mas não é possível afirmar que ele visitou ou foi ao gabinete de algum dos deputados do PSOL como afirmam um site e páginas e perfis em redes sociais. 

O site Jornal da Cidade publicou a foto dos três deputados do PSOL na legislatura passada – Ivan Valente, Chico Alencar e Jean Willys – e afirmou que um deles teria recebido Adélio. O site faz uma ilação baseada em duas informações corretas: Adélio esteve na Câmara e era filiado ao PSOL na época. Mas ainda não há qualquer evidência de que o agressor de Bolsonaro tenha se encontrado com algum dos três parlamentares do partido. 

A informação da ida de Adélio à Câmara foi divulgada inicialmente pelo deputado Fernando Fancischini (PSL-PR) e ganhou destaque a partir de publicações no Twitter, no Facebook e em sites e mensagens de WhatsApp. Porém, ninguém soube afirmar, até agora, qual foi o gabinete supostamente visitado por Adélio – o Comprova questionou o PSOL, partido ao qual o agressor era filiado à época, Francischini e a Câmara. 

A visita de Adélio foi confirmada pela assessoria de imprensa da Câmara. “Há registros de que, no dia 6 de agosto de 2013, Adélio Bispo de Oliveira ingressou na Câmara dos Deputados, por duas vezes, pela portaria do Anexo IV. O registro é feito no Sistema de Identificação de Visitantes”, informou, em nota, o departamento. No prédio do Anexo IV está localizada a maioria dos gabinetes dos deputados federais, um restaurante panorâmico e uma capela ecumênica projetada por Oscar Niemeyer. 

A Câmara também afirmou que não há informações no sistema “sobre o destino do visitante”, nem como “saber o local ao qual ele se dirigiu” porque “as imagens captadas pelo Circuito Fechado de Televisão (CFTV) ficam armazenadas somente por determinado período”. Essa nota é assinada pelo diretor do Departamento de Polícia Legislativa da Câmara, Paul Pierre Deeter.

Adélio foi filiado ao PSOL entre 2007 e 2014. A liderança do partido na Câmara alegou que “a Câmara dos Deputados recebe cerca de 580 mil visitantes por ano, 44 mil por mês (...) e que “não é possível verificar se a pessoa citada no texto esteve no gabinete de algum deputado do PSOL ou de qualquer outra legenda”. 

A informação de que Adélio esteve na Casa foi divulgada por Francischini, que em nenhum momento afirmou saber o motivo da visita. “Francischini protocolou requerimento de informações ao presidente da Câmara, Rodrigo Maia, a fim de obter detalhes da visita do agressor, assim como imagens. O deputado também encaminhou as informações à Polícia Federal, que investiga o atentado. 

No dia da visita de Adélio, a Câmara teve duas sessões em plenário – uma não deliberativa –, encontros de comissões, como Orçamento, Legislação Participativa e Cultura, e uma discussão sobre a reforma do ensino médio. Na data, também ocorreu uma reunião do presidente da Casa à época, Henrique Alves (MDB-RN) com movimentos que pediam o fim dos autos de resistência. Nas fotos divulgadas pela Casa naquele dia, não é possível localizar Adélio.",,"1970-01-01 00:00:00",archived-answer,https://projetocomprova.com.br/post/re_2b5w8xnkvemb/,https://projetocomprova.com.br/wp-content/uploads/2018/09/HjYV9v33QAqro7q3623o-2.png,HjYV9v33QAqro7q3623o,,,,https://projetocomprova.com.br/wp-content/uploads/2018/09/HjYV9v33QAqro7q3623o-2.png,,,,"a:3:{s:3:""loc"";s:84:""https://projetocomprova.com.br/wp-content/uploads/2018/09/HjYV9v33QAqro7q3623o-2.png"";s:5:""title"";s:20:""HjYV9v33QAqro7q3623o"";s:7:""caption"";s:0:"""";}|a:3:{s:3:""loc"";s:84:""https://projetocomprova.com.br/wp-content/uploads/2018/09/HjYV9v33QAqro7q3623o-2.png"";s:5:""title"";s:20:""HjYV9v33QAqro7q3623o"";s:7:""caption"";s:0:"""";}|a:3:{s:3:""loc"";s:84:""https://projetocomprova.com.br/wp-content/uploads/2018/09/HjYV9v33QAqro7q3623o-2.png"";s:5:""title"";s:20:""HjYV9v33QAqro7q3623o"";s:7:""caption"";s:0:"""";}",,,,,,,,,,,,,,,,publish,1,lunar_admin,oli@lunar.build,,,re_2b5w8xnkvemb,,,0,0,0,closed,closed,"1970-01-01 00:00:00",gauchazh,poder360|sbt|nsc-comunicacao|jornal-do-commercio|revista-piaui|gauchazh,"black and white",,,,,,,,,,,,,,,
3604,"Códigos de urnas eletrônicas não foram entregues a venezuelanos","É falsa a informação que circula em redes sociais de que o Tribunal Superior Eleitoral (TSE) “entregou códigos de segurança das urnas eletrônicas para venezuelanos”, como divulgado inicialmente pelo site Jornal da Cidade. De acordo com o texto enganoso, uma empresa estrangeira, com os tais códigos, poderia gerar votos falsos e fazer com que eles passassem como verdadeiros, fraudando as eleições brasileiras.

Segundo o texto publicado no site, a entrega dos códigos teria sido feita a uma empresa comandada por venezuelanos, vencedora do edital da licitação nº 106/2017. Entretanto, a licitação mencionada no texto não previa entrega de códigos da urna e nem chegou a ser concluída, pois as duas únicas empresas interessadas foram <a href=""http://www.tse.jus.br/imprensa/noticias-tse/2018/Marco/tse-abre-nova-licitacao-para-aquisicao-de-conjuntos-de-impressao-de-votos"" target=""blank"" rel=""noopener noreferrer"">desclassificadas</a>.

O Comprova verificou que o edital 106, de 2017, foi aberto para a compra de módulos impressores para as urnas eletrônicas. A primeira empresa vencedora foi a Smartmatic. Fundada em 2000, de <a href=""http://www.smartmatic.com/pt/sobre-nos/nossa-historia/"" target=""blank"" rel=""noopener noreferrer"">acordo com seu site</a>, nos Estados Unidos, <a href=""https://www.nytimes.com/2006/10/31/us/politics/31vote.html"" target=""blank"" rel=""noopener noreferrer"">por venezuelanos</a>, ela atuou em eleições venezuelanas por mais de dez anos, razão pela qual costuma ser associada ao governo daquele país. Em 2017, envolveu-se em uma <a href=""https://www1.folha.uol.com.br/mundo/2018/03/fabricante-de-urnas-eletronicas-e-sistemas-de-apuracao-deixa-venezuela.shtml?loggedpaywall"" target=""blank"" rel=""noopener noreferrer"">confusão na Venezuela</a> ao acusar o Conselho Nacional Eleitoral de fraude nas eleições para a Assembleia Constituinte. Este ano, fechou seus escritórios venezuelanos. A Smartmatic foi reprovada no teste técnico do TSE, realizado em fevereiro deste ano. Segundo a comissão de assessoramento da Corte, os QRs impressos pela empresa foram lidos corretamente, mas as medidas não atenderam às exigências. A organização foi, portanto, desclassificada.

A segunda empresa vencedora do edital e posteriormente desclassificada, foi a TSC Pontual. O motivo, segundo o TSE, foi que a proposta apresentada tinha um valor considerado alto. Convocada para reconsiderar o montante, a TSC Pontual manteve o mesmo número e acabou reprovada.

Este ano foi aberto um <a href=""http://www.justicaeleitoral.jus.br/arquivos/voto-impresso-edital-de-licitacao-tse-no-16-2018"" target=""blank"" rel=""noopener noreferrer"">outro edital</a> com o mesmo intuito, o 16/2018, cuja empresa vencedora foi a CIS Eletrônica da Amazônica. Registrada em Manaus, não há indícios de que ela tenha qualquer relação com a Venezuela.

O edital de 2018, porém, foi revogado por causa da decisão do TSE de suspender a implementação do voto impresso, após a Procuradoria-Geral da República mover uma Ação Direta de Inconstitucionalidade contra um trecho da minirreforma eleitoral feita pelo Congresso, em 2015.

Os dois editais, ao contrário do que diz o texto, não envolvem os códigos-fonte das urnas, e sim códigos para o funcionamento das impressoras. Segundo informou o TSE em nota, “a Justiça Eleitoral nunca entregou códigos-fonte da urna eletrônica para qualquer empresa privada, seja estrangeira ou nacional”.

“Esse dado pode ser comprovado no Edital nº 106/2017, cujo objeto é a contratação de módulos impressores para a urna eletrônica. Em momento algum do documento está prevista a entrega dos códigos das urnas, especialmente os módulos criptográficos, que são os responsáveis por garantir a identidade e a segurança do processo eleitoral”, diz trecho da nota.

Ainda de acordo com o TSE, o edital de 2017 previa apenas o fornecimento de parte do Sistema Operacional Linux, um sistema de código aberto e de conhecimento público, que no caso da Justiça Eleitoral foi adequado para funcionamento específico nas urnas eletrônicas.

Parte das alegações do texto enganoso do Jornal da Cidade Online são atribuídas ao professor de Ciências da Computação da UnB Pedro de Rezende. As afirmações dele, no entanto, foram descontextualizadas.

O especialista <a href=""http://legis.senado.leg.br/comissoes/reuniao?reuniao=7211&amp;codcol=34"" target=""blank"" rel=""noopener noreferrer"">participou de audiência pública</a> realizada no Senado, em 6 de março de 2018, para discutir a segurança do sistema de votação eletrônica no Brasil. Conforme os <a href=""http://legis.senado.leg.br/escriba-servicosweb/reuniao/pdf/7211"" target=""blank"" rel=""noopener noreferrer"">registros oficiais</a>, Rezende, na verdade, lia aos parlamentares um pedido do Comitê Multidisciplinar Independente (CMind) para a suspensão da licitação 106/2017, do TSE.

O CMind reúne especialistas em votação eletrônica e havia apresentado sete petições para suspender a licitação. Na opinião do grupo, ela poderia resultar no compartilhamento de ""informações confidenciais, sensíveis à segurança do processo de votação, entre a empresa estrangeira e o TSE"".

Para a agência Aos Fatos, Rezende disse que a informação de que os dados das urnas foram enviados a empresas estrangeiras é falsa. Para ele, o correto é dizer que, se a licitação tivesse sido confirmada, ""poderiam ser entregues dados sensíveis do sistema de segurança do processo de votação"".

Publicado às 21:22 dessa segunda-feira, 17 de setembro, o texto publicado no Jornal da Cidade Online sofreu atualizações cujos horários não foram informados. Entre outras mudanças, primeiro, a redação incluiu a palavra “quase” no título. Depois, o título do texto passou a atribuir informação a professor da UnB.

No Facebook, posts com o link para o texto do Jornal da Cidade Online, até a noite desta quarta-feira, 19, receberam mais de 208 mil interações. Foram publicados em páginas como Brasil Conversador, Canal da Direita e Queremos Bolsonaro Presidente. No Twitter, foram outras 6,9 mil curtidas e retuítes. Nesta rede social, o boato foi impulsionado principalmente após o vereador Carlos Bolsonaro, filho do presidenciável Jair Bolsonaro, publicá-lo em seu perfil, na terça-feira.

A informação sobre a suposta entrega de códigos da urna aos estrangeiros já foi desmentida por <a href=""https://aosfatos.org/noticias/tse-nao-entregou-codigos-de-seguranca-das-urnas-venezuelanos-licitacao-citada-sequer-ocorreu/"" target=""blank"" rel=""noopener noreferrer"">Aos Fatos</a>, <a href=""https://piaui.folha.uol.com.br/lupa/2018/09/18/verificamos-tse-codigos-urnas-venezuela/"" target=""blank"" rel=""noopener noreferrer"">Agência Lupa</a>, <a href=""https://www.boatos.org/politica/tse-codigos-urnas-venezuela.html"" target=""blank"" rel=""noopener noreferrer"">Boatos.org</a> e <a href=""http://www.e-farsas.com/o-tse-entregou-os-codigos-de-seguranca-das-urnas-eletronicas-para-a-venezuela.html"" target=""blank"" rel=""noopener noreferrer"">e-farsas</a>.",,"2018-09-20 15:25:49",archived-answer,https://projetocomprova.com.br/post/re_2b5w8xndwopb/,https://projetocomprova.com.br/wp-content/uploads/2018/09/ibOKd48vS5alDELrAoGX-2.png|https://projetocomprova.com.br/wp-content/uploads/2018/09/comprova-tse-codigos-urnas-venezuela.png,ibOKd48vS5alDELrAoGX|comprova-tse-codigos-urnas-venezuela,|,|,|,https://projetocomprova.com.br/wp-content/uploads/2018/09/ibOKd48vS5alDELrAoGX-2.png,,,classic-editor|classic-editor|classic-editor,"a:3:{s:3:""loc"";s:98:""https://projetocomprova.com.br/wp-content/uploads/2018/09/comprova-tse-codigos-urnas-venezuela.png"";s:5:""title"";s:36:""comprova-tse-codigos-urnas-venezuela"";s:7:""caption"";s:0:"""";}|a:3:{s:3:""loc"";s:84:""https://projetocomprova.com.br/wp-content/uploads/2018/09/ibOKd48vS5alDELrAoGX-2.png"";s:5:""title"";s:20:""ibOKd48vS5alDELrAoGX"";s:7:""caption"";s:0:"""";}|a:3:{s:3:""loc"";s:98:""https://projetocomprova.com.br/wp-content/uploads/2018/09/comprova-tse-codigos-urnas-venezuela.png"";s:5:""title"";s:36:""comprova-tse-codigos-urnas-venezuela"";s:7:""caption"";s:0:"""";}|a:3:{s:3:""loc"";s:84:""https://projetocomprova.com.br/wp-content/uploads/2018/09/ibOKd48vS5alDELrAoGX-2.png"";s:5:""title"";s:20:""ibOKd48vS5alDELrAoGX"";s:7:""caption"";s:0:"""";}|a:3:{s:3:""loc"";s:98:""https://projetocomprova.com.br/wp-content/uploads/2018/09/comprova-tse-codigos-urnas-venezuela.png"";s:5:""title"";s:36:""comprova-tse-codigos-urnas-venezuela"";s:7:""caption"";s:0:"""";}|a:3:{s:3:""loc"";s:84:""https://projetocomprova.com.br/wp-content/uploads/2018/09/ibOKd48vS5alDELrAoGX-2.png"";s:5:""title"";s:20:""ibOKd48vS5alDELrAoGX"";s:7:""caption"";s:0:"""";}",0,30|30|30,,https://projetocomprova.com.br/wp-content/uploads/2018/09/comprova-tse-codigos-urnas-venezuela.png|https://projetocomprova.com.br/wp-content/uploads/2018/09/comprova-tse-codigos-urnas-venezuela.png|https://projetocomprova.com.br/wp-content/uploads/2018/09/comprova-tse-codigos-urnas-venezuela.png,11103|11103|11103,https://projetocomprova.com.br/wp-content/uploads/2018/09/comprova-tse-codigos-urnas-venezuela.png|https://projetocomprova.com.br/wp-content/uploads/2018/09/comprova-tse-codigos-urnas-venezuela.png|https://projetocomprova.com.br/wp-content/uploads/2018/09/comprova-tse-codigos-urnas-venezuela.png,11103|11103|11103,"FALSO: Licitação mencionada no texto não previa entrega de códigos da urna e nem chegou a ser concluída, pois as empresas interessadas foram desclassificadas.|FALSO: Licitação mencionada no texto não previa entrega de códigos da urna e nem chegou a ser concluída, pois as empresas interessadas foram desclassificadas.|FALSO: Licitação mencionada no texto não previa entrega de códigos da urna e nem chegou a ser concluída, pois as empresas interessadas foram desclassificadas.","FALSO: Licitação mencionada no texto não previa entrega de códigos da urna e nem chegou a ser concluída, pois as empresas interessadas foram desclassificadas.|FALSO: Licitação mencionada no texto não previa entrega de códigos da urna e nem chegou a ser concluída, pois as empresas interessadas foram desclassificadas.|FALSO: Licitação mencionada no texto não previa entrega de códigos da urna e nem chegou a ser concluída, pois as empresas interessadas foram desclassificadas.",,,,,,,publish,1,lunar_admin,oli@lunar.build,,,re_2b5w8xndwopb,,,0,0,0,closed,closed,"2021-10-13 20:55:20",,correio-do-povo|gauchazh|exame|nsc-comunicacao|uol|sbt|revista-piaui|jornal-do-commercio|poder360|radio-bandeirantes,red,,,,,,,,,,,,,,,
3606,"Incluir número do candidato na assinatura ao votar pode levar à prisão e não permite confrontar os votos da urna, segundo o TSE","Circulou no Facebook, Twitter e Whatsapp um vídeo gravado por um vereador da cidade de Panorama, no interior de São Paulo, no qual ele sugeria aos eleitores de Jair Bolsonaro incluir o número do candidato do PSL ao Palácio do Planalto após a assinatura do nome no dia da votação. Segundo Edemir Vermelho (PSDB), que se diz apoiador do deputado, seria uma forma de confrontar os votos computados na urna eletrônica. Logo, outras pessoas desmentiram a informação e alertaram que isso poderia causar a anulação dos votos. O Tribunal Superior Eleitoral enviou uma nota e esclarece que a atitude pode até levar à prisão. 

No vídeo, o vereador afirma “é bem simples. Qualquer um consegue controlar o seu voto. Nós temos que votar. Vamos na Zona Eleitoral, pegamos o caderno, damos o nosso título e nós temos que assinar o livro. É simples acrescenta (número do candidato) na sua assinatura”.

A mesma mensagem circulou no Whatsapp: “URGENTE E MUITO IMPORTANTE! Sabe aquele caderno que a gente assina antes de votar e que eles destacam dele nosso comprovante de votação? É o caderno de registro de votação. Pois então! Escrevam o (número do candidato) na frente da sua assinatura naquele caderno, pois ele é um documento que registra quem votou e quem não compareceu e pode servir de prova caso haja alguma fraude, pois ele fica arquivado durante um tempo! Repassem isso urgente! Essa ideia precisa rodar o Brasil inteiro até o dia da eleição!”

Pouco tempo depois, a advogada Janaína Paschoal <https://twitter.com/JanainaDoBrasil/status/1041512608682201088>, candidata a deputada estadual em São Paulo, alertou que isso poderia prejudicar Bolsonaro. O mesmo foi feito por outros apoiadores. 

Ao Comprova, o TSE afirmou que a inclusão de informações, como a do número do candidato, pode configurar, em tese, crime eleitoral passível de reclusão e multa, tal como previsto no art. 350 do Código Eleitoral: omitir, em documento público ou particular, declaração que dele devia constar, ou nele inserir declaração falsa ou diversa da que deveria ser escrita para fins eleitorais prevê pena de até cinco anos de reclusão e de 5 a 15 dias multa, se o documento é público.

Ainda de acordo com a Corte, “esse recurso jamais poderá ser utilizado como meio de recontagem de votos, pois o voto que conta é o da urna eletrônica. Ademais, o voto é secreto. 

O vídeo, divulgado no Facebook, foi retirado do ar pelo vereador, que publicou outro fazendo a correção. Esse, no entanto, também já foi excluído. No Youtube, foram mais de duas mil visualizações. No Twitter, a correção feita por Janaína Paschoal teve mais de 9 mil curtidas até a quarta-feira, 19 de setembro. 
",,"1970-01-01 00:00:00",archived-answer,https://projetocomprova.com.br/post/re_2b5w8xbpeeen/,https://projetocomprova.com.br/wp-content/uploads/2018/09/DfBNb5QjRlOMP046f2x7-2.png,DfBNb5QjRlOMP046f2x7,,,,https://projetocomprova.com.br/wp-content/uploads/2018/09/DfBNb5QjRlOMP046f2x7-2.png,,,,"a:3:{s:3:""loc"";s:84:""https://projetocomprova.com.br/wp-content/uploads/2018/09/DfBNb5QjRlOMP046f2x7-2.png"";s:5:""title"";s:20:""DfBNb5QjRlOMP046f2x7"";s:7:""caption"";s:0:"""";}|a:3:{s:3:""loc"";s:84:""https://projetocomprova.com.br/wp-content/uploads/2018/09/DfBNb5QjRlOMP046f2x7-2.png"";s:5:""title"";s:20:""DfBNb5QjRlOMP046f2x7"";s:7:""caption"";s:0:"""";}|a:3:{s:3:""loc"";s:84:""https://projetocomprova.com.br/wp-content/uploads/2018/09/DfBNb5QjRlOMP046f2x7-2.png"";s:5:""title"";s:20:""DfBNb5QjRlOMP046f2x7"";s:7:""caption"";s:0:"""";}",,,,,,,,,,,,,,,,publish,1,lunar_admin,oli@lunar.build,,,re_2b5w8xbpeeen,,,0,0,0,closed,closed,"1970-01-01 00:00:00",1506,correio-do-povo|nsc-comunicacao|gauchazh|uol|poder360|jornal-do-commercio|sbt,red,,,,,,,,,,,,,,,
3608,"Não há indícios de que o dinheiro apreendido em Viracopos era destinado a Haddad ou a Adélio Bispo","Não há nenhum indício que confirme alegações que circulam nas redes sociais de que a fortuna confiscada da comitiva da Guiné Equatorial no aeroporto de Viracopos, no dia 16 de setembro, era destinada à campanha do candidato à presidência Fernando Haddad (PT) ou a Adélio Bispo de Oliveira, o homem acusado de ser o autor do atentado contra Jair Bolsonaro no dia 6 de setembro.

O perfil no Facebook de um usuário que se apresenta como sendo Paulo Cesar Brasil, por exemplo, afirma que “criminosos internacionais vieram deixar dinheiro para campanha de Haddad”. Outro artigo, publicado na manhã de segunda-feira, 17 de setembro, pelo site Jornal da Cidade Online, diz que “Dinheiro da Guiné Equatorial pode ter sido enviado para pagar os advogados de Adélio”.

Até o momento, não há indícios que confirmem as alegações de que o dinheiro e os relógios de luxo estariam destinados à campanha presidencial de Fernando Haddad (PT) ou para custear a  defesa legal de Adélio Bispo de Oliveira. Contatados pela AFP, membro do Comprova, tanto a Receita Federal, que confiscou o material de valor trazido pela comitiva guinéu-equatoriana, quanto a Polícia Federal, que investiga o caso, disseram que não houve ainda nenhuma manifestação oficial sobre o episódio até o momento.

O ministério das Relações Exteriores declarou à AFP que “mantém comunicação permanente com a Polícia Federal e o Serviço de Aduanas para seguir o caso e decidir sobre quais medidas tomar”, sem dar mais detalhes.

A Embaixada da Guiné Equatorial no Brasil ainda não respondeu à solicitação de contato.

As publicações disseminando informações sem evidência sobre o destino da riqueza apreendida em Viracopos identificadas pelo Comprova somam cerca de 100 mil compartilhamentos no Facebook desde que começaram a circular no dia 16 de setembro até a publicação deste post, segundo medições feitas com a ferramenta Crowd Tangle.",,"1970-01-01 00:00:00",archived-answer,https://projetocomprova.com.br/post/re_2b5w8xyr5rxn/,https://projetocomprova.com.br/wp-content/uploads/2018/09/qss3FmDTvKyXaksBPMUs-2.png,qss3FmDTvKyXaksBPMUs,,,,https://projetocomprova.com.br/wp-content/uploads/2018/09/qss3FmDTvKyXaksBPMUs-2.png,,,,"a:3:{s:3:""loc"";s:84:""https://projetocomprova.com.br/wp-content/uploads/2018/09/qss3FmDTvKyXaksBPMUs-2.png"";s:5:""title"";s:20:""qss3FmDTvKyXaksBPMUs"";s:7:""caption"";s:0:"""";}|a:3:{s:3:""loc"";s:84:""https://projetocomprova.com.br/wp-content/uploads/2018/09/qss3FmDTvKyXaksBPMUs-2.png"";s:5:""title"";s:20:""qss3FmDTvKyXaksBPMUs"";s:7:""caption"";s:0:"""";}|a:3:{s:3:""loc"";s:84:""https://projetocomprova.com.br/wp-content/uploads/2018/09/qss3FmDTvKyXaksBPMUs-2.png"";s:5:""title"";s:20:""qss3FmDTvKyXaksBPMUs"";s:7:""caption"";s:0:"""";}",,,,,,,,,,,,,,,,publish,1,lunar_admin,oli@lunar.build,,,re_2b5w8xyr5rxn,,,0,0,0,closed,closed,"1970-01-01 00:00:00",afp|1506,nsc-comunicacao|sbt|jornal-do-commercio|afp|poder360|uol,"black and white",,,,,,,,,,,,,,,
3610,"Vídeos foram alterados para parecerem gravações de atos de apoio a Jair Bolsonaro","Um vídeo que está sendo difundido nas redes sociais e que mostra uma multidão de pessoas no centro de Campinas (SP) em um ato em ""prol da saúde"" de Jair Bolsonaro é falso. O <a target=""blank"" href=""https://www.youtube.com/watch?v=wExqUtbLEIs"" rel=""noopener noreferrer"">vídeo original</a>, gravado no Largo do Rosário, em Campinas, mostra a multidão reunida para <a target=""blank"" href=""http://g1.globo.com/sp/campinas-regiao/jornal-da-eptv-2edicao/videos/t/edicoes/v/torcedores-lotam-largo-do-rosario-durante-partida-da-selecao-brasileira-na-copa-do-mundo/6845981/"" rel=""noopener noreferrer"">assistir à transmissão de uma partida de futebol</a> da Copa do Mundo, mais precisamente do jogo entre Brasil e Sérvia, realizado em 27 de junho deste ano.

O deputado e candidato à presidência pelo PSL, Jair Bolsonaro, sofreu um atentado com faca em 6 de setembro de 2018 e, atualmente, se encontra internado no Hospital Israelita Albert Einstein, em São Paulo.

O Comprova verificou outros dois vídeos compartilhados na internet como de atos de campanha de Bolsonaro, mas que não guardam relação com a candidatura do presidenciável.

O segundo vídeo falso que circula no Facebook e em correntes de WhatsApp mostra o candidato Jair Bolsonaro discursando na Esplanada dos Ministério, em Brasília (DF). A corrente diz que a gravação é de uma caminhada realizada no dia 5 de setembro de 2018 e foi finalizada às 14h da mesma data. Isso é falso. O vídeo foi registrado no dia 13 de março de 2016, durante uma <a target=""blank"" href=""https://static.poder360.com.br/2018/09/foto-bolso.png"" rel=""noopener noreferrer"">manifestação contra a corrupção</a> e pela saída da então presidente Dilma Rousseff (PT).

No dia 5 de setembro de 2018, Bolsonaro esteve no Distrito Federal. Ele participou de uma carreata no centro de Ceilândia e em Taguatinga, não na Esplanada dos Ministérios, que fica no centro de Brasília. A informação consta na <a target=""blank"" href=""https://static.poder360.com.br/2018/09/agenda-do-bolso.png"" rel=""noopener noreferrer"">agenda do candidato</a> do PSL, enviada à imprensa no dia 2 de setembro.

O Poder360, membro do Comprova, acompanhou o presidenciável nesta data, onde foram registradas <a target=""blank"" href=""https://www.poder360.com.br/eleicoes/qualquer-1-que-ganhar-vai-estar-sob-suspeita-diz-bolsonaro-sobre-urnas/"" rel=""noopener noreferrer"">fotos e vídeos</a> da carreata do presidenciável. Em uma das gravações, é possível ver que ele <a target=""blank"" href=""https://www.youtube.com/watch?time_continue=200&v=PKjchn7c7jk"" rel=""noopener noreferrer"">discursou para um público bem menor</a> em Taguatinga (DF) e não na Esplanada.

O Comprova já <a taregt=""blank"" href="" https://projetocomprova.com.br/post/re_2B5W8XNpMK9Y"">desmentiu</a> em 18 de setembro um vídeo que supostamente mostrava um milhão de pessoas manifestando-se em apoio a Bolsonaro em Brasília. A gravação é de uma ato pelo impeachment de Dilma Rousseff, realizado em 2015.

O vídeo falso da manifestação em Campinas teve 4,7 milhões de visualizações desde que foi publicado, na sexta-feira, 14 de setembro. Os três vídeos, em seu conjunto, foram visualizados cerca de 6 milhões de vezes no Facebook até a quinta-feira, dia 19 de setembro.",,"1970-01-01 00:00:00",archived-answer,https://projetocomprova.com.br/post/re_2b5w8xzkm9xn/,https://projetocomprova.com.br/wp-content/uploads/2018/09/cXWk6OboSiy4DyKsh5nw-2.png,cXWk6OboSiy4DyKsh5nw,,,,https://projetocomprova.com.br/wp-content/uploads/2018/09/cXWk6OboSiy4DyKsh5nw-2.png,,,,"a:3:{s:3:""loc"";s:84:""https://projetocomprova.com.br/wp-content/uploads/2018/09/cXWk6OboSiy4DyKsh5nw-2.png"";s:5:""title"";s:20:""cXWk6OboSiy4DyKsh5nw"";s:7:""caption"";s:0:"""";}|a:3:{s:3:""loc"";s:84:""https://projetocomprova.com.br/wp-content/uploads/2018/09/cXWk6OboSiy4DyKsh5nw-2.png"";s:5:""title"";s:20:""cXWk6OboSiy4DyKsh5nw"";s:7:""caption"";s:0:"""";}|a:3:{s:3:""loc"";s:84:""https://projetocomprova.com.br/wp-content/uploads/2018/09/cXWk6OboSiy4DyKsh5nw-2.png"";s:5:""title"";s:20:""cXWk6OboSiy4DyKsh5nw"";s:7:""caption"";s:0:"""";}",,,,,,,,,,,,,,,,publish,1,lunar_admin,oli@lunar.build,,,re_2b5w8xzkm9xn,,,0,0,0,closed,closed,"1970-01-01 00:00:00",poder360,nsc-comunicacao|gauchazh|afp|sbt|jornal-do-commercio|uol|poder360,red,,,,,,,,,,,,,,,
3612,"Zendesk test",dd,,"1970-01-01 00:00:00",archived-answer,https://projetocomprova.com.br/post/re_2b5w8xza28kb/,,,,,,,,,,,,,,,,,,,,,,,,,,publish,1,lunar_admin,oli@lunar.build,,,re_2b5w8xza28kb,,,0,0,0,closed,closed,"1970-01-01 00:00:00",,exame,,,,,,,,,,,,,,,,
3613,"Carro não foi danificado por militantes por ter adesivo de Bolsonaro","Ao contrário do que sugerem postagens que viralizaram nas redes sociais, um vídeo que mostra manifestantes atacando um carro branco não é de protesto em razão do automóvel ter um adesivo de apoio ao presidenciável Jair Bolsonaro (PSL). O ataque, na verdade, teve lugar em manifestação que pedia a renúncia de Michel Temer, em maio de 2017, em Goiânia (GO), e ocorreu após uma motorista tentar furar o bloqueio organizado por centrais sindicais, movimentos sociais e outras entidades.

O vídeo viral, de um minuto, usou o trecho entre 55s e 1m55s de um outro, de dois minutos e 46 segundos, <a target=""blank"" href=""http://g1.globo.com/goias/videos/v/motorista-atropela-manifestantes-durante-protesto-contra-michel-temer-em-goiania/5878816/"" rel=""noopener noreferrer"">publicado pelo G1</a> no dia 18 de maio de 2017. O portal <a target=""blank"" href=""https://g1.globo.com/goias/noticia/motorista-atropela-manifestantes-que-pediam-renuncia-de-temer-em-goiania.ghtml"" rel=""noopener noreferrer"">noticiou</a> o protesto pela renúncia de Temer e registrou a confusão ocorrida nos cruzamentos entre as avenidas Anhanguera e Goiás. O vídeo, que acompanha textos falsos sobre inexistente ataque a apoiador de Bolsonaro, tem a logomarca do site de notícias em seu canto inferior direito.

Outros jornais noticiaram a confusão no protesto do ano passado contra Temer (<a target=""blank"" href=""https://politica.estadao.com.br/noticias/geral,motorista-fura-bloqueio-e-atropela-manifestantes-em-protesto-contra-temer,70001794048"" rel=""noopener noreferrer"">aqui</a>, <a target=""blank"" href=""https://www.youtube.com/watch?v=-gQKuFH0k_s"" rel=""noopener noreferrer"">aqui</a> e <a target=""blank"" href=""https://noticias.band.uol.com.br/jornaldaband/videos/16221329/motorista-atropela-manifestantes-durante-ato-contra-temer.html"" rel=""noopener noreferrer"">aqui</a>), alvo de denúncias de corrupção. Nenhum deles faz qualquer menção ao candidato Bolsonaro ou a adesivo supostamente colado no veículo que teve os vidros destruídos. No conflito, dois manifestantes foram atropelados pela motorista que tentou seguir adiante em meio ao protesto. 

No dia anterior ao ato realizado em Goiás, foi <a target=""blank"" href=""https://oglobo.globo.com/brasil/pf-filma-indicado-por-temer-recebendo-propina-21353989"" rel=""noopener noreferrer"">tornada pública</a> a gravação, feita em março, de uma conversa entre o empresário Joesley Batista e o presidente da República. No diálogo, Joesley relatou a Michel Temer, entre outras coisas, que estava pagando para que o ex-deputado Eduardo Cunha permanecesse calado. A resposta do presidente foi: “'Tem que manter isso, viu?”

O vídeo, acompanhado do texto com a informação falsa, somente em duas contas no Twitter, teve mais de 30 mil visualizações, 2,6 mil curtidas e 1,5 mil retuítes nesta semana. No Facebook, um post com o vídeo teve 1,3 milhão de visualizações, 4,5 mil curtidas e 74 mil compartilhamentos no mesmo período.
Neste post do Facebook, o ataque ao eleitor de Bolsonaro é atribuído a apoiadores de Fernando Haddad e Luiz Inácio Lula da Silva, ambos do PT. Essa informação também é enganosa, uma vez que a manifestação em Goiânia não tinha relação com a campanha eleitoral.

A agência <a target=""blank"" href=""https://aosfatos.org/noticias/posts-enganam-ao-dizer-que-video-mostra-mae-e-crianca-sendo-atacadas-por-petistas/"" rel=""noopener noreferrer"">Aos Fatos</a> também fez a verificação desse vídeo.",,"1970-01-01 00:00:00",archived-answer,https://projetocomprova.com.br/post/re_2b5w8xyg4jkz/,https://projetocomprova.com.br/wp-content/uploads/2018/09/rvtSA0izTvSNHEkWkb7y-2.png,rvtSA0izTvSNHEkWkb7y,,,,https://projetocomprova.com.br/wp-content/uploads/2018/09/rvtSA0izTvSNHEkWkb7y-2.png,,,,"a:3:{s:3:""loc"";s:84:""https://projetocomprova.com.br/wp-content/uploads/2018/09/rvtSA0izTvSNHEkWkb7y-2.png"";s:5:""title"";s:20:""rvtSA0izTvSNHEkWkb7y"";s:7:""caption"";s:0:"""";}|a:3:{s:3:""loc"";s:84:""https://projetocomprova.com.br/wp-content/uploads/2018/09/rvtSA0izTvSNHEkWkb7y-2.png"";s:5:""title"";s:20:""rvtSA0izTvSNHEkWkb7y"";s:7:""caption"";s:0:"""";}|a:3:{s:3:""loc"";s:84:""https://projetocomprova.com.br/wp-content/uploads/2018/09/rvtSA0izTvSNHEkWkb7y-2.png"";s:5:""title"";s:20:""rvtSA0izTvSNHEkWkb7y"";s:7:""caption"";s:0:"""";}",,,,,,,,,,,,,,,,publish,1,lunar_admin,oli@lunar.build,,,re_2b5w8xyg4jkz,,,0,0,0,closed,closed,"1970-01-01 00:00:00",uol,radio-bandeirantes|correio-do-povo|gauchazh|jornal-do-commercio|sbt|nsc-comunicacao|uol|poder360,red,,,,,,,,,,,,,,,
3615,"Tatuagens de Che Guevara e Lenin em Manuela são falsas","A foto da candidata a vice-presidente de Fernando Haddad (PT), Manuela D’Ávila (PC do B), com tatuagens de Che Guevara e Lenin é falsa. Compartilhada pelo WhatsApp, pelo Twitter e pelo Facebook, a imagem foi manipulada para inserir os desenhos dos líderes comunistas na deputada estadual do Rio Grande do Sul.

Por meio de uma busca reversa feita com o Google Images, o Comprova localizou a imagem original em perfis do Twitter, como <a target=""blank"" href=""https://twitter.com/ajulysantos/status/929010463639158784"" rel=""noopener noreferrer"">no da usuária @ajulysantos</a>. Na foto original, Manuela não exibe as tatuagens de Che Guevara e Lenin.

O Comprova também identificou uma <a target=""blank"" href=""https://twitter.com/lucas_rivas/status/929014081415188481"" rel=""noopener noreferrer"">foto semelhante</a> à manipulada, registrada no mesmo dia, o que reforça a manipulação. Registrada pelo repórter Lucas Rivas, da Rádio Guaíba, de Porto Alegre, a imagem foi registrada no dia 10 de novembro de 2017 durante entrevista ao programa Esfera Pública. O jornalista publicou a foto em seu Twitter e foi retuitado pelo perfil da rádio. Procurado, confirmou a autoria do registro.

Assinada por RLippi Cartoons, a imagem manipulada foi compartilhada pelo Facebook, pelo Twitter e pelo WhatsApp.

Em 21 de novembro de 2017, a própria Manuela denunciou a manipulação da foto em <a target=""blank"" href=""https://www.facebook.com/manueladavila/photos/a.698789716836158/2393736304008149/?type=1&theater&__tn__=-UK-R"" rel=""noopener noreferrer"">sua página oficial no Facebook</a>. “Aumentaram minhas olheiras (...) e fizeram mais tatuagens no meu corpo”, escreveu a deputada. “Tenho muitas tatuagens mesmo e as exibo porque são lindas. Não são esses desenhos feinhos que vocês fizeram de Lenin e Che”, completou.",,"1970-01-01 00:00:00",archived-answer,https://projetocomprova.com.br/post/re_2b5w8xbnwvmn/,https://projetocomprova.com.br/wp-content/uploads/2018/09/hPKvEBqfQVmc3rYvwee2-2.jpg,hPKvEBqfQVmc3rYvwee2,,,,https://projetocomprova.com.br/wp-content/uploads/2018/09/hPKvEBqfQVmc3rYvwee2-2.jpg,,,,"a:3:{s:3:""loc"";s:84:""https://projetocomprova.com.br/wp-content/uploads/2018/09/hPKvEBqfQVmc3rYvwee2-2.jpg"";s:5:""title"";s:20:""hPKvEBqfQVmc3rYvwee2"";s:7:""caption"";s:0:"""";}|a:3:{s:3:""loc"";s:84:""https://projetocomprova.com.br/wp-content/uploads/2018/09/hPKvEBqfQVmc3rYvwee2-2.jpg"";s:5:""title"";s:20:""hPKvEBqfQVmc3rYvwee2"";s:7:""caption"";s:0:"""";}|a:3:{s:3:""loc"";s:84:""https://projetocomprova.com.br/wp-content/uploads/2018/09/hPKvEBqfQVmc3rYvwee2-2.jpg"";s:5:""title"";s:20:""hPKvEBqfQVmc3rYvwee2"";s:7:""caption"";s:0:"""";}",,,,,,,,,,,,,,,,publish,1,lunar_admin,oli@lunar.build,,,re_2b5w8xbnwvmn,,,0,0,0,closed,closed,"1970-01-01 00:00:00",gauchazh|1506,correio-do-povo|gauchazh|jornal-do-commercio|sbt|nsc-comunicacao|uol|poder360,red,,,,,,,,,,,,,,,
3617,"Pesquisa que aponta Bolsonaro com 45% das intenções de voto é enganosa","Não há evidências de que publicações das redes sociais que atribuem 45% ao candidato Jair Bolsonaro (PSL) sejam resultado de uma pesquisa eleitoral confiável. Os posts que divulgam a pesquisa afirmam que Bolsonaro estaria perto da vitória no primeiro turno. De acordo com a <a target=""blank"" href=""http://www.tse.jus.br/legislacao/codigo-eleitoral/lei-das-eleicoes/lei-das-eleicoes-lei-nb0-9.504-de-30-de-setembro-de-1997"" rel=""noopener noreferrer"">legislação eleitoral</a>, enquetes do tipo não são válidas, pois não cumprem uma série de exigências, como a divulgação de dados e metodologia, o registro oficial e prestação de contas.

Uma das versões da publicação diz que a pesquisa foi feita pela ""agência americana que previu com exatidão a vitória de Trump nos EUA"". Não há evidência que a Encuestas Digitales é americana nem que previu a vitória eleitoral de Trump.

As postagens incluem um gráfico, no qual nenhum dos outros candidatos alcança 10%, que tem origem no site <a target=""blank"" href=""http://www.encuestasdigitales.com"" rel=""noopener noreferrer"">Encuestas Digitales</a>. O site diz que realiza pesquisas eleitorais com métodos modernos, diferente do que chama de ""pesquisas tradicionais"" e que analisa redes sociais e buscas na internet para determinar os índices dos candidatos, mas <a target=""blank"" href=""http://www.encuestasdigitales.com/proyeccion-de-victoria-en-la-eleccion-presidencial-brasilena-2018-2-2/"" rel=""noopener noreferrer"">não divulga</a> dados detalhados nem a metodologia utilizada.

Uma explicação encontrada no site Encuestas Digitales detalha que os números atribuídos a cada candidato não representam intenções de voto, como é o caso das principais pesquisas eleitorais. Diz apenas que os números retratam uma “projeção de vitória”, sem deixar claro o que isso significa. 

Segundo o site, o serviço está baseado numa metodologia mais sofisticada e semelhante a do site de jornalismo de dados americano <a target=""blank"" href=""https://fivethirtyeight.com/"" rel=""noopener noreferrer"">FiveThirtyEight</a> sem, no entanto, deixar claro o que seria essa versão mais aprimorada da apuração das informações. Além disso, pesquisas digitais não representam os <a target=""blank"" href=""http://agenciabrasil.ebc.com.br/geral/noticia/2018-07/mais-de-um-terco-dos-domicilios-brasileiros-nao-tem-acesso-internet"" rel=""noopener noreferrer"">39% da população que ainda não tem acesso à internet</a>, como mostra a <a target=""blank"" href=""https://cetic.br/media/analises/tic_domicilios_2017_coletiva_de_imprensa.pdf"" rel=""noopener noreferrer"">Pesquisa TIC Domicílios</a>, apresentada em julho deste ano pelo Comitê Gestor da Internet (CGI.br).

Ao utilizar um serviço que verifica os dados dos endereços (URL) dos sites, como o <a target=""blank"" href="" http://whois.ipchecker.info/encuestasdigitales.com"" rel=""noopener noreferrer"">IP Checker</a>, foi constatado que o domínio “www.encuestasdigitales.com” foi criado no dia 30 de julho de 2018, com validade até 2019. A primeira pesquisa relativa ao Brasil foi publicada pela suposta empresa em agosto.

O site Politz também publicou a pesquisa feita pelo Encuestas Digitales, afirmando que o tracking acertou previsões da vitória de Donald Trump e do Brexit. No entanto, o presidente americano foi eleito em 2016 e a saída britânica da União Europeia (Brexit) foi aprovada em referendo também em 2016. Ou seja, antes do registro do site Encuestas Digitales.

O site Encuestas Digitales tem erros básicos de texto em espanhol e não deixa claro qual é a sua metodologia de trabalho e quem são seus clientes. Também não há disponível nenhum ponto de contato com a organização. 

Até o dia 13 de setembro, ao menos três publicações com o gráfico da pesquisa tiveram grande repercussão em páginas no Facebook: “Movimento Avança Brasil” (mais de mil compartilhamentos, publicado em 10 de setembro); “Mulheres Unidas A FAVOR do Bolsonaro” (mais de 17 mil compartilhamentos, publicado em 12 de setembro); e “Jair Bolsonaro 2018, a última Esperança da Nação” (mais de de 4.,9 mil compartilhamentos, publicado em 12 de setembro).",,"1970-01-01 00:00:00",archived-answer,https://projetocomprova.com.br/post/re_2b5w8xbargrn/,https://projetocomprova.com.br/wp-content/uploads/2018/09/Ge1cIG2NRimCgq8DgiRa-2.jpg,Ge1cIG2NRimCgq8DgiRa,,,,https://projetocomprova.com.br/wp-content/uploads/2018/09/Ge1cIG2NRimCgq8DgiRa-2.jpg,,,,"a:3:{s:3:""loc"";s:84:""https://projetocomprova.com.br/wp-content/uploads/2018/09/Ge1cIG2NRimCgq8DgiRa-2.jpg"";s:5:""title"";s:20:""Ge1cIG2NRimCgq8DgiRa"";s:7:""caption"";s:0:"""";}|a:3:{s:3:""loc"";s:84:""https://projetocomprova.com.br/wp-content/uploads/2018/09/Ge1cIG2NRimCgq8DgiRa-2.jpg"";s:5:""title"";s:20:""Ge1cIG2NRimCgq8DgiRa"";s:7:""caption"";s:0:"""";}|a:3:{s:3:""loc"";s:84:""https://projetocomprova.com.br/wp-content/uploads/2018/09/Ge1cIG2NRimCgq8DgiRa-2.jpg"";s:5:""title"";s:20:""Ge1cIG2NRimCgq8DgiRa"";s:7:""caption"";s:0:"""";}",,,,,,,,,,,,,,,,publish,1,lunar_admin,oli@lunar.build,,,re_2b5w8xbargrn,,,0,0,0,closed,closed,"1970-01-01 00:00:00",nexo,gauchazh|poder360|nsc-comunicacao|correio-do-povo|jornal-do-commercio|uol|sbt|revista-piaui,red,,,,,,,,,,,,,,,
3619,"Pesquisa atribuída ao Datafolha que diz que “desejo de votar em Lula chega a 49%"" é falsa","É falso o documento que circula desde o final de agosto, principalmente pelo Whatsapp, chamado ""Eleições 2018 - Datafolha Brasil"" (data folha setembro 2018.pdf). O documento tem três páginas e destaca no título do relatório “Desejo de votar em Lula chega a 49%: No cenário sem o petista, Haddad lidera, Bolsonaro mantém segunda posição e cai o índice de Alckmin”. O diretor geral do Datafolha, Mauro Paulino, confirmou ao Comprova que a pesquisa é falsa e que a primeira pesquisa do mês é a divulgada na segunda-feira, dia 10 de setembro.

O levantamento falso é apresentado como um relatório interno do Datafolha, com os resultados da pesquisa de intenção de voto para presidente da República realizada ""após o início oficial do período eleitoral"", no mês de setembro de 2018, apontando cenário a favor da chapa do PT.

Além disso, são apresentadas a ""Intenção de voto estimulada para presidente 2018 - 1º turno (estimulada e única, em %)"", com duas tabelas que destacam a 'situação A' e 'situação B"" datados de 1º e 2 de setembro de 2018, e os dados distorcidos que favorecem os candidatos a presidente e a vice-presidente pelo PT.

O documento carece de informações básicas, como a data específica do começo e término da pesquisa, o número do registro do Tribunal Superior Eleitoral (TSE), informações sobre número de pesquisados e o período do levantamento e regiões ou locais da pesquisa. O falso documento é vago nesse aspecto e apenas informa que a pesquisa começou ""após o início oficial do período eleitoral"". Também não há menção à data de término do levantamento. 

O <a target=""blank"" href=""http://www.tse.jus.br/imprensa/noticias-tse/2017/Dezembro/tse-aprova-resolucao-que-regulamenta-as-pesquisas-eleitorais-para-as-eleicoes-de-2018"" rel=""noopener noreferrer"">TSE informa em seu site</a> que toda a pesquisa deve ser registrada obrigatoriamente em seu sistema próprio. Nele, a empresa pesquisadora se compromete a fornecer informações sobre a divulgação dos resultados das pesquisas, o período de coleta de dados, a margem de erro, o nível de confiança, o número de entrevistas, o nome da entidade ou da pesquisa que a realizou e, se for o caso, de quem a contratou e o número de registro da pesquisa. As informações para a realização da pesquisa podem ser alteradas em até cinco dias após o registro. Além disso, o TSE ainda oferece, na seção ""Pesquisas Eleitorais - Eleições 2018"", acesso para que qualquer cidadão faça consultas às pesquisas realizadas.

<b>Levantamento cancelado</b>

No começo do mês, o <a target=""blank"" href=""https://www1.folha.uol.com.br/poder/2018/09/datafolha-cancela-registro-de-pesquisa-nacional-com-lula-no-questionario.shtml"" rel=""noopener noreferrer"">Datafolha cancelou o registro de pesquisa eleitoral nacional que seria realizada entre os dias 4 e 6 de setembro</a> devido à decisão do TSE, que rejeitou o registro de candidato do ex-presidente Luiz Inácio Lula da Silva (PT). O registro com o código 02553/2018 foi feito na sexta-feira, 31 de agosto, antes do final da votação do TSE que vetou a candidatura de Lula, na madrugada de sábado (1º).  

<b>Penalidades</b>

O Tribunal Superior Eleitoral ressalta que a divulgação de pesquisa fraudulenta constitui crime que pode ser punível com detenção de seis meses a um ano e multa cujo valor pode variar de R$ 53.205,00 a R$ 106.410,00.

O conteúdo também foi verificado pela agência <a target=""blank"" href=""https://aosfatos.org/noticias/pesquisa-datafolha-que-aponta-lideranca-de- haddad-nunca-foi-feita/"" rel=""noopener noreferrer"">Aos Fatos</a> e pelo portal de economia <a target=""blank"" href=""https://www.infomoney.com.br/mercados/politica/noticia/7604133/pesquisa-datafolha-que-circula-nas-redes-com-haddad-na-lideranca-e-falsa"" rel=""noopener noreferrer"">Infomoney</a>.",,"1970-01-01 00:00:00",archived-answer,https://projetocomprova.com.br/post/re_2b5w8xndompb/,https://projetocomprova.com.br/wp-content/uploads/2018/09/sbiFhxfoQ8utyGDfx4Lp-2.png,sbiFhxfoQ8utyGDfx4Lp,,,,https://projetocomprova.com.br/wp-content/uploads/2018/09/sbiFhxfoQ8utyGDfx4Lp-2.png,,,,"a:3:{s:3:""loc"";s:84:""https://projetocomprova.com.br/wp-content/uploads/2018/09/sbiFhxfoQ8utyGDfx4Lp-2.png"";s:5:""title"";s:20:""sbiFhxfoQ8utyGDfx4Lp"";s:7:""caption"";s:0:"""";}|a:3:{s:3:""loc"";s:84:""https://projetocomprova.com.br/wp-content/uploads/2018/09/sbiFhxfoQ8utyGDfx4Lp-2.png"";s:5:""title"";s:20:""sbiFhxfoQ8utyGDfx4Lp"";s:7:""caption"";s:0:"""";}|a:3:{s:3:""loc"";s:84:""https://projetocomprova.com.br/wp-content/uploads/2018/09/sbiFhxfoQ8utyGDfx4Lp-2.png"";s:5:""title"";s:20:""sbiFhxfoQ8utyGDfx4Lp"";s:7:""caption"";s:0:"""";}",,,,,,,,,,,,,,,,publish,1,lunar_admin,oli@lunar.build,,,re_2b5w8xndompb,,,0,0,0,closed,closed,"1970-01-01 00:00:00",sbt,gauchazh|nsc-comunicacao|correio-do-povo|correio-do-povo|uol|jornal-do-commercio|sbt|poder360,red,,,,,,,,,,,,,,,
3621,"Foto de incisão no abdome de Jair Bolsonaro é verdadeira","A veracidade de uma imagem que mostra a extensão do dano causado pelo atentado a faca sofrido pelo presidenciável Jair Bolsonaro em 6 de setembro está sendo questionada por diversos usuários nas redes sociais e no WhatsApp. A foto, divulgada em perfis como o do senador Magno Malta (PR-ES) porém, é verdadeira e sua versão completa, que mostra o rosto de Bolsonaro, também está sendo espalhada pelas redes.

De forma objetiva, elementos da foto combinam com outras imagens feitas de Bolsonaro na UTI (Unidade de Tratamento Intensivo) do <a target=""blank"" href=""https://www.einstein.br/Pages/Home.aspx"" rel=""noopener noreferrer"">Hospital Israelita Albert Einstein</a>, para onde o candidato foi transferido na manhã do dia 7 de setembro. O padrão da estampa do avental, bem como a roupa de cama e a disposição dos eletrodos de monitoramento são condizentes com fotos e vídeos feitos de Bolsonaro no hospital. O próprio avental também possui o mesmo desenho dos usados no Albert Einstein.

Sobre a cicatriz resultante da operação, mostrada na foto, o Comprova consultou Francisco Duarte, cirurgião-geral do Instituto José Frota (IJF), maior hospital de urgência e emergência do Ceará e um dos maiores do Nordeste, que confirmou que esse é o procedimento praticado levando em consideração o ferimento sofrido por Bolsonaro:

“É mandatório que se abra todo o abdome para expor todas as vísceras que devem ser minuciosamente examinadas, porque não se sabe exatamente o trajeto do objeto [perfurante]. O nome dessa incisão é laparotomia mediana xifo-pubiana. Essa operação permite que as lesões sejam reparadas, identificadas, e que o abdome fique totalmente limpo de todo o conteúdo que possa causar infecção pós-operatória”, afirma Duarte.

O médico também explicou a presença da bolsa plástica presente na barriga do paciente. “No caso dele [Bolsonaro], a colostomia é essencial porque como o intestino foi lesionado e suturado o trânsito de fezes tem que ser desviado para não ocorrer o risco da sutura se romper. Depois da cicatrização, se faz uma nova cirurgia para se reconstruir o trânsito intestinal”, completa.

<a target=""blank"" href=""https://www.poder360.com.br/eleicoes/acompanhe-noticias-sobre-o-estado-de-saude-de-bolsonaro/"" rel=""noopener noreferrer"">Consultada pelo Poder360</a>, a assessoria de Magno Malta - um dos primeiros perfis a compartilhar a imagem - informou que a foto não foi tirada pelo congressista, mas recebida “de fonte fidedigna e com autorização da família”. <a target=""blank"" href=""https://www.msn.com/pt-br/noticias/eleicoes/magno-malta-publica-foto-de-cicatriz-de-bolsonaro-isso-%C3%A9-mentira/ar-BBN5mjW"" rel=""noopener noreferrer"">Em uma matéria do MSN, com informações da Folhapress</a>, um dos filhos do candidato, Eduardo Bolsonaro, confirmou se tratar de uma imagem de seu pai, mas disse que cada um que tem que avaliar se a atitude de compartilhar a foto seria apelativa. 

“Cada um que faça seu julgamento. O pessoal do Einstein manifestou uma preocupação. Vale para dizer também que não foi coisa pouca. Ele está todo arrebentado lá. Está evoluindo bem, mas não se trata de fake news ou de algo leve que nós estejamos aumento e encenando para gerar comoção pública. Ele quase morreu. Enquanto familiar, não me incomodo, não [com a publicação da foto]. Nossa vida é um livro aberto"", disse Eduardo Bolsonaro.

Alguns usuários tentaram desacreditar a foto postada por Magno Malta, usando como contra-argumento principalmente um print de uma busca reversa de imagem no Google que ligava a imagem a uma postagem no imageboard 4Chan datada de 5 de maio de 2017. Essa impressão, entretanto, vem de uma má compreensão de como funcionam as buscas do Google.

A imagem encontrada aparece relacionada à data anterior, pois ela aparecia como thumbnail (termo que designa uma imagem em miniatura) da página principal da board (um tipo de fórum) <a target=""blank"" href=""http://boards.4chan.org/pol/"" rel=""noopener noreferrer"">“Politically Incorrect” do 4Chan</a>. E nesta página, a thread (como são chamadas as discussões dentro desse tipo de fórum) que está fixada como a primeira é do dia 5 de maio de 2017 - por isso o Google indexou a thumbnail com a data do post. Todavia, a thread onde a imagem de Bolsonaro foi efetivamente postada foi criada às 16:44 do dia 9 de setembro de 2018 - posterior ao post feito por Magno Malta, e, portanto, não pode ser a origem do mesmo.

Até a manhã do dia 11 de setembro, o tweet de Magno Malta com a foto já tinha ultrapassado 4,1 mil retweets e 15,6 mil curtidas. A foto também foi publicada pelo senador em sua fanpage no Facebook, e já tinha mais de 59,5 mil curtidas e 14,1 mil comentários. Um dos posts no Twitter que tenta desacreditar a imagem atingiu 15,9 mil retweets e 30 mil curtidas. ",,"1970-01-01 00:00:00",archived-answer,https://projetocomprova.com.br/post/re_2b5w8xzokeqz/,https://projetocomprova.com.br/wp-content/uploads/2018/09/5sfBcEXDRHuI8YynUQ1A-2.jpg,5sfBcEXDRHuI8YynUQ1A,,,,https://projetocomprova.com.br/wp-content/uploads/2018/09/5sfBcEXDRHuI8YynUQ1A-2.jpg,,,,"a:3:{s:3:""loc"";s:84:""https://projetocomprova.com.br/wp-content/uploads/2018/09/5sfBcEXDRHuI8YynUQ1A-2.jpg"";s:5:""title"";s:20:""5sfBcEXDRHuI8YynUQ1A"";s:7:""caption"";s:0:"""";}|a:3:{s:3:""loc"";s:84:""https://projetocomprova.com.br/wp-content/uploads/2018/09/5sfBcEXDRHuI8YynUQ1A-2.jpg"";s:5:""title"";s:20:""5sfBcEXDRHuI8YynUQ1A"";s:7:""caption"";s:0:"""";}|a:3:{s:3:""loc"";s:84:""https://projetocomprova.com.br/wp-content/uploads/2018/09/5sfBcEXDRHuI8YynUQ1A-2.jpg"";s:5:""title"";s:20:""5sfBcEXDRHuI8YynUQ1A"";s:7:""caption"";s:0:"""";}",,,,,,,,,,,,,,,,publish,1,lunar_admin,oli@lunar.build,,,re_2b5w8xzokeqz,,,0,0,0,closed,closed,"1970-01-01 00:00:00",jornal-do-commercio,nsc-comunicacao|sbt|gauchazh|poder360|jornal-do-commercio|radio-bandeirantes|revista-piaui,green,,,,,,,,,,,,,,,
3623,"Mulher não entregou a um homem na multidão a faca usada pelo agressor de Bolsonaro","É enganoso o vídeo que sugere que a faca usada no crime contra o candidato à Presidência do PSL, Jair Bolsonaro, foi passada da mão de uma mulher para a mão de um homem antes de chegar ao autor do crime, Adélio Bispo de Oliveira. O atentado aconteceu na última quinta-feira, 6 de setembro, enquanto Bolsonaro fazia campanha de rua em Juiz de Fora (MG). 

O vídeo enganoso verificado pelo Comprova circula por redes sociais e aplicativos de mensagens. Publicado em um canal no YouTube chamado Samuca Fernandes, o vídeo sugere que uma mulher de óculos escuros, que estava na multidão, teria passado a faca para um homem de camiseta branca, que, por sua vez, teria repassado o objeto cortante para Adélio. 

No entanto, ao analisar o <a target=""blank"" href=""https://www.youtube.com/watch?v=npIzlroDIHM&list=PL1wHUIp3LRJdeYgwW47_y6GZB7-NRiUPi"" rel=""noopener noreferrer"">vídeo</a> é possível ver que a mulher em questão não passa nenhum objeto cortante para o homem de camiseta branca. <a target=""blank"" href=""https://media.giphy.com/media/ujwQD0W35kSigbB7C9/giphy.gif"" rel=""noopener noreferrer"">Na sequência</a>, é possível ver a mão do homem vazia após cruzar com a mulher. O Comprova fez uma análise deste vídeo em editores de imagens como o <a target=""blank"" href=""http://www.watchframebyframe.com/"" rel=""noopener noreferrer"">Watch Frame by Frame</a>. 

Ao Comprova, a assessoria da Polícia Federal diz que não comenta investigações em andamento. Por ora, a única pessoa presa e investigada pelo crime é Adélio. Nenhum dos supostos nomes que são apontados em redes sociais como participantes do crime foi divulgado pela PF.

Adélio está preso e foi indiciado no artigo 20 da Lei de Segurança Nacional. Se condenado, o agressor pode ficar preso de 3 a 10 anos. Essa pena pode dobrar quando o ataque resulta em lesão corporal grave.

Apesar de a PF tratar oficialmente apenas Adélio como culpado, mulheres têm sido acusadas e perseguidas em redes sociais – sem provas – de participarem do atentado ao candidato do PSL. Entre os nomes que circulam na rede estão os de Maria Clara de Paula Ribeiro Tarabal e de Aryane Campos. 

Um tweet de Alexandre Frota, candidato a deputado federal pelo mesmo partido de Bolsonaro, diz: “Atenção Brasil estamos atras dessa mulher que junto com os bandidos elaborou e participou do atentado ao Jair .ligue 190” (sic). 

Apenas o vídeo publicado no canal de Samuca Fernandes teve mais de 177 mil visualizações no YouTube. Já no Facebook, esse mesmo vídeo teve mais de 2 mil interações (reações, comentários e compartilhamentos), segundo o CrowdTangle, ferramenta usada pelo Comprova para análise de redes sociais. 

O site <a targe=""blank"" href=""https://www.boatos.org/politica/livia-gomes-terra-procurada-atentado.html"">Boatos.org</a> também verificou essa peça de desinformação.
",,"1970-01-01 00:00:00",archived-answer,https://projetocomprova.com.br/post/re_2b5w8xbar7en/,https://projetocomprova.com.br/wp-content/uploads/2018/09/bE6hx12QbusnFHbpxEuw-2.png,bE6hx12QbusnFHbpxEuw,,,,https://projetocomprova.com.br/wp-content/uploads/2018/09/bE6hx12QbusnFHbpxEuw-2.png,,,,"a:3:{s:3:""loc"";s:84:""https://projetocomprova.com.br/wp-content/uploads/2018/09/bE6hx12QbusnFHbpxEuw-2.png"";s:5:""title"";s:20:""bE6hx12QbusnFHbpxEuw"";s:7:""caption"";s:0:"""";}|a:3:{s:3:""loc"";s:84:""https://projetocomprova.com.br/wp-content/uploads/2018/09/bE6hx12QbusnFHbpxEuw-2.png"";s:5:""title"";s:20:""bE6hx12QbusnFHbpxEuw"";s:7:""caption"";s:0:"""";}|a:3:{s:3:""loc"";s:84:""https://projetocomprova.com.br/wp-content/uploads/2018/09/bE6hx12QbusnFHbpxEuw-2.png"";s:5:""title"";s:20:""bE6hx12QbusnFHbpxEuw"";s:7:""caption"";s:0:"""";}",,,,,,,,,,,,,,,,publish,1,lunar_admin,oli@lunar.build,,,re_2b5w8xbar7en,,,0,0,0,closed,closed,"1970-01-01 00:00:00",poder360,gauchazh|nsc-comunicacao|sbt|correio-do-povo|afp|uol|jornal-do-commercio|poder360|revista-piaui,"full colour",,,,,,,,,,,,,,,
3625,"Homem em foto com Gleisi Hoffmann não é o agressor de Bolsonaro","É falsa a informação que circula em redes sociais de que o agressor do presidenciável Jair Bolsonaro (PSL) foi fotografado ao lado da senadora Gleisi Hoffmann (PT). O homem que aparece em selfie com a petista, como divulgado na publicação viral, não é Adélio Bispo de Oliveira nem possui semelhança física com o responsável pelo atentado. 

Além disso, o ato político em que Gleisi Hoffmann esteve presente e no qual a foto foi feita ocorreu em cidade diferente do atentado e após a polícia prender o agressor.

A foto verdadeira, uma selfie, foi feita em Curitiba (PR), no mesmo dia do crime contra Bolsonaro, que aconteceu em Juiz de Fora (MG). Cerca de 900 quilômetros separam as duas cidades.

Adélio, o autor do atentado, foi preso na cidade mineira minutos após atacar Bolsonaro com uma faca enquanto o candidato fazia campanha de rua - o atentado aconteceu no período da tarde, às 15h40. 

Uma <a target=""blank"" href=""https://www.facebook.com/gleisi.hoffmann/photos/a.1086636751513577/1086637011513551/?type=3&theater"" rel=""noopener noreferrer"">foto do momento em que o homem faz a selfie com Gleisi Hoffmann</a> foi publicada no Facebook da senadora por sua assessoria, assim como outras imagens feitas no ato de campanha que aconteceu, também no dia 6 de setembro, na praça Rui Barbosa, no centro da capital paranaense. 

O Comprova comparou fotos de Adélio com a do rapaz ao lado de Hoffmann no Betaface, software de reconhecimento facial. A ferramenta mostrou que os rostos não são compatíveis. O resultado indicou 63,4% de equivalência de traços faciais, o que é insuficiente para apontar que sejam a mesma pessoa.

A pedido do Comprova, a assessoria de Gleisi Hoffmann disponibilizou a foto original publicada na página oficial da senadora no Facebook. A partir desse arquivo, e usando a ferramenta <a target=""blank"" href=""https://readexifdata.com/"" rel=""noopener noreferrer"">Read Exif Data</a>, foi possível ler os chamados metadados da imagem. Os metadados guardam detalhes sobre a produção da foto, como data e hora do registro, local em que a imagem foi capturada e marca e modelo do equipamento utilizado pelo fotógrafo.

Os metadados da foto de Hoffmann com o homem indicam que o registro foi feito às 20h09 do dia 6 de setembro de 2018, embora a foto só tenha sido publicada no <a target=""blank"" href=""https://www.facebook.com/gleisi.hoffmann/photos/a.1086636751513577/1086637011513551/?type=3&theater"" rel=""noopener noreferrer"">Facebook</a> da senadora no dia seguinte. O horário, as roupas das duas pessoas, o céu escuro correspondem com a imagem viral.

No viral, a senadora aparece à esquerda. Na ""foto da selfie"", feita pela equipe da petista, à direita. Não significa que tenham sido feitas em momentos diferentes. É possível que o uso da câmera frontal do aparelho celular tenha invertido a imagem ou a inversão pode ter sido feita posteriormente, quando da postagem nas redes. É por isso que os nomes que aparecem nas placas atrás da dupla também aparecem invertidos.

Presidente do PT, Gleisi Hoffmann é candidata a deputada federal e costuma atuar como porta-voz do ex-presidente Lula, que está preso em Curitiba e teve sua candidatura à presidência impugnada. 

Até a publicação deste texto, o homem da foto original não havia sido localizado pelo Comprova.   

A assessoria de Hoffmann também desconhece a identidade do homem. Ao Comprova, informou que Hoffmann costuma tirar fotos e conversar com as pessoas que a procuram no local. 

O site <a target=""blank"" href=""https://www.boatos.org/politica/gleisi-hoffmann-foto-adelio-bispo.html"" rel=""noopener noreferrer"">Boatos.org</a> também verificou que a corrente viral que liga Hoffmann ao autor do crime contra Bolsonaro é falsa. No <a target=""blank"" href=""https://twitter.com/gleisi/status/1038780691297853440"" rel=""noopener noreferrer"">Twitter</a>, Hoffmann afirmou ser vítima de boatos e mentiras. ",,"1970-01-01 00:00:00",archived-answer,https://projetocomprova.com.br/post/re_2b5w8xzabrxb/,https://projetocomprova.com.br/wp-content/uploads/2018/09/gPOMIIJOT9u6IyWyusYy-2.png,gPOMIIJOT9u6IyWyusYy,,,,https://projetocomprova.com.br/wp-content/uploads/2018/09/gPOMIIJOT9u6IyWyusYy-2.png,,,,"a:3:{s:3:""loc"";s:84:""https://projetocomprova.com.br/wp-content/uploads/2018/09/gPOMIIJOT9u6IyWyusYy-2.png"";s:5:""title"";s:20:""gPOMIIJOT9u6IyWyusYy"";s:7:""caption"";s:0:"""";}|a:3:{s:3:""loc"";s:84:""https://projetocomprova.com.br/wp-content/uploads/2018/09/gPOMIIJOT9u6IyWyusYy-2.png"";s:5:""title"";s:20:""gPOMIIJOT9u6IyWyusYy"";s:7:""caption"";s:0:"""";}|a:3:{s:3:""loc"";s:84:""https://projetocomprova.com.br/wp-content/uploads/2018/09/gPOMIIJOT9u6IyWyusYy-2.png"";s:5:""title"";s:20:""gPOMIIJOT9u6IyWyusYy"";s:7:""caption"";s:0:"""";}",,,,,,,,,,,,,,,,publish,1,lunar_admin,oli@lunar.build,,,re_2b5w8xzabrxb,,,0,0,0,closed,closed,"1970-01-01 00:00:00",uol,gauchazh|nsc-comunicacao|sbt|correio-do-povo|radio-bandeirantes|poder360|jornal-do-commercio|uol|revista-piaui,red,,,,,,,,,,,,,,,
3627,"Imagens atribuídas a suposto ""kit gay"" não foram distribuídas em escolas","Circulam nas redes sociais imagens de um material informativo sobre doenças sexualmente transmissíveis que mostram casais praticando sexo. O material é atribuído como parte do que ficou pejorativamente conhecido como “kit gay”, uma cartilha que teria sido preparada pelo Ministério da Educação (MEC) para ser distribuída nas escolas públicas do país. Tal informação não procede: as imagens não fazem parte de material elaborado pelo MEC.

Uma das postagens enganosas, publicada no Facebook pela página “Lava Jato Notícias” em 27 de agosto de 2018, diz que a cartilha foi elaborada durante a gestão do ex-ministro da educação Fernando Haddad (PT), que comandou o órgão de 2005 a 2012. Haddad é vice-candidato à Presidência da chapa do PT.

Por meio de uma busca reversa desta imagem no Google, o Comprova descobriu que a imagem foi retirada de um post do blog Apocalink, de 22 de maio de 2011. Este, por sua vez, publicou as imagens de sexo entre vários casais, em preto e branco, com informações sobre doenças sexualmente transmissíveis, e alega que os materiais seriam distribuídos nas escolas pelo Ministério da Saúde – o que não ocorreu.

As imagens de casais fazendo sexo foram retiradas de uma cartilha produzida de fato pelo Ministério da Saúde sobre prevenção das IST e do HIV, mas utilizada para capacitação de profissionais que trabalham com redução de danos com usuários de álcool e outras drogas, principalmente injetáveis. De acordo com o próprio Ministério, esse material nunca foi destinado para escolas.

O Apocalink também publicou uma cartilha chamada “Caderno das Coisas Importantes”, erroneamente chamado pelo site de “Kit Gay” (termo pejorativo para o projeto Escola sem Homofobia, <a target=""blank"" href=""https://novaescola.org.br/conteudo/84/conheca-o-kit-gay-vetado-pelo-governo-federal-em-2011"" rel=""noopener noreferrer"">vetado pelo governo federal em 2011</a>). O material foi elaborado pelo Ministério da Saúde e teve o apoio do MEC, Unicef (Fundo das Nações Unidas para a Infância) e Unesco (Organização das Nações Unidas para a Educação, a Ciência e a Cultura).

Segundo o Ministério da Saúde, o “Caderno das Coisas Importantes” foi publicado em 2006 e fazia parte de um conjunto de materiais educativos para o <a target=""blank"" href=""http://portal.mec.gov.br/projeto-saude-e-prevencao-nas-escolas-spe/apresentacao"" rel=""noopener noreferrer"">Projeto Saúde e Prevenção nas Escolas</a> (SPE), trabalhado com professores em turmas do ensino médio (jovens de 15 a 18 anos, aproximadamente) de escolas públicas. O material trazia informações sobre formas de transmissão e prevenção das Infecções Sexualmente Transmissíveis (IST) e do HIV/Aids, além de informações sobre corpo e sexualidade. De acordo com o órgão, processo de produção do material foi amplo e contou com a colaboração de especialistas e técnicos da área de educação.

Segundo o CrowdTangle, ferramenta de análise das redes sociais, a postagem do Apocalink teve 2,7 mil interações (reações, comentários e compartilhamentos) no Facebook. Também há registros do mesmo conteúdo falso em grupos no Facebook e em correntes do WhatsApp. 

O site <a target=""blank"" href=""https://www.boatos.org/politica/capa-kit-gay-haddad-vaza-internet.html"" rel=""noopener noreferrer"">Boatos.Org</a> também verificou essa peça de desinformação.",,"1970-01-01 00:00:00",archived-answer,https://projetocomprova.com.br/post/re_2b5w8xyg4a4z/,https://projetocomprova.com.br/wp-content/uploads/2018/09/1wDMFbMNRK6fKfyt7sR4-2.png,1wDMFbMNRK6fKfyt7sR4,,,,https://projetocomprova.com.br/wp-content/uploads/2018/09/1wDMFbMNRK6fKfyt7sR4-2.png,,,,"a:3:{s:3:""loc"";s:84:""https://projetocomprova.com.br/wp-content/uploads/2018/09/1wDMFbMNRK6fKfyt7sR4-2.png"";s:5:""title"";s:20:""1wDMFbMNRK6fKfyt7sR4"";s:7:""caption"";s:0:"""";}|a:3:{s:3:""loc"";s:84:""https://projetocomprova.com.br/wp-content/uploads/2018/09/1wDMFbMNRK6fKfyt7sR4-2.png"";s:5:""title"";s:20:""1wDMFbMNRK6fKfyt7sR4"";s:7:""caption"";s:0:"""";}|a:3:{s:3:""loc"";s:84:""https://projetocomprova.com.br/wp-content/uploads/2018/09/1wDMFbMNRK6fKfyt7sR4-2.png"";s:5:""title"";s:20:""1wDMFbMNRK6fKfyt7sR4"";s:7:""caption"";s:0:"""";}",,,,,,,,,,,,,,,,publish,1,lunar_admin,oli@lunar.build,,,re_2b5w8xyg4a4z,,,0,0,0,closed,closed,"1970-01-01 00:00:00",nova-escola,gauchazh|nsc-comunicacao|correio-do-povo|sbt|afp|uol|poder360|jornal-do-commercio,red,,,,,,,,,,,,,,,
3629,"Foto em que agressor de Bolsonaro aparece ao lado de Lula é montagem","A imagem que coloca o agressor do candidato a presidente Jair Bolsonaro (PSL) próximo ao ex-presidente Luiz Inácio Lula da Silva (PT) é uma montagem. O material manipulado digitalmente foi compartilhado em redes sociais, inclusive pelo senador Magno Malta (PR-ES).

Apoiador de Bolsonaro, Malta postou a imagem enganosa no Twitter e escreveu “Olha rm que time joga o marginal” (sic). Na montagem, o rosto de Adélio Bispo de Oliveira foi inserido na foto em que Lula aparece ao centro, ladeado pelos senadores Lindbergh Farias (PT-RJ) e Gleisi Hoffmann (PT-PR), presidente do Partido dos Trabalhadores, entre outros apoiadores. Um círculo vermelho, também inserido digitalmente, destaca o rosto de Adélio, o homem que atacou Bolsonaro na tarde da última quinta-feira (6) em Juiz de Fora (MG).

A foto original foi feita em maio de 2017 por Ricardo Stuckert, do Instituto Lula. Na ocasião, Lula prestou depoimento ao juiz Sérgio Moro, em Curitiba. A foto já foi <a target=""blank"" href=""http://www.pt.org.br/condenacao-gera-onda-de-solidariedade-a-ex-presidente-lula"" rel=""noopener noreferrer"">reproduzida no site do PT</a>, em portais e jornais. Um homem de óculos escuros aparece originalmente no lugar onde o rosto de Oliveira foi inserido digitalmente na última quinta.

A localização e a identificação da foto original são possíveis com ferramentas de busca reversa de imagem, como o TinEye.

Usuários da rede comentaram no tuíte de Magno Malta que aquilo se tratava de uma montagem. O senador acabou apagando a publicação ainda na quinta, mas o Comprova recuperou a imagem usando o WayBack Machine, uma ferramenta que permite arquivar conteúdos mesmo depois de removidos da internet.

Antes de ser apagada, a postagem do parlamentar já tinha sido retuitada 1.267 vezes. A conta @HelioNogueiraTV também tuitou a foto acrescentando que Adélio é filiado ao PT, o que é falso. De acordo com <a target=""blank"" href=""https://noticias.uol.com.br/politica/eleicoes/2018/noticias/2018/09/06/psol-confirma-que-suspeito-de-esfaquear-bolsonaro-foi-filiado-ao-partido.htm"" rel=""noopener noreferrer"">dados do TSE</a> (Tribunal Superior Eleitoral), Adélio Bispo de Oliveira foi filiado ao PSOL entre 2007 e 2014. Ele não tem filiação partidária no momento, informação que pode ser verificada no site <a target=""blank"" href=""http://www.tse.jus.br/partidos/filiacao-partidaria/relacao-de-filiados"" rel=""noopener noreferrer"">Filiaweb</a>, mantido pelo tribunal.

O general Hamilton Mourão (PRTB), candidato a vice de Bolsonaro, e Levy Fidelix, presidente do PRTB, também procuraram vincular Oliveira ao PT. Em nota, eles disseram que o ataque foi feito “por um militante do Partido dos Trabalhadores”. Outros sites ainda associaram o agressor ao PDT.

As agências <a target=""blank"" href=""https://aosfatos.org/noticias/o-que-se-sabe-ate-agora-sobre-o-ataque-bolsonaro/"" rel=""noopener noreferrer""> Aos Fatos</a> e <a traget=""blank"" href=""https://piaui.folha.uol.com.br/lupa/2018/09/06/atentado-bolsonaro-tempo-real/"">Lupa </a> e o portal <a target=""blank"" href=""https://congressoemfoco.uol.com.br/video/magno-malta-posta-foto-falsa-que-liga-esfaqueador-de-bolsonaro-a-lula-e-pt/"" rel=""noopener noreferrer"">Congresso em Foco</a> também apontaram que a imagem do agressor próximo a Lula é uma montagem.",,"1970-01-01 00:00:00",archived-answer,https://projetocomprova.com.br/post/re_2b5w8xywb4mn/,https://projetocomprova.com.br/wp-content/uploads/2018/09/aiafw1n4SrKVVZ57t5Jf-2.png,aiafw1n4SrKVVZ57t5Jf,,,,https://projetocomprova.com.br/wp-content/uploads/2018/09/aiafw1n4SrKVVZ57t5Jf-2.png,,,,"a:3:{s:3:""loc"";s:84:""https://projetocomprova.com.br/wp-content/uploads/2018/09/aiafw1n4SrKVVZ57t5Jf-2.png"";s:5:""title"";s:20:""aiafw1n4SrKVVZ57t5Jf"";s:7:""caption"";s:0:"""";}|a:3:{s:3:""loc"";s:84:""https://projetocomprova.com.br/wp-content/uploads/2018/09/aiafw1n4SrKVVZ57t5Jf-2.png"";s:5:""title"";s:20:""aiafw1n4SrKVVZ57t5Jf"";s:7:""caption"";s:0:"""";}|a:3:{s:3:""loc"";s:84:""https://projetocomprova.com.br/wp-content/uploads/2018/09/aiafw1n4SrKVVZ57t5Jf-2.png"";s:5:""title"";s:20:""aiafw1n4SrKVVZ57t5Jf"";s:7:""caption"";s:0:"""";}",,,,,,,,,,,,,,,,publish,1,lunar_admin,oli@lunar.build,,,re_2b5w8xywb4mn,,,0,0,0,closed,closed,"1970-01-01 00:00:00",uol|1506,nsc-comunicacao|gauchazh|correio-do-povo|sbt|poder360|uol|jornal-do-commercio|revista-piaui,red,,,,,,,,,,,,,,,
3631,"Feministas a favor do aborto não fazem ato satânico contra os cristãos","Um vídeo publicado numa rede social mostra suposto movimento feminista a favor do aborto, em um parque onde mulheres vestidas de bruxas realizam satanismo para atingir os cristãos. 

No entanto, o vídeo original é de uma intervenção de um movimento feminista durante a discussões sobre a lei de liberação do aborto na Argentina, que dividiu o país em favor e contra. 

O movimento, conhecido por 'La Descolonizada', gravou a intervenção teatral do coletivo 'Arde el Aquelare', em uma praça de Santa Fé, na Argentina, de um ritual de bruxas que defendem a liberdade de escolha das mulheres, inclusive por ter direito ao aborto. 

""As bruxas sempre foram mulheres que se atreveram a serem ótimas, corajosas e regressivas, inteligentes, dissidentes, ouvintes, curiosas independentes, liberadas sexualmente e revolucionárias. Somos bruxas, somos mulheres, somos libertação, somos nós"", diz parte do manifesto publicado pelo coletivo em rede social.

O evento aconteceu em 10 de junho de 2018, horas antes do projeto de lei da legalização da liberação do aborto entrar na pauta da Câmara dos Deputados do Congresso Nacional argentino. Dois dias depois, um jornal argentino publicou o vídeo do evento e uma reportagem sobre a intervenção.",,"1970-01-01 00:00:00",archived-answer,https://projetocomprova.com.br/post/re_2b5w8xbabxqn/,https://projetocomprova.com.br/wp-content/uploads/2018/08/FoFAzqB1QBWW4GbQOUPq-2.png,FoFAzqB1QBWW4GbQOUPq,,,,https://projetocomprova.com.br/wp-content/uploads/2018/08/FoFAzqB1QBWW4GbQOUPq-2.png,,,,"a:3:{s:3:""loc"";s:84:""https://projetocomprova.com.br/wp-content/uploads/2018/08/FoFAzqB1QBWW4GbQOUPq-2.png"";s:5:""title"";s:20:""FoFAzqB1QBWW4GbQOUPq"";s:7:""caption"";s:0:"""";}|a:3:{s:3:""loc"";s:84:""https://projetocomprova.com.br/wp-content/uploads/2018/08/FoFAzqB1QBWW4GbQOUPq-2.png"";s:5:""title"";s:20:""FoFAzqB1QBWW4GbQOUPq"";s:7:""caption"";s:0:"""";}|a:3:{s:3:""loc"";s:84:""https://projetocomprova.com.br/wp-content/uploads/2018/08/FoFAzqB1QBWW4GbQOUPq-2.png"";s:5:""title"";s:20:""FoFAzqB1QBWW4GbQOUPq"";s:7:""caption"";s:0:"""";}",,,,,,,,,,,,,,,,publish,1,lunar_admin,oli@lunar.build,,,re_2b5w8xbabxqn,,,0,0,0,closed,closed,"1970-01-01 00:00:00",sbt|1506,jornal-do-commercio|nsc-comunicacao|sbt|revista-piaui,red,,,,,,,,,,,,,,,
3635,"""Petistas nus"" não invadiram manifestação pró-Bolsonaro em Nova York","Um vídeo que mostra o que parece ser um protesto pró-Lula na Times Square, em Nova York, e do outro lado da aglomeração, numa área isolada por barreiras, um grupo de pessoas nuas, vem ganhando força no Twitter. Um dos tweets sugere que o ato foi feito para tumultuar uma manifestação pró-Bolsonaro que também era realizada próximo ao local. Os “pelados”, entretanto, não fazem parte de nenhuma manifestação partidária, mas de um evento de naturismo que acontecia no local. 

Manifestantes fizeram um ato de <a target=""blank"" href=""https://lula.com.br/lulaco-na-time-square-em-nova-york/"" rel=""noopener noreferrer"">apoio ao ex-presidente Lula</a> no último dia 2 de setembro, em Nova York. A concentração ocorreu em um ponto da Times Square, coincidindo com as celebrações do ""<a target=""blank"" href=""http://www.brazilianday.com/informacoes/"" rel=""noopener noreferrer"">Brazilian Day 2018</a>"" e com outras manifestações em apoio ao deputado Jair Bolsonaro. 

Porém, estava agendado para o mesmo dia, o evento <a target=""blank"" href="" https://ultimatefreedomconcert.com/"" rel=""noopener noreferrer"">Ultimate Freedom Concert</a>, promovido pelo músico e militante naturista Ton Dou. A apresentação do artista foi anunciada com a proposta de promover a nudez como um direito humano natural e isento de sanções penais. Não há qualquer menção ao ex-presidente Lula na página de divulgação do evento. 

Imagens da Time Square disponíveis no site <a target=""blank"" href=""https://www.earthcam.com/cams/newyork/timessquare/?cam=tstwo_hd"" rel=""noopener noreferrer"">EarthCam</a> mostram que o ato naturista ocorreu em uma área cercada por grades, afastada de onde eram exibidas as faixas em apoio ao ex-presidente. Transmissões ao vivo e outros vídeos divulgados nas redes sociais verificados pelo Comprova confirmam que as manifestações em apoio a Lula e a Bolsonaro ocorreram ao mesmo tempo, nos arredores da popular escadaria vermelha da Times Square. O Comprova não encontrou evidências de que houve algum tipo de confronto no local.

O vídeo reproduzido em contas no Twitter, no entanto, afirma que pessoas sem roupa participaram do ato pró-Lula. ""Que absurdo, o pessoal do Lula trouxe a galera pelada aqui na Times Square, em Nova York"", diz o autor do vídeo. Uma das publicações, com mais de 500 retweets e 1,4 mil curtidas, anuncia que ""petralhas pelados invadem manifestação pró-Bolsonaro em NY"". Até o dia 6 de setembro, o vídeo já ultrapassava as 38 mil visualizações. ",,"1970-01-01 00:00:00",archived-answer,https://projetocomprova.com.br/post/re_2b5w8xnj53kb/,https://projetocomprova.com.br/wp-content/uploads/2018/09/Trh5L1jZS02VcPwYha7D-2.png,Trh5L1jZS02VcPwYha7D,,,,https://projetocomprova.com.br/wp-content/uploads/2018/09/Trh5L1jZS02VcPwYha7D-2.png,,,,"a:3:{s:3:""loc"";s:84:""https://projetocomprova.com.br/wp-content/uploads/2018/09/Trh5L1jZS02VcPwYha7D-2.png"";s:5:""title"";s:20:""Trh5L1jZS02VcPwYha7D"";s:7:""caption"";s:0:"""";}|a:3:{s:3:""loc"";s:84:""https://projetocomprova.com.br/wp-content/uploads/2018/09/Trh5L1jZS02VcPwYha7D-2.png"";s:5:""title"";s:20:""Trh5L1jZS02VcPwYha7D"";s:7:""caption"";s:0:"""";}|a:3:{s:3:""loc"";s:84:""https://projetocomprova.com.br/wp-content/uploads/2018/09/Trh5L1jZS02VcPwYha7D-2.png"";s:5:""title"";s:20:""Trh5L1jZS02VcPwYha7D"";s:7:""caption"";s:0:"""";}",,,,,,,,,,,,,,,,publish,1,lunar_admin,oli@lunar.build,,,re_2b5w8xnj53kb,,,0,0,0,closed,closed,"1970-01-01 00:00:00",jornal-do-commercio,nsc-comunicacao|radio-bandeirantes|jornal-do-commercio|uol|sbt|poder360,red,,,,,,,,,,,,,,,
3637,"Amoêdo não trabalha para o megainvestidor George Soros","É enganoso o vídeo que afirma que o candidato do Partido Novo à Presidência, João Amoêdo, é ligado ao magnata George Soros e trabalha para uma de suas organizações, a Open Society Foundations, acusada na gravação de ser “criminosa” e de ""financiar a esquerda em todo o mundo"". Há fatos verdadeiros no vídeo, mas que aparecem misturados a informações inverídicas. 

Um dos principais argumentos do vídeo para ligar Amoêdo a Soros é a relação do bilionário húngaro-americano com o ex-presidente do Banco Central Armínio Fraga (1999-2003). Entre 1993 e 1999, o economista brasileiro foi diretor-gerente do <a target=""blank"" href=""https://www.weforum.org/organizations/soros-fund-management-llc"" rel=""noopener noreferrer"">Soros Fund Management</a> (SFM), a firma de investimentos de Soros, mas após deixar o BC abriu sua própria empresa, a Gávea Investimentos. Ao Comprova, Fraga disse admirar o trabalho da Open Society Foundations, mas confirmou que não tem vínculos com Soros.

No vídeo, Armínio Fraga é apontado como parceiro de Amoêdo na criação do Partido Novo. Ocorre que o economista não está na relação de <a target=""blank"" href=""https://novo.org.br/fundadores/"" rel=""noopener noreferrer"">fundadores</a> do Novo e não é filiado à agremiação. A assessoria do partido informou ao Comprova que Amoêdo e Fraga são “conhecidos, mas nunca tiveram relação pessoal”. Fraga, por sua vez, afirmou que nunca atuou em sociedade com Amoêdo.

Além de Fraga e Amoêdo, o vídeo aponta uma terceira pessoa como artífice da criação do Partido Novo: outro ex-presidente do Banco Central, Fernão Bracher. O vídeo acerta ao afirmar que Bracher <a target=""blank"" href=""https://www.bcb.gov.br/pre/GaleriadosPresidentes/default-p.asp"" rel=""noopener noreferrer"">comandou</a> o Banco Central no governo de José Sarney, responsável por iniciar a <a target=""blank"" href=""https://oglobo.globo.com/economia/privatizacoes-se-aceleraram-nos-anos-90-3200216"" rel=""noopener noreferrer"">política de venda de estatais</a>, mas não é possível apontar que Bracher, enquanto no cargo, era o ""líder do programa de privatizações"". 

De fato, Bracher fundou o banco BBA, como diz o vídeo, mas após deixar o governo, em 1988. O banco atuou nas privatizações e foi <a target=""blank"" href=""https://web.archive.org/web/20180116122843/http://www.itaubba.com.br/portugues/bba/index.asp"" rel=""noopener noreferrer"">a única instituição brasileira</a> a coordenar o consórcio de bancos estrangeiros para investimentos no programa de privatização. 

A origem da relação entre Bracher e Amoêdo que aparece no vídeo está correta. Amoêdo trabalhou no BBA ao lado de Bracher. A companhia cresceu e, em 2002, foi vendida ao banco Itaú. Hoje, a Itaú-BBA é o braço do conglomerado responsável por atender investidores e empresas com alto faturamento. 

O que não procede no vídeo é a alegação de que Fraga atuou com a dupla. Nos 11 anos em que Amoêdo atuou no banco BBA (1988/1999), Armínio Fraga, que supostamente seria a ligação do candidato com Soros e a Open Society, passou pela gerência de operações do Banco Garantia (1985/1988), no Rio de Janeiro, pela vice-presidência do Salomon Brothers, em Nova York (1989/1991), pela direção de assuntos internacionais do Banco Central do Brasil (1991/1992) e pela Soros Fund Management (1993/1999), também em Nova York.

Outra suposta ligação entre Amoêdo e Soros seria o banco Itaú, apontado na peça como um “império” que teria “fortes ligações com George Soros”. O Itaú Unibanco é, de fato, um dos maiores conglomerados financeiros do mundo, mas não há qualquer evidência sobre Soros ser o dono do banco. Em 2010, ele comprou ações do Itaú, conforme publicou a <a target=""blank"" href=""https://exame.abril.com.br/mercados/fundo-de-george-soros-sai-de-santander-e-compra-itau-unibanco/"" rel=""noopener noreferrer"">revista Exame</a>. Essa publicação tem servido para alimentar boatos sobre a instituição pertencer ao megainvestidor.

O vínculo de Amoêdo com o Itaú se deu apenas por meio do braço da instituição dedicado aos altos investidores, o Itaú-BBA, resultado de <a target=""blank""href=""https://economia.estadao.com.br/noticias/geral,itau-compra-bba-creditanstalt-por-r-3-3-bilhoes,20021105p40406"" rel=""noopener noreferrer"">aquisição realizada em 2002</a>. <a target=""blank"" href=""https://joaoamoedo.com.br/quem-e-joao/historia/"" rel=""noopener noreferrer"">Entre 2009 e 2015</a>, ele integrou o conselho de administração da investidora. Amoêdo entrou pouco depois da <a target=""blank"" href=""https://economia.uol.com.br/ultnot/2008/11/03/ult4294u1817.jhtm"" rel=""noopener noreferrer"">fusão</a> entre Itaú e Unibanco, anunciada em novembro de 2008. Antes disso, a partir de 2004, ele havia sido vice-presidente e membro do conselho de administração do Unibanco.

O Partido Novo é apontado no vídeo como extensão do banco Itaú e da atuação do suposto trio Bracher-Amoêdo-Fraga. Como dito acima, Fraga não atuou com Bracher e Amoêdo. Bracher, que foi presidente da Itaú-BBA, não está na lista de fundadores do Partido Novo, mas doou <a target=""blank"" href=""https://www.valor.com.br/politica/4727663/maiores-financiadores-tem-origem-no-itau-unibanco"" rel=""noopener noreferrer"">R$ 50 mil</a> para ajudar a erguer o partido, fundado sob liderança de Amoêdo em 2011, além de outros <a target=""blank""href=""http://divulgacandcontas.tse.jus.br/divulga/#/candidato/2018/2022802018/BR/280000607640/integra/receitas"" rel=""noopener noreferrer"">R$ 50 mil</a> à campanha presidencial deste ano. Seu filho, Candido Bracher, é atualmente o presidente do Itaú Unibanco.

O Itaú não tem vínculos institucionais com o Partido Novo, mas executivos e ex-executivos do banco estão entre os diversos empresários que fizeram doações à agremiação quando esta foi criada, como mostrou reportagem do jornal <a target=""blank"" href=""https://www.valor.com.br/politica/4727663/maiores-financiadores-tem-origem-no-itau-unibanco"" rel=""noopener noreferrer"">Valor Econômico</a> de setembro de 2016. Atualmente, o Novo é presidido por Moisés Jardim, que <a target=""blank"" href=""https://www.linkedin.com/in/mois%C3%A9s-jardim-1a26a013/"" rel=""noopener noreferrer"">foi diretor do Itaucred</a>, outro braço do Itaú Unibanco.   

Para apresentar o Novo como um partido de esquerda com ""layout novo” e financiado por George Soros, o vídeo elenca equivocadamente uma série de organizações supostamente patrocinadas pela Open Society Foundations, a organização filantrópica do bilionário. A OSF já investiu US$ 32 bilhões em projetos ao redor do mundo, e seus <a target=""blank"" href=""https://www.opensocietyfoundations.org/grants-database/"" rel=""noopener noreferrer"">financiamentos concedidos</a> são abertos. 

Não há na listagem patrocínios a Foro de São Paulo, MST, “Partido Comunista”, PT ou PSDB — nomes citados no boato. Por outro lado, consta um financiamento de cinco meses à Fundação Instituto Fernando Henrique Cardoso, em 2016, no valor de US$ 15.700, e um de US$ 53.633 à organização Quebrando o Tabu, que recebeu dinheiro da OSF por 18 meses.

A peça, de quase cinco minutos, foi enviada ao WhatsApp do Comprova (11) 97795-0022 por diversos leitores. 

O Comprova entrou em contato com a Open Society Foundations e um porta-voz da organização informou que o vídeo é “impreciso”. Procurado pelo Comprova, o Itaú preferiu não se manifestar.
",,"1970-01-01 00:00:00",archived-answer,https://projetocomprova.com.br/post/re_2b5w8xzxlqgz/,https://projetocomprova.com.br/wp-content/uploads/2018/09/ymDmfiBMRvySoSyi2WJP-2.jpg,ymDmfiBMRvySoSyi2WJP,,,,https://projetocomprova.com.br/wp-content/uploads/2018/09/ymDmfiBMRvySoSyi2WJP-2.jpg,,,,"a:3:{s:3:""loc"";s:84:""https://projetocomprova.com.br/wp-content/uploads/2018/09/ymDmfiBMRvySoSyi2WJP-2.jpg"";s:5:""title"";s:20:""ymDmfiBMRvySoSyi2WJP"";s:7:""caption"";s:0:"""";}|a:3:{s:3:""loc"";s:84:""https://projetocomprova.com.br/wp-content/uploads/2018/09/ymDmfiBMRvySoSyi2WJP-2.jpg"";s:5:""title"";s:20:""ymDmfiBMRvySoSyi2WJP"";s:7:""caption"";s:0:"""";}|a:3:{s:3:""loc"";s:84:""https://projetocomprova.com.br/wp-content/uploads/2018/09/ymDmfiBMRvySoSyi2WJP-2.jpg"";s:5:""title"";s:20:""ymDmfiBMRvySoSyi2WJP"";s:7:""caption"";s:0:"""";}",,,,,,,,,,,,,,,,publish,1,lunar_admin,oli@lunar.build,,,re_2b5w8xzxlqgz,,,0,0,0,closed,closed,"1970-01-01 00:00:00",sbt,nsc-comunicacao|correio-do-povo|gauchazh|jornal-do-commercio|poder360|sbt,red,,,,,,,,,,,,,,,
3639,"Não há evidência de que casa que aparece em meme seja de Lula","Não há evidência de que uma casa de luxo que aparece em um montagem de fotos compartilhada nas redes sociais seja de propriedade do ex-presidente Luiz Inácio Lula da Silva.

A casa que aparece na publicação existe e fica no município de Camaçari, região metropolitana de Salvador (BA). Procurada pela AFP, integrante do Comprova, a corretora responsável negou que o imóvel, de 890 metros quadrados e anunciado a venda por R$ 2,5 milhões, pertença ou tenha pertencido a Lula em algum momento. 

A montagem mostra quatro casas. Três delas de luxo, uma como sendo de Lula e outras duas atribuídas à ex-presidente Dilma Rousseff e à presidente do PT, Gleisi Hoffmann, e uma quarta, de um casebre, com a inscrição ""Casa dos milhões de brasileiros que o PT 'tirou' da pobreza"".

O Comprova verificou que as outras imagens que fazem parte do meme também estão atribuídas erroneamente. 

A suposta residência de Dilma fica em Itaparica, a aproximadamente 30 km a oeste de Salvador, e a proprietária afirma que o imóvel nunca pertenceu à ex-presidente. A foto da suposta casa de Gleisi Hoffmann é do condomínio Reserva do Parque, no bairro Ponta Negra, em Manaus. O corretor responsável diz que as casas ainda estão em construção e que a presidente do PT não adquiriu nenhuma unidade no local. A foto da casa ""dos brasileiros"" foi tirada na Colômbia. Trata-se de um domicílio de barro e pau-a-pique em Villanueva de Guajira, a aproximadamente 860 km ao norte de Bogotá, na região de fronteira com a Venezuela. Segundo <a target=""blank"" href=""http://villanueva24h.blogspot.com/2015/05/habitaron-por-mas-de-20-anos-en-una.html"" rel=""noopener noreferrer"">informou Villanueva 24h</a>, em 2015, a família Cabarcas Peña habitou o lugar por mais de 20 anos até que a casa foi reconstruída em maio de 2015 com a ajuda de vizinhos.

Segundo a declaração de bens de Lula à Justiça Eleitoral, ele não é proprietário de nenhuma casa, mas de três apartamentos — todos eles em São Bernardo do Campo (SP), seu berço político. Não há evidência que ligue Lula à casa em Camaçari. Em verificação anterior feita pelo Comprova, a assessoria de imprensa de Lula disse que “todos os bens e contas do ex-presidente e sua família já foram devassados pela Operação Lava Jato"". 

Em 2017, Lula foi condenado por ter se beneficiado de um apartamento tríplex em Guarujá, litoral de São Paulo, oferecido pela empreiteira OAS, investigada na Lava Jato, em troca de mediação para obter contratos na Petrobras. E desde abril de 2018, o ex-presidente cumpre a pena, de 12 anos e um mês de prisão, na superintendência da Polícia Federal em Curitiba (PR). Lula nega as acusações. 

Lula foi registrado pelo PT como presidenciável da legenda em 2018, mas teve sua candidatura barrada pelo Tribunal Superior Eleitoral (TSE). A defesa do petista entrou com recurso, contestando a decisão da corte eleitoral.  

No Facebook, em duas semanas o meme teve mais de 190 mil compartilhamentos.",,"1970-01-01 00:00:00",archived-answer,https://projetocomprova.com.br/post/re_2b5w8xbnw45n/,https://projetocomprova.com.br/wp-content/uploads/2018/09/Rzpf1AxORhCohHDOo030-2.png,Rzpf1AxORhCohHDOo030,,,,https://projetocomprova.com.br/wp-content/uploads/2018/09/Rzpf1AxORhCohHDOo030-2.png,,,,"a:3:{s:3:""loc"";s:84:""https://projetocomprova.com.br/wp-content/uploads/2018/09/Rzpf1AxORhCohHDOo030-2.png"";s:5:""title"";s:20:""Rzpf1AxORhCohHDOo030"";s:7:""caption"";s:0:"""";}|a:3:{s:3:""loc"";s:84:""https://projetocomprova.com.br/wp-content/uploads/2018/09/Rzpf1AxORhCohHDOo030-2.png"";s:5:""title"";s:20:""Rzpf1AxORhCohHDOo030"";s:7:""caption"";s:0:"""";}|a:3:{s:3:""loc"";s:84:""https://projetocomprova.com.br/wp-content/uploads/2018/09/Rzpf1AxORhCohHDOo030-2.png"";s:5:""title"";s:20:""Rzpf1AxORhCohHDOo030"";s:7:""caption"";s:0:"""";}",,,,,,,,,,,,,,,,publish,1,lunar_admin,oli@lunar.build,,,re_2b5w8xbnw45n,,,0,0,0,closed,closed,"1970-01-01 00:00:00",afp,nsc-comunicacao|sbt|uol|poder360|afp,red,,,,,,,,,,,,,,,
3641,"Música pró-Bolsonaro não é de artistas cubanos e nem há evidência de que faça sucesso nos EUA","A canção ""O Mito chegou"" que, segundo algumas postagens nas redes sociais, teria sido gravada por artistas cubanos e estaria ""bombando"" nas rádios da Flórida, na verdade foi criada por um venezuelano que mora no Brasil e não há registro de que tenha feito sucesso nos Estados Unidos.

A composição, feita em apoio ao presidenciável do PSL, Jair Bolsonaro, é de autoria do venezuelano El Veneco, que mora no Brasil e tem um canal no YouTube com 9 mil seguidores. O Comprova confirmou com El Veneco a autoria da canção. Ele administra uma conta no WhatsApp em que divulga suas produções. O artista, entretanto, não respondeu a outros questionamentos do Comprova. O canal no YouTube tem publicações regulares desde 2015, com manifestações de apoio e outras canções pró-Bolsonaro desde novembro de 2016.

Na data da publicação original, em 9 de outubro de 2017, o autor também divulgou um <a target=""blank"" href=""https://www.youtube.com/watch?v=cU8S4Ibe0L8"" rel=""noopener noreferrer"">vídeo de bastidor</a> da produção, realizada em parceria com seu filho, chamado de V-Hero. 

O vídeo da música, em ritmo reggaeton, estilo caribenho que mescla diversos gêneros como rap, reggae, salsa e pop, contava com mais de 43 mil visualizações até a publicação deste texto. 

A letra, em português, tem trechos como: “O mito chegou, o Brasil acordou. Esperança de verdade, olhar de criança e agora podemos ver um Brasil de verdade”. Além de dizer o nome de Bolsonaro, o cantor aparece no vídeo usando uma camisa com o rosto do candidato do PSL. 

Em um vídeo divulgado no último dia <a target=""blank"" href=""https://www.youtube.com/watch?v=cQQuBgRSoSM"" rel=""noopener noreferrer"">30 de agosto</a>, El Veneco explica que compôs “O Mito Chegou” em 2017, mas não registrou o título (o que impediria a livre reprodução em rádios da Flórida devido aos direitos autorais).

Não há registros de “O Mito Chegou” ou de canções do artista El Veneco no aplicativo de músicas Spotify. Também não há registro da música entre as 50 composições latinas nas listas semanais da <a target=""blank"" href=""https://www.billboard.com/charts/latin-songs"" rel=""noopener noreferrer"">Billboard</a>, publicação norte-americana especializada em informações sobre a indústria musical.

No Twitter, a publicação com o conteúdo do viral com maior engajamento data do último dia 3 de setembro, também anunciando a suposta repercussão nos Estado Unidos: ""Um camarada meu que mora em Tampa nos EUA disse que na Flórida esse som ta bombando nas rádios"". 

No Facebook, o título também foi reproduzido com a mesma versão de que se trata de uma canção de cubanos nos EUA. Uma das publicações, datada do último dia 1º de setembro, tem 1,2 mil comentários e 14 mil compartilhamentos.

A sugestão de verificação da corrente viral foi enviada ao WhatsApp do Comprova. 

O conteúdo da peça foi anteriormente checado pelo site <a target=""blank"" href=""https://www.boatos.org/politica/artistas-cubanos-eua-musica-bolsonaro.html"" rel=""noopener noreferrer"">Boatos.org</a>. ",,"1970-01-01 00:00:00",archived-answer,https://projetocomprova.com.br/post/re_2b5w8xylveyb/,https://projetocomprova.com.br/wp-content/uploads/2018/09/zZd8PzeNTQWOCA2Lcvz8-2.png,zZd8PzeNTQWOCA2Lcvz8,,,,https://projetocomprova.com.br/wp-content/uploads/2018/09/zZd8PzeNTQWOCA2Lcvz8-2.png,,,,"a:3:{s:3:""loc"";s:84:""https://projetocomprova.com.br/wp-content/uploads/2018/09/zZd8PzeNTQWOCA2Lcvz8-2.png"";s:5:""title"";s:20:""zZd8PzeNTQWOCA2Lcvz8"";s:7:""caption"";s:0:"""";}|a:3:{s:3:""loc"";s:84:""https://projetocomprova.com.br/wp-content/uploads/2018/09/zZd8PzeNTQWOCA2Lcvz8-2.png"";s:5:""title"";s:20:""zZd8PzeNTQWOCA2Lcvz8"";s:7:""caption"";s:0:"""";}|a:3:{s:3:""loc"";s:84:""https://projetocomprova.com.br/wp-content/uploads/2018/09/zZd8PzeNTQWOCA2Lcvz8-2.png"";s:5:""title"";s:20:""zZd8PzeNTQWOCA2Lcvz8"";s:7:""caption"";s:0:"""";}",,,,,,,,,,,,,,,,publish,1,lunar_admin,oli@lunar.build,,,re_2b5w8xylveyb,,,0,0,0,closed,closed,"1970-01-01 00:00:00",gauchazh,sbt|poder360|uol|nsc-comunicacao|jornal-do-commercio|gauchazh,"full colour",,,,,,,,,,,,,,,
3643,"TCU fez auditoria mas não responsabilizou Haddad por rombo no Fies","Uma notícia de 2016, que trata de uma auditoria do Tribunal de Contas da União sobre o programa de Financiamento Estudantil (Fies) e que teria descoberto um “rombo estimado em R$ 20 bilhões”, ressurgiu nos últimos dias no site Publica Brasil e em perfis de redes sociais como prova do comprometimento do candidato Fernando Haddad, um dos indiciados na ação. A matéria, entretanto, falha ao não atualizar os leitores sobre o andamento da investigação.

O TCU de fato realizou uma auditoria nas contas do Fies e intimou oito autoridades ligadas ao PT para prestar depoimento - entre elas o candidato e ex-ministro da Educação, Fernando Haddad. Esse processo correu em 2016. O órgão finalizou a investigação em 2018, após ouvir todos os envolvidos, e inocentou os ministros, além de determinar o arquivamento do processo.

As fontes para essa conclusão são os arquivos do próprio TCU. Em 23/11/2016, a ministra Ana Arraes <a target=""blank"" href=""https://portal.tcu.gov.br/biblioteca-digital/auditoria-operacional-no-fundo-de-financiamento-estudantil-fies.htm"" rel=""noopener noreferrer"">divulgou o relatório</a> no qual aponta que “verificou-se que o Fies passou por período de significativa ampliação sem que houvesse um planejamento adequado ou estudos que amparassem o crescimento da política pública, o que tem acarretado riscos à sustentabilidade do programa”. 

Entre os achados, o TCU destaca que “a curto prazo, calculou-se que, a preços de dezembro de 2015, o custo para se manter os contratos de financiamentos já assinados é de R$ 55,4 bilhões até 2020”, e teria percebido que “apesar do aumento do número de matrículas, o Fies não contribuiu de forma significativa para o crescimento da taxa líquida de matrículas no ensino superior”. Com esse levantamento, a ministra convocou para audiências os ministros responsáveis pela pasta da Educação no período auditado, incluindo Fernando Haddad e Aloizio Mercadante.

Entretanto, as postagens compartilhadas em setembro de 2018 não citam as conclusões das investigações e audiências, que foram apresentadas em julho de 2018. <a target=""blank"" href=""https://www.valor.com.br/politica/5668993/tcu-inocenta-ministros-petistas-acusados-de-irregularidades-no-fies"" rel=""noopener noreferrer"">Por seis votos a dois</a>, o plenário do TCU aceitou os argumentos dos ex-ministros e o processo foi encerrado. A ministra e relatora Ana Arraes - um dos votos pela absolvição - acatou as justificativas dos indiciados, que alegaram que o programa foi gerido sem qualquer tipo de ilegalidade. 

Os dois votos contrários - dos ministros Augusto Sherman e André Luís de Carvalho - ainda recomendaram uma multa de R$ 50 mil aos investigados, sugestão que não foi aceita pela plenária. <a target=""blank"" href=""https://www.conjur.com.br/dl/voto-ana-arraes-tcu-ministros-educacao.pdf"" rel=""noopener noreferrer"">No seu voto</a>, a relatora afirma que a multa “parece-me medida de extremo rigor, ante as dificuldades reais dos referidos gestores”. 

O texto que está sendo espalhado pelas redes sociais, publicado em 03/09/2018, é uma cópia de outro publicado na época dos primeiros acontecimentos, em 24/11/2016, e que usa como fonte <a target=""blank"" href=""https://educacao.estadao.com.br/noticias/geral,tcu-ve-ma-gestao-e-rombo-bilionario-no-fies,10000090169"" rel=""noopener noreferrer"">notícia publicada pelo Estadão</a>. Diversas páginas e perfis do Facebook e do Twitter têm divulgado as matérias sobre o indiciamento (tanto o texto novo quanto o antigo) de diversas fontes. Entre eles, uma postagem no Facebook com mais de 2,2 mil compartilhamentos, e outra no Twitter que ultrapassa os 470 retweets. ",,"1970-01-01 00:00:00",archived-answer,https://projetocomprova.com.br/post/re_2b5w8xzxl7yz/,https://projetocomprova.com.br/wp-content/uploads/2018/09/Gbx4mp8URMOpy5eOfNN1-2.png,Gbx4mp8URMOpy5eOfNN1,,,,https://projetocomprova.com.br/wp-content/uploads/2018/09/Gbx4mp8URMOpy5eOfNN1-2.png,,,,"a:3:{s:3:""loc"";s:84:""https://projetocomprova.com.br/wp-content/uploads/2018/09/Gbx4mp8URMOpy5eOfNN1-2.png"";s:5:""title"";s:20:""Gbx4mp8URMOpy5eOfNN1"";s:7:""caption"";s:0:"""";}|a:3:{s:3:""loc"";s:84:""https://projetocomprova.com.br/wp-content/uploads/2018/09/Gbx4mp8URMOpy5eOfNN1-2.png"";s:5:""title"";s:20:""Gbx4mp8URMOpy5eOfNN1"";s:7:""caption"";s:0:"""";}|a:3:{s:3:""loc"";s:84:""https://projetocomprova.com.br/wp-content/uploads/2018/09/Gbx4mp8URMOpy5eOfNN1-2.png"";s:5:""title"";s:20:""Gbx4mp8URMOpy5eOfNN1"";s:7:""caption"";s:0:"""";}",,,,,,,,,,,,,,,,publish,1,lunar_admin,oli@lunar.build,,,re_2b5w8xzxl7yz,,,0,0,0,closed,closed,"1970-01-01 00:00:00",,nsc-comunicacao|gauchazh|sbt|correio-do-povo|revista-piaui|uol|jornal-do-commercio|poder360,red,,,,,,,,,,,,,,,
3645,"Texto de apoio a Jair Bolsonaro não é de Arnaldo Jabor","Texto compartilhado nas redes sociais em que o cineasta e jornalista Arnaldo Jabor declara voto aberto ao deputado Jair Bolsonaro como única chance real ""de derrotar a esquerda já no primeiro turno"" é falso. O próprio Jabor nega a autoria. 

A narrativa foi construída como se o autor perguntasse e ele mesmo respondesse. Em uma parte do texto, o autor pergunta: ""Então por que vou votar no Bolsonaro?"" E, na sequência, ele responde: ""Porque o meu voto é contra a esquerda. Porque ele é a única opção que tenho! Ele é o único candidato que tem a chance real de derrotar a esquerda já no primeiro turno! Então o meu voto é dele desde o primeiro turno. Ele está na política tempo o suficiente e não se deixou corromper"". 

Em seu <a target=""blank"" href=""https://www.youtube.com/watch?v=dbOwYnsDFQk"" rel=""noopener noreferrer"">canal oficial no YouTube</a>, Jabor divulgou uma manifestação no último dia 2 de setembro desmentindo a autoria do texto: ""Está circulando na internet um boato sórdido de que eu teria dito que votaria no Bolsonaro e no seu vice, Mourão. Isto é uma mentira, eu jamais faria isso..."" declarou o cineasta.

O Comprova verificou que a mensagem circula em publicações de usuários no Facebook desde os últimos dias de agosto, mas inicialmente sem fazer menção a Arnaldo Jabor. Versões do mesmo texto, no entanto, passaram a ser compartilhadas pelo menos desde o último dia 30 de agosto com a assinatura e foto de Jabor. Também há registros do mesmo conteúdo falso no Twitter e em correntes do WhatsApp. 

O <a target=""blank""href=""https://www.boatos.org/politica/arnaldo-jabor-bolsonaro-votar.html
"" rel=""noopener noreferrer"">Boatos.Org</a> também já desmentiu o suposto apoio de Arnaldo Jabor a Bolsonaro. Em agosto, o jornal <a target=""blank""href=""https://www.otempo.com.br/hotsites/elei%C3%A7%C3%B5es-2018/arnaldo-jabor-n%C3%A3o-defendeu-a-candidatura-de-jo%C3%A3o-amo%C3%AAdo-1.2017955"" rel=""noopener noreferrer"">O Tempo</a> esclareceu outra farsa envolvendo o nome de Jabor, depois que uma falsa conta atribuída ao cineasta defendeu a candidatura de João Amoêdo (Novo) no Twitter. ",,"1970-01-01 00:00:00",archived-answer,https://projetocomprova.com.br/post/re_2b5w8xnpl1jn/,https://projetocomprova.com.br/wp-content/uploads/2018/09/WgCth4iYRLG4IV9jMWIP-2.png,WgCth4iYRLG4IV9jMWIP,,,,https://projetocomprova.com.br/wp-content/uploads/2018/09/WgCth4iYRLG4IV9jMWIP-2.png,,,,"a:3:{s:3:""loc"";s:84:""https://projetocomprova.com.br/wp-content/uploads/2018/09/WgCth4iYRLG4IV9jMWIP-2.png"";s:5:""title"";s:20:""WgCth4iYRLG4IV9jMWIP"";s:7:""caption"";s:0:"""";}|a:3:{s:3:""loc"";s:84:""https://projetocomprova.com.br/wp-content/uploads/2018/09/WgCth4iYRLG4IV9jMWIP-2.png"";s:5:""title"";s:20:""WgCth4iYRLG4IV9jMWIP"";s:7:""caption"";s:0:"""";}|a:3:{s:3:""loc"";s:84:""https://projetocomprova.com.br/wp-content/uploads/2018/09/WgCth4iYRLG4IV9jMWIP-2.png"";s:5:""title"";s:20:""WgCth4iYRLG4IV9jMWIP"";s:7:""caption"";s:0:"""";}",,,,,,,,,,,,,,,,publish,1,lunar_admin,oli@lunar.build,,,re_2b5w8xnpl1jn,,,0,0,0,closed,closed,"1970-01-01 00:00:00",1506,nsc-comunicacao|correio-do-povo|revista-piaui|uol|sbt|gauchazh|poder360|jornal-do-commercio,red,,,,,,,,,,,,,,,
3647,"Rede de lojas diz que comunicado sobre venda a prazo a eleitores de Ciro Gomes é falso","As mensagens que circulam nas redes sociais e no WhatsApp afirmando que as Casas Bahia não farão vendas a prazo para os eleitores de Ciro Gomes até o fim das eleições são uma sátira. Algumas dessas imagens usam o logotipo da rede varejista simulando um comunicado oficial. A empresa afirma que o comunicado é falso.

As Casas Bahia pertencem à Via Varejo, terceira maior empresa varejista em operação no país. Em contato com o projeto Comprova, a rede informou, por meio de sua assessoria de imprensa, que “essa informação [sobre a suposta suspensão de vendas para eleitores do candidato do PDT a presidente] é falsa” e que o comunicado “não foi divulgado oficialmente pela empresa”.

No dia 1º de agosto, <a target=""blank"" href=""https://globosatplay.globo.com/globonews/v/6915549/"" rel=""noopener noreferrer"">Ciro Gomes foi entrevistado</a> na Central de Eleições da Globo News. Na entrevista, ele promete que, se eleito, o governo federal ajudará a tirar o nome de brasileiros da lista de devedores do SPC (Serviço de Proteção ao Crédito). 

Os primeiros registros do boato identificados pelo Comprova começaram a circular na semana em que aconteceu o primeiro debate entre presidenciáveis deste ano, promovido pela Band na noite do dia 9 de agosto. No dia seguinte, o humorista <a target=""blank"" href=""https://twitter.com/jose_simao/status/1028034425714606080"" rel=""noopener noreferrer"">José Simão postou em seu perfil no Twitter</a> a simulação de comunicado da empresa, em forma de brincadeira. Ele afirmou ao Comprova que recebeu o “meme” por e-mail de alguns leitores e ouvintes. Até esta terça-feira, 4 de setembro, o post recebeu 2,2 mil curtidas e 497 retweets. 

Algumas pessoas acreditaram na imagem e enviaram para o perfil da loja na rede social, elogiando a iniciativa. A empresa, no entanto, <a target=""blank"" href=""https://twitter.com/AVENAoficial/status/1028040749475082240"" rel=""noopener noreferrer"">desmentiu</a> a informação pelo próprio perfil. Numa troca de mensagens com outro usuário, a empresa afirmou que <a target=""blank"" href=""https://twitter.com/CasasBahia/status/1029020563405242369"" rel=""noopener noreferrer"">sabia que se tratava de uma brincadeira</a>.

O programa de governo de Ciro Gomes lembra que “63 milhões de consumidores estavam inadimplentes no primeiro semestre de 2018, segundo o Serviço de Proteção ao Crédito” e diz, de forma genérica, que o candidato pretende ajudar “esse imenso contingente de pessoas e famílias a reduzir seu atual endividamento”.

Segundo Ciro, serão avaliadas as <a target=""blank"" href=""https://www1.folha.uol.com.br/poder/2018/08/apos-critica-ciro-altera-proposta-sobre-spc-e-estabelece-prazo-para-divida.shtml"" rel=""noopener noreferrer"">dívidas feitas até o último dia 20 de julho</a>, data em que ele falou pela primeira vez sobre a intenção de renegociar as dívidas dos inadimplentes, descontando cobranças de multas e correções.",,"1970-01-01 00:00:00",archived-answer,https://projetocomprova.com.br/post/re_2b5w8xnxp0gn/,https://projetocomprova.com.br/wp-content/uploads/2018/09/YEIOACVTS8e2H3RPczoQ-2.png,YEIOACVTS8e2H3RPczoQ,,,,https://projetocomprova.com.br/wp-content/uploads/2018/09/YEIOACVTS8e2H3RPczoQ-2.png,,,,"a:3:{s:3:""loc"";s:84:""https://projetocomprova.com.br/wp-content/uploads/2018/09/YEIOACVTS8e2H3RPczoQ-2.png"";s:5:""title"";s:20:""YEIOACVTS8e2H3RPczoQ"";s:7:""caption"";s:0:"""";}|a:3:{s:3:""loc"";s:84:""https://projetocomprova.com.br/wp-content/uploads/2018/09/YEIOACVTS8e2H3RPczoQ-2.png"";s:5:""title"";s:20:""YEIOACVTS8e2H3RPczoQ"";s:7:""caption"";s:0:"""";}|a:3:{s:3:""loc"";s:84:""https://projetocomprova.com.br/wp-content/uploads/2018/09/YEIOACVTS8e2H3RPczoQ-2.png"";s:5:""title"";s:20:""YEIOACVTS8e2H3RPczoQ"";s:7:""caption"";s:0:"""";}",,,,,,,,,,,,,,,,publish,1,lunar_admin,oli@lunar.build,,,re_2b5w8xnxp0gn,,,0,0,0,closed,closed,"1970-01-01 00:00:00",uol,nsc-comunicacao|sbt|poder360|jornal-do-commercio|uol,red,,,,,,,,,,,,,,,
3649,"Foto de homens armados com cartaz de Bolsonaro é montagem","É falsa uma imagem que está sendo compartilhada nas redes sociais e que mostra homens armados posando para uma foto atrás de um cartaz com os dizeres: ""Bolsonaru (sic) é bala CV”, em referência à facção criminosa Comando Vermelho. 

No registro mais antigo da imagem localizado pelo Comprova, de janeiro de 2016, não há nenhum cartaz diante do grupo de homens. De acordo com o site que a publicou naquele ano, a foto foi feita em uma comunidade no município de Japeri, no Rio de Janeiro. Mostra 19 homens posando para a câmera com armas na mão. A foto com a menção ao presidenciável foi cortada para que aparecesse um plano mais fechado, e um cartaz foi digitalmente colocado à frente do grupo.

A publicação com a suposta rejeição de uma facção criminosa à candidatura de Jair Bolsonaro (PSL) ganhou força nas redes sociais em meados de agosto, após a Procuradoria Regional Eleitoral do Ceará receber, anonimamente, um documento, atribuído ao grupo criminoso Comando Vermelho (CV). A mensagem da circular sugere  a proibição da campanha eleitoral de políticos em determinadas regiões, entre eles Bolsonaro. Não há, contudo, qualquer confirmação oficial das <a target=""blank"" href=""https://www.opovo.com.br/jornal/reportagem/2018/08/a-interferencia-das-faccoes-criminosas-no-processo-eleitoral.html"" rel=""noopener noreferrer"">autoridades</a> sobre a veracidade do texto.

Apesar da ausência de informações concretas sobre a circular, diversos apoiadores do presidenciável, inclusive seu filho Carlos Bolsonaro, vereador do Rio de Janeiro, têm publicado nas redes sociais que o grupo criminoso proíbe a propaganda de Bolsonaro nos seus territórios. 

A publicação com a foto que mostra o cartaz foi feita pela conta do Twitter @HélioNogueiraTV e foi retuitada 2,3 mil vezes e obteve mais de cinco mil curtidas em dois dias. A publicação com maior repercussão foi da página “Ódio do Bem”, que compartilhou a foto original ao lado da montagem no dia 29 de agosto de 2018 junto com o texto: “A esquerda tá desesperada tentando por o Comando Vermelho atrás do Bolsonaro que tão até criando fake news”. 

A agência <a target=""blank"" href=""https://piaui.folha.uol.com.br/lupa/2018/08/30/verificamos-foto-cartaz-bolsonaro-cv/"" rel=""noopener noreferrer"">Lupa</a> e o <a target=""blank"" href=""https://piaui.folha.uol.com.br/lupa/2018/08/30/verificamos-foto-cartaz-bolsonaro-cv/"" rel=""noopener noreferrer"">e-Farsas</a> já haviam explicado que a foto é uma montagem.",,"1970-01-01 00:00:00",archived-answer,https://projetocomprova.com.br/post/re_2b5w8xnxpl8n/,https://projetocomprova.com.br/wp-content/uploads/2018/08/qfBHL65DRZWoRU3xprZK-2.png,qfBHL65DRZWoRU3xprZK,,,,https://projetocomprova.com.br/wp-content/uploads/2018/08/qfBHL65DRZWoRU3xprZK-2.png,,,,"a:3:{s:3:""loc"";s:84:""https://projetocomprova.com.br/wp-content/uploads/2018/08/qfBHL65DRZWoRU3xprZK-2.png"";s:5:""title"";s:20:""qfBHL65DRZWoRU3xprZK"";s:7:""caption"";s:0:"""";}|a:3:{s:3:""loc"";s:84:""https://projetocomprova.com.br/wp-content/uploads/2018/08/qfBHL65DRZWoRU3xprZK-2.png"";s:5:""title"";s:20:""qfBHL65DRZWoRU3xprZK"";s:7:""caption"";s:0:"""";}|a:3:{s:3:""loc"";s:84:""https://projetocomprova.com.br/wp-content/uploads/2018/08/qfBHL65DRZWoRU3xprZK-2.png"";s:5:""title"";s:20:""qfBHL65DRZWoRU3xprZK"";s:7:""caption"";s:0:"""";}",,,,,,,,,,,,,,,,publish,1,lunar_admin,oli@lunar.build,,,re_2b5w8xnxpl8n,,,0,0,0,closed,closed,"1970-01-01 00:00:00",gauchazh,nsc-comunicacao|poder360|radio-bandeirantes|sbt|uol|jornal-do-commercio,"black and white",,,,,,,,,,,,,,,
3651,"Mensagens sobre financiamentos do BNDES em obras no Exterior usam informações falsas","Reproduções de imagens de tuítes da conta Brasil em Fotos, que foi suspensa pelo Twitter, estão sendo compartilhadas pelo WhatsApp com informações sobre contratos de financiamento do Banco Nacional de Desenvolvimento Econômico e Social (BNDES) para obras no Exterior durante os governos petistas de Luiz Inácio Lula da Silva e Dilma Rousseff. O Comprova verificou 10 desses tuítes e concluiu que oito deles usam informações falsas.

Para verificar o conteúdo, o Comprova entrou em contato com o BNDES, por meio de sua assessoria de imprensa, e conferiu os projetos de financiamento no Exterior em seu <a target=""blank"" href=""https://www.bndes.gov.br/wps/portal/site/home/transparencia/consulta-operacoes-bndes"" rel=""noopener noreferrer"">Portal da Transparência</a>.

Três imagens citaram obras que nunca receberam financiamento do banco: a Ferrovia Sarmiento, na Argentina; uma rede de gasodutos em Montevidéu, no Uruguai; e a ponte sobre o Rio Orinoco, na Venezuela. As postagens traziam inclusive valores dos supostos repasses. Outras duas imagens mencionaram obras que chegaram a ser contratadas com o BNDES, mas que foram canceladas e, por isso, nunca houve o desembolso de recursos: a Hidrelétrica de Laúca, na Angola, e uma termelétrica na República Dominicana. 

Outras duas reproduções apresentaram obras que foram financiadas pela instituição brasileira. Porém, colocaram valores incorretos. O Aeroporto de Nacala, em Moçambique, teve financiados US$ 125 milhões (e não US$ 200 milhões), e o Gasoduto San Martin, na Argentina, teve financiados US$ 468 milhões (e não US$ 2 bilhões). O Porto de Mariel, em Cuba, também recebeu financiamento do BNDES. O banco, no entanto, nunca repassou valores para a construção de casas, como sugere a imagem que ilustra o tuíte.

Nessa sequência de mensagens, outras duas imagens apresentaram informações corretas. De fato, o BNDES financiou a Transvase Daule Vinces, no Equador, ao valor de US$ 136.970.400, e o sistema de tratamento de água de Paraná de Las Palmas, na Argentina, ao valor de US$ 293.866.536.",,"1970-01-01 00:00:00",archived-answer,https://projetocomprova.com.br/post/re_2b5w8xyjjwwy/,https://projetocomprova.com.br/wp-content/uploads/2018/09/Erey7SDzQaTv3JRkh0DQ-2.png,Erey7SDzQaTv3JRkh0DQ,,,,https://projetocomprova.com.br/wp-content/uploads/2018/09/Erey7SDzQaTv3JRkh0DQ-2.png,,,,"a:3:{s:3:""loc"";s:84:""https://projetocomprova.com.br/wp-content/uploads/2018/09/Erey7SDzQaTv3JRkh0DQ-2.png"";s:5:""title"";s:20:""Erey7SDzQaTv3JRkh0DQ"";s:7:""caption"";s:0:"""";}|a:3:{s:3:""loc"";s:84:""https://projetocomprova.com.br/wp-content/uploads/2018/09/Erey7SDzQaTv3JRkh0DQ-2.png"";s:5:""title"";s:20:""Erey7SDzQaTv3JRkh0DQ"";s:7:""caption"";s:0:"""";}|a:3:{s:3:""loc"";s:84:""https://projetocomprova.com.br/wp-content/uploads/2018/09/Erey7SDzQaTv3JRkh0DQ-2.png"";s:5:""title"";s:20:""Erey7SDzQaTv3JRkh0DQ"";s:7:""caption"";s:0:"""";}",,,,,,,,,,,,,,,,publish,1,lunar_admin,oli@lunar.build,,,re_2b5w8xyjjwwy,,,0,0,0,closed,closed,"1970-01-01 00:00:00",gauchazh|1506,sbt|nsc-comunicacao|revista-piaui|poder360|uol|gauchazh|jornal-do-commercio,red,,,,,,,,,,,,,,,
3653,"Bandeira do Brasil com número que remete a facção criminosa apareceu em vídeo de Alckmin","Um clipe da campanha de Geraldo Alckmin, candidato à presidência pelo PSDB, foi divulgado pela sua assessoria com duas referências à facção criminosa PCC (Primeiro Comando da Capital) e substituído por uma nova versão. Perfis em redes sociais difundiram a informação e o Comprova verificou que, de fato, há duas edições diferentes. 

Na manhã do dia 28 de agosto de 2018, a assessoria do tucano divulgou um jingle do candidato em um grupo de WhatsApp destinado a jornalistas que cobrem a campanha de Alckmin. Logo nos primeiros segundos do vídeo, uma jovem percorre as vielas de uma favela e numa bandeira do Brasil aparece a inscrição “1533” no lugar de Ordem e Progresso. A combinação dos algarismos é uma referência à posição em que as letras PCC aparecem no alfabeto (“P” é a 15ª e “C” é a 3ª). O PCC teve origem em São Paulo.

Embora tenha sido a própria campanha de Geraldo Alckmin a divulgar o vídeo com o “1533” no WhatsApp, o site do presidenciável publicou um “<a target=""blank"" href=""https://www.geraldoalckmin.com.br/noticias/videoclipe-do-jingle-nao-faz-mencao-ao-pcc/"" rel=""noopener noreferrer"">desmentido</a>” em que acusa “mentirosos de plantão” de usarem uma “versão não oficial do clipe, que vazou na internet” e a editarem “para inserir imagens em alusão ao crime organizado”. 

A equipe de Alckmin acabou distribuindo uma nova versão do jingle, produzida pela Farol Filmes, da qual um dos sócios é Lula Guimarães, marqueteiro-chefe da campanha do tucano. O portal <a target=""blank"" href="" https://www.poder360.com.br/eleicoes/numero-do-pcc-aparece-em-jingle-de-alckmin-e-campanha-refaz-video"" rel=""noopener noreferrer"">Poder360</a> manteve os dois vídeos em seu canal no YouTube para que as cenas possam ser comparadas. Veja abaixo:

Na <a target=""blank"" href=""https://www.youtube.com/watch?v=xxVT-EJVEeU"" rel=""noopener noreferrer"">primeira versão</a> do jingle, o “1533” é mostrado aos 8 segundos, dentro de uma bandeira do Brasil (no lugar da inscrição “Ordem e Progresso”). A inscrição volta a aparecer quando o vídeo chega a 1 minuto.

Na <a target=""blank"" href=""https://www.youtube.com/watch?v=UJ_PFBf0fsA"" rel=""noopener noreferrer"">segunda versão</a> do videoclipe, a jovem ganhou mais destaque, ficando ao centro da imagem e a bandeira foi desfocada manualmente. Ao ser questionada sobre o motivo da mudança, a equipe de marketing de Alckmin alegou questões “técnicas”. 

No dia 30 de agosto de 2018, uma postagem do perfil no Twitter chamado ""Corote"" divulgou trecho do vídeo de Alckmin. A publicação dá link para o Poder360, mas usa um vídeo montado por ele com parte de um texto publicado no site Tribuna do Paraná. Este tweet foi visto 72,5 mil vezes e teve 1,3 mil compartilhamentos.

A presença do PCC em São Paulo é um dos temas mais explorados pelos adversários de Alckmin. Ele governou o Estado por duas ocasiões (2001-2006 e 2011-2018) e é constantemente questionado sobre o crescente aumento da facção nesse período.",,"1970-01-01 00:00:00",archived-answer,https://projetocomprova.com.br/post/re_2b5w8xbpdbqb/,https://projetocomprova.com.br/wp-content/uploads/2018/09/GzlK2mteQMOsWOnrHKjH-2.png,GzlK2mteQMOsWOnrHKjH,,,,https://projetocomprova.com.br/wp-content/uploads/2018/09/GzlK2mteQMOsWOnrHKjH-2.png,,,,"a:3:{s:3:""loc"";s:84:""https://projetocomprova.com.br/wp-content/uploads/2018/09/GzlK2mteQMOsWOnrHKjH-2.png"";s:5:""title"";s:20:""GzlK2mteQMOsWOnrHKjH"";s:7:""caption"";s:0:"""";}|a:3:{s:3:""loc"";s:84:""https://projetocomprova.com.br/wp-content/uploads/2018/09/GzlK2mteQMOsWOnrHKjH-2.png"";s:5:""title"";s:20:""GzlK2mteQMOsWOnrHKjH"";s:7:""caption"";s:0:"""";}|a:3:{s:3:""loc"";s:84:""https://projetocomprova.com.br/wp-content/uploads/2018/09/GzlK2mteQMOsWOnrHKjH-2.png"";s:5:""title"";s:20:""GzlK2mteQMOsWOnrHKjH"";s:7:""caption"";s:0:"""";}",,,,,,,,,,,,,,,,publish,1,lunar_admin,oli@lunar.build,,,re_2b5w8xbpdbqb,,,0,0,0,closed,closed,"1970-01-01 00:00:00",poder360,revista-piaui|gauchazh|correio-do-povo|uol|nsc-comunicacao|sbt|jornal-do-commercio|poder360,green,,,,,,,,,,,,,,,
3655,"Sonia Guajajara, vice de Boulos, usa nome indígena com amparo da legislação","Publicações nas redes sociais acusam a candidata a vice-presidência pelo PSOL, Sonia Guajajara, de mentir ""até no nome”. Para justificar a acusação, as postagens incluem uma captura de tela do site do TSE com as informações registradas pela candidata, suprimindo parte em que Sonia se declara indígena. 

A estratégia de Sonia é legítima e aceita pelo TSE. Qualquer pessoa pode se declarar indígena e não existem documentos oficiais que atestem pertencimento aos povos existentes.

Apesar de ser registrada como Sonia Bone de Souza Silva Santos, ela adota o nome de seu povo, Guajajara, como identidade pública, inclusive na candidatura registrada no Tribunal Superior Eleitoral (TSE), o que é permitido por lei. De acordo com a <a target=""blank"" href=""http://www.tse.jus.br/legislacao-tse/res/2017/RES235482017.html"" rel=""noopener noreferrer"">Resolução 23.548 do TSE</a>, o nome utilizado na urna eletrônica pode ser um apelido ou o nome pelo qual o candidato é mais conhecido. 

Sonia é da etnia Guajajara/Tentehar, que habita a Terra Indígena Araribóia, no Maranhão. “Filha de pais analfabetos, deixou suas origens pela primeira vez aos 15 anos, quando recebeu ajuda da Funai para cursar o ensino médio em Minas Gerais. Depois, voltou para o Maranhão, onde se formou em letras e enfermagem e fez pós-graduação em Educação Especial”, diz trecho da biografia da candidata extraído do site do seu partido.

No Brasil, o processo de colonização exterminou e aculturou indígenas, fazendo com que muitos passassem a usar nomes de origem não-indígena. Quando Sonia nasceu, em março de 1974, o <a target=""blank"" href=""http://www.planalto.gov.br/ccivil_03/leis/L6001.htm"" rel=""noopener noreferrer"">Estatuto do Índio</a> e a <a target=""blank"" href=""http://www.planalto.gov.br/ccivil_03/leis/L6015compilada.htm"" rel=""noopener noreferrer"">Lei de Registros</a> estavam em vigor havia poucos meses – ambas as legislações são de dezembro de 1973. Elas previam normas para os registros de índios, mas somente para os não integrados à “comunhão nacional”, ou seja, aos que viviam isolados.

O Estatuto determinou que os nascimentos fossem “registrados de acordo com a legislação comum, atendidas as peculiaridades de sua condição quanto à qualificação do nome, prenome e filiação”.

A Lei de Registros dizia, porém, que índios não integrados à sociedade não eram obrigados a fazer o registro de nascimento em cartório, o que poderia ser feito em livro próprio do órgão federal de assistência aos índios.

O fim da tutela, em 1988, como determinou a Constituição, deu mais autonomia aos indígenas. Passou a prevalecer a autodeterminação dos povos e a autodeclaração por parte de indivíduos e grupos.

Porém, a questão do registro não se resolvia na prática. Por este motivo, o Conselho Nacional de Justiça (CNJ) e o Conselho Nacional do Ministério Público (CNMP) decidiram adotar, em 2012, uma <a target=""blank"" href=""http://www.cnmp.mp.br/portal/images/stories/Resoluo__Conjunta_n_03_de_18_de_abril_de_2012.pdf"" rel=""noopener noreferrer"">resolução conjunta</a> “considerando a necessidade de se regulamentar em âmbito nacional o assento de nascimento de indígenas nos Serviços de Registro Civil das Pessoas Naturais”. 

Os conselhos estabeleceram que “no assento de nascimento do indígena, integrado ou não, deve ser lançado, a pedido do apresentante, o nome indígena do registrando, de sua livre escolha” e que “no caso de registro de indígena, a etnia do registrando pode ser lançada como sobrenome, a pedido do interessado”.

No Maranhão, somente em agosto de 2013, a <a target=""blank"" href=""http://www.tjma.jus.br/cgj/visualiza/sessao/50/publicacao/402962"" rel=""noopener noreferrer"">Corregedoria-Geral de Justiça</a> do Maranhão determinou que a legislação sobre registro civil de indígena, que consta na resolução do TSE, fosse cumprida. Mesmo assim, os indígenas ainda enfrentam dificuldades. Em outubro do ano passado, por exemplo, foi necessária uma <a target=""blank"" href=""https://defensoria.ma.def.br/dpema/index.php/SiteInstitucional/ver_noticia/5300"" rel=""noopener noreferrer"">ação judicial</a> para obrigar um cartório a registrar recém-nascidos do povo indígena Gamela com o sobrenome da etnia no Maranhão.",,"1970-01-01 00:00:00",archived-answer,https://projetocomprova.com.br/post/re_2b5w8xzkjxmy/,https://projetocomprova.com.br/wp-content/uploads/2018/08/jLCo7D6MQaGP5b5BFmD2-2.png,jLCo7D6MQaGP5b5BFmD2,,,,https://projetocomprova.com.br/wp-content/uploads/2018/08/jLCo7D6MQaGP5b5BFmD2-2.png,,,classic-editor|classic-editor|classic-editor,"a:3:{s:3:""loc"";s:84:""https://projetocomprova.com.br/wp-content/uploads/2018/08/jLCo7D6MQaGP5b5BFmD2-2.png"";s:5:""title"";s:20:""jLCo7D6MQaGP5b5BFmD2"";s:7:""caption"";s:0:"""";}|a:3:{s:3:""loc"";s:84:""https://projetocomprova.com.br/wp-content/uploads/2018/08/jLCo7D6MQaGP5b5BFmD2-2.png"";s:5:""title"";s:20:""jLCo7D6MQaGP5b5BFmD2"";s:7:""caption"";s:0:"""";}|a:3:{s:3:""loc"";s:84:""https://projetocomprova.com.br/wp-content/uploads/2018/08/jLCo7D6MQaGP5b5BFmD2-2.png"";s:5:""title"";s:20:""jLCo7D6MQaGP5b5BFmD2"";s:7:""caption"";s:0:"""";}",,,,,,,,,,,,,,,,publish,1,lunar_admin,oli@lunar.build,,,re_2b5w8xzkjxmy,,,0,0,0,closed,closed,"1970-01-01 00:00:00",,uol|jornal-do-commercio|poder360|revista-piaui|radio-bandeirantes|correio-do-povo|nsc-comunicacao|sbt,red,,,,,,,,,,,,,,,
3657,"Pesquisa em presídios que indicaria rejeição a Bolsonaro não tem registro no TSE","A informação que circula nas redes sociais sobre uma pesquisa de intenção de voto que teria sido realizada em presídios brasileiros e cujo resultado mostra que o candidato Jair Bolsonaro teria 100% de rejeição entre os presos não é verdadeira.

A informação falsa foi compartilhada milhares de vezes em redes como Facebook e Twitter e dá conta de uma consulta que teria sido realizada com 13 mil detentos em 450 presídios e 150 delegacias de todo o país. 

De acordo com a assessoria de comunicação do Tribunal Superior Eleitoral (TSE), para que uma empresa faça pesquisa nos presídios, ela precisa de autorização da Justiça. E para que a pesquisa eleitoral seja viabilizada, deve ser registrada junto ao TSE pela empresa pesquisadora e os dados sobre sua realização devem estar disponíveis no site do Tribunal. Não há registros de nenhuma pesquisa de intenção de voto realizada em presídios e delegacias no período em que a informação foi publicada nas redes sociais.

O Comprova consultou também a editoria de política do portal G1 que negou a publicação da notícia.

O Comprova identificou duas versões desse boato. Uma tem origem em um post no Facebook, a outra é uma montagem produzida para parecer uma notícia publicada no site G1. A primeira menção a esta falsa notícia que localizamos data de 18 de julho. É um meme divulgado pela página MovimentoIndependentBR. A página SomostodosBolsonaro também replicou a imagem e um policial militar e pré-candidato a deputado federal pelo PSL gravou um vídeo onde divulga a falsa informação.",,"1970-01-01 00:00:00",archived-answer,https://projetocomprova.com.br/post/re_2b5w8xbb2r3b/,https://projetocomprova.com.br/wp-content/uploads/2018/08/EwyDg1SYRBWpDOJwtHjy-2.png,EwyDg1SYRBWpDOJwtHjy,,,,https://projetocomprova.com.br/wp-content/uploads/2018/08/EwyDg1SYRBWpDOJwtHjy-2.png,,,,"a:3:{s:3:""loc"";s:84:""https://projetocomprova.com.br/wp-content/uploads/2018/08/EwyDg1SYRBWpDOJwtHjy-2.png"";s:5:""title"";s:20:""EwyDg1SYRBWpDOJwtHjy"";s:7:""caption"";s:0:"""";}|a:3:{s:3:""loc"";s:84:""https://projetocomprova.com.br/wp-content/uploads/2018/08/EwyDg1SYRBWpDOJwtHjy-2.png"";s:5:""title"";s:20:""EwyDg1SYRBWpDOJwtHjy"";s:7:""caption"";s:0:"""";}|a:3:{s:3:""loc"";s:84:""https://projetocomprova.com.br/wp-content/uploads/2018/08/EwyDg1SYRBWpDOJwtHjy-2.png"";s:5:""title"";s:20:""EwyDg1SYRBWpDOJwtHjy"";s:7:""caption"";s:0:"""";}",,,,,,,,,,,,,,,,publish,1,lunar_admin,oli@lunar.build,,,re_2b5w8xbb2r3b,,,0,0,0,closed,closed,"1970-01-01 00:00:00",afp,jornal-do-commercio|uol|afp|poder360|sbt|nsc-comunicacao,"black and white",,,,,,,,,,,,,,,
3659,"Aluna foi expulsa de sala de aula por usar celular e não por apoiar Bolsonaro","Postagem no Facebook alega que vídeo mostraria professor expulsando uma aluna de sua classe por ela vestir camiseta de candidato do PSL ",,"1970-01-01 00:00:00",archived-answer,https://projetocomprova.com.br/post/re_2b5w8xyendyz/,https://projetocomprova.com.br/wp-content/uploads/2018/08/xaIMABAcSAW65SPZJKN6-2.jpg,xaIMABAcSAW65SPZJKN6,,,,https://projetocomprova.com.br/wp-content/uploads/2018/08/xaIMABAcSAW65SPZJKN6-2.jpg,,,,"a:3:{s:3:""loc"";s:84:""https://projetocomprova.com.br/wp-content/uploads/2018/08/xaIMABAcSAW65SPZJKN6-2.jpg"";s:5:""title"";s:20:""xaIMABAcSAW65SPZJKN6"";s:7:""caption"";s:0:"""";}|a:3:{s:3:""loc"";s:84:""https://projetocomprova.com.br/wp-content/uploads/2018/08/xaIMABAcSAW65SPZJKN6-2.jpg"";s:5:""title"";s:20:""xaIMABAcSAW65SPZJKN6"";s:7:""caption"";s:0:"""";}|a:3:{s:3:""loc"";s:84:""https://projetocomprova.com.br/wp-content/uploads/2018/08/xaIMABAcSAW65SPZJKN6-2.jpg"";s:5:""title"";s:20:""xaIMABAcSAW65SPZJKN6"";s:7:""caption"";s:0:"""";}",,,,,,,,,,,,,,,,publish,1,lunar_admin,oli@lunar.build,,,re_2b5w8xyendyz,,,0,0,0,closed,closed,"1970-01-01 00:00:00",,,red,,,,,,,,,,,,,,,
3661,"Impugnar não significa barrar candidatura, como sugere imagem ""carimbada""","Uma imagem publicada no Facebook por Carla Zambelli, candidata a deputada federal pelo PSL por São Paulo, sobre a impugnação do registro de candidatura do ex-presidente Lula (PT) vem dando margem a dúvidas sobre a elegibilidade dos três candidatos que aparecem no post. 

O termo “impugnado” estampado sobre as fotos de Lula, de Dilma Rousseff, candidata ao Senado por Minas Gerais, e do senador Lindbergh Farias, que tenta a reeleição no Rio de Janeiro, fez surgir a dúvida entre os próprios seguidores. Afinal, as candidaturas estão ou não barradas? A própria autora do post esclareceu:  “Impugnação é o pedido para que não participem. A palavra final será da Justiça Eleitoral”. Mas no mesmo post, ela diz que o “PT é o partido dos inelegíveis”.

O Comprova constatou que Lula tem 16 impugnações e notícias de inelegibilidade, o que o impediria, se assim decidir o Tribunal Superior Eleitoral, de disputar as eleições. Ele recorre de todas. De acordo com o próprio TSE, impugnar é o ato de pedir o indeferimento do registro e não barrá-lo, como dá a entender a publicação. Os processos, que têm como relator o ministro Luís Roberto Barroso, podem ser <a target=""blank"" href=""https://pje.tse.jus.br:8443/pje-web/ConsultaPublica/listView.seam"" rel=""noopener noreferrer"">consultados</a> por meio do PJE (Processo Judicial Eletrônico), utilizando o nome completo do candidato. 

A <a target=""blank"" href=""http://www.tse.jus.br/legislacao-tse/res/2017/RES235482017.html"" rel=""noopener noreferrer"">Resolução</a> Nº 23.548, de 18/12/2017, do TSE, explica todo o processo de contestação de candidaturas e quem pode ou não se tornar inelegível. No caso de Lula, a Procuradoria-Geral da República pede que ele seja barrado com base na Lei da Ficha Limpa, pelo fato de já ter sido condenado em 2ª instância no caso do triplex do Guarujá, no litoral de São Paulo. A <a target=""blank"" href=""https://politica.estadao.com.br/blogs/fausto-macedo/lula-e-condenado-por-moro-a-9-anos-de-prisao/"" rel=""noopener noreferrer"">sentença</a> do juiz Sérgio Moro foi confirmada pelo Tribunal Regional Federal da 4ª Região, que elevou <a target=""blank""hr ef=""https://www.gazetadopovo.com.br/politica/republica/lula-e-condenado-por-3-a-0-tribunal-aumenta-pena-e-sugere-prisao-imediata-6i06dqk63lxpat539pl95ymk5"" rel=""noopener noreferrer"">a pena</a> para 12 anos e 1 mês. O ex-presidente está <a target=""blank"" href=""https://g1.globo.com/sp/sao-paulo/noticia/lula-se-entrega-a-pf-para-cumprir-pena-por-corrupcao-e-lavagem-de-dinheiro.ghtml"" rel=""noopener noreferrer""> preso</a> desde o dia 07/04 na Superintendência da Polícia Federal no Paraná, em Curitiba, e recorre da condenação nos tribunais superiores.

A publicação de Carla Zambelli foi feita no dia 22/08 e já no dia seguinte contava com 13 mil compartilhamentos. O post gerou 4,6 mil curtidas e 450 comentários em dois dias e está sendo compartilhado em páginas como a “Mais Saúde e Menos Corruptos”.
",,"1970-01-01 00:00:00",archived-answer,https://projetocomprova.com.br/post/re_2b5w8xbb2g0b/,https://projetocomprova.com.br/wp-content/uploads/2018/08/5qAYLCmRwKaaRfE21ZfU-2.png,5qAYLCmRwKaaRfE21ZfU,,,,https://projetocomprova.com.br/wp-content/uploads/2018/08/5qAYLCmRwKaaRfE21ZfU-2.png,,,,"a:3:{s:3:""loc"";s:84:""https://projetocomprova.com.br/wp-content/uploads/2018/08/5qAYLCmRwKaaRfE21ZfU-2.png"";s:5:""title"";s:20:""5qAYLCmRwKaaRfE21ZfU"";s:7:""caption"";s:0:"""";}|a:3:{s:3:""loc"";s:84:""https://projetocomprova.com.br/wp-content/uploads/2018/08/5qAYLCmRwKaaRfE21ZfU-2.png"";s:5:""title"";s:20:""5qAYLCmRwKaaRfE21ZfU"";s:7:""caption"";s:0:"""";}|a:3:{s:3:""loc"";s:84:""https://projetocomprova.com.br/wp-content/uploads/2018/08/5qAYLCmRwKaaRfE21ZfU-2.png"";s:5:""title"";s:20:""5qAYLCmRwKaaRfE21ZfU"";s:7:""caption"";s:0:"""";}",,,,,,,,,,,,,,,,publish,1,lunar_admin,oli@lunar.build,,,re_2b5w8xbb2g0b,,,0,0,0,closed,closed,"1970-01-01 00:00:00",jornal-do-commercio,nsc-comunicacao|sbt|gauchazh|uol|poder360|jornal-do-commercio,,,,,,,,,,,,,,,,
3663,"Versão do vídeo ""A Nossa Voz"" com apoio a Lula é montagem","Um videoclipe no qual diversos artistas cantam uma música - entrecortados por imagens do ex-presidente Lula - está sendo compartilhado como uma demonstração de apoio dos artistas ao candidato. O vídeo é uma montagem, não autorizada por nenhuma das partes envolvidas.

O clipe original, “<a target=""blank"" href=""https://www.youtube.com/watch?v=7UoBtQMHfwo"" rel=""noopener noreferrer"">A Nossa Voz</a>”, foi lançado em 17/08 e faz parte de uma campanha da ONG Amigos do Bem. Ao Comprova, os responsáveis pelo projeto explicaram que vídeo foi idealizado pela dupla Chitãozinho & Xororó, e foi feito pela produtora Multivídeo. A ONG Amigos do Bem foi convidada para participar duas semanas antes do lançamento da campanha, que faria a doação dos direitos autorais para a organização. 

A Amigos do Bem, que trabalha com projetos sociais em áreas mais fragilizadas do país desde 1993 e tem 9 mil voluntários, explica que pouco se envolveu com a produção. Porém, colocou a condição de que o material não tivesse nenhum tipo de vínculo político. A música “Nossa Voz” é assinada por Xororó, Tonny, Kleber, Karol Conka, Projota, Negra Li e Rappin Hood. O clipe foi dirigido pelo próprio Xororó.

Já a montagem insere no clipe original imagens do <a target=""blank"" href=""https://www.youtube.com/watch?v=4Gxr8xukGIE"" rel=""noopener noreferrer"">jingle oficial da campanha de Lula para as Eleições 2018</a>, e se encerra com um trecho do discurso do ex-presidente em Monteiro, na Paraíba, na ocasião da Inauguração Popular da Transposição do Rio São Francisco, em 19 de março de 2017. As imagens são <a target=""blank"" href=""https://youtu.be/3Lj6C7QbWqo?t=4666"" rel=""noopener noreferrer"">da transmissão ao vivo da TVT</a>.

Tanto a Amigos do Bem quanto a campanha de Lula já confirmaram a adulteração no vídeo. <a target=""blank"" href=""https://www.facebook.com/amigosdobem/photos/a.410882383844/10155938509813845/?type=3&theater"" rel=""noopener noreferrer"">Em sua nota oficial</a>, a ONG esclarece que não possui “quaisquer interesses e vínculos políticos”, e que foi “apenas a instituição escolhida para ser beneficiada com recursos gerados” pelas visualizações do clipe “Nossa Voz”. A <a target=""blank"" href=""http://www.obrasilfelizdenovo.com/chitaozinho-e-xororo-sandy-michel-telo-e-outros-gravaram-jingle-do-lula/"" rel=""noopener noreferrer"">campanha de Lula</a> confirmou que “o vídeo original não tem imagens do Lula, nem nada a ver com a sua campanha”.

A postagem mais antiga do vídeo adulterado encontrada pela reportagem foi do dia 28/08, mas desde então o mesmo arquivo foi publicado por outras contas no Facebook e Youtube.
",,"1970-01-01 00:00:00",archived-answer,https://projetocomprova.com.br/post/re_2b5w8xnj5j9b/,https://projetocomprova.com.br/wp-content/uploads/2018/08/VgvUqKMhSCuLWTqNP5hI-2.jpg,VgvUqKMhSCuLWTqNP5hI,,,,https://projetocomprova.com.br/wp-content/uploads/2018/08/VgvUqKMhSCuLWTqNP5hI-2.jpg,,,,"a:3:{s:3:""loc"";s:84:""https://projetocomprova.com.br/wp-content/uploads/2018/08/VgvUqKMhSCuLWTqNP5hI-2.jpg"";s:5:""title"";s:20:""VgvUqKMhSCuLWTqNP5hI"";s:7:""caption"";s:0:"""";}|a:3:{s:3:""loc"";s:84:""https://projetocomprova.com.br/wp-content/uploads/2018/08/VgvUqKMhSCuLWTqNP5hI-2.jpg"";s:5:""title"";s:20:""VgvUqKMhSCuLWTqNP5hI"";s:7:""caption"";s:0:"""";}|a:3:{s:3:""loc"";s:84:""https://projetocomprova.com.br/wp-content/uploads/2018/08/VgvUqKMhSCuLWTqNP5hI-2.jpg"";s:5:""title"";s:20:""VgvUqKMhSCuLWTqNP5hI"";s:7:""caption"";s:0:"""";}",,,,,,,,,,,,,,,,publish,1,lunar_admin,oli@lunar.build,,,re_2b5w8xnj5j9b,,,0,0,0,closed,closed,"1970-01-01 00:00:00",jornal-do-commercio,nsc-comunicacao|uol|jornal-do-commercio|sbt|poder360,red,,,,,,,,,,,,,,,
3665,"Críticas aos direitos dos professores não foram feitas por João Amoêdo","O material que circula no WhatsApp e nas redes sociais com críticas aos professores da rede pública atribuídas ao candidato a presidente João Amoêdo (Novo) é enganoso. O autor do artigo é, na verdade, André Capella, filiado ao partido. A informação sobre o verdadeiro autor é omitida no viral.

No texto intitulado “Como ter um ensino básico de qualidade no Brasil?”, Capella diz que “a educação pública básica brasileira encontra-se em situação de falência em decorrência de um sistema de ensino que oferece muitos direitos aos professores em detrimento do direito de aprender do aluno”. Ele também critica o fato de os professores da rede pública gozarem de estabilidade no emprego.

No artigo, Capella usa esta argumentação para propor a transferência gradativa dos alunos para as escolas privadas. “Neste caso, as Secretarias de Educação ofereceriam aos pais desses alunos um voucher (vale) educacional que lhes daria a opção de escolher uma escola particular para matricular seu filho”, diz.

Procuradas pelo projeto Comprova, as assessorias de Amoêdo e do Novo enviaram uma nota em que afirmam que as críticas aos professores não representavam a opinião do candidato e do partido. “Este foi um texto escrito por um voluntário do Novo e publicado no blog do partido, tal como diversos outros textos de opiniões pessoais, com um aviso que deixava claro que esta era a opinião pessoal e não representava as ideias do Novo. Para evitar novos desentendimentos já foi retirado do ar.”

O projeto Comprova localizou o <a target=""blank"" href=""https://web.archive.org/web/20180305062920/https://novo.org.br/como-ter-um-ensino-basico-de-qualidade-no-brasil/"" rel=""noopener noreferrer"">post original</a> do artigo usando programas que buscam conteúdos removidos da internet, como Wayback Machine e Google.

A assessoria de Amoêdo afirma que ele repudia os comentários feitos por Capella. A assessoria do Novo confirma que o artigo foi escrito por Capella e publicado em 2017. Também informa que ele é filiado ao partido, mas não tem cargo na legenda nem participação no programa de governo e na campanha do candidato.

O programa de governo de Amoêdo contém a proposta de dar bolsas em escolas particulares para alunos do ensino público, mas o Novo alega que as críticas feitas por Capella aos professores não serviram de base para que o partido viesse a adotá-la. “Esta é uma teoria amplamente discutida entre os especialistas e já aplicada em países como Chile e alguns estados americanos”, diz a assessoria do Novo.

O material enganoso foi encaminhado ao WhatsApp do projeto Comprova (11 97795-0022). O Comprova também localizou a publicação em páginas abertas no Facebook. 

Em uma delas, “Verdade sem manipulação”, capturas de tela de trechos da publicação removida do site do Novo estão acompanhadas de uma foto de Amoêdo. A postagem, que até a publicação deste texto somava mais de 15 mil compartilhamentos, ainda tinha o seguinte texto: “Todos os professores do Brasil precisam saber o que o plano de governo do Amoedo diz sobre eles!”. A publicação da rede social não menciona o nome de Capella, o real autor do texto. 

A página “Jovens reacionários defensores da liberdade combatendo o mal” também divulga capturas de telas do texto de Capella quando estava no ar no site do Novo, apesar de não aparecer o nome do autor. O texto que acompanha as imagens inclui um link para um tuíte de Amoêdo em que o candidato defende a ideia de vouchers, e para uma página com a íntegra do texto com a assinatura de Capella e a data de publicação, 16 de março de 2017. A publicação tem mais de 10 mil compartilhamentos.",,"1970-01-01 00:00:00",archived-answer,https://projetocomprova.com.br/post/re_2b5w8xyjjk3y/,https://projetocomprova.com.br/wp-content/uploads/2018/08/6vPeT816TZunnr6dNRnJ-2.png,6vPeT816TZunnr6dNRnJ,,,,https://projetocomprova.com.br/wp-content/uploads/2018/08/6vPeT816TZunnr6dNRnJ-2.png,,,,"a:3:{s:3:""loc"";s:84:""https://projetocomprova.com.br/wp-content/uploads/2018/08/6vPeT816TZunnr6dNRnJ-2.png"";s:5:""title"";s:20:""6vPeT816TZunnr6dNRnJ"";s:7:""caption"";s:0:"""";}|a:3:{s:3:""loc"";s:84:""https://projetocomprova.com.br/wp-content/uploads/2018/08/6vPeT816TZunnr6dNRnJ-2.png"";s:5:""title"";s:20:""6vPeT816TZunnr6dNRnJ"";s:7:""caption"";s:0:"""";}|a:3:{s:3:""loc"";s:84:""https://projetocomprova.com.br/wp-content/uploads/2018/08/6vPeT816TZunnr6dNRnJ-2.png"";s:5:""title"";s:20:""6vPeT816TZunnr6dNRnJ"";s:7:""caption"";s:0:"""";}",,,,,,,,,,,,,,,,publish,1,lunar_admin,oli@lunar.build,,,re_2b5w8xyjjk3y,,,0,0,0,closed,closed,"1970-01-01 00:00:00",folha-de-s-paulo,radio-bandeirantes|poder360|sbt|nsc-comunicacao|uol,"full colour",,,,,,,,,,,,,,,
3667,"Pesquisador agiu corretamente ao não mostrar questionário de pesquisa eleitoral","Em vídeo que está sendo compartilhado nas redes sociais, um homem denuncia pesquisa do Datafolha e diz que ela foi fraudada porque o pesquisador se recusou a mostrar o questionário. A acusação não procede. Segundo o instituto de pesquisas, o pesquisador agiu corretamente.

O vídeo foi gravado no Rio de Janeiro entre os dias 6 e 7 de junho, quando a pesquisa foi realizada. Na gravação, um homem, que apesar de mostrar o rosto, não se identifica, acusa o entrevistador de fraude. “Foi anulada agora a pesquisa Datafolha porque foi negada a informação de eu ler as perguntas"", diz ele. E questiona: ""como é  que eu posso dar credibilidade a uma pesquisa onde eu não posso ler as perguntas?”. Enquanto fala para a câmera, o homem grava também o funcionário do instituto. O pesquisador tenta esconder o rosto e, em um momento do vídeo, explica que o questionário não pode ser lido pelo entrevistado.

A metodologia da pesquisa não permite que os entrevistados leiam as perguntas antes para que o resultado seja considerado válido. De acordo com o <a target=""blank"" href=""http://datafolha.folha.uol.com.br/duvidas/pesquisas_eleitorais.shtml"" rel=""noopener noreferrer"">site do Datafolha</a>, “o questionário é o principal instrumento das pesquisas e a ordem das perguntas pode influenciar as respostas dos entrevistados”. O questionário, no entanto, foi publicado no <a target=""blank"" href=""http://inter01.tse.jus.br/pesqele-publico/app/pesquisa/detalhar.xhtml"" rel=""noopener noreferrer"">site</a> do Tribunal Superior Eleitoral (TSE), como manda a lei, quando a pesquisa foi registrada. O registro foi feito dois dias antes do início da consulta, no dia 4 de junho, recebeu o número BR-05110/2018 e pode ser consultado por qualquer pessoa.

O Comprova também entrou em contato com o Datafolha, que confirmou que o entrevistador fazia pesquisa para o Instituto. Mauro Paulino, diretor-geral do Datafolha, afirmou que o homem agiu corretamente ao se recusar a mostrar o questionário ao entrevistado.

O Comprova também questionou o Datafolha sobre o horário da pesquisa. No vídeo, gravado em lugar aberto, o céu está escuro. Paulino explicou que os pesquisadores precisam fazer pesquisas durante manhã, tarde e começo de noite porque o comportamento dos transeuntes muda. Cada entrevistador sai para pesquisa com uma grade de pessoas que precisa abordar.  

A gravação foi feita no início de junho deste ano, mas voltou a ser compartilhada nas redes após o resultado de nova pesquisa do instituto ser divulgado na quarta-feira, 22 de agosto.

O vídeo foi compartilhado pela primeira vez na página Movimento Brasil Contra a Corrupção (MBCC) no dia 8 de junho, às 00h08. Ele voltou a ser difundido nas redes após divulgação de nova pesquisa nesta quarta, 22 de agosto. No dia, às 10h30, a página do Facebook Rio Conservador compartilhou o vídeo, que já conta com mais de 400 mil visualizações e 30 mil compartilhamentos. “Funcionário de instituto de pesquisa é pego em flagrante tentando manobrar pesquisa eleitoral. Eles estão fazendo de tudo para evitar a vitória de Bolsonaro”, diz texto que acompanha o vídeo. 
",,"1970-01-01 00:00:00",archived-answer,https://projetocomprova.com.br/post/re_2b5w8xbp5wen/,https://projetocomprova.com.br/wp-content/uploads/2018/08/Y8DV2Q56Rtq5PhVSemIf-2.png,Y8DV2Q56Rtq5PhVSemIf,,,,https://projetocomprova.com.br/wp-content/uploads/2018/08/Y8DV2Q56Rtq5PhVSemIf-2.png,,,,"a:3:{s:3:""loc"";s:84:""https://projetocomprova.com.br/wp-content/uploads/2018/08/Y8DV2Q56Rtq5PhVSemIf-2.png"";s:5:""title"";s:20:""Y8DV2Q56Rtq5PhVSemIf"";s:7:""caption"";s:0:"""";}|a:3:{s:3:""loc"";s:84:""https://projetocomprova.com.br/wp-content/uploads/2018/08/Y8DV2Q56Rtq5PhVSemIf-2.png"";s:5:""title"";s:20:""Y8DV2Q56Rtq5PhVSemIf"";s:7:""caption"";s:0:"""";}|a:3:{s:3:""loc"";s:84:""https://projetocomprova.com.br/wp-content/uploads/2018/08/Y8DV2Q56Rtq5PhVSemIf-2.png"";s:5:""title"";s:20:""Y8DV2Q56Rtq5PhVSemIf"";s:7:""caption"";s:0:"""";}",,,,,,,,,,,,,,,,publish,1,lunar_admin,oli@lunar.build,,,re_2b5w8xbp5wen,,,0,0,0,closed,closed,"1970-01-01 00:00:00",folha-de-s-paulo,sbt|gauchazh|radio-bandeirantes|poder360|jornal-do-commercio|nsc-comunicacao|uol,"black and white",,,,,,,,,,,,,,,
3669,"Quadro de Programa Silvio Santos foi alterado na internet para simular apoio a Bolsonaro","O vídeo do Programa Silvio Santos (SBT), com um suposto apoio do apresentador de TV ao candidato Jair Bolsonaro que está sendo compartilhada pelas redes sociais é falso. O vídeo foi alterado digitalmente e foi publicado por um canal que também faz sátiras. 

O programa realmente foi ao ar e uma pessoa da plateia citou o nome de Bolsonaro. A edição do vídeo, no entanto, corta a pergunta feita pelo apresentador e altera as dicas apresentadas no quadro “Jogo das 3 Pistas”. O primeiro registro do vídeo nas redes sociais é de outubro de 2017. Ele voltou a circular em grupos de WhatsApp e teve viralização em algumas páginas de Facebook em agosto de 2018.

A montagem faz parecer que Silvio Santos, apresentador e dono do SBT, está usando seu programa para favorecer um candidato, o que não ocorreu. O perfil oficial do SBT no YouTube publicou a <a target=""blank"" href=""https://www.youtube.com/watch?time_continue=993&v=ESaQ_PvFVOc"" rel=""noopener noreferrer"">íntegra do Programa Silvio Santos</a>, que foi ao ar em 15/10/2017. A brincadeira que acabou adulterada na montagem era o “Jogo das 3 Pistas”, disputado pelas filhas do apresentador, Patrícia e Rebeca Abravanel. 

No jogo, Silvio Santos dá até três pistas para que elas descubram quem é o personagem. Se elas erram, é a vez da plateia tentar adivinhar - quem acerta ganha um valor em dinheiro. 

No programa original, as três dicas eram: “Foi do exército”, “Mudou o regime” e “15 de novembro”. A primeira pessoa da plateia que tentou adivinhar, uma mulher chamada Gabrielly, começa a responder dizendo que não tem certeza, mas palpita ""Jair Messias Bolsonaro"", e já emenda um comentário dizendo que errou a resposta. Silvio Santos na hora questiona se ela “estava lá para fazer propaganda ou se era do comitê do deputado federal”. A segunda pessoa acerta a resposta: “Marechal Deodoro da Fonseca”.

As primeiras montagens desse conteúdo começaram a circular logo após o programa ir ao ar. As páginas oficiais de Jair Bolsonaro no Facebook e Twitter compartilharam uma versão editada do programa, em que aparece a menção feita a ele, no dia 16/10. 

Depois, a partir do dia 17/10, começaram a aparecer as primeiras montagens com edição às dicas que apareciam na tela, no YouTube. Nesse caso, as pistas foram alteradas e aparecem as opções: “Próximo presidente”, “Vai salvar o Brasil” e “Não é corrupto”. 

Agora, em agosto de 2018, o conteúdo voltou a viralizar. Pelo menos desde o dia 20/08, o vídeo está circulando por grupos de WhatsApp. No Facebook, a reprodução do conteúdo começou antes, no dia 17/08. A página ""Jair Bolsonaro 2018, a última Esperança da Nação"" compartilhou no dia 17 de agosto e em seis dias teve 2.935 interações, 138 comentários e 3.954 compartilhamentos. O vídeo gerou 90.836 visualizações no período.  Duas das páginas de Facebook que compartilharam esse conteúdo, ""Bolsonaro - Eu apoio"" e ""General Mourão, eu apoio"", publicaram o vídeo apenas um minuto após a primeira publicação. 

A montagem já foi verificada pelo <a target=""blank"" href=""http://teleguiado.com/sociedade/2017/10/fas-de-jair-bolsonaro-manipulam-video-do-programa-silvio-santos-para-fazer-propaganda.html"" rel=""noopener noreferrer"">Teleguiado</a>, ainda em 2017. Também verificaram essa informação o <a target=""blank"" href=""https://aosfatos.org/noticias/bolsonaro-nao-foi-citado-como-proximo-presidente-no-programa-silvio-santos/"" rel=""noopener noreferrer"">Aos Fatos</a> e <a target=""blank"" href=""https://www.boatos.org/entretenimento/silvio-santos-apoia-bolsonaro-presidente.html"" rel=""noopener noreferrer"">Boatos.org</a>. O <a target=""blank"" href=""http://www.e-farsas.com/bolsonaro-foi-chamado-de-torturador-no-programa-roda-roda-jequiti.html"" rel=""noopener noreferrer"">e-farsas</a> também verificou a montagem em outra postagem que desmentia um boato relacionado a um programa de Silvio Santos.",,"1970-01-01 00:00:00",archived-answer,https://projetocomprova.com.br/post/re_2b5w8xy7jwqn/,https://projetocomprova.com.br/wp-content/uploads/2018/08/KsfDYQKGRbKqBBMgSK4q-2.jpg,KsfDYQKGRbKqBBMgSK4q,,,,https://projetocomprova.com.br/wp-content/uploads/2018/08/KsfDYQKGRbKqBBMgSK4q-2.jpg,,,,"a:3:{s:3:""loc"";s:84:""https://projetocomprova.com.br/wp-content/uploads/2018/08/KsfDYQKGRbKqBBMgSK4q-2.jpg"";s:5:""title"";s:20:""KsfDYQKGRbKqBBMgSK4q"";s:7:""caption"";s:0:"""";}|a:3:{s:3:""loc"";s:84:""https://projetocomprova.com.br/wp-content/uploads/2018/08/KsfDYQKGRbKqBBMgSK4q-2.jpg"";s:5:""title"";s:20:""KsfDYQKGRbKqBBMgSK4q"";s:7:""caption"";s:0:"""";}|a:3:{s:3:""loc"";s:84:""https://projetocomprova.com.br/wp-content/uploads/2018/08/KsfDYQKGRbKqBBMgSK4q-2.jpg"";s:5:""title"";s:20:""KsfDYQKGRbKqBBMgSK4q"";s:7:""caption"";s:0:"""";}",,,,,,,,,,,,,,,,publish,1,lunar_admin,oli@lunar.build,,,re_2b5w8xy7jwqn,,,0,0,0,closed,closed,"1970-01-01 00:00:00",sbt,nsc-comunicacao|uol|jornal-do-commercio|poder360|sbt,red,,,,,,,,,,,,,,,
3671,"Imagem em post sobre ""Relatório da ONU favorável a Lula"" tem conteúdo enganoso","É enganosa uma imagem publicada no Facebook e compartilhada no WhatsApp afirmando que o relatório da ONU ""favorável a Lula"" é uma mentira - houve sim um pedido do Comitê de Direitos Humanos da ONU. No entanto, não se trata de um relatório, e sim de um pedido. Além disso, é impreciso dizer que a autoria é da organização como um todo. Na verdade, é de um de seus órgãos internos

Em 17 de agosto, o Comitê de Direitos Humanos da ONU <a target=""blank"" href=""https://media.smooch.io/conversations/568b4038d144a91b932d3a16/e8MC8Z8_G8r8UCTrJCwnA3pl.pdf"" rel=""noopener noreferrer"">emitiu um pedido</a> (“medida provisória” ou “interim measures”) para Lula poder disputar a eleição presidencial de 2018, dar entrevistas e se reunir livremente com petistas antes de se esgotarem todos os recursos na Justiça brasileira. A ideia é que se tribunais superiores do Brasil eventualmente reverterem a condenação de Lula no futuro, ele terá sido prejudicado por não participar da eleição.

Lula está preso desde 7 de abril em Curitiba, condenado por corrupção passiva e lavagem de dinheiro no caso do apartamento tríplex em Guarujá (SP). Por ter sido condenado em primeira e em segunda instâncias, a candidatura do petista pode ser impedida pela <a target=""blank"" href=""http://www.planalto.gov.br/ccivil_03/leis/lcp/Lcp135.htm"" rel=""noopener noreferrer"">Lei da Ficha Limpa</a>.

O órgão não pede que o ex-presidente seja solto nem diz se houve violações de direitos humanos no caso (o Comitê julgará o mérito apenas em 2019). Foi a defesa de Lula que, em julho, levou o caso para o Comitê.

O órgão é <a target=""blank"" href=""https://www.ohchr.org/EN/HRBodies/CCPR/Pages/Membership.aspx"" rel=""noopener noreferrer"">composto por 18 especialistas</a> em direitos humanos, com diferentes nacionalidades e sem vinculação com os governos dos seus países. São eleitos pelos países-membros para mandatos de quatro anos. A função do Comitê é monitorar o cumprimento do <a target=""blank"" href=""http://www.planalto.gov.br/ccivil_03/decreto/1990-1994/D0592.htm"" rel=""noopener noreferrer"">Pacto Internacional sobre Direitos Civis e Políticos</a>, do qual o Brasil faz parte. É um órgão com status inferior ao Conselho de Direitos Humanos (principal órgão sobre o tema e com representação direta dos governos) e à Assembleia Geral (órgão em que todos os países da ONU estão representados com o mesmo peso).

Há anos o Estado e o Judiciário brasileiros não costumam ceder em pedidos ou decisões judiciais internacionais de órgãos multilaterais, encarando como recomendações (exemplos <a target=""blank"" href=""http://www.itamaraty.gov.br/pt-BR/notas-a-imprensa/19323-nota-a-imprensa-comite-ddhh"" rel=""noopener noreferrer"">aqui</a>, <a target=""blank"" href=""http://www.itamaraty.gov.br/pt-BR/direitos-humanos-e-temas-sociais/sentenca-corte-interamericana-de-direitos-humanos-no-caso-trabalhadores-da-fazenda-brasil-verde"" rel=""noopener noreferrer"">aqui</a> e <a target=""blank"" href=""http://www.corteidh.or.cr/docs/casos/articulos/resumen_219_esp.pdf"" rel=""noopener noreferrer"">aqui</a>).

Pelo fato de o Brasil ter aderido voluntariamente às normas que regem o Comitê (<a target=""blank"" href=""http://www.planalto.gov.br/ccivil_03/decreto/1990-1994/D0592.htm"" rel=""noopener noreferrer"">aqui</a> e <a target=""blank"" href=""http://www2.camara.leg.br/legin/fed/decleg/2009/decretolegislativo-311-16-junho-2009-588912-publicacaooriginal-113605-pl.html"" rel=""noopener noreferrer"">aqui</a>) e as incorporado na legislação brasileira, o país está obrigado a cumprir pedidos como o do caso Lula. Mas é uma obrigação teórica e de cunho moral, pois não há modo legal de o Comitê ou mesmo a ONU forçarem o cumprimento do pedido ou de retaliarem o Brasil. Descumprir gera apenas um constrangimento internacional, também na teoria, pois o país está indo contra compromissos que assumiu no passado.

A imagem enganosa foi publicada em 19 de agosto no Facebook por Joice Hasselmann, que trabalha como jornalista e é candidata a deputada federal pelo PSL. O post foi compartilhado 20 mil vezes em quatro dias. O Comprova recebeu solicitação de verificação desta informação pelo WhatsApp (11 97795-0022).",,"1970-01-01 00:00:00",archived-answer,https://projetocomprova.com.br/post/re_2b5w8xzl058z/,https://projetocomprova.com.br/wp-content/uploads/2018/08/BNrqkS26RQanBDSi1bA1-2.jpg,BNrqkS26RQanBDSi1bA1,,,,https://projetocomprova.com.br/wp-content/uploads/2018/08/BNrqkS26RQanBDSi1bA1-2.jpg,,,,"a:3:{s:3:""loc"";s:84:""https://projetocomprova.com.br/wp-content/uploads/2018/08/BNrqkS26RQanBDSi1bA1-2.jpg"";s:5:""title"";s:20:""BNrqkS26RQanBDSi1bA1"";s:7:""caption"";s:0:"""";}|a:3:{s:3:""loc"";s:84:""https://projetocomprova.com.br/wp-content/uploads/2018/08/BNrqkS26RQanBDSi1bA1-2.jpg"";s:5:""title"";s:20:""BNrqkS26RQanBDSi1bA1"";s:7:""caption"";s:0:"""";}|a:3:{s:3:""loc"";s:84:""https://projetocomprova.com.br/wp-content/uploads/2018/08/BNrqkS26RQanBDSi1bA1-2.jpg"";s:5:""title"";s:20:""BNrqkS26RQanBDSi1bA1"";s:7:""caption"";s:0:"""";}",,,,,,,,,,,,,,,,publish,1,lunar_admin,oli@lunar.build,,,re_2b5w8xzl058z,,,0,0,0,closed,closed,"1970-01-01 00:00:00",nexo|uol,poder360|nsc-comunicacao|uol|radio-bandeirantes|jornal-do-commercio,red,,,,,,,,,,,,,,,
3673,"Bolsonaro não usou ponto eletrônico em debate da RedeTV!","Vídeo que mostra o presidenciável Jair Bolsonaro (PSL) recebendo mensagens por um ponto eletrônico durante o debate realizado na sexta-feira, 17 de agosto, na RedeTV!, é uma montagem satírica. Aproveitando-se da fala lenta do candidato enquanto respondia a uma pergunta sobre orçamento público, uma voz foi inserida na gravação, sugerindo que seria um áudio vazado de um suposto ponto eletrônico. 

O Comprova entrou em contato com a RedeTV! e com a assessoria de imprensa de Jair Bolsonaro. A rede de televisão afirmou que não tem relação com nenhum dos vídeos que foram compartilhados nem os autorizou. Também disse que nenhum candidato utilizou ponto eletrônico durante o debate. A assessoria de Bolsonaro limitou-se a dizer que isso se tratava de algo “fake"". 

O registro mais antigo de publicação do vídeo encontrado pelo Comprova é do canal humorístico do YouTube Subtosco, do dia 18 de agosto, às 15h50. A gravação foi compartilhada em redes como o Facebook, Twitter e WhatsApp, sem deixar claro que se tratava de uma montagem e podendo dar a entender que o áudio vazado era real. 

O canal do Subtosco no YouTube acrescentou a mensagem ""Atenção!!!! Esse video é um BRINCADEIRA, UM MEME!"" à descrição do vídeo. A página Subtosco também já compartilhou montagens envolvendo outros candidatos.

O vídeo teve mais de 500 mil visualizações em quatro dias somente em um perfil pessoal no Facebook  e foi compartilhado 2,5 mil vezes na página Meu Professor de História, também no Facebook, até a manhã do dia 22 de agosto.

O site Boatos.org também <a target=""blank"" href=""https://www.boatos.org/politica/bolsonaro-ponto-eletronico-debate.html"" rel=""noopener noreferrer"">fez a verificação desse vídeo</a> em 21 de agosto de 2018.
",,"1970-01-01 00:00:00",archived-answer,https://projetocomprova.com.br/post/re_2b5w8xnxkadb/,https://projetocomprova.com.br/wp-content/uploads/2018/08/TwYWMOS4TvKwXlZVXaZq-2.png,TwYWMOS4TvKwXlZVXaZq,,,,https://projetocomprova.com.br/wp-content/uploads/2018/08/TwYWMOS4TvKwXlZVXaZq-2.png,,,,"a:3:{s:3:""loc"";s:84:""https://projetocomprova.com.br/wp-content/uploads/2018/08/TwYWMOS4TvKwXlZVXaZq-2.png"";s:5:""title"";s:20:""TwYWMOS4TvKwXlZVXaZq"";s:7:""caption"";s:0:"""";}|a:3:{s:3:""loc"";s:84:""https://projetocomprova.com.br/wp-content/uploads/2018/08/TwYWMOS4TvKwXlZVXaZq-2.png"";s:5:""title"";s:20:""TwYWMOS4TvKwXlZVXaZq"";s:7:""caption"";s:0:"""";}|a:3:{s:3:""loc"";s:84:""https://projetocomprova.com.br/wp-content/uploads/2018/08/TwYWMOS4TvKwXlZVXaZq-2.png"";s:5:""title"";s:20:""TwYWMOS4TvKwXlZVXaZq"";s:7:""caption"";s:0:"""";}",,,,,,,,,,,,,,,,publish,1,lunar_admin,oli@lunar.build,,,re_2b5w8xnxkadb,,,0,0,0,closed,closed,"1970-01-01 00:00:00",nexo,nsc-comunicacao|correio-do-povo|poder360|radio-bandeirantes|sbt|uol|jornal-do-commercio,"full colour",,,,,,,,,,,,,,,
3675,"Não há evidências de que possa haver um pedido de prisão de Lula e Dilma nos EUA","Não há confirmação de que os ex-presidentes Luiz Inácio Lula da Silva e Dilma Rousseff possam sofrer mandados de prisão expedidos pelos Estados Unidos, ao contrário do que indica uma mensagem de 2016 que voltou a circular na última semana de forma viral como se fosse atual. 

O texto foi publicado pelo site Imprensa Viva em dezembro de 2016, mas sem indicação do dia exato, quando o Departamento de Justiça americano (DoJ) <a target=""blank"" href=""https://www.justice.gov/opa/pr/odebrecht-and-braskem-plead-guilty-and-agree-pay-least-35-billion-global-penalties-resolve"" rel=""noopener noreferrer"">revelou uma investigação</a> que aponta que políticos e funcionários de estatais brasileiros receberam dinheiro para ajudar nos interesses da Odebrecht e da Braskem, braço petrolífero do grupo. Segundo os documentos (<a target=""blank"" href=""https://www.justice.gov/opa/press-release/file/919911/download"" rel=""noopener noreferrer"">aqui</a> e <a target=""blank"" href=""https://www.justice.gov/opa/press-release/file/919901/download"" rel=""noopener noreferrer"">aqui</a>), o total pago em propina pelas duas empresas é de US$ 599 milhões.

A investigação americana analisou atos de corrupção em vários países em que a Odebrecht atuava, além do Brasil. Funcionários do Departamento de Operações Estruturadas (setor que coordenava pagamento de propinas) <a target=""blank"" href=""https://www.valor.com.br/politica/4815175/justica-dos-eua-quer-que-caso-da-odebrecht-e-braskem-sirva-de-exemplo"" rel=""noopener noreferrer"">também atuaram nos Estados Unidos</a>, mais especificamente em Miami. Além disso, o esquema de corrupção da construtora se utilizou de instituições financeiras americanas.

Na época, o site <a target=""blank"" href=""https://www.oantagonista.com/brasil/eua-vao-pedir-a-prisao-de-lula-e-dilma/"" rel=""noopener noreferrer"">Antagonista</a> e os jornalistas <a target=""blank"" href=""https://www.youtube.com/watch?v=_O1gXgmcRr4"" rel=""noopener noreferrer"">Diogo Mainardi e Claudio Dantas</a> informaram que os ex-presidentes petistas teriam pedido de prisão decretado pelo FBI. O fato não se concretizou. 

Nos documentos divulgados pelo DoJ, Lula e Dilma não são citados nominalmente. No entanto, o <a target=""blank"" href=""https://politica.estadao.com.br/blogs/fausto-macedo/mantega-pediu-r-50-mi-para-campanha-de-dilma-por-beneficio-a-braskem/"" rel=""noopener noreferrer"">Estadão apurou à época</a> que o ato ilícito descrito na papelada americana é o repasse de R$ 50 milhões da Odebrecht à campanha da ex-presidente - quantia solicitada pelo ex-ministro da Fazenda Guido Mantega. Investigadores brasileiros já haviam apontado na 35.ª fase da Lava Jato, a Omertá, o pagamento irregular a Mantega. 

Em troca do montante, foram concedidos benefícios tributários à Braskem por meio de legislação, informou o DoJ. O diretor de relações institucionais da Odebrecht, Cláudio Melo Filho, disse em delação premiada que uma das formas de oferecer vantagem à empresa foi a <a target=""blank"" href=""http://www.planalto.gov.br/ccivil_03/_Ato2007-2010/2009/Mpv/470.htm"" rel=""noopener noreferrer"">Medida Provisória 470</a>, de 2009, relativa ao crédito prêmio do IPI.

No texto viral da Imprensa Viva, o site atribui erroneamente a MP a Dilma Rousseff. Na verdade, foi Lula quem adotou a legislação. Outro erro é afirmar que todo o sistema de corrupção “passou pelo crivo do ex-presidente Lula” — o documento do DoJ não confirma isso.

Usando dados da ferramenta Spike, do Newswhip, é possível ver que o link para a notícia foi divulgado mais de 60 mil vezes.  A ferramenta CrowdTangle indica que a postagem com mais engajamento sobre o assunto no Facebook atualmente é da página Por um Brasil Melhor, publicada em maio deste ano, que até agora já conquistou mais de 20 mil interações. Entre elas, 11 mil compartilhamentos. 

Não é a primeira vez que a especulação é requentada: no final do ano de 2017, o <a target=""blank"" href=""https://www.boatos.org/politica/fbi-prisao-lula-dilma.html"" rel=""noopener noreferrer"">Boatos.org</a> fez uma verificação a respeito, porque a história havia voltado a circular na internet.",,"1970-01-01 00:00:00",archived-answer,https://projetocomprova.com.br/post/re_2b5w8xyol0pz/,https://projetocomprova.com.br/wp-content/uploads/2018/08/2LVafcNPThalzAKiVxmY-2.jpg,2LVafcNPThalzAKiVxmY,,,,https://projetocomprova.com.br/wp-content/uploads/2018/08/2LVafcNPThalzAKiVxmY-2.jpg,,,,"a:3:{s:3:""loc"";s:84:""https://projetocomprova.com.br/wp-content/uploads/2018/08/2LVafcNPThalzAKiVxmY-2.jpg"";s:5:""title"";s:20:""2LVafcNPThalzAKiVxmY"";s:7:""caption"";s:0:"""";}|a:3:{s:3:""loc"";s:84:""https://projetocomprova.com.br/wp-content/uploads/2018/08/2LVafcNPThalzAKiVxmY-2.jpg"";s:5:""title"";s:20:""2LVafcNPThalzAKiVxmY"";s:7:""caption"";s:0:"""";}|a:3:{s:3:""loc"";s:84:""https://projetocomprova.com.br/wp-content/uploads/2018/08/2LVafcNPThalzAKiVxmY-2.jpg"";s:5:""title"";s:20:""2LVafcNPThalzAKiVxmY"";s:7:""caption"";s:0:"""";}",,,,,,,,,,,,,,,,publish,1,lunar_admin,oli@lunar.build,,,re_2b5w8xyol0pz,,,0,0,0,closed,closed,"1970-01-01 00:00:00",estadao,nsc-comunicacao|afp|sbt|uol|poder360|jornal-do-commercio,"full colour",,,,,,,,,,,,,,,
3677,"Agricultor escreve o nome de Bolsonaro em plantações","O Comprova verificou imagens aéreas que vêm sendo compartilhadas pelo WhatsApp e nas redes sociais e que mostram a inscrição “Bolsonaro 2018” em duas lavouras, uma de soja e outra de milho. Elas são verdadeiras. 

As fotos e o vídeo foram feitos em duas fazendas localizadas no Mato Grosso do Sul, nos municípios vizinhos de Maracaju e Sidrolândia, no fim do ano passado e em 2018. As terras são da família Basso. Ari Basso, um dos proprietários, é ex-prefeito de Sidrolândia. Ele foi eleito em eleição suplementar em 2013 e ficou no cargo até dezembro de 2016.

Em 18 de janeiro deste ano, o próprio candidato à presidência Jair Bolsonaro (PSL) publicou no seu Facebook um <a target=""blank"" href=""https://www.facebook.com/jairmessias.bolsonaro/videos/991400994342220/"" rel=""noopener noreferrer"">vídeo</a> que mostra um avião decolando e, ao lado, a inscrição com o seu nome. Fotos deste mesmo cenário voltaram a circular no WhatsApp nas últimas semanas, principalmente depois que Bolsonaro voltou a publicar uma imagem da inscrição nas suas redes. 

A inscrição foi feita por meio de um sistema que define quais áreas recebem e quais não recebem as sementes lançadas ao solo pelas máquinas plantadeiras. As letras surgem graças ao contraste entre as áreas plantadas e as não plantadas.

Gabriel Basso, um dos proprietários das fazendas, explicou que as inscrições nas duas plantações foram feitas por máquinas com o sistema operacional Apex, da <a target=""blank"" href=""https://www.youtube.com/watch?v=BrLTRUhLhKY"" rel=""noopener noreferrer"">John Deere</a>, uma tradicional fabricante de máquinas agrícolas. Segundo o site da empresa, trata-se de um “software de gestão de informações geográficas com diversas ferramentas de administração de mapas e informações coletadas em campo”.

“Esses desenhos são feitos na Trackmaker sobre uma foto de satélite, depois importados para um programa compatível com o sistema operacional das máquinas e então transferidos para o monitor do trator via pen drive. A própria máquina entende que na área interna das letras não é para plantar, então não cai semente”, explicou Gabriel.

Ele também garante ser o autor das imagens que estão circulando com a inscrição, inclusive do vídeo compartilhado por Bolsonaro. “Todas as fotos e vídeos foram feitos por mim com meu drone, inclusive o vídeo do avião decolando ao lado da escrita. Exceto apenas algumas tiradas de dentro de aviões”, disse. Segundo ele, a inscrição só é visível a no mínimo 20 metros de altura.

Além do relato do fazendeiro, o Comprova conseguiu o histórico de imagens de satélite em serviços como Planet.com e Google Earth. Na fazenda Estância Gaúcha, em Sidrolândia, <a target=""blank"" href=""https://www.planet.com/stories/inscricao-bolsonaro-2018-em-lavoura-de-sidrolandia-cACpf95mg"" rel=""noopener noreferrer"">é possível ver a inscrição</a> na plantação de milho em fotos feitas entre junho e julho de 2018 (-21.240501, -55.559463). Na propriedade Engenho 2, em Maracaju, o nome do presidenciável <a target=""blank"" href=""https://www.planet.com/stories/21deg-s-55-26deg-w-N3SrcY5iR"" rel=""noopener noreferrer"">é visível na lavoura</a> de soja entre novembro de 2017 e fevereiro de 2018 (-20.998326, -55.259964).

Bolsonaro teve atuação militar na região. <a target=""blank"" href=""http://www2.camara.leg.br/deputados/pesquisa/layouts_deputados_biografia?pk=74847"" rel=""noopener noreferrer"">Entre 1979 e 1981</a>, no período da ditadura, o capitão serviu ao Exército Brasileiro em Nioaque, município vizinho às fazendas onde as inscrições foram feitas.  ",,"1970-01-01 00:00:00",archived-answer,https://projetocomprova.com.br/post/re_2b5w8xyjrkmy/,https://projetocomprova.com.br/wp-content/uploads/2018/08/SEzQI8iQfKm0MYc6ymG6-2.jpg,SEzQI8iQfKm0MYc6ymG6,,,,https://projetocomprova.com.br/wp-content/uploads/2018/08/SEzQI8iQfKm0MYc6ymG6-2.jpg,,,,"a:3:{s:3:""loc"";s:84:""https://projetocomprova.com.br/wp-content/uploads/2018/08/SEzQI8iQfKm0MYc6ymG6-2.jpg"";s:5:""title"";s:20:""SEzQI8iQfKm0MYc6ymG6"";s:7:""caption"";s:0:"""";}|a:3:{s:3:""loc"";s:84:""https://projetocomprova.com.br/wp-content/uploads/2018/08/SEzQI8iQfKm0MYc6ymG6-2.jpg"";s:5:""title"";s:20:""SEzQI8iQfKm0MYc6ymG6"";s:7:""caption"";s:0:"""";}|a:3:{s:3:""loc"";s:84:""https://projetocomprova.com.br/wp-content/uploads/2018/08/SEzQI8iQfKm0MYc6ymG6-2.jpg"";s:5:""title"";s:20:""SEzQI8iQfKm0MYc6ymG6"";s:7:""caption"";s:0:"""";}",,,,,,,,,,,,,,,,publish,1,lunar_admin,oli@lunar.build,,,re_2b5w8xyjrkmy,,,0,0,0,closed,closed,"1970-01-01 00:00:00",,radio-bandeirantes|jornal-do-commercio|revista-piaui|afp|sbt|gauchazh|correio-do-povo|poder360|nsc-comunicacao,"full colour",,,,,,,,,,,,,,,
3679,"Montagem de vídeo que lista condenações de Jair Bolsonaro usa trechos verdadeiros","Um vídeo editado com partes de telejornais e que trata de três condenações de Jair Bolsonaro na Justiça foi publicado no Facebook e enviado ao Comprova, pelo WhatsApp, para checagem. O Comprova verificou que as sequências utilizadas na edição são verdadeiras e que embora sejam recortes dos telejornais as imagens não sofreram manipulação.  

Para a verificação, o Comprova buscou as imagens originais e as comparou às partes utilizadas na montagem. Dois trechos foram exibidos no Jornal Nacional, da Globo, um na TV Brasil e o outro na TVT.

Apesar de condenado três vezes, como mostra o vídeo, o candidato do PSL à Presidência, Jair Bolsonaro, não está enquadrado na Lei da Ficha Limpa. Todas as sentenças são na área cível e não o impedem de concorrer ao Palácio do Planalto. Jair Bolsonaro recorre de todas as sentenças, que somam R$ 210 mil em danos morais. 

A <a targe=""blank"" href=""http://www.migalhas.com.br/arquivos/2015/4/art20150414-05.pdf"">primeira sentença</a> é de abril 2015 e prevê o pagamento de multa de R$ 150 mil por dano moral coletivo após Bolsonaro fazer declarações racistas e homofóbicas no programa CQC, em 2011, até então transmitido pela TV Bandeirantes. 

O vídeo verificado pelo Comprova utiliza um <a target=""blank"" href=""http://tvbrasil.ebc.com.br/reporterbrasil/bloco/justica-do-rio-de-janeiro-condena-bolsonaro-por-declaracao-homofobica"" rel=""noopener noreferrer"">trecho da edição da noite do Repórter Brasil</a> exibido pela TV Brasil em 14 de abril de 2015 para falar da primeira condenação. 

No mesmo ano, em setembro de 2015, Bolsonaro foi condenado <a target=""blank"" href=""http://cache-internet.tjdft.jus.br/cgi-bin/tjcgi1?NXTPGM=tjhtml105&ORIGEM=INTER&SELECAO=1&CIRCUN=1&CDNUPROC=20140111975962"" rel=""noopener noreferrer"">pela 18ª Vara Cível de Brasília</a> </a> a indenizar a deputada Maria do Rosário (PT) em R$ 10 mil por danos morais e a publicar a sentença na sua página oficial no Youtube, sob pena de multa de mil reais. O recurso mais recente foi negado pelo Superior Tribunal de Justiça. 

O vídeo utiliza para mostrar essa denúncia <a target=""blank"" href=""https://globoplay.globo.com/v/6081118/"" rel=""noopener noreferrer""> um trecho do Jornal Nacional</a> de 15 de agosto de 2017. A notícia aparece aos 27 minutos e 43 segundos.

Em 2017, Bolsonaro foi condenado mais uma vez, agora pela 26ª Vara Federal do Rio de Janeiro. A sentença determina o pagamento de R$ 50 mil em indenização por danos morais coletivos a comunidades quilombolas e à população negra em geral. Ele também recorre. 

Essa condenação está relatada em trecho do <a target=""blank"" href=""https://globoplay.globo.com/v/6661567/"" rel=""noopener noreferrer"">Jornal Nacional</a> de 13 de abril de 2018, a partir dos 27 minutos e 10 segundos, e <a target=""blank"" href=""https://www.youtube.com/watch?v=dBLwWTSkGEA"" rel=""noopener noreferrer"">Seu Jornal</a>, veiculado na TVT em 3 de outubro de 2017. O trecho começa aos 5 minutos e 40 segundos. Ao final do vídeo original, a apresentadora diz que Bolsonaro pode recorrer, mas essa parte foi cortada e não aparece na montagem.

No Supremo Tribunal Federal, Jair Bolsonaro responde a duas ações penais e um inquérito. Na ação penal 1007 <http://portal.stf.jus.br/processos/downloadPeca.asp?id=315028815&ext=.pdf>, o candidato do PSL é acusado dos crimes de calúnia e injúria por declarações feitas contra a deputada Maria do Rosário. 

Na outra, o deputado foi denunciado pela Procuradoria Geral da República pelo crime de incitação ao estupro. O caso é o mesmo que envolve a colega de Câmara Maria do Rosário. 

Ainda no STF, Bolsonaro foi alvo de mais uma denúncia, desta vez pelas “ofensas contra comunidades indígenas e quilombolas”. A aceitação ou não da acusação da PGR será julgada pela 1ª Turma. 

Nenhum dos casos têm julgamento previsto na pauta do STF e, mesmo se condenado, o candidato do PSL não corre o risco de se tornar inelegível, já que a Lei da Ficha Limpa <http://www.planalto.gov.br/ccivil_03/leis/lcp/Lcp64.htm> não enquadra esses tipos de crime.  

A montagem foi publicada no Facebook pela página OneL13 e alcançou até o dia 21 de agosto de 2018 mais de 3,3 milhões de visualizações e foi compartilhada 70 mil vezes.",,"1970-01-01 00:00:00",archived-answer,https://projetocomprova.com.br/post/re_2b5w8xbb2kdb/,https://projetocomprova.com.br/wp-content/uploads/2018/08/tSUrDPoBRu6NQPBJztfd-2.png,tSUrDPoBRu6NQPBJztfd,,,,https://projetocomprova.com.br/wp-content/uploads/2018/08/tSUrDPoBRu6NQPBJztfd-2.png,,,,"a:3:{s:3:""loc"";s:84:""https://projetocomprova.com.br/wp-content/uploads/2018/08/tSUrDPoBRu6NQPBJztfd-2.png"";s:5:""title"";s:20:""tSUrDPoBRu6NQPBJztfd"";s:7:""caption"";s:0:"""";}|a:3:{s:3:""loc"";s:84:""https://projetocomprova.com.br/wp-content/uploads/2018/08/tSUrDPoBRu6NQPBJztfd-2.png"";s:5:""title"";s:20:""tSUrDPoBRu6NQPBJztfd"";s:7:""caption"";s:0:"""";}|a:3:{s:3:""loc"";s:84:""https://projetocomprova.com.br/wp-content/uploads/2018/08/tSUrDPoBRu6NQPBJztfd-2.png"";s:5:""title"";s:20:""tSUrDPoBRu6NQPBJztfd"";s:7:""caption"";s:0:"""";}",,,,,,,,,,,,,,,,publish,1,lunar_admin,oli@lunar.build,,,re_2b5w8xbb2kdb,,,0,0,0,closed,closed,"1970-01-01 00:00:00",folha-de-s-paulo,gauchazh|correio-do-povo|sbt|nsc-comunicacao|jornal-do-commercio|radio-bandeirantes,green,,,,,,,,,,,,,,,
3681,"Não há evidências de que Lula tenha fortuna em Luxemburgo","A informação de que o ex-presidente Luiz Inácio Lula da Silva (PT) é dono de uma poupança de US$ 108 milhões depositada em Luxemburgo circula na internet desde 2016 e ganhou impulso nas últimas semanas, mas não existe nenhuma evidência que comprove a sua veracidade.

Publicado com o título ""Imprensa internacional desmascara LULA e divulga poupança de U$ 108 milhões em Luxemburgo, caiu a casa de vez!"", o texto não cita nenhum meio de comunicação internacional que teria veiculado a informação. 

Lula é alvo de investigações do Ministério Público Federal no Paraná, em São Paulo e no Distrito Federal, mas nenhuma delas trata do suposto dinheiro depositado em Luxemburgo. A Procuradoria-Geral da República e o Ministério Público Federal nas três unidades federativas disseram que não há investigações em andamento sobre este caso.

O Comprova também procurou o Ministério da Justiça, que conta com o Departamento de Recuperação de Ativos e Cooperação Jurídica Internacional. Em nota, o órgão afirmou que o departamento, “enquanto Autoridade Central para a Cooperação Jurídica Internacional, não pode se manifestar sobre casos concretos que eventualmente estejam em trâmite”. A Polícia Federal também não comenta sobre casos que eventualmente estejam sob investigação, mesmo que eles não existam.

Ao Comprova, o governo de Luxemburgo disse não ter conhecimento sobre tais alegações. Ainda, em nota, a assessoria do ex-presidente afirmou que Lula não possui nenhuma conta no exterior. ""Todos os bens e contas do ex-presidente e sua família já foram devassados pela Operação Lava Jato"", disse.

A versão mais antiga dessa informação foi publicada no dia 1º de outubro de 2016 pelo blog ""SOFÁ 'DI' POBRE"". O Comprova entrou em contato com o autor da página, mas ainda não obteve resposta.

Republicada em 4 de agosto pelo site ""SeDeusQuiser.net"", a informação foi difundida na rede por páginas e grupos do Facebook, como ""Pelo Amor de Deus"", ""Somos Todos Sérgio Moro"" e ""Grupo Olavo de Carvalho"" e alcançou mais de 10 mil interações. Nenhum dos sites apresentou nenhuma fonte que comprove a veracidade da informação. 

O site Boatos.org em 4 de outubro de 2016 <a target=""blank"" href=""https://www.boatos.org/politica/conta-lula-de-r108-milhoes-em-luxemburgo.html"" rel=""noopener noreferrer"">já havia verificado a informação</a> de que o ex-presidente era dono de uma conta de 108 milhões, nesse caso em reais, em Luxemburgo.",,"1970-01-01 00:00:00",archived-answer,https://projetocomprova.com.br/post/re_2b5w8xzem9xz/,https://projetocomprova.com.br/wp-content/uploads/2018/08/vivCmnzPRgyrSbtPQsUy-2.png,vivCmnzPRgyrSbtPQsUy,,,,https://projetocomprova.com.br/wp-content/uploads/2018/08/vivCmnzPRgyrSbtPQsUy-2.png,,,,"a:3:{s:3:""loc"";s:84:""https://projetocomprova.com.br/wp-content/uploads/2018/08/vivCmnzPRgyrSbtPQsUy-2.png"";s:5:""title"";s:20:""vivCmnzPRgyrSbtPQsUy"";s:7:""caption"";s:0:"""";}|a:3:{s:3:""loc"";s:84:""https://projetocomprova.com.br/wp-content/uploads/2018/08/vivCmnzPRgyrSbtPQsUy-2.png"";s:5:""title"";s:20:""vivCmnzPRgyrSbtPQsUy"";s:7:""caption"";s:0:"""";}|a:3:{s:3:""loc"";s:84:""https://projetocomprova.com.br/wp-content/uploads/2018/08/vivCmnzPRgyrSbtPQsUy-2.png"";s:5:""title"";s:20:""vivCmnzPRgyrSbtPQsUy"";s:7:""caption"";s:0:"""";}",,,,,,,,,,,,,,,,publish,1,lunar_admin,oli@lunar.build,,,re_2b5w8xzem9xz,,,0,0,0,closed,closed,"1970-01-01 00:00:00",poder360,sbt|radio-bandeirantes|gauchazh|afp|nsc-comunicacao|uol|poder360|jornal-do-commercio,red,,,,,,,,,,,,,,,
3683,"Cabo Daciolo foi a lançamento de biografia de Karl Marx","Uma foto que circula em grupos de WhatsApp mostra o candidato a presidente Cabo Daciolo, do Patriota, segurando uma biografia de Karl Marx. A foto, que é verdadeira, está sendo usada para sugerir sua ligação com doutrinas e partidos de esquerda, algo que de fato marcou o início de sua carreira política. 

Daciolo foi eleito deputado federal pelo PSOL do Rio de Janeiro em 2014, após ter ajudado a liderar a greve de bombeiros no Estado, e expulso do partido  no ano seguinte.

O homem que aparece ao lado de Daciolo na foto é Cyro Garcia, presidente do PSTU-RJ e pré-candidato ao Senado. Ele confirmou o episódio e a veracidade da foto ao Comprova. 

""Eu o conheci na época da greve dos bombeiros, em 2011, o movimento contou com a ampla solidariedade do PSTU, foi criada uma estreita relação com o Cabo Daciolo, por causa da sua liderança numa luta importantíssima"", disse Garcia. ""Posteriormente, o Cabo Daciolo viria a se filiar ao PSOL e eventualmente ser expulso do partido por suas posições - abrindo um fosso político entre aquilo que nos aproximou e suas novas convicções. Porém, mesmo na época, chamá-lo de ‘marxista’ seria uma forçação de barra.""

Daciolo não respondeu a questionamentos enviados por jornalistas do Comprova, mas confirma a veracidade do episódio em um <a href=""https://www.facebook.com/depudadocabodaciolo/videos/2149785505256883/"" target=""blank"" rel=""noopener noreferrer"">vídeo</a> postado no Facebook, no qual mostra o exemplar do livro que ele obteve na ocasião, “Karl Marx - A história de sua vida”, de Franz Mehring (Ed. Sundermann - 2013). A foto foi tirada em um <a href=""https://www.facebook.com/events/219922544828713"" target=""blank"" rel=""noopener noreferrer"">evento</a> de lançamento do livro promovido pelo PSTU no Rio em 15 de agosto de 2013. Nós não conseguimos identificar o autor da foto. 

No vídeo, Daciolo afirma que recebeu espaço para falar publicamente no evento e aproveitou a oportunidade para discursar sobre religião.

""Eu lembro que eu falei de Jesus para todas aquelas pessoas"", disse. ""O pai de Karl Marx era cristão. Karl Marx foi criado no berço ouvindo a palavra de Jesus Cristo. Faltou alguém ali falando algo para ele, porque ele desviou em determinado caminho.""

Os desentendimentos de Daciolo com o PSOL tiveram auge no final de 2014, quando relatos de seus discursos com ideais religiosos e militaristas começaram a incomodar as lideranças do partido.

Em <a href=""https://www.cartacapital.com.br/politica/o-psol-elegeu-um-reacionario-630.html"" target="""" rel=""noopener noreferrer"">entrevista</a> à Carta Capital em dezembro de 2014, o deputado federal Chico Alencar, também do PSOL-RJ, afirmou que “essas declarações, que evidentemente não têm a mínima identificação com o PSOL, nos surpreenderam"". A expulsão de Daciolo  do partido ocorreu alguns meses depois.

Em sua declaração mais recente tratando do assunto, Daciolo afirmou que havia se filiado ao PSOL por acreditar que essa fosse uma vontade divina: 

""Eu estava no monte, e Deus falou para mim assim: Meu filho, eu vou te colocar naquele partido lá, não quero você em nenhum outro partido, eu quero você no PSOL"", disse, em <a href=""https://www.gazetadopovo.com.br/blogs/a-protagonista/2018/08/11/cabo-daciolo-explica-por-que-escolheu-o-psol-para-entrar-na-politica/"" target=""blank"" rel=""noopener noreferrer"">entrevista</a> à Gazeta do Povo. ""Eu fui para o PSOL para pregar. Preguei no PSOL e depois eles me expulsaram porque eu botei que todo o poder não emana do povo e sim de Deus.""",,"1970-01-01 00:00:00",archived-answer,https://projetocomprova.com.br/post/re_2b5w8xywvrgn/,https://projetocomprova.com.br/wp-content/uploads/2018/08/Kpu7FDIySG6mqo7mwmdA-2.png,Kpu7FDIySG6mqo7mwmdA,,,,https://projetocomprova.com.br/wp-content/uploads/2018/08/Kpu7FDIySG6mqo7mwmdA-2.png,,,,"a:3:{s:3:""loc"";s:84:""https://projetocomprova.com.br/wp-content/uploads/2018/08/Kpu7FDIySG6mqo7mwmdA-2.png"";s:5:""title"";s:20:""Kpu7FDIySG6mqo7mwmdA"";s:7:""caption"";s:0:"""";}|a:3:{s:3:""loc"";s:84:""https://projetocomprova.com.br/wp-content/uploads/2018/08/Kpu7FDIySG6mqo7mwmdA-2.png"";s:5:""title"";s:20:""Kpu7FDIySG6mqo7mwmdA"";s:7:""caption"";s:0:"""";}|a:3:{s:3:""loc"";s:84:""https://projetocomprova.com.br/wp-content/uploads/2018/08/Kpu7FDIySG6mqo7mwmdA-2.png"";s:5:""title"";s:20:""Kpu7FDIySG6mqo7mwmdA"";s:7:""caption"";s:0:"""";}",,,,,,,,,,,,,,,,publish,1,lunar_admin,oli@lunar.build,,,re_2b5w8xywvrgn,,,0,0,0,closed,closed,"1970-01-01 00:00:00",jornal-do-commercio,poder360|band-news-tv|sbt,green,,,,,,,,,,,,,,,
3685,"Propriedade de jato atribuído a Lulinha é de empresa americana","É falsa a alegação, presente em uma montagem que voltou a circular na internet, sobretudo no Facebook e no Whatsapp, de que um dos filhos de Lula, Fábio Luis Lula da Silva - o Lulinha - é dono de um avião avaliado em US$ 50 milhões.

A aeronave em questão, modelo G-1159A Gulfstream III de prefixo N933PA, é alvo de especulações sobre sua relação com Lula ou seu filho Lulinha pelo menos desde 2013 (como pode ser visto <a target=""blank"" href=""https://www.boatos.org/original/leia-o-texto-sobre-o-aviao-gulfstream-giii-de-lulinha-na-integra.html"" rel=""noopener noreferrer"">aqui</a>). Porém, não há nenhum registro de que esse jato tenha pertencido a qualquer membro da família.

A investigação teve como base o registro do prefixo do avião (código alfanumérico que identifica a nacionalidade de uma aeronave) nos bancos de dados de órgãos oficiais de aeronáutica e sites de registro de aviões e voos.

De acordo com o registro da aeronave no site <a target=""blank"" href=""https://flightaware.com/resources/registration/N933PA"" rel=""noopener noreferrer"">Flight Ware</a>, o prefixo N933PA expirou e o número foi cancelado em 30/06/2014. O jato em questão pertencia então ao Wells Fargo Bank Northwest Trustee, um administrador fiduciário. Antes disso, a aeronave - fabricada em 1983, pertenceu à Jet Aviation (1983 a 1992); foi vendida de volta à Gulfstream Aerospace Corporation (1992 a 1993) e, depois, vendida à Flo-Sun Aircraft (1993 a 2003), à NSHE Peru (2003), à Executive Aircraft (2003 a 2010), e, finalmente, à Wells Fargo (2010 a 2017) - como registra o site <a target=""blank"" href=""https://www.planelogger.com/Aircraft/Registration/N933PA/704699"" rel=""noopener noreferrer"">PlaneLogger</a>.

Atualmente, a aeronave tem o prefixo N888SM, e pertence à empresa TVPX Ars Inc Trustee, outro administrador fiduciário. Nesse tipo de contrato, a empresa proprietária administra o título e o registro, mas não tem papel na operação ou no monitoramento da aeronave, a menos que seja instruída pela proprietária a fazer isso. O último registro de voo da aeronave N88SM foi um voo entre Miami e West Palm Beach, <a target=""blank"" href=""https://flightaware.com/live/flight/N888SM"" rel=""noopener noreferrer"">em outubro de 2014</a>. 

Sobre o valor de US$ 50 milhões que Lulinha (ou Lula, dependendo da versão) teria pago pela aeronave, ele está bem acima do que esse modelo valia em 2013 ou atualmente. O modelo G-1159A Gulfstream III, quando foi lançado originalmente, em 1980, custava <a target=""blank"" href=""https://en.wikipedia.org/wiki/Gulfstream_III"" rel=""noopener noreferrer"">US$ 37 milhões a unidade</a>. 

No site <a target=""blank"" href=""https://www.controller.com/listings/aircraft/for-sale/list?NotFound=1&Manu=GULFSTREAM&Mdltxt=III&mdlx=Contains"" rel=""noopener noreferrer"">Controller</a>, dois G-1159A Gulfstream III estão à venda (com preço exposto), custando US$ 1,2 milhão e US$ 1,5 milhão. A <a target=""blank"" href=""http://pt.gulfstream.com/preowned"" rel=""noopener noreferrer"">página do fabricante</a> conta com alguns modelos usados para vender, mas nenhum deles é o G-1159A Gulfstream III. Porém, como referência, a aeronave mais cara lá é o Gulfstream G650 S/N 6146, de 2015, que custa US$ 53 milhões. 

A montagem de fotos faz ainda outras acusações contra Lulinha, que não foram verificadas pelo Comprova. 

Em 2016, a Polícia Federal realizou uma perícia do patrimônio de Lulinha, à qual a equipe do Comprova teve acesso. A conclusão da perícia é de que a evolução patrimonial foi compatível com as sobras financeiras e que não havia irregularidades nas movimentações.

A defesa de Lulinha, ao Comprova, informou que não deseja comentar a alegação de que ele é dono do avião.",,"1970-01-01 00:00:00",archived-answer,https://projetocomprova.com.br/post/re_2b5w8xb8rq9y/,https://projetocomprova.com.br/wp-content/uploads/2018/08/0kiB0FqwSqe4UZDoQBCe-2.jpg,0kiB0FqwSqe4UZDoQBCe,,,,https://projetocomprova.com.br/wp-content/uploads/2018/08/0kiB0FqwSqe4UZDoQBCe-2.jpg,,,,"a:3:{s:3:""loc"";s:84:""https://projetocomprova.com.br/wp-content/uploads/2018/08/0kiB0FqwSqe4UZDoQBCe-2.jpg"";s:5:""title"";s:20:""0kiB0FqwSqe4UZDoQBCe"";s:7:""caption"";s:0:"""";}|a:3:{s:3:""loc"";s:84:""https://projetocomprova.com.br/wp-content/uploads/2018/08/0kiB0FqwSqe4UZDoQBCe-2.jpg"";s:5:""title"";s:20:""0kiB0FqwSqe4UZDoQBCe"";s:7:""caption"";s:0:"""";}|a:3:{s:3:""loc"";s:84:""https://projetocomprova.com.br/wp-content/uploads/2018/08/0kiB0FqwSqe4UZDoQBCe-2.jpg"";s:5:""title"";s:20:""0kiB0FqwSqe4UZDoQBCe"";s:7:""caption"";s:0:"""";}",,,,,,,,,,,,,,,,publish,1,lunar_admin,oli@lunar.build,,,re_2b5w8xb8rq9y,,,0,0,0,closed,closed,"1970-01-01 00:00:00",jornal-do-commercio,poder360|poder360|correio-do-povo|sbt|nsc-comunicacao|uol|jornal-do-commercio,red,,,,,,,,,,,,,,,
3687,"Livro exibido por Bolsonaro no Jornal Nacional nunca foi comprado pelo MEC","Ao longo desta quarta-feira (29), uma série de postagens circula nas redes sociais relacionando o livro ""Aparelho Sexual e Cia"" ao que ficou conhecido como “kit gay”, conteúdos de combate à homofobia para serem divulgados nas escolas públicas brasileiras. O livro, porém, nunca fez parte de nenhum “kit gay” nem foi comprado pelo MEC para ser distribuído nas escolas públicas.  

A relação foi impulsionada pela entrevista do candidato à presidência Jair Bolsonaro concedida ao Jornal Nacional na noite de terça-feira (28).

A publicação apresentada pelo presidenciável na televisão e nas redes sociais é a tradução do livro francês “Aparelho sexual e cia”, lançado no Brasil em 2007 pelo selo juvenil da Companhia das Letras. A obra utiliza o conhecido protagonista da série em quadrinhos “Titeuf”, de origem suíça, e seu conteúdo está destinado à orientação sexual para crianças e adolescentes. A assessoria de imprensa da editora confirmou que o interior de um exemplar mostrado por Bolsonaro no mesmo dia da entrevista, em uma publicação no Facebook onde afirma que o mesmo é ensinado nas escolas, realmente faz parte do livro.

Segundo a assessoria de imprensa da editora brasileira, o livro “nunca foi comprado pelo MEC, como tampouco fez parte de nenhum suposto ‘kit gay’. O Ministério da Cultura comprou 28 exemplares em 2011, destinados a bibliotecas públicas”. Também afirmou que o livro “conta ainda com uma seção chamada ‘Fique esperto’, que alerta os adolescentes para situações de abuso, explica o que é pedofilia — mostrando como tal ato é crime —, o que é incesto e até fornece o contato do Disque-Denúncia Nacional de Combate ao Abuso e à Exploração Sexual contra Crianças e Adolescentes e da Secretaria Especial dos Direitos Humanos”. A Companhia das Letras informou também que a indicação do livro, quando em catálogo, era para “o 6º, 7º, 8º e 9º anos do Ensino Fundamental, ou seja, para alunos de 11 a 15 anos. 

A obra foi publicada em 10 línguas e vendeu mais de 1,5 milhão de exemplares, foi transformada em uma <a target=""blank"" href=""http://www.cite-sciences.fr/fr/ressources/expositions-passees/zizi-sexuel/lexposition/"" rel=""noopener noreferrer"">exposição</a> apresentada por duas vezes na Cité des Sciences et de l’Industrie em Paris.

A informação de que o livro da escritora francesa Hélène Bruller seria distribuído em escolas públicas começou a ser difundida por Bolsonaro no dia 10 de janeiro de 2016 através de um vídeo que publicou no Facebook. Dois dias depois, o ministério da Educação e Ciência (MEC) emitiu um <a target=""blank"" href=""http://www.brasil.gov.br/editoria/educacao-e-ciencia/2016/01/mec-nao-distribuiu-nas-escolas-livro-de-educacao-sexual-citado-em-video-na-internet"" rel=""noopener noreferrer""> comunicado</a> onde afirma que “não produziu e nem adquiriu ou distribuiu o livro ‘Aparelho Sexual e Cia’”. A instituição também declarou que “não há qualquer vinculação entre o ministério e o livro, já que a obra tampouco consta nos programas de distribuição de materiais didáticos levados a cabo pela pasta”.

O Movimento Brasil Livre (MBL) publicou no Twitter a falsa informação de que o candidato pelo PSL expôs o “Kit Gay” na entrevista organizada pela Rede Globo. Outros usuários disseminaram a informação de que crianças recebem a obra nas escolas. O Comprova não verificou se o livro foi distribuído em escolas particulares ou por secretarias estaduais de Educação.",,"1970-01-01 00:00:00",archived-answer,https://projetocomprova.com.br/post/re_2b5w8xy7bl3n/,https://projetocomprova.com.br/wp-content/uploads/2018/08/YWk4vpE4R7imolN0eKBp-2.png,YWk4vpE4R7imolN0eKBp,,,,https://projetocomprova.com.br/wp-content/uploads/2018/08/YWk4vpE4R7imolN0eKBp-2.png,,,,"a:3:{s:3:""loc"";s:84:""https://projetocomprova.com.br/wp-content/uploads/2018/08/YWk4vpE4R7imolN0eKBp-2.png"";s:5:""title"";s:20:""YWk4vpE4R7imolN0eKBp"";s:7:""caption"";s:0:"""";}|a:3:{s:3:""loc"";s:84:""https://projetocomprova.com.br/wp-content/uploads/2018/08/YWk4vpE4R7imolN0eKBp-2.png"";s:5:""title"";s:20:""YWk4vpE4R7imolN0eKBp"";s:7:""caption"";s:0:"""";}|a:3:{s:3:""loc"";s:84:""https://projetocomprova.com.br/wp-content/uploads/2018/08/YWk4vpE4R7imolN0eKBp-2.png"";s:5:""title"";s:20:""YWk4vpE4R7imolN0eKBp"";s:7:""caption"";s:0:"""";}",,,,,,,,,,,,,,,,publish,1,lunar_admin,oli@lunar.build,,,re_2b5w8xy7bl3n,,,0,0,0,closed,closed,"1970-01-01 00:00:00",afp|nova-escola,nsc-comunicacao|radio-bandeirantes|correio-do-povo|exame|revista-piaui|afp|poder360|sbt|uol,"black and white",,,,,,,,,,,,,,,
3689,"Áudio em que mulher grita ""eu voto Lula"" em vídeo de campanha de Alckmin é montagem","Uma montagem viral que circula pelas redes sociais sugere que uma mulher diz votar em Luiz Inácio Lula da Silva, candidato à Presidência pelo PT, em um vídeo de campanha divulgado pelo também presidenciável Geraldo Alckmin, do PSDB. 

O vídeo original, que não tem a voz da mulher, foi publicado pela primeira vez no <a target=""blank"" href=""https://www.instagram.com/p/Bm1aV0jnh_D/"" rel=""noopener noreferrer"">Instagram</a> do candidato tucano no dia 23 de agosto. “Olha que beleza aqui o sítio da dona Marluce com a criação de ovelhas e carneiros”, diz Alckmin no vídeo. 

	Já a versão adulterada do vídeo acrescenta a voz de uma mulher dizendo: “Não, não, comigo não... Eu voto é no Lula”. Como mostra <a target=""blank"" href=""https://www1.folha.uol.com.br/poder/2018/08/falso-senhora-nao-gritou-eu-voto-no-lula-em-video-de-alckmin-em-petrolina.shtml"" rel=""noopener noreferrer"">checagem feita pela Folha de S.Paulo</a>, a tal voz está com volume constante, enquanto a câmera se movimenta. O normal em uma gravação do tipo seria uma oscilação do áudio. O primeiro “não” da voz feminina é exatamente igual ao segundo, o que significa se tratar de um áudio montado.

Na filmagem original, que tem poucos segundos, Alckmin aparece em uma fazenda falando sobre propostas para ampliar o número de cisternas em regiões de seca. Segundo o candidato, o vídeo foi feito numa fazenda chamada Terranova, na região de Petrolina (PE), pertencente a Marluce Rodrigues. A agenda pública de Alckmin informou apenas que, no dia em questão, o candidato esteve, durante a tarde, na fazenda Tropicália e, durante a noite, em encontro com lideranças políticas na Casa Zé Matuto. 

Ao Comprova, a assessoria do candidato afirmou que Alckmin foi à Tropicália, onde se reuniu com a imprensa, e que na Terranova ele gravou programas – o que não é agenda pública, embora a imprensa até tivesse sido avisada. Também de acordo com sua assessoria de imprensa, o ex-governador de São Paulo estava apenas com o profissional responsável pela captura de imagens no momento da gravação do vídeo.

O Comprova não conseguiu localizar a mulher citada no vídeo, Marluce Rodrigues, nem confirmar a existência da fazenda. Questionada, a assessoria do candidato não deu detalhes sobre o endereço do local nem da mulher mencionada na gravação.   

O vídeo adulterado com a voz de uma mulher foi publicado no dia 24 de agosto -- um dia após a divulgação do original no Instagram de Alckmin -- em páginas do Twitter como ""Haddad Tranquilão"", ""Burguesia Fede"" e ""Rosa de Nagasaki"". Só nestes três perfis, até quarta-feira, 29 de agosto, o vídeo teve 126,5 mil visualizações. Após uma primeira  publicação, a página “Rosa de Nagasaki” afirmou que o vídeo era montagem. 

O perfil verificado do senador Humberto Costa, do PT, também replicou o vídeo na mesma rede social. 

No dia 25 de agosto, o <a target=""blank"" href=""https://www.geraldoalckmin.com.br/noticias/fake-news-nao-houve-declaracao-de-voto-a-outro-candidato-em-video-de-geraldo-alckmin-no-nordeste/"" rel=""noopener noreferrer"">site de Alckmin</a> divulgou esclarecimentos sobre o vídeo original e pediu para que internautas denunciassem a montagem enganosa. “[No vídeo] Ouvimos o balido dos animais e os sons de pés se movendo na terra, não há voz feminina ao fundo”, diz trecho do texto. O boato sobre o vídeo também foi verificado pelo site <a target=""blank"" href=""https://www.boatos.org/politica/video-alckmin-mulher-voto-lula.html"" rel=""noopener noreferrer"">Boatos.org</a> no dia 27 de agosto.",,"1970-01-01 00:00:00",archived-answer,https://projetocomprova.com.br/post/re_2b5w8xzkm5en/,https://projetocomprova.com.br/wp-content/uploads/2018/08/EGGfQVR3SZKm01RchtJJ-2.png,EGGfQVR3SZKm01RchtJJ,,,,https://projetocomprova.com.br/wp-content/uploads/2018/08/EGGfQVR3SZKm01RchtJJ-2.png,,,,"a:3:{s:3:""loc"";s:84:""https://projetocomprova.com.br/wp-content/uploads/2018/08/EGGfQVR3SZKm01RchtJJ-2.png"";s:5:""title"";s:20:""EGGfQVR3SZKm01RchtJJ"";s:7:""caption"";s:0:"""";}|a:3:{s:3:""loc"";s:84:""https://projetocomprova.com.br/wp-content/uploads/2018/08/EGGfQVR3SZKm01RchtJJ-2.png"";s:5:""title"";s:20:""EGGfQVR3SZKm01RchtJJ"";s:7:""caption"";s:0:"""";}|a:3:{s:3:""loc"";s:84:""https://projetocomprova.com.br/wp-content/uploads/2018/08/EGGfQVR3SZKm01RchtJJ-2.png"";s:5:""title"";s:20:""EGGfQVR3SZKm01RchtJJ"";s:7:""caption"";s:0:"""";}",,,,,,,,,,,,,,,,publish,1,lunar_admin,oli@lunar.build,,,re_2b5w8xzkm5en,,,0,0,0,closed,closed,"1970-01-01 00:00:00",gauchazh,radio-bandeirantes|nsc-comunicacao|correio-do-povo|gauchazh|sbt|jornal-do-commercio|poder360,red,,,,,,,,,,,,,,,
3691,"Montagem distorce declaração de Lula sobre maioridade penal","Um comentário minimizando a necessidade de punição a menores de 18 anos que cometam assassinatos e defendendo que adolescentes de 16 e 17 anos não sejam responsabilizados por crimes que cometerem está sendo atribuído, nas redes sociais, ao ex-presidente Luiz Inácio Lula da Silva (PT). Contudo, não há registro de que o petista tenha feito tal declaração, em que pese ele seja contrário à redução da maioridade penal. O material é, portanto, enganoso.

A frase aparece em uma imagem que tem, ainda, a foto de Lula e a logomarca da revista Época, como se a declaração fizesse parte de algum conteúdo da publicação, mas não contém link nem referência à data da suposta reportagem. Além disso, o texto tem erros de ortografia, acentuação e pontuação. Procurada pelo Comprova, a revista informou que jamais publicou a declaração. 

A suposta declaração é: ""Sou totalmente contra prender menor que mata pessoas. Devemos coloca-lo na escola para reeduca-lo. Quem morreu, morreu não volta mais. Agora deixar preso um muleque só porque ele matou, sou contra"".

Não foram encontrados registros de nenhum discurso ou entrevista que coincida com essa fala disseminada na internet. A única reportagem publicada pela revista Época em que Lula comenta a maioridade penal é de 3 de julho de 2015 e tem o seguinte título: “Lula diz que violência não se resolve ‘colocando jovens na cadeia’”. Ela reproduz declarações dadas pelo ex-presidente durante evento da FUP (Federação Única dos Petroleiros), em Guararema (SP).

""Será que o Estado brasileiro cumpriu com suas obrigações com os jovens de 16 anos? Será que oferecemos a educação necessária? Será que oferecemos oportunidades para esses jovens terem opção?"", disse Lula, de fato, durante discurso. “O Estado que não cumpriu com suas obrigações resolve acabar com a violência colocando moleque na cadeia"", prosseguiu. ""Mas o que essa meninada está precisando é de oportunidade, não de cadeia."" 

De acordo com a Época, esta é “a única reportagem da revista que relaciona Lula com o tema”. “Quem quer que tenha produzido esta imagem modificou o sentido da declaração. Além disso, ao descontextualizar a citação e — sem permissão — inserir o logotipo da Época na imagem, provavelmente tinha a intenção de causar um efeito distinto do pretendido originalmente pela matéria”, afirmou a publicação em nota enviada ao projeto Comprova.

O tema estava em evidência na ocasião porque na véspera a Câmara dos Deputados havia aprovado em primeiro turno emendas à PEC (Proposta de Emenda Constitucional) 171/1993 para reduzir a maioridade penal de 18 para 16 anos para crimes hediondos como estupro, latrocínio e lesão corporal seguida de morte.

Outros veículos fizeram a cobertura jornalística (<a target=blank"" href=""http://g1.globo.com/politica/noticia/2015/07/lula-diz-que-nao-se-resolve-violencia-colocando-moleque-na-cadeia.html"" rel=""noopener noreferrer"">aqui</a> e <a target=""blank"" href=""https://www1.folha.uol.com.br/cotidiano/2015/07/1651242-reducao-da-maioridade-joga-nas-costas-do-jovem-o-que-estado-nao-fez-diz-lula.shtml"" rel=""noopener noreferrer"">aqui</a>) do evento da FUP, mas em nenhum deles Lula aparece dizendo ser contra prender um adolescente “só porque ele matou”. O material preparado pela FUP também não faz menção a isso. O discurso feito por ele na ocasião está <a target=""blank"" href=""https://soundcloud.com/institutolula/discurso-do-ex-presidente-lula-na-plenaria-nacional-da-fup"" rel=""noopener noreferrer"">disponível aqui</a>.

A assessoria do ex-presidente reiterou ao Comprova que Lula é contra a diminuição da idade mínima para aplicação das leis penais, mas asseverou que o petista jamais fez o comentário atribuído a ele. 

Após <a target=""blank"" href=""http://www2.camara.leg.br/camaranoticias/noticias/DIREITO-E-JUSTICA/494248-CAMARA-APROVA-EM-2-TURNO-REDUCAO-DA-MAIORIDADE-PENAL-EM-CRIMES-GRAVES.html"" rel=""noopener noreferrer"">aprovada em segundo turno na Câmara</a>, em 19 de agosto de 2015, a PEC foi encaminhada para apreciação no <a target=""Blank"" href=""https://www25.senado.leg.br/web/atividade/materias/-/materia/122817"" rel=""noopener noreferrer"">Senado</a>, onde ganhou o número 115/2015. A proposta ainda não entrou em vigor e está parada na Comissão de Constituição e Justiça e Cidadania do Senado. 

O primeiro registro da declaração falsamente relacionada a Lula, encontrado pelo Comprova, é de 2 julho de 2015, no Facebook e no Twitter. Exatamente o mesmo dia da primeira aprovação da PEC na Câmara dos Deputados. Mas, no dia 3, o site Jo Notícias fez um post com a mesma declaração e disse se tratar de “entrevista divulgada pela revista Época”.

Como citado acima, a revista Época não encontrou reportagens anteriores com declarações semelhantes de Lula.

Antes da participação no evento da FUP, Lula afirmou, em 1º de maio de 2015, durante evento do Dia do Trabalhador, em São Paulo, ser ""bem possível que muitos jovens cometam crimes"", mas ponderou que era necessário apontar o ""crime do Estado brasileiro"" contra eles ""ao longo de 500 anos"". Os comentários de Lula sobre crimes praticados por jovens foram destaque na cobertura da imprensa na ocasião (<a target=""blank"" href=""https://www.terra.com.br/noticias/brasil/sao-paulo-em-ato-de-1-de-maio-lula-sinaliza-que-esta-voltando,157b92502ec6133bd09a6131f07df5b4o54qRCRD.html"" rel=""noopener noreferrer"">aqui</a> e <a target=""blank"" href=""https://politica.estadao.com.br/noticias/geral,lula-critica-terceirizacao-e-reducao-da-maioridade-penal-em-evento-da-cut,1679732"" rel=""noopener noreferrer"">aqui</a>).

O material para verificação foi enviado ao Comprova por meio do WhatsApp.
",,"1970-01-01 00:00:00",archived-answer,https://projetocomprova.com.br/post/re_2b5w8xn9bnny/,https://projetocomprova.com.br/wp-content/uploads/2018/08/gMY2tJ9VSuyikqGXkSmI-2.jpg,gMY2tJ9VSuyikqGXkSmI,,,,https://projetocomprova.com.br/wp-content/uploads/2018/08/gMY2tJ9VSuyikqGXkSmI-2.jpg,,,,"a:3:{s:3:""loc"";s:84:""https://projetocomprova.com.br/wp-content/uploads/2018/08/gMY2tJ9VSuyikqGXkSmI-2.jpg"";s:5:""title"";s:20:""gMY2tJ9VSuyikqGXkSmI"";s:7:""caption"";s:0:"""";}|a:3:{s:3:""loc"";s:84:""https://projetocomprova.com.br/wp-content/uploads/2018/08/gMY2tJ9VSuyikqGXkSmI-2.jpg"";s:5:""title"";s:20:""gMY2tJ9VSuyikqGXkSmI"";s:7:""caption"";s:0:"""";}|a:3:{s:3:""loc"";s:84:""https://projetocomprova.com.br/wp-content/uploads/2018/08/gMY2tJ9VSuyikqGXkSmI-2.jpg"";s:5:""title"";s:20:""gMY2tJ9VSuyikqGXkSmI"";s:7:""caption"";s:0:"""";}",,,,,,,,,,,,,,,,publish,1,lunar_admin,oli@lunar.build,,,re_2b5w8xn9bnny,,,0,0,0,closed,closed,"1970-01-01 00:00:00",uol,nsc-comunicacao|poder360|sbt|correio-do-povo|jornal-do-commercio|uol,red,,,,,,,,,,,,,,,
3693,"Venezuelanos recém-chegados ao Brasil não podem tirar título eleitoral, muito menos votar","É falso o boato de que os venezuelanos que cruzam a fronteira estão recebendo ou tirando título de eleitor para votar nas eleições do Brasil em 2018. Publicações com essa informação falsa começaram a circular em Roraima e se espalharam nas redes por todo o país.

Os venezuelanos que estão chegando a Roraima agora não poderiam tirar título e votar na eleição de outubro, nem teriam tempo para obter a nacionalidade brasileira antes do pleito. As regras e prazos eleitorais não permitem que algo do tipo aconteça. Em ano eleitoral, só são emitidos os títulos solicitados até <a target=""blank"" href=""https://especiais.gazetadopovo.com.br/eleicoes/2018/como-tirar-o-titulo-de-eleitor-pela-primeira-vez/"" rel=""noopener noreferrer"">151 dias antes da eleição</a>. Em 2018, o último dia para solicitação e regularização do título de eleitor e poder votar neste ano foi <a target=""blank"" href=""http://www.tse.jus.br/imprensa/noticias-tse/2018/Maio/eleitor-que-perdeu-prazo-para-regularizar-situacao-nao-pode-votar-nas-eleicoes-2018"" rel=""noopener noreferrer"">9 de maio</a>. A partir dessa data, quem não possui título ou está irregular só vai poder atualizar sua situação depois de 5 de novembro - após o segundo turno das eleições. 

Além disso, de modo geral, <a target=""blank"" href=""https://especiais.gazetadopovo.com.br/eleicoes/2018/estrangeiros-podem-votar-nas-eleicoes-brasileiras/"" rel=""noopener noreferrer"">estrangeiros não podem participar das eleições</a> - a menos que sejam naturalizados brasileiros, um processo que é longo e burocrático. <a target=""blank"" href=""https://www.senado.leg.br/atividade/const/con1988/con1988_atual/art_14_.asp"" rel=""noopener noreferrer"">O artigo 14 da Constituição</a> estabelece que os estrangeiros não podem se alistar como eleitores. Para um estrangeiro sem laços familiares ou conjugais com brasileiros, a naturalização só é possível depois de morar no Brasil <a target=""blank"" href=""https://www.servicos.gov.br/servico/naturalizar-se-brasileiro"" rel=""noopener noreferrer"">por um período de pelo menos quatro anos</a>. 

Até existe uma <a target=""blank"" href=""https://www25.senado.leg.br/web/atividade/materias/-/materia/105568"" rel=""noopener noreferrer"">proposta de emenda constitucional</a>, de 2012, que poderia alterar os artigos da Constituição para estender aos estrangeiros com residência permanente no Brasil capacidade eleitoral nas eleições municipais. O projeto, entretanto, aguarda leitura de requerimento na Secretaria Legislativa do Senado Federal desde 24 de julho deste ano.

Uma postagem no Twitter sobre um suposto “número gigantesco de venezuelanos chegando ao Brasil, com documentação pronta”, inclusive título de eleitor, contava no dia 29 de agosto com mais de 270 retuítes e 416 curtidas. Embora com alcance menor, outras postagens com sugestões semelhantes podem ser encontradas tanto no próprio Twitter quanto no Facebook. O WhatsApp do Comprova também recebeu prints de posts desta natureza.

Dados do governo federal, <a target=""blank"" href=""http://agenciabrasil.ebc.com.br/internacional/noticia/2018-07/mais-da-metade-dos-venezuelanos-que-entraram-no-brasil-ja-saiu-do-pais"" rel=""noopener noreferrer"">apresentados em reunião do Comitê Federal de Assistência Emergencial</a>, mostram que de 2017 e até julho deste ano, 127,7 mil imigrantes venezuelanos entraram no Brasil pela cidade de Pacaraima, em Roraima. Mais da metade já deixou o país: foram registradas 68,9 mil saídas - 47,8 mil o fizeram pela fronteira terrestre e 21,1 mil pegaram voos internacionais. De 2015 a junho de 2017, a Polícia Federal recebeu 56,7 mil pedidos de refúgio ou residência no Brasil. 

A emissão de títulos de eleitor para venezuelanos imigrantes também foi desmentido pelo site <a target=""blank"" href="" https://www.boatos.org/politica/venezuelanos-titulo-eleitor-votar.html"" rel=""noopener noreferrer"">Boatos.org</a> e pelo <a target=""blank"" href=""https://g1.globo.com/fato-ou-fake/noticia/2018/08/28/e-fake-que-venezuelanos-estao-recebendo-titulo-de-eleitor-para-votar-em-outubro.ghtml?utm_source=twitter&utm_medium=social&utm_campaign=fatooufake&utm_content=post"" rel=""noopener noreferrer"">Fato ou Fake</a>, do G1.",,"1970-01-01 00:00:00",archived-answer,https://projetocomprova.com.br/post/re_2b5w8xbpdlpb/,https://projetocomprova.com.br/wp-content/uploads/2018/08/Z90NTlgiRP6Dy1qaHtCl-2.png,Z90NTlgiRP6Dy1qaHtCl,,,,https://projetocomprova.com.br/wp-content/uploads/2018/08/Z90NTlgiRP6Dy1qaHtCl-2.png,,,,"a:3:{s:3:""loc"";s:84:""https://projetocomprova.com.br/wp-content/uploads/2018/08/Z90NTlgiRP6Dy1qaHtCl-2.png"";s:5:""title"";s:20:""Z90NTlgiRP6Dy1qaHtCl"";s:7:""caption"";s:0:"""";}|a:3:{s:3:""loc"";s:84:""https://projetocomprova.com.br/wp-content/uploads/2018/08/Z90NTlgiRP6Dy1qaHtCl-2.png"";s:5:""title"";s:20:""Z90NTlgiRP6Dy1qaHtCl"";s:7:""caption"";s:0:"""";}|a:3:{s:3:""loc"";s:84:""https://projetocomprova.com.br/wp-content/uploads/2018/08/Z90NTlgiRP6Dy1qaHtCl-2.png"";s:5:""title"";s:20:""Z90NTlgiRP6Dy1qaHtCl"";s:7:""caption"";s:0:"""";}",,,,,,,,,,,,,,,,publish,1,lunar_admin,oli@lunar.build,,,re_2b5w8xbpdlpb,,,0,0,0,closed,closed,"1970-01-01 00:00:00",nexo,nsc-comunicacao|correio-do-povo|gauchazh|uol|revista-piaui|sbt|poder360|jornal-do-commercio,red,,,,,,,,,,,,,,,
3695,"Partidos vão receber R$ 1,7 bilhão do Fundo Eleitoral para as campanhas","Mensagem que circula no WhatsApp afirma que os 35 partidos políticos vão receber R$ 1,7 bilhão do TSE (Tribunal Superior Eleitoral) para financiar a campanha eleitoral. O texto viral traz uma lista de quanto cada agremiação vai receber da corte para as eleições de 2018. 

A mensagem trata do FEFC (Fundo Especial de Financiamento de Campanha), ou Fundo Eleitoral, e é verdadeira. Os valores foram divulgados pelo TSE em 18 de junho de 2018 e podem ser consultados <a href=""http://www.tse.jus.br/imprensa/noticias-tse/2018/Junho/eleicoes-2018-tse-divulga-montante-total-do-fundo-especial-de-financiamento-de-campanha-1"" target=""_blank"" rel=""noopener noreferrer"">nesta tabela</a>.

O fundo foi criado durante a Reforma Política, realizada em outubro de 2017 pelo Congresso Nacional. O montante vem, em parte, da transferência de 30% das emendas de bancadas de deputados e senadores no ano eleitoral. Outra fonte para esse fundo é o montante equivalente à compensação fiscal, antes paga às emissoras de rádio e TV pela propaganda partidária, que foi extinta. 

Segundo o Bieje (Boletim Informativo da Escola Judiciária Eleitoral), fornecido pelo TSE, a distribuição dos recursos deve obedecer aos seguintes critérios: 

1. 2% divididos igualitariamente entre todos os partidos registrados no TSE; 
2. 35% divididos entre os partidos que tenham pelo menos um representante na Câmara dos Deputados, na proporção do percentual de votos por eles obtidos na última eleição geral para a Câmara;
3. 48% divididos entre os partidos, na proporção do número de representantes na Câmara dos Deputados, consideradas as legendas dos titulares; e 
4. 15% divididos entre os partidos, na proporção do número de representantes no Senado Federal, consideradas as legendas dos titulares.
",,"1970-01-01 00:00:00",archived-answer,https://projetocomprova.com.br/post/re_2b5w8xyjvdmy/,https://projetocomprova.com.br/wp-content/uploads/2018/08/WSfAVrwSweRrCkCAbx6r-2.jpg,WSfAVrwSweRrCkCAbx6r,,,,https://projetocomprova.com.br/wp-content/uploads/2018/08/WSfAVrwSweRrCkCAbx6r-2.jpg,,,,"a:3:{s:3:""loc"";s:84:""https://projetocomprova.com.br/wp-content/uploads/2018/08/WSfAVrwSweRrCkCAbx6r-2.jpg"";s:5:""title"";s:20:""WSfAVrwSweRrCkCAbx6r"";s:7:""caption"";s:0:"""";}|a:3:{s:3:""loc"";s:84:""https://projetocomprova.com.br/wp-content/uploads/2018/08/WSfAVrwSweRrCkCAbx6r-2.jpg"";s:5:""title"";s:20:""WSfAVrwSweRrCkCAbx6r"";s:7:""caption"";s:0:"""";}|a:3:{s:3:""loc"";s:84:""https://projetocomprova.com.br/wp-content/uploads/2018/08/WSfAVrwSweRrCkCAbx6r-2.jpg"";s:5:""title"";s:20:""WSfAVrwSweRrCkCAbx6r"";s:7:""caption"";s:0:"""";}",,,,,,,,,,,,,,,,publish,1,lunar_admin,oli@lunar.build,,,re_2b5w8xyjvdmy,,,0,0,0,closed,closed,"1970-01-01 00:00:00",folha-de-s-paulo|poder360,revista-piaui|sbt|revista-piaui|poder360|gauchazh|nsc-comunicacao,green,,,,,,,,,,,,,,,
3697,"Marido de Marina Silva não extraiu madeira ilegalmente em 2003 como sugere meme","É enganoso o meme, distribuído pelas redes sociais, que sugere que o marido de Marina Silva, candidata à presidência da República pela Rede, estaria envolvido em um caso de desmatamento e que não teria sido punido por sua ligação com a candidata, ministra do Meio Ambiente na época dos fatos. Há uma comparação desse caso com o de um homem punido por raspar a casca de uma árvore. Esse boato já circulou durante a campanha presidencial de 2014.
 
A montagem compartilhada destaca a imagem de um homem idoso e de uma árvore raspada com a frase: ""Crime ambiental, foi preso porque raspou a casca de uma árvore para fazer remédio para a esposa doente"". Logo abaixo, está destacada a imagem de Marina e de seu marido Fábio Vaz de Lima e, ao lado deles, uma imagem aérea de uma madeireira. Acima das fotos, a frase: ""Cortou 6 mil árvores ilegalmente da floresta, ficou solto porque é marido da ministra do Meio Ambiente"" (sic). A prisão de um homem por raspar árvore realmente ocorreu (leia mais abaixo), mas as informações sobre o marido de Marina Silva são falsas.

O caso remonta a uma discussão que ocorreu em maio de 2011, em <a target=""blank"" href=""https://www.youtube.com/watch?v=zF262fm0Kqk"" rel=""noopener noreferrer"">sessão do Senado que discutia o Código Florestal</a>. Durante um debate, o então deputado pelo PCdoB Aldo Rebelo se irritou com uma <a target=""blank"" href=""https://twitter.com/MarinaSilva/status/68504672616460289"" rel=""noopener noreferrer"">provocação feita por Marina no Twitter</a>, que criticava a apresentação de um texto com “novas pegadinhas, minutos antes da votação”. Rebelo foi à tribuna e rebateu a ex-ministra, lançando a acusação de que seu marido havia <a target=""blank"" href=""https://brasil.estadao.com.br/noticias/geral,no-calor-do-debate-aldo-acusa-marido-de-marina-de-contrabando-imp-,718546"" rel=""noopener noreferrer"">fraudado “contrabando de madeira”</a>. No dia seguinte, Marina <a target=""blank"" href=""http://g1.globo.com/politica/noticia/2011/05/acusacoes-sao-cortina-de-fumaca-diz-marina-silva-apos-bate-boca.html"" rel=""noopener noreferrer"">convocou uma coletiva de imprensa</a> para tratar das acusações, classificadas de “levianas e infundadas”. O deputado <a target=""blank"" href=""https://politica.estadao.com.br/noticias/geral,aldo-diz-que-pegou-pesado-e-que-ligara-para-marina,718863"" rel=""noopener noreferrer"">também se manifestou</a>, dizendo ter feito as declarações de cabeça quente e afirmando que ligaria para se desculpar.

Rebelo fez referência a uma investigação do Tribunal de Contas da União (TCU) de 2004. O órgão investigou a doação de quase seis mil toras de madeira clandestina apreendidas na Amazônia para a ONG Fase (Federação de Órgãos para Assistência Social e Educacional), por um convênio via Ibama. Em 2003, a Fase recebeu 5.731 toras de mogno. A investigação se deu por <a target=""blank"" href=""https://veja.abril.com.br/politica/tcu-apontou-irregularidades-em-doacao-de-madeira-feita-pelo-ibama-na-gestao-da-ministra-marina-silva/"" rel=""noopener noreferrer"">divergências</a> entre o valor real da madeira e o valor atribuído.

O caso ocorreu durante a gestão de Marina Silva como ministra do Meio Ambiente - ela ocupou o cargo entre 2003 e 2008, durante o governo de Luiz Inácio Lula da Silva, e enquanto ainda era filiada ao PT. A ligação de Fábio Vaz de Lima com o caso é que ele havia sido um dos fundadores do Grupo de Trabalho amazônico (GTA), grupo ao qual a ONG Fase era ligado. Em uma <a target=""blank"" href=""https://web.archive.org/web/20120306052429/http://www.minhamarina.org.br/blog/2011/05/esclarecimentos-sobre-a-doacao-de-madeira-feita-pelo-ministerio-do-meio-ambiente-a-fase-em-2003/"" rel=""noopener noreferrer"">nota oficial de Marina</a>, ainda em 2011, ela explicava que o marido havia trabalhado no GTA entre 1996 e 1999, quando deixou o grupo para trabalhar no governo estadual do Acre, durante a gestão de Jorge Viana (PT), entre 1999 e 2007.

Ainda em 2011, Marina pediu ao Ministério Público Federal (MPF) para investigar as acusações contra o seu marido. O MPF não encontrou elementos sobre a denúncia e arquivou o processo. O então procurador-geral da República, Roberto Monteiro Gurgel Santos, assina a conclusão do procedimento administrativo, divulgada em 23 de julho de 2013. “Quanto às acusações feitas contra Fábio Vaz de Lima, não há um único elemento que confira foros de verossimilhança aos fatos noticiados pela  imprensa. Como disse a representante, à data em que assumiu o Ministério do Meio Ambiente o seu marido já não mantinha vínculos com as entidades que integram o Grupo de Trabalho Amazônico - GTA, não havendo a indicação de um fato concreto que o vincule à FASE na época em que foi feita a doação do mogno”, <a target=""blank"" href=""https://docs.google.com/file/d/0B-BGtvkZ6fgfQkhVSzR5UmttUzg/edit"" rel=""noopener noreferrer"">diz a decisão</a>.

O Boatos.org já publicou um <a target=""blank"" href=""https://www.boatos.org/politica/informacao-falsa-marido-de-marina-silva-e-traficante-de-mogno.html"" rel=""noopener noreferrer"">desmentido</a> sobre outra versão deste boato em 2014. A própria candidata também já <a target=""blank"" href=""https://marinasilva.org.br/por-que-marina/nao-tolera-fake-news/"" rel=""noopener noreferrer"">publicou sua versão sobre o fato</a>. Em 2018, o boato voltou a circular por WhatsApp.

<b>E o lavrador preso por raspar uma árvore?</b>

Parte do meme realmente conta uma história verdadeira: um homem realmente foi preso por raspar a casca de uma árvore para fazer um remédio para a esposa. O Comprova não encontrou registros que comprovem a autenticidade das imagens usadas na montagem, no entanto. 

O lavrador Josias Francisco dos Anjos, 55, foi preso por raspar uma árvore em 2000. Ele usaria a raspa para fazer chá a sua mulher, que sofria da doença de Chagas. O fato ocorreu em 19 de junho de 2000 e o lavrador foi  preso em flagrante enquanto retirava lascas de almesca, em área de preservação ambiental em Planaltina (a 44 km de Brasília).

Segundo a reportagem da Folha de S. Paulo, de 23 de junho de 2000, o lavrador disse que passou a fazer isso quando soube que o chá de almesca melhorava as condições de pessoas portadoras da doença de Chagas, como era o caso de sua mulher, Erotildes Guimarães. A prisão não durou uma semana pois o juiz da Vara Criminal de Planaltina (DF) Ademar Silva de Vasconcelos concedeu liberdade provisória ao lavrador, <a target=""blank"" href=""https://www1.folha.uol.com.br/folha/cotidiano/ult95u3083.shtml"" rel=""noopener noreferrer"">que saiu da prisão em 23 de junho daquele ano</a>.
",,"1970-01-01 00:00:00",archived-answer,https://projetocomprova.com.br/post/re_2b5w8xzokk4z/,https://projetocomprova.com.br/wp-content/uploads/2018/08/QEQ8n2ScRNCQHM46S9NT-2.png,QEQ8n2ScRNCQHM46S9NT,,,,https://projetocomprova.com.br/wp-content/uploads/2018/08/QEQ8n2ScRNCQHM46S9NT-2.png,,,,"a:3:{s:3:""loc"";s:84:""https://projetocomprova.com.br/wp-content/uploads/2018/08/QEQ8n2ScRNCQHM46S9NT-2.png"";s:5:""title"";s:20:""QEQ8n2ScRNCQHM46S9NT"";s:7:""caption"";s:0:"""";}|a:3:{s:3:""loc"";s:84:""https://projetocomprova.com.br/wp-content/uploads/2018/08/QEQ8n2ScRNCQHM46S9NT-2.png"";s:5:""title"";s:20:""QEQ8n2ScRNCQHM46S9NT"";s:7:""caption"";s:0:"""";}|a:3:{s:3:""loc"";s:84:""https://projetocomprova.com.br/wp-content/uploads/2018/08/QEQ8n2ScRNCQHM46S9NT-2.png"";s:5:""title"";s:20:""QEQ8n2ScRNCQHM46S9NT"";s:7:""caption"";s:0:"""";}",,,,,,,,,,,,,,,,publish,1,lunar_admin,oli@lunar.build,,,re_2b5w8xzokk4z,,,0,0,0,closed,closed,"1970-01-01 00:00:00",sbt,nsc-comunicacao|sbt|jornal-do-commercio|correio-do-povo|uol|poder360|revista-piaui,red,,,,,,,,,,,,,,,
3699,"Termo Ursal foi criado como brincadeira e agora alimenta teorias conspiratórias","O plano de unificar toda a América Latina sob um único estado socialista, a Ursal (União das Repúblicas Socialistas da América Latina), não existe. Existem muitas iniciativas para a integração econômica da região, como a Alca e a Unasul, mas nenhuma delas implica que países integrantes tenham de abrir mão de suas soberanias ou aderir ao socialismo.

A sigla foi inventada pela socióloga Maria Lucia Victor Barbosa - no artigo “Os Companheiros”, <a target=""blank"" href=""http://www.olavodecarvalho.org/os-companheiros/"" rel=""noopener noreferrer"">publicado no site do filósofo Olavo de Carvalho</a>, no dia 9 de dezembro em 2001 - como uma ironia para criticar um encontro do Foro de São Paulo, realizado à época em Havana. 

O termo apareceu, novamente, no site do filósofo: era a <a targe=""blank"" href="" http://www.olavodecarvalho.org/os-inventores-do-mundo-futuro/"">reprodução de uma coluna do autor</a> publicada no jornal Diário do Comércio, em 1º de maio de 2006. 

Em seguida, surgiu o site “Dossiê Ursal”. De acordo com o <a target=""blank"" href=""http://www.whois.com/whois/dossieursal.com"" rel=""noopener noreferrer"">Whois</a>, a página foi criada em 9 de abril de 2015. Usa o provedor Dreamhost.com, que permite a ocultação do real proprietário do site nas consultas públicas. O Comprova entrou em contato com um homem que se apresenta em vídeos no Facebook como o criador do site e pediu, por mensagem, informações sobre o site e sobre a primeira menção à Ursal descoberta por ele. O internauta, porém, disse não conceder entrevistas sobre o assunto.

Menções à sigla se tornaram virais em 2018 após o primeiro debate com os candidatos à Presidência da República, transmitido pela TV Bandeirantes no dia 9 de agosto. Na ocasião, o Cabo Daciolo (Patriota) pediu para Ciro Gomes (PDT) falar sobre o Foro de São Paulo e <a target=""blank"" href=""https://www.youtube.com/watch?v=7ANqSdWvTlo"" rel=""noopener noreferrer"">sobre o “plano Ursal”</a>. Ciro disse desconhecer este termo. 

A socióloga <a target=""blank"" href=""https://drive.google.com/file/d/1wVl9pZdHtl1VnFO7bJCfeDtSCWaDD-Ez/view?usp=sharing"" rel=""noopener noreferrer"">relatou</a> ter ficado perplexa ao ouvir a menção à Ursal no debate. “A Ursal foi uma brincadeira que virou uma teoria conspiratória”, disse, em entrevista por telefone ao Comprova. Ela confirmou que em 2001 usou o termo em um artigo sobre o Foro de São Paulo, <a target=""blank"" href=""https://www.gazetadopovo.com.br/ideias/o-que-e-o-foro-de-sao-paulo-6c9k6thdv3znpxt9he7too1gy"" rel=""noopener noreferrer"">uma entidade formada por partidos e movimentos de esquerda criada em 1990</a>, e que reúne 113 membros de 26 países. 

No texto, ela criticava a postura de Luiz Inácio Lula da Silva ao falar sobre a Área de Livre Comércio das Américas (Alca), proposta dos Estados Unidos para integrar as Américas em um bloco econômico, que não saiu do papel. “Mas qual seria, me pergunto, essa tal integração no modelo Castro-Chávez-Lula? Quem sabe, a criação da União das Republiquetas Socialistas da América Latina (Ursal)?”, escreveu na época.

Maria Lúcia conta ter feito uma associação com a União das Repúblicas Socialistas Soviéticas (URSS) para inventar a sigla, que já tem o tom de deboche no “republiquetas”.  “Subliminarmente tinha uma ressonância com URSS. Eu inventei essa sigla como uma crítica paralela à União Soviética”, disse em entrevista. Ela conta que, após a publicação do artigo, chegou a receber e-mails que mencionavam a Ursal, mas que sempre tratou de explicar que ela havia inventado o termo e que essa associação não existia.

A professora nem acredita na possibilidade de haver um plano drástico de integração na América Latina. “Não há viabilidade de fazer isso, é uma utopia”, diz.

Para um razoável volume de usuários das redes sociais, a Ursal existe ou está em vias de sair do papel, graças a uma conspiração de pessoas que identificam como ""esquerdistas"". Vários formadores de opinião da direita -- que acreditam na existência de um plano da esquerda de integração dos países da América Latina -- divulgaram que a sigla Ursal pode ter sido inventada, mas que a ideia é real. 

Um deles foi o próprio Olavo de Carvalho, que hospedou o artigo original de Maria Lúcia Victor Barbosa, e se <a target=""blank"" href=""https://www.facebook.com/carvalho.olavo/posts/1104837346335005"" rel=""noopener noreferrer"">manifestou no Facebook</a>, pouco antes de ter sua conta temporariamente suspensa pela rede social. Nesta oportunidade, escreveu sobre a Ursal que o “termo é genérico”. Assim que voltou a postar, publicou <a target=""blank"" href=""https://www.facebook.com/carvalho.olavo/posts/1108710809280992"" rel=""noopener noreferrer"">novo texto</a> afirmando a existência de um esquema comunista de integração continental. O youtuber Nando Moura, famoso por opiniões políticas, também se manifestou sobre o caso e recomendou que seguidores procurem ver um “fundo de verdade” nos alertas de Cabo Daciolo. O <a target=""blank"" href=""https://youtu.be/Ndqss1Wwi-o"" rel=""noopener noreferrer"">vídeo já foi visto mais de 620 mil vezes</a>.

Governos da América Latina buscam integração há muito tempo, mas as iniciativas que saíram do papel não passam nem perto de uma grande transição ao socialismo. Têm se resumido a parcerias econômicas, mercadológicas, para circulação de pessoas e mesmo para reafirmação de valores democráticos. As principais são o Mercado Comum do Sul (<a target=""blank"" href=""http://www.mercosur.int/"" rel=""noopener noreferrer"">Mercosul</a>), de 1991, o <a target=""blank"" href=""http://www.planalto.gov.br/ccivil_03/decreto/2002/d4210.htm"" rel=""noopener noreferrer"">Protocolo de Ushuaia</a>, de 1998, e a União de Nações Sul-Americanas (Unasul), de 2008.

Já a Pátria Grande, mencionada por Cabo Daciolo no debate da Band, é um conceito que <a target=""blank"" href=""https://www.gazetadopovo.com.br/ideias/o-que-e-a-ursal-ela-existe-de-verdade-df9h7cfggtvwvydxbzvtl6sc1"" rel=""noopener noreferrer"">apareceu pela primeira vez no livro “La Patria Grande”</a> (1922), do escritor e político argentino Manuel Ugarte, que reunia discursos favoráveis à unificação feitos em países americanos.",,"1970-01-01 00:00:00",archived-answer,https://projetocomprova.com.br/post/re_2b5w8xbvqwmz/,https://projetocomprova.com.br/wp-content/uploads/2018/08/aFW8pKTOTC64DNb0J8G7-2.jpg,aFW8pKTOTC64DNb0J8G7,,,,https://projetocomprova.com.br/wp-content/uploads/2018/08/aFW8pKTOTC64DNb0J8G7-2.jpg,,,,"a:3:{s:3:""loc"";s:84:""https://projetocomprova.com.br/wp-content/uploads/2018/08/aFW8pKTOTC64DNb0J8G7-2.jpg"";s:5:""title"";s:20:""aFW8pKTOTC64DNb0J8G7"";s:7:""caption"";s:0:"""";}|a:3:{s:3:""loc"";s:84:""https://projetocomprova.com.br/wp-content/uploads/2018/08/aFW8pKTOTC64DNb0J8G7-2.jpg"";s:5:""title"";s:20:""aFW8pKTOTC64DNb0J8G7"";s:7:""caption"";s:0:"""";}|a:3:{s:3:""loc"";s:84:""https://projetocomprova.com.br/wp-content/uploads/2018/08/aFW8pKTOTC64DNb0J8G7-2.jpg"";s:5:""title"";s:20:""aFW8pKTOTC64DNb0J8G7"";s:7:""caption"";s:0:"""";}",,,,,,,,,,,,,,,,publish,1,lunar_admin,oli@lunar.build,,,re_2b5w8xbvqwmz,,,0,0,0,closed,closed,"1970-01-01 00:00:00",,nsc-comunicacao|radio-bandeirantes|correio-do-povo|sbt|poder360|jornal-do-commercio|uol,red,,,,,,,,,,,,,,,
3701,"Foto que associa Alckmin a ""líder do PCC"" é enganosa","Uma foto em que aparecem juntos o presidenciável Geraldo Alckmin (PSDB) e o atual prefeito de Embu das Artes, Ney Santos (PRB), está circulando por grupos de WhatsApp com uma inscrição sobre a imagem que sugere proximidade entre o “líder do PCC” e o “líder de São Paulo”. 

Ney Santos já foi preso duas vezes - em 1999, por receptação e formação de quadrilha, e em 2003, por roubo a banco. Foi solto por falta de provas em 2005. Mas, <a target=""blank"" href=""http://g1.globo.com/especiais/eleicoes-2010/noticia/2010/09/delegado-diz-que-pode-pedir-prisao-de-candidato-deputado-em-sp.html"" rel=""noopener noreferrer"">durante a campanha de 2010</a>, ele chegou a ter a prisão temporária decretada durante uma investigação sobre o rápido crescimento de seu patrimônio e uma possível ligação com a facção criminosa. Em 2016, foi acusado pelo Ministério Público por associação ao tráfico, de integrar organização criminosa e lavagem de dinheiro. Na época, ele era presidente da Câmara de Vereadores de Embu das Artes e foi considerado foragido. 

Eleito prefeito de Embu das Artes em 2016, assumiu graças a uma liminar do STF e teve o <a target=""blank""href=""https://oglobo.globo.com/brasil/justica-cassa-prefeito-embu-das-artes-sp-por-suspeita-de-uso-de-dinheiro-do-trafico-em-campanha-22580772"" rel=""noopener noreferrer"">mandato cassado este ano</a>, por suspeita de uso de dinheiro do tráfico de drogas e doações ilícitas na campanha de 2016. A sentença não teve caráter suspensivo, por isso ele continua no cargo.

As fotos e vídeos com Geraldo Alckmin foram feitos em 2010, quando Alckmin era candidato ao governo de São Paulo - e foi eleito -, e Ney Santos tentava uma vaga na Câmara dos Deputados, então pelo PSC. Os partidos faziam parte da mesma coligação, o que justificaria a presença de Alckmin naquele evento de campanha. Desde então, o boato de ligação entre os dois reaparece a cada pleito. Há, também, uma montagem em <a target=""blank"" href=""https://www.youtube.com/watch?time_continue=4&v=EjQu-ouQZOc"" rel=""noopener noreferrer"">vídeo no YouTube</a> que voltou a circular.

A campanha de Geraldo Alckmin já se pronunciou sobre essa alegação. Uma nota no <a target=""blank"" href=""https://www.geraldoalckmin.com.br/2018/06/06/mentira-alckmin-apoia-lider-do-pcc/"" rel=""noopener noreferrer"">site do candidato</a> diz que quando o vídeo de apoio foi gravado, em 2010, Alckmin desconhecia qualquer denúncia contra Ney Santos e que as notícias que circulam na internet são mentirosas.

A assessoria de Ney Santos respondeu ao Estadão Verifica, que <a target=""blank""href=""https://politica.estadao.com.br/blogs/estadao-verifica/mensagem-tira-de-contexto-apoio-de-alckmin-a-suposto-lider-do-pcc/"" rel=""noopener noreferrer"">já checou esse boato</a>, que as informações são falsas e que ele não concorre a nenhum cargo em 2018. Vale ressaltar que Santos está inelegível. Em sua página do Facebook, Santos divulgou um <a traget=""blank""href=""https://www.facebook.com/neysantosoficial/videos/1616838638443358/"">vídeo</a> falando sobre acusações recorrentes que são feitas contra ele e podem prejudicar os candidatos que ele apoia para deputado estadual e federal - o presidente da Câmara de Embu, Hugo Prado, e sua irmã, Ely Santos, respectivamente. Não há menção a Alckmin.

A ligação entre os dois já foi usada contra Alckmin em 2010, na campanha do governo estadual, pela equipe de Aloizio Mercadante, candidato pelo PT. É o que mostra nota da <a target=""blank"" href=""https://www1.folha.uol.com.br/fsp/poder/po1709201001.htm"" rel=""noopener noreferrer"">coluna Painel</a>, da Folha de S.Paulo. Coincidentemente, os partidos dos dois políticos - PSDB e PRB - estão na mesma coligação em 2018.",,"1970-01-01 00:00:00",archived-answer,https://projetocomprova.com.br/post/re_2b5w8xyjrlpy/,https://projetocomprova.com.br/wp-content/uploads/2018/08/PnDngzD5TSeQcLTXECsW-2.jpg,PnDngzD5TSeQcLTXECsW,,,,https://projetocomprova.com.br/wp-content/uploads/2018/08/PnDngzD5TSeQcLTXECsW-2.jpg,,,,"a:3:{s:3:""loc"";s:84:""https://projetocomprova.com.br/wp-content/uploads/2018/08/PnDngzD5TSeQcLTXECsW-2.jpg"";s:5:""title"";s:20:""PnDngzD5TSeQcLTXECsW"";s:7:""caption"";s:0:"""";}|a:3:{s:3:""loc"";s:84:""https://projetocomprova.com.br/wp-content/uploads/2018/08/PnDngzD5TSeQcLTXECsW-2.jpg"";s:5:""title"";s:20:""PnDngzD5TSeQcLTXECsW"";s:7:""caption"";s:0:"""";}|a:3:{s:3:""loc"";s:84:""https://projetocomprova.com.br/wp-content/uploads/2018/08/PnDngzD5TSeQcLTXECsW-2.jpg"";s:5:""title"";s:20:""PnDngzD5TSeQcLTXECsW"";s:7:""caption"";s:0:"""";}",,,,,,,,,,,,,,,,publish,1,lunar_admin,oli@lunar.build,,,re_2b5w8xyjrlpy,,,0,0,0,closed,closed,"1970-01-01 00:00:00",,nsc-comunicacao|jornal-do-commercio|uol|poder360|sbt,red,,,,,,,,,,,,,,,
3703,"Antes de compartilhar, Comprova","Hoje, 6 de agosto, entra em operação o projeto Comprova. Nas próximas 12 semanas, dezenas de jornalistas de 24 veículos de mídia vão trabalhar em conjunto para combater as ondas de desinformação nas redes sociais durante a campanha eleitoral. Trata-se da maior iniciativa de colaboração entre empresas concorrentes da história da imprensa brasileira. E você também pode ajudar nesse desafio.

A coalizão do Comprova vai monitorar as redes em busca de conteúdo enganoso relacionado às eleições, e agir para desmentir boatos sempre que tiverem caráter viral ou o potencial de desinformar um grande número de eleitores. Por meio de um número de <a href=""https://api.whatsapp.com/send?l=pt_pt&phone=5511977950022&text=Eu%20tenho%20uma%20pergunta"" target=""_blank"" rel=""noopener noreferrer"">WhatsApp (11 97795-0022)</a>, o público poderá encaminhar às equipes de checagem textos, áudios, fotos e vídeos suspeitos.

Se for constatada falsidade, os desmentidos serão respondidos pelo próprio WhatsApp, além de publicados aqui no <a href="""" target=""_blank"" rel=""noopener noreferrer"">projetocomprova.com.br</a> e nos sites dos integrantes da coalizão. As checagens sempre serão feitas em conjunto: para que algo seja divulgado, será necessário ter o aval de pelo menos três veículos distintos. O material terá licença Creative Commons, ou seja, poderá ser republicado livremente, desde que haja atribuição ao Comprova e o conteúdo não seja alterado.

Os interessados devem salvar o número (11) 97795-0022 na lista de contatos de seu celular e então enviar uma mensagem com o pedido de checagem. 

A participação do público não se limitará ao envio de conteúdo para checagem. Os interessados serão encorajados a compartilhar a informação checada com seus contatos de WhatsApp e também nas redes sociais.

Este texto de boas vindas será o único conteúdo do site até que tenhamos mais material para publicar.

O Comprova não é apenas um projeto jornalístico. Um de seus objetivos é ajudar o público em geral a detectar as evidências que indicam a adulteração de um conteúdo com objetivo de enganar.

A metodologia de checagem foi desenvolvida pelo <a href=""https://firstdraftnews.org/"" target=""_blank"" rel=""noopener noreferrer"">First Draft</a>, um projeto do Centro Shorenstein da Harvard Kennedy School. 

A convite do First Draft, a Abraji (Associação Brasileira de Jornalismo Investigativo) coordena a coalizão de 24 veículos. 

As organizações de mídia envolvidas no Comprova são: AFP, Band News, Band TV, Canal Futura, Correio do Povo, Exame, Folha de S.Paulo, GaúchaZH, Gazeta Online, Gazeta do Povo, Jornal do Commercio, Metro Brasil, Nexo Jornal, Nova Escola, NSC Comunicação, O Estado de S.Paulo, O Povo, Poder360, Rádio Band News FM, Rádio Bandeirantes, Revista Piauí, SBT, UOL e Veja.

O Comprova conta com o apoio do Projor, entidade que trabalha para fortalecer o jornalismo no Brasil. A <a href=""https://newsinitiative.withgoogle.com/"" target=""_blank"" rel=""noopener noreferrer"">Google News Initiative</a> e o <a href=https://www.facebook.com/facebookmedia/solutions/facebook-journalism-project"" target=""_blank"" rel=""noopener noreferrer"">Projeto de Jornalismo do Facebook</a> ajudaram a financiar o projeto, e ambas as empresas estão fornecendo suporte técnico e treinamento para as equipes envolvidas.

Parceiros Institucionais incluem a Abraji, a ANJ (Associação Nacional de Jornais no Brasil), o escritório do Centro David Rockefeller para Estudos Latino-Americanos da Universidade de Harvard, o Projor, a agência Aos Fatos, a Fundação Armando Alvares Penteado (FAAP) e a RBMDF Advogados. Os parceiros de tecnologia incluem CrowdTangle, NewsWhip, Torabit, Twitter e WhatsApp.",,"1970-01-01 00:00:00",archived-answer,https://projetocomprova.com.br/post/re_2b5w8xb8nkjy/,https://projetocomprova.com.br/wp-content/uploads/2018/08/IzcFl1tuQfJYafEXFUzg-2.png,IzcFl1tuQfJYafEXFUzg,,,,https://projetocomprova.com.br/wp-content/uploads/2018/08/IzcFl1tuQfJYafEXFUzg-2.png,,,,"a:3:{s:3:""loc"";s:84:""https://projetocomprova.com.br/wp-content/uploads/2018/08/IzcFl1tuQfJYafEXFUzg-2.png"";s:5:""title"";s:20:""IzcFl1tuQfJYafEXFUzg"";s:7:""caption"";s:0:"""";}|a:3:{s:3:""loc"";s:84:""https://projetocomprova.com.br/wp-content/uploads/2018/08/IzcFl1tuQfJYafEXFUzg-2.png"";s:5:""title"";s:20:""IzcFl1tuQfJYafEXFUzg"";s:7:""caption"";s:0:"""";}|a:3:{s:3:""loc"";s:84:""https://projetocomprova.com.br/wp-content/uploads/2018/08/IzcFl1tuQfJYafEXFUzg-2.png"";s:5:""title"";s:20:""IzcFl1tuQfJYafEXFUzg"";s:7:""caption"";s:0:"""";}",,,,,,,,,,,,,,,,publish,1,lunar_admin,oli@lunar.build,,,re_2b5w8xb8nkjy,,,0,0,0,closed,closed,"1970-01-01 00:00:00",abraji,,"full colour",,,,,,,,,,,,,,,
3705,"Aluna foi expulsa de sala de aula por usar celular e não por apoiar Bolsonaro","Uma página de apoio a Jair Bolsonaro no Facebook compartilhou em 6 de agosto um vídeo que mostra, supostamente, uma jovem sendo expulsa da sala de aula por seu professor por usar uma camiseta do candidato do PSL. A informação não é verdadeira.

O conteúdo compartilhado é um vídeo de outra página pró-Bolsonaro, alegadamente baseada em Pirapora do Bom Jesus (SP), que por sua vez teve mais de 1,3 milhões de visualizações desde que foi publicado, em abril de 2018. 

Até o dia 16 de agosto, o vídeo havia sido compartilhado por 34 páginas que reúnem apoiadores do presidenciável. Ao todo, a partir de abril, já recebeu recebeu 25,3 mil interações, segundo a contagem pública do Facebook.

O texto que introduz o conteúdo afirma categoricamente que ""professor de história grita e expulsa aluno por este usar a camisa do Bolsonaro em sala de aula"". Na realidade, o vídeo não tem qualquer relação com a campanha presidencial ou com Bolsonaro. 

O vídeo em questão foi gravado no dia 23 de fevereiro de 2015, na Escola Estadual de Ensino Médio Dr. Silva Mello, no bairro Parque da Areia Preta, em Guarapari (ES). O professor, exaltado, pediu que ela tirasse ""essa merda daqui"". No mesmo dia, o vídeo foi compartilhado na página do Facebook “ES em Foco” e tornou-se um viral no WhatsApp. Em entrevista ao jornal Gazeta Online, à época, a aluna e o professor confirmaram que a confusão foi motivada pelo uso do celular. 

O caso rendeu a cobertura jornalística de alguns veículos, como Gazeta Online e G1. A versão recentemente viralizada utilizou 37 segundos de uma <a target=""blank""href=""http://g1.globo.com/espirito-santo/educacao/noticia/2015/02/video-mostra-professor-exaltado-apos-aluna-usar-celular-no-es.html"" rel=""noopener noreferrer""> matéria</a> de um telejornal do Espírito Santo, que contava a história, mas suprimiu a explicação do celular.",,"1970-01-01 00:00:00",archived-answer,https://projetocomprova.com.br/post/re_2b5w8xzleryb/,https://projetocomprova.com.br/wp-content/uploads/2018/08/qV0r0jIYQryhesYtgBlu-2.jpg,qV0r0jIYQryhesYtgBlu,,,,https://projetocomprova.com.br/wp-content/uploads/2018/08/qV0r0jIYQryhesYtgBlu-2.jpg,,,,"a:3:{s:3:""loc"";s:84:""https://projetocomprova.com.br/wp-content/uploads/2018/08/qV0r0jIYQryhesYtgBlu-2.jpg"";s:5:""title"";s:20:""qV0r0jIYQryhesYtgBlu"";s:7:""caption"";s:0:"""";}|a:3:{s:3:""loc"";s:84:""https://projetocomprova.com.br/wp-content/uploads/2018/08/qV0r0jIYQryhesYtgBlu-2.jpg"";s:5:""title"";s:20:""qV0r0jIYQryhesYtgBlu"";s:7:""caption"";s:0:"""";}|a:3:{s:3:""loc"";s:84:""https://projetocomprova.com.br/wp-content/uploads/2018/08/qV0r0jIYQryhesYtgBlu-2.jpg"";s:5:""title"";s:20:""qV0r0jIYQryhesYtgBlu"";s:7:""caption"";s:0:"""";}",,,,,,,,,,,,,,,,publish,1,lunar_admin,oli@lunar.build,,,re_2b5w8xzleryb,,,0,0,0,closed,closed,"1970-01-01 00:00:00",,poder360|sbt|revista-piaui|uol|radio-bandeirantes,red,,,,,,,,,,,,,,,
3707,"União Europeia não pediu retaliação ao Brasil por prisão de Lula","Um <a target=""blank"" href=""https://www.facebook.com/depmarcomaia/videos/2147400351942123/"" rel=""noopener noreferrer"">vídeo</a> primeira mente difundido pela conta do deputado federal Marco Maia (PT-RS), e replicado por outras contas, mostra, sem mencionar seu nome, <a target=""blank"" href=""http://www.parlamento.pt/DeputadoGP/Paginas/Biografia.aspx?BID=4161"" rel=""noopener noreferrer"">Catarina Martins</a>, deputada portuguesa e coordenadora do partido Bloco de Esquerda, criticando a prisão do ex-presidente Luiz Inácio Lula da Silva (PT). 

A publicação afirma que a “Europa pede à ONU retaliação ao Brasil pela prisão ilegal do candidato que lidera as pesquisas para presidente no Brasil”. Não há, no entanto, indícios de que esse pedido de retaliação da “Europa” existiu. As imagens mencionadas simplesmente fazem parte da fala de uma parlamentar da esquerda de Portugal.

Não há registro de qualquer pedido por parte da União Europeia dirigido às Nações Unidas sobre retaliações pela prisão de Lula. Ao ser contactada pelo Comprova, a deputada Catarina Martins, retratada no vídeo, declarou que desconhece tal pedido e que as imagens são uma montagem alheia a seu mandato. O mesmo foi confirmado pelo partido Bloco de Esquerda.

O <a target=""blank"" href=""https://www.rtp.pt/noticias/pais/catarina-martins-critica-severamente-prisao-de-lula-da-silva_v1068799"" rel=""noopener noreferrer"">vídeo original</a> foi gravado em 8 de abril de 2018, um dia depois de Lula ser preso. Era um evento de aniversário do Bloco de Esquerda, na cidade do Porto. <a target=""blank""href=""https://expresso.sapo.pt/politica/2018-04-08-Bloco-de-Esquerda-contra-detencao-de-Lula-da-Silva#gs.XleQVyQ"" rel=""noopener noreferrer"">A deputada</a> e o seu partido consideram a prisão de Lula arbitrária e um golpe, posição semelhante à do PT e de outros partidos de esquerda brasileiros.

Contactada pelo Comprova, a Corte Europeia de Direitos Humanos afirmou que não conduz casos por conta própria. Apenas acolhe demandas individuais ou de Estados europeus.

No portal de documentação da União Europeia, foram encontrados arquivos com menção ao ex-presidente Lula, mas <a target=""blank"" href=""http://europa.eu/geninfo/query/index.do?queryText=luiz+inacio+lula&summary=summary&more_options_source=global&more_options_date=*&more_options_date_from=&more_options_date_to=&more_options_language=en&more_options_f_formats=*&swlang=en"" rel=""noopener noreferrer"">nenhum deles</a> diz respeito a retaliações pela sua prisão.

<a target=""blank"" href=""http://www.europarl.europa.eu/RegData/questions/reponses_qe/2018/002641/P8_RE(2018)002641_EN.pdf"" rel=""noopener noreferrer"">Em 11 de julho</a>, em resposta oficial a um eurodeputado, a chefe das Relações Exteriores da União Europeia, Federica Mogherini, disse que o bloco europeu acredita que o Judiciário brasileiro fará o que for necessário para lidar com esse e com outros casos envolvendo políticos, de forma “objetiva e independente”. Ou seja, o documento vai na contramão do que afirma o post com o vídeo. 

No dia 5 de abril, parlamentares de diferentes países <a target=""blank"" href=""https://www.efe.com/efe/cono-sur/politica/parlamentarios-del-mercosur-y-de-otras-camaras-internacionales-apoyan-a-lula/50000818-3573817"" rel=""noopener noreferrer"">assinaram uma carta de apoio</a> a Lula. No entanto, esse documento não foi endossado por nenhum organismo internacional. À época do mandado de prisão de Lula, a defesa do ex-presidente protocolou junto à ONU um pedido para evitar que ele fosse preso, mas o recurso foi negado pelo órgão.

Após a verificação do Comprova, a assessoria do deputado Marco Maia apagou o vídeo. Em nota, a assessoria do petista ""agradeceu a investigação"" do projeto. ""Acreditamos no papel da imprensa neste trabalho de verificação de fake news"", diz trecho do texto.  ",,"1970-01-01 00:00:00",archived-answer,https://projetocomprova.com.br/post/re_2b5w8xbb26mb/,https://projetocomprova.com.br/wp-content/uploads/2018/08/6MufsjS4Rxe84eJfu5R0-2.jpg,6MufsjS4Rxe84eJfu5R0,,,,https://projetocomprova.com.br/wp-content/uploads/2018/08/6MufsjS4Rxe84eJfu5R0-2.jpg,,,classic-editor|classic-editor|classic-editor,"a:3:{s:3:""loc"";s:84:""https://projetocomprova.com.br/wp-content/uploads/2018/08/6MufsjS4Rxe84eJfu5R0-2.jpg"";s:5:""title"";s:20:""6MufsjS4Rxe84eJfu5R0"";s:7:""caption"";s:0:"""";}|a:3:{s:3:""loc"";s:84:""https://projetocomprova.com.br/wp-content/uploads/2018/08/6MufsjS4Rxe84eJfu5R0-2.jpg"";s:5:""title"";s:20:""6MufsjS4Rxe84eJfu5R0"";s:7:""caption"";s:0:"""";}|a:3:{s:3:""loc"";s:84:""https://projetocomprova.com.br/wp-content/uploads/2018/08/6MufsjS4Rxe84eJfu5R0-2.jpg"";s:5:""title"";s:20:""6MufsjS4Rxe84eJfu5R0"";s:7:""caption"";s:0:"""";}",,,,,,,,,,,,,,,,publish,1,lunar_admin,oli@lunar.build,,,re_2b5w8xbb26mb,,,0,0,0,closed,closed,"1970-01-01 00:00:00",nexo,radio-bandeirantes|poder360|afp|uol|nsc-comunicacao|sbt,"full colour",,,,,,,,,,,,,,,
3709,"Professor  tem que trabalhar por amor? Não há registro de que Alckmin tenha dito isso","A frase “quem quiser dar aula, faça isso por gosto, e não pelo salário. Se quiser ganhar melhor, pede demissão e vá para o ensino privado” vem sendo atribuída a Geraldo Alckmin em sites e em redes sociais, mas não há qualquer registro de que o candidato do PSDB à presidência da República a tenha proferido em algum momento.

Alckmin não é a primeira vítima desse boato. Pelo que o Comprova verificou, a frase foi originalmente atribuída ao então governador do Ceará Cid Gomes no final de agosto de 2011, quando o estado enfrentava uma greve dos professores. 

Embora não se tenha encontrado um registro da frase original que teria sido dita por Cid Gomes, parte de uma entrevista sua, concedida em 2011, <a href=""https://www.youtube.com/watch?v=tXtXSJdvRnU"" target=""_blank"" rel=""noopener noreferrer"">está gravada</a>. Nela, ele cita professores, policiais, médicos e detentores de cargos eletivos e diz que a atividade pública deve ser exercida ""por amor, não por dinheiro"". O caso repercutiu e até outdoors foram colocados em Fortaleza, capital cearense, ironizando a declaração.
 
Quando assumiu o Ministério de Educação em janeiro de 2015, o irmão do candidato à presidência Ciro Gomes (PDT) <a href=""http://g1.globo.com/educacao/noticia/2015/01/cid-gomes-diz-que-declaracao-sobre-salario-de-professores-foi-distorcida.html"" target=""_blank"" rel=""noopener noreferrer"">negou a autoria da frase</a>. 

Nos últimos dias, uma imagem que atribui a declaração a Geraldo Alckmin ganhou força nas redes sociais e teve maior impulso no dia 23 de julho de 2018 após a página São Paulo Querida publicá-la. Mais de 9,1 mil pessoas já compartilharam o post no Facebook. A imagem foi enviada ao <a href=""https://api.whatsapp.com/send?l=pt_pt&phone=5511977950022&text=Eu%20tenho%20uma%20pergunta"" target=""_blank"" rel=""noopener noreferrer"">WhatsApp [11 97795-0022] do Comprova</a> para ser checada.",,"1970-01-01 00:00:00",archived-answer,https://projetocomprova.com.br/post/re_2b5w8xy6dppb/,https://projetocomprova.com.br/wp-content/uploads/2018/08/hxNbKFodTKWJY9r3gek9-2.jpg,hxNbKFodTKWJY9r3gek9,,,,https://projetocomprova.com.br/wp-content/uploads/2018/08/hxNbKFodTKWJY9r3gek9-2.jpg,,,,"a:3:{s:3:""loc"";s:84:""https://projetocomprova.com.br/wp-content/uploads/2018/08/hxNbKFodTKWJY9r3gek9-2.jpg"";s:5:""title"";s:20:""hxNbKFodTKWJY9r3gek9"";s:7:""caption"";s:0:"""";}|a:3:{s:3:""loc"";s:84:""https://projetocomprova.com.br/wp-content/uploads/2018/08/hxNbKFodTKWJY9r3gek9-2.jpg"";s:5:""title"";s:20:""hxNbKFodTKWJY9r3gek9"";s:7:""caption"";s:0:"""";}|a:3:{s:3:""loc"";s:84:""https://projetocomprova.com.br/wp-content/uploads/2018/08/hxNbKFodTKWJY9r3gek9-2.jpg"";s:5:""title"";s:20:""hxNbKFodTKWJY9r3gek9"";s:7:""caption"";s:0:"""";}",,,,,,,,,,,,,,,,publish,1,lunar_admin,oli@lunar.build,,,re_2b5w8xy6dppb,,,0,0,0,closed,closed,"1970-01-01 00:00:00",,radio-bandeirantes|poder360|uol|revista-piaui|sbt|afp,red,,,,,,,,,,,,,,,
3711,"Post diz que Lulinha embolsou R$ 317 milhões e atribui informação a delação inexistente","<strong>08/08/2018:</strong> A informação de que uma “delação bomba” revelou que Lulinha - Fábio Luís Lula da Silva, filho do ex-presidente Lula - embolsou R$ 317 milhões voltou a circular nas redes sociais depois da confirmação da candidatura de Lula à presidência na convenção do PT realizada em 4 de agosto.

O Comprova verificou que a delação a que o título do post se refere não existe, e sequer é mencionada no texto, e que a informação é falsa. A publicação acusa o filho de Lula de ter recebido sozinho o que, na verdade, é o montante de toda a receita da Gamecorp, empresa do qual é sócio, num período de 11 anos. A postagem também omite que os fatos relatados ocorreram em 2016.

A informação que agora viralizou foi publicada na tarde de 4 de agosto no site News Atual e outros sites replicaram a notícia. Versões desse mesmo texto circulam desde 2016.

A ""delação bomba"" que aparece no título não é citada no texto porque não existe. Uma <a href=""http://g1.globo.com/pr/parana/noticia/2016/06/delator-diz-que-fez-pagamentos-do-grupo-caoa-para-empresa-de-lulinha.html"" target=""blank"" rel=""noopener noreferrer"">reportagem de junho de 2016, do site G1</a>, ajudou a esclarecer em que contexto houve uma citação a Lulinha e à Gamecorp em uma delação. O caso foi citado por Roberto Trombeta, um contador ligado à montadora Caoa, em um acordo de colaboração premiada, firmado em abril de 2016. Ele afirmava que fez pagamentos de R$ 300 mil do Grupo Caoa para a Gamecorp. Trombeta teve sua colaboração colocada em sigilo de Justiça após descumprir sua parte do acordo. A informação foi confirmada pelo Comprova junto ao Ministério Público Federal do Paraná (MPF-PR). Trombeta foi condenado em maio de 2018 no âmbito da Operação Lava Jato. Já o grupo Caoa é alvo da Operação Acrônimo, braço da Zelotes, que também investiga o ex-presidente Luiz Inácio Lula da Silva.

Na sequência, a postagem menciona um laudo técnico da Polícia Federal, que revela que a empresa Gamecorp, que tem entre os sócios Fábio Luís Lula da Silva, faturou mais de R$ 317 milhões entre 2005 e 2016. Esse <a href=""https://drive.google.com/file/d/1TpGox7gYEz0VAm_eYu3lGf5EFuy3Ts2b/view"" target=""blank"" rel=""noopener noreferrer""> laudo realmente existe</a> e a equipe do Comprova teve acesso a ele. O laudo faz parte de um dos inquéritos derivados da Operação Aletheia, a 24ª fase da Operação Lava Jato, que mirou Lula em 2016. A Gamecorp e Fábio Luís foram alvo de mandados de busca e apreensão nesta operação, mas não constam como réus em nenhum dos processos da Lava Jato na primeira instância.

Esse laudo da PF analisou 12 contas bancárias da Gamecorp. O valor de R$ 317 milhões corresponde ao total de dinheiro que entrou nestas contas entre 07/01/2005 e 16/02/2016. As saídas nesse período foram de R$ 321 milhões. O laudo não apresenta conclusões sobre possíveis irregularidades cometidas nas movimentações financeiras da empresa.

As demais informações citadas no texto também foram retiradas de contexto e são colagens de diversas notas publicadas sobre a Operação Lava Jato, já que as outras empresas também são citadas na investigação. O laudo da PF, mencionado como fonte, só se refere à movimentação financeira da Gamecorp.

Além disso, a PF também elaborou um <a href=""https://drive.google.com/file/d/1v6aIQ7flJ8zJC-LYU2MLLtz364kEgROZ/view"" target=""blank"" rel=""noopener noreferrer"">laudo pericial</a> em relação ao patrimônio de Fábio Luís Lula da Silva, ao qual a equipe do Comprova também teve acesso. No período entre 2004 e 2014, semelhante ao avaliado na Gamecorp, Lulinha teve cerca de R$ 5,2 milhões de rendimentos brutos - aproximadamente R$ 3,8 milhões foram oriundos da distribuição de lucros da empresa G4 Entretenimento e Tecnologia, também de sua propriedade. A conclusão da perícia é de que a evolução patrimonial foi compatível com as sobras financeiras e que não havia irregularidades nas movimentações.",,"2018-08-09 01:00:00",archived-answer,https://projetocomprova.com.br/post/re_2b5w8xyrj9ny/,https://projetocomprova.com.br/wp-content/uploads/2018/08/Ph7hfZM0QTDLHh7KxcTf-2.png|https://projetocomprova.com.br/wp-content/uploads/2018/08/Lulinha-antiga_03-Facebook.jpg|https://projetocomprova.com.br/wp-content/uploads/2018/08/Lulinha-antiga_04-Twitter.jpg,"Ph7hfZM0QTDLHh7KxcTf|Lulinha antiga_03 - Facebook|Lulinha antiga_04 - Twitter",||,||,||,https://projetocomprova.com.br/wp-content/uploads/2018/08/Ph7hfZM0QTDLHh7KxcTf-2.png,,,classic-editor,"a:3:{s:3:""loc"";s:87:""https://projetocomprova.com.br/wp-content/uploads/2018/08/Lulinha-antiga_04-Twitter.jpg"";s:5:""title"";s:27:""Lulinha antiga_04 - Twitter"";s:7:""caption"";s:0:"""";}|a:3:{s:3:""loc"";s:88:""https://projetocomprova.com.br/wp-content/uploads/2018/08/Lulinha-antiga_03-Facebook.jpg"";s:5:""title"";s:28:""Lulinha antiga_03 - Facebook"";s:7:""caption"";s:0:"""";}|a:3:{s:3:""loc"";s:84:""https://projetocomprova.com.br/wp-content/uploads/2018/08/Ph7hfZM0QTDLHh7KxcTf-2.png"";s:5:""title"";s:20:""Ph7hfZM0QTDLHh7KxcTf"";s:7:""caption"";s:0:"""";}",0,30,,https://projetocomprova.com.br/wp-content/uploads/2018/08/Lulinha-antiga_03-Facebook-1024x538.jpg,14438,https://projetocomprova.com.br/wp-content/uploads/2018/08/Lulinha-antiga_04-Twitter.jpg,14439,,,,,,,,,publish,1,lunar_admin,oli@lunar.build,,,re_2b5w8xyrj9ny,,,0,0,0,closed,closed,"2022-10-11 23:08:27",,nsc-comunicacao|poder360|uol|gauchazh|correio-do-povo|sbt,red,,,,,,,,,,,,,,,
3713,"Enquetes em redes sociais não têm valor científico e não valem como pesquisa eleitoral","A propagação de resultados de enquetes feitas nas redes sociais, mesmo que realizadas com uso de ferramentas de plataformas como o Facebook, contribui para a desinformação. Essas consultas não têm rigor científico e não substituem as pesquisas eleitorais registradas nos tribunais eleitorais.

Algumas dessas enquetes são apresentadas como contraponto às pesquisas realizadas pelos institutos. Um exemplo recente foi compartilhado pela página ""Mais Saúde Menos Corruptos"", que postou no Facebook um infográfico que aponta o candidato Jair Bolsonaro com mais de 86,57% das intenções de voto, seguido por Lula (8,21%), Alckmin (2,99%), Ciro (1,49%) e Marina (0,75%). 

A fonte é uma página no Facebook chamada de ""Instituto de Pesquisa Oficial do Face"". O Comprova entrou em contato com Sylvio Montenegro, que se apresenta como diretor do instituto. Ele explicou que utiliza, entre outros métodos, a ferramenta de enquete que o Facebook disponibiliza para qualquer página para colher esses dados. 

Para chegar aos resultados apontados no post em questão, Montenegro utilizou uma metodologia sem qualquer base científica ou amostragem. Nesse caso, as pessoas tinham cinco opções de candidatos e escolhiam seus preferidos nos comentários. Segundo ele, foram cerca de 500 votos. Ele alega que os institutos de pesquisa precisam “olhar” para as redes sociais.

Para outro levantamento, desta vez somente entre o deputado Jair Bolsonaro e o ex-presidente Lula, foi utilizada a ferramenta de criação de enquetes do Facebook que só permite duas opções de respostas. Foram mais de 1 milhão de votos e Bolsonaro, mais uma vez, aparece na frente. Segundo Montenegro, a enquete foi feita por ele e compartilhada por seguidores. 

Como explica <a target=""blank"" href=""https://www.gazetadopovo.com.br/eleicoes/2018/como-confiar-nas-pesquisas-eleitorais-e-por-que-elas-sao-importantes-1ymynpumrcx2ub4q7u0rft3s4"" rel=""noopener noreferrer"">o material didático produzido pela Gazeta do Povo</a>, não é possível confiar em enquetes eleitorais (feitas, por exemplo, por sites apenas com as pessoas que acessam essas páginas). Isso porque elas não são realizadas usando uma metodologia científica, ao contrário do que ocorre com as pesquisas.

Pesquisas de institutos de opinião com reputação conhecida são <a target=""blank"" href=""http://www.tse.jus.br/eleicoes/pesquisa-eleitorais/pesquisas-eleitorais"" rel=""noopener noreferrer"">registradas na Justiça Eleitoral</a> e auditadas para garantir sua validade. A divulgação de levantamentos falsos ou que não foram registrados por meios de comunicação geram multa de até R$ 100 mil. 

A desconfiança de parte da população sobre os resultados das pesquisas tradicionais, em parte, vem do fato de que a maior parte das pessoas nunca foi entrevistada num desses levantamentos. A possibilidade de alguém ser entrevistado para uma pesquisa, de fato, é baixíssima. O Brasil tem <a target=""blank"" href=""http://www.tse.jus.br/imprensa/noticias-tse/2018/Agosto/brasil-tem-147-3-milhoes-de-eleitores-aptos-a-votar-nas-eleicoes-2018"" rel=""noopener noreferrer"">147,3 milhões de eleitores</a> e uma pesquisa de abrangência nacional pode ter, em alguns casos, apenas 400 entrevistados. A pesquisa recente do Datafolha (BR 04023/2018), feita entre os dias 20 e 21 de agosto, ouviu 8.433 pessoas em 313 municípios brasileiros. Ainda assim, a metodologia das pesquisas assegura que os poucos que foram ouvidos representam todo o eleitorado com elevado grau de precisão.

Isso ocorre porque os institutos de pesquisa fazem a chamada estratificação da amostra de eleitores. Ou seja, selecionam um grupo de pessoas que representa o eleitorado por sexo, faixa etária, escolaridade, renda e região em que mora. A montagem da amostra da pesquisa é feita com dados oficiais do IBGE e do TSE.

O Facebook informou que a página do Intituto de Pesquisas Oficial do Facebook, IPOF, foi removida ""por ferir nossos Padrões da Comunidade, que não permitem representação falsa"".

Essa verificação também foi feita por <a target=""blank"" href=""https://aosfatos.org/noticias/pesquisa-que-mostra-bolsonaro-com-8657-e-na-verdade-enquete-de-facebook-sem-rigor-estatistico/"" rel=""noopener noreferrer"">Aos Fatos</a>.",,"1970-01-01 00:00:00",archived-answer,https://projetocomprova.com.br/post/re_2b5w8xndov0b/,https://projetocomprova.com.br/wp-content/uploads/2018/08/hi0zsJuKSe2VEHHTbkDr-2.png,hi0zsJuKSe2VEHHTbkDr,,,,https://projetocomprova.com.br/wp-content/uploads/2018/08/hi0zsJuKSe2VEHHTbkDr-2.png,,,,"a:3:{s:3:""loc"";s:84:""https://projetocomprova.com.br/wp-content/uploads/2018/08/hi0zsJuKSe2VEHHTbkDr-2.png"";s:5:""title"";s:20:""hi0zsJuKSe2VEHHTbkDr"";s:7:""caption"";s:0:"""";}|a:3:{s:3:""loc"";s:84:""https://projetocomprova.com.br/wp-content/uploads/2018/08/hi0zsJuKSe2VEHHTbkDr-2.png"";s:5:""title"";s:20:""hi0zsJuKSe2VEHHTbkDr"";s:7:""caption"";s:0:"""";}|a:3:{s:3:""loc"";s:84:""https://projetocomprova.com.br/wp-content/uploads/2018/08/hi0zsJuKSe2VEHHTbkDr-2.png"";s:5:""title"";s:20:""hi0zsJuKSe2VEHHTbkDr"";s:7:""caption"";s:0:"""";}",,,,,,,,,,,,,,,,publish,1,lunar_admin,oli@lunar.build,,,re_2b5w8xndov0b,,,0,0,0,closed,closed,"1970-01-01 00:00:00",,nsc-comunicacao|correio-do-povo|uol|jornal-do-commercio|revista-piaui|sbt|radio-bandeirantes,red,,,,,,,,,,,,,,,
3715,"Homem faz busca incorreta no TSE e diz que pesquisa do Datafolha não foi registrada","É falsa a informação de que a pesquisa do Instituto Datafolha, divulgada na terça-feira, 21 de agosto, não tem registro na Justiça Eleitoral. O boato se espalhou nas redes sociais e no WhatsApp após um homem, que não se identifica, gravar um vídeo lendo o resultado da pesquisa no portal de notícias G1 e procurando o registro dela no site do Tribunal Superior Eleitoral (TSE). 

Como o homem preencheu os campos de busca no site do TSE de maneira errada, ele não consegue encontrar o registro da pesquisa e, então, acusa: “Ou a ‘Globo.com’ está mentindo, ou o Datafolha está mentindo, ou o Tribunal Superior Eleitoral está mentindo. São três responsabilidades: de quem registra, de quem diz que  registrou e de quem está passando a informação”.

Foram dois os equívocos do autor do vídeo: no campo para preencher o período da pesquisa, o correto não é colocar os dias em que ela foi realizada nas ruas, mas a data do seu registro. Como esta informação não costuma constar nas notícias, ela não precisa ser informada na busca: basta preencher o número correto do registro, que neste caso é BR-04023/2018. Este foi o segundo equívoco do homem: ele digitou o número sem o hífen.

Para não se enganar mais, confira o passo-a-passo para pesquisar se uma pesquisa tem, ou não, registro no TSE:
1. Acesse o <a target=""blank"" href=""http://www.tse.jus.br/"" rel=""noopener noreferrer"">site do TSE</a> 
2. Na aba “Eleições”, clique em <a target=""blank"" href=""http://www.tse.jus.br/eleicoes/pesquisa-eleitorais/pesquisas-eleitorais"" rel=""noopener noreferrer"">Pesquisas eleitorais - Eleições 2018</a>
3. Na parte de baixo da página, clique em <a target=""blank"" href=""http://www.tse.jus.br/eleicoes/pesquisa-eleitorais/consulta-as-pesquisas-registradas"" rel=""noopener noreferrer"">Consulta às pesquisas registradas</a>
4. Preencha os campos corretamente e clique em “Pesquisar”. Se a pesquisa for da disputa presidencial, escolha “Eleições gerais 2018 no campo “Eleição” e “Brasil” no campo “UF”. Se não souber a data de registro, não tem problema. Basta inserir o número de registro corretamente, com o hífen. 
5. Pronto, você já pode ter a certeza de que a pesquisa foi registrada.

Ou veja <a target=""blank"" href=""https://www.youtube.com/watch?v=fr4MkrIVueA&feature=youtu.be"" rel=""noopener noreferrer"">neste tutorial</a> que preparamos para você.

O vídeo foi gravado no dia 22 de agosto e o primeiro registro dele no Facebook é do mesmo dia, às 20h42. O autor não foi identificado. A gravação foi compartilhada por várias outras páginas, alcançando um total de mais de 15 mil interações e 160 mil visualizações em dois dias. Na quinta-feira, 23 de agosto, o G1 publicou a <a target=""blank"" href=""https://g1.globo.com/fato-ou-fake/noticia/2018/08/23/e-fake-que-pesquisa-datafolha-nao-foi-registrada-no-tse.ghtml"" rel=""noopener noreferrer"">verificação deste vídeo</a>.
",,"1970-01-01 00:00:00",archived-answer,https://projetocomprova.com.br/post/re_2b5w8xn4d1jn/,https://projetocomprova.com.br/wp-content/uploads/2018/08/yfbjwW8sQI68d8rGsyQP-2.png,yfbjwW8sQI68d8rGsyQP,,,,https://projetocomprova.com.br/wp-content/uploads/2018/08/yfbjwW8sQI68d8rGsyQP-2.png,,,,"a:3:{s:3:""loc"";s:84:""https://projetocomprova.com.br/wp-content/uploads/2018/08/yfbjwW8sQI68d8rGsyQP-2.png"";s:5:""title"";s:20:""yfbjwW8sQI68d8rGsyQP"";s:7:""caption"";s:0:"""";}|a:3:{s:3:""loc"";s:84:""https://projetocomprova.com.br/wp-content/uploads/2018/08/yfbjwW8sQI68d8rGsyQP-2.png"";s:5:""title"";s:20:""yfbjwW8sQI68d8rGsyQP"";s:7:""caption"";s:0:"""";}|a:3:{s:3:""loc"";s:84:""https://projetocomprova.com.br/wp-content/uploads/2018/08/yfbjwW8sQI68d8rGsyQP-2.png"";s:5:""title"";s:20:""yfbjwW8sQI68d8rGsyQP"";s:7:""caption"";s:0:"""";}",,,,,,,,,,,,,,,,publish,1,lunar_admin,oli@lunar.build,,,re_2b5w8xn4d1jn,,,0,0,0,closed,closed,"1970-01-01 00:00:00",folha-de-s-paulo,nsc-comunicacao|gauchazh|sbt|revista-piaui|uol|poder360,red,,,,,,,,,,,,,,,
3717,"Vídeo de apoio a Bolsonaro não é de diretor da revista Veja","Um vídeo em que um homem declara apoio ao presidenciável do PSL, Jair Bolsonaro, após participação do político no programa Roda Viva, da TV Cultura, no fim de julho, apesar de verdadeiro, não é de autoria de nenhum diretor ou comentarista da revista Veja. 

Segundo a revista, pertencente à editora Abril, nem o homem que aparece na gravação nem ninguém com o nome de Augusto Blat têm qualquer relação com Veja. 

Quem assume a autoria do vídeo compartilhado em redes sociais e aplicativos de mensagens instantâneas é um usuário do Facebook que se apresenta como Ival.

Ele apagou o vídeo de seu perfil no Facebook após tomar conhecimento de que a autoria do seu vídeo tinha sido deturpada. 

Ival publicou o vídeo em 31 de julho, um dia após a participação do presidenciável Jair Bolsonaro, do PSL, no Roda Viva. O vídeo original alcançou quase 700 mil visualizações antes de ser apagado, nesta terça, 7 de agosto.

O site <a href=""http://www.boatos.org/politica/augusto-blat-veja-video-bolsonaro.html"" target=""_blank"" rel=""noopener noreferrer"">Boatos.org</a> fez também verificação desse vídeo.",,"1970-01-01 00:00:00",archived-answer,https://projetocomprova.com.br/post/re_2b5w8xnmb7ey/,https://projetocomprova.com.br/wp-content/uploads/2018/08/zMCDcdlRSWCfnDMLlOOJ-2.jpg,zMCDcdlRSWCfnDMLlOOJ,,,,https://projetocomprova.com.br/wp-content/uploads/2018/08/zMCDcdlRSWCfnDMLlOOJ-2.jpg,,,,"a:3:{s:3:""loc"";s:84:""https://projetocomprova.com.br/wp-content/uploads/2018/08/zMCDcdlRSWCfnDMLlOOJ-2.jpg"";s:5:""title"";s:20:""zMCDcdlRSWCfnDMLlOOJ"";s:7:""caption"";s:0:"""";}|a:3:{s:3:""loc"";s:84:""https://projetocomprova.com.br/wp-content/uploads/2018/08/zMCDcdlRSWCfnDMLlOOJ-2.jpg"";s:5:""title"";s:20:""zMCDcdlRSWCfnDMLlOOJ"";s:7:""caption"";s:0:"""";}|a:3:{s:3:""loc"";s:84:""https://projetocomprova.com.br/wp-content/uploads/2018/08/zMCDcdlRSWCfnDMLlOOJ-2.jpg"";s:5:""title"";s:20:""zMCDcdlRSWCfnDMLlOOJ"";s:7:""caption"";s:0:"""";}",,,,,,,,,,,,,,,,publish,1,lunar_admin,oli@lunar.build,,,re_2b5w8xnmb7ey,,,0,0,0,closed,closed,"1970-01-01 00:00:00",,uol|poder360|revista-piaui|sbt|jornal-do-commercio|nsc-comunicacao,red,,,,,,,,,,,,,,,
3719,"Imagem de Marina Silva ""invadindo fazenda"" é, na verdade, de ato contra desmatamento","É enganosa uma imagem que afirma que a candidata à Presidência da República pela Rede, Marina Silva, teria invadido uma fazenda no Acre em 1986 de maneira semelhante ao Movimento dos Trabalhadores Rurais Sem Terra (MST). Na verdade, a foto que circula no WhatsApp mostra um “empate”, manifestação feita por seringueiros para impedir o desmatamento na Fazenda Bordon, em Xapuri.

O Comprova entrou em contato com a assessoria de Marina, que negou que a imagem esteja relacionada à invasão de terras ou ao MST. Segundo a nota da candidata, no “empate” os manifestantes se colocavam em frente às árvores para impedir sua derrubada. A assessoria acrescentou que a coordenador do movimento de seringueiros era o ambientalista Chico Mendes, assassinado em 1988. 

Em um <a target=""blank"" href=""http://www.scielo.br/pdf/rbcsoc/v19n55/a03v1955.pdf"" rel=""noopener noreferrer"">artigo</a> publicado na Revista Brasileira de Ciências Sociais, o antropólogo Mauro de Almeida descreve o empate liderado por Chico Mendes na fazenda Bordon. O acadêmico escreve que o ambientalista coordenou “cerca de cem seringueiros, que caminharam durante três dias pelas coivaras enegrecidas e fumegantes de florestas recém-queimadas”. Entre os participantes do protesto estavam “um fotógrafo, dois agrônomos, um antropólogo e uma jovem professora sindicalizada, Marina Silva”.

Marina recordou o episódio em um <a target=""blank"" href =""https://www25.senado.leg.br/web/atividade/pronunciamentos/-/p/texto/197451"" rel=""noopener noreferrer"">discurso no Plenário</a> do Senado, em 14 de novembro de 1996, quando ela representava o Acre na Casa. “Após andarmos seis horas a pé, chegamos onde os fazendeiros iriam derrubar ilegalmente 700 hectares de floresta. Enfrentamos os peões e a Polícia — paga com o dinheiro público — que estavam ali de prontidão para defender os interesses dos fazendeiros e percebemos que éramos impotentes para resolver um problema tão grande. Voltamos a pé e foi necessária uma engenharia enorme para permanecermos na luta”.

Em uma <a target=""blank"" href=""http://g1.globo.com/ac/acre/noticia/2013/12/centro-preserva-memoria-de-chico-mendes-em-xapuri-ac.html"" rel=""noopener noreferrer"">reportagem</a> publicada em 2013 pelo portal G1, a zeladora Maria Elvana Pereira relembrou sua participação no mesmo empate, quando tinha 15 anos. Assim como nos relatos anteriores, ela indica que os seringueiros não permaneceram ou ocuparam a fazenda. “Foi todo mundo e quando chegou lá tava a peãozada derrubando tudo e o Chico Mendes de frente, para a gente falar com os chefes lá, e eu no meio toda animada. [...] Aí voltamos e em seguida o Chico Mendes fez um ato público e disse que estava sendo ameaçado de morte, que sabia que ia morrer e ele não queria que ninguém deixasse. Ele queria que continuasse a luta"".

Outro elemento que reforça que a imagem não retrata uma ocupação do MST é o fato de o movimento não estar organizado no Acre. “Não realizamos, até então, nenhuma ocupação por lá. Ou seja, não temos um nível de organicidade construída, nem assentamentos ou acampamentos”, informou a assessoria do grupo, <a target=""blank"" href= http://www.mst.org.br/nossa-historia/84-86/"" rel=""noopener noreferrer""> fundado oficialmente em 1984</a>, no Paraná. Portanto, dois anos antes do protesto do qual Marina participou.

A foto com a informação falsa apareceu como altamente compartilhada, nos últimos dias, no Monitor de WhatsApp, ferramenta desenvolvida pela Universidade Federal de Minas Gerais (UFMG) para acompanhar conteúdos difundidos em grupos abertos. Há uma outra versão do boato. A diferença deste é que o texto é mais assertivo. Indica, também falsamente, que a imagem retrata Marina Silva ""liderando a quadrilha do MST"" em uma invasão de fazenda. Não identificamos o autor da foto original.

O site e-farsas também <a target=""blank"" href=""http://www.e-farsas.com/marina-silva-ja-invadia-fazendas-com-o-mst-e-a-cut-desde-1986.html"" rel=""noopener noreferrer"">desmentiu</a> a ligação do empate de Marina com o MST.",,"1970-01-01 00:00:00",archived-answer,https://projetocomprova.com.br/post/re_2b5w8xnj5gvb/,https://projetocomprova.com.br/wp-content/uploads/2018/08/VgHMk3SQK9sPN4Z6wh9Q-2.png,VgHMk3SQK9sPN4Z6wh9Q,,,,https://projetocomprova.com.br/wp-content/uploads/2018/08/VgHMk3SQK9sPN4Z6wh9Q-2.png,,,,"a:3:{s:3:""loc"";s:84:""https://projetocomprova.com.br/wp-content/uploads/2018/08/VgHMk3SQK9sPN4Z6wh9Q-2.png"";s:5:""title"";s:20:""VgHMk3SQK9sPN4Z6wh9Q"";s:7:""caption"";s:0:"""";}|a:3:{s:3:""loc"";s:84:""https://projetocomprova.com.br/wp-content/uploads/2018/08/VgHMk3SQK9sPN4Z6wh9Q-2.png"";s:5:""title"";s:20:""VgHMk3SQK9sPN4Z6wh9Q"";s:7:""caption"";s:0:"""";}|a:3:{s:3:""loc"";s:84:""https://projetocomprova.com.br/wp-content/uploads/2018/08/VgHMk3SQK9sPN4Z6wh9Q-2.png"";s:5:""title"";s:20:""VgHMk3SQK9sPN4Z6wh9Q"";s:7:""caption"";s:0:"""";}",,,,,,,,,,,,,,,,publish,1,lunar_admin,oli@lunar.build,,,re_2b5w8xnj5gvb,,,0,0,0,closed,closed,"1970-01-01 00:00:00",estadao,nsc-comunicacao|sbt|gauchazh|correio-do-povo|jornal-do-commercio|poder360|uol|radio-bandeirantes,red,,,,,,,,,,,,,,,
