id,idLegislatura,F,M,branca,n_branca,parda,preta,amarela,indigena
73909,52,0,1,0,0,0,0,0,0
73984,52,0,1,0,0,0,0,0,0
73764,51,0,1,0,0,0,0,0,0
73886,51,0,1,0,0,0,0,0,0
74328,51,0,1,0,0,0,0,0,0
74524,51,0,1,0,0,0,0,0,0
74645,51,0,1,0,1,1,0,0,0
74450,51,0,1,0,0,0,0,0,0
73996,51,0,1,0,0,0,0,0,0
74646,51,0,1,1,0,0,0,0,0
73765,51,0,1,0,0,0,0,0,0
74358,51,0,1,1,0,0,0,0,0
73654,51,0,1,1,0,0,0,0,0
74340,51,0,1,1,0,0,0,0,0
73888,51,0,1,1,0,0,0,0,0
73457,51,0,1,0,0,0,0,0,0
74440,51,0,1,0,0,0,0,0,0
74018,51,0,1,1,0,0,0,0,0
73579,51,0,1,1,0,0,0,0,0
73427,51,0,1,0,0,0,0,0,0
74696,51,0,1,1,0,0,0,0,0
73979,51,0,1,0,0,0,0,0,0
73477,51,0,1,0,0,0,0,0,0
74014,51,1,0,0,0,0,0,0,0
74828,51,0,1,0,0,0,0,0,0
73662,51,0,1,0,0,0,0,0,0
73428,51,0,1,0,1,1,0,0,0
73458,51,0,1,1,0,0,0,0,0
74829,51,0,1,1,0,0,0,0,0
74830,51,0,1,0,0,0,0,0,0
74451,51,0,1,0,0,0,0,0,0
74675,51,1,0,0,0,0,0,0,0
74341,51,0,1,0,1,1,0,0,0
74697,51,0,1,0,0,0,0,0,0
73581,51,0,1,0,0,0,0,0,0
73430,51,0,1,1,0,0,0,0,0
74404,51,0,1,1,0,0,0,0,0
74248,51,1,0,0,0,0,0,0,0
73686,51,1,0,1,0,0,0,0,0
74698,51,0,1,0,0,0,0,0,0
74471,51,0,1,1,0,0,0,0,0
74699,51,1,0,1,0,0,0,0,0
74212,51,0,1,0,1,1,0,0,0
74072,51,0,1,1,0,0,0,0,0
74452,51,0,1,0,0,0,0,0,0
73492,51,0,1,1,0,0,0,0,0
73468,51,0,1,0,0,0,0,0,0
73584,51,0,1,1,0,0,0,0,0
73431,51,0,1,0,0,0,0,0,0
73817,51,0,1,0,1,1,0,0,0
74647,51,0,1,0,0,0,0,0,0
73987,51,0,1,0,0,0,0,0,0
74415,51,0,1,1,0,0,0,0,0
73646,51,0,1,0,0,0,0,0,0
74194,51,0,1,0,0,0,0,0,0
74186,51,0,1,0,1,1,0,0,0
73589,51,0,1,0,0,0,0,0,0
73432,51,0,1,0,0,0,0,0,0
74701,51,0,1,0,0,0,0,0,0
74648,51,0,1,1,0,0,0,0,0
74103,51,0,1,1,0,0,0,0,0
73681,51,0,1,0,1,1,0,0,0
73433,51,0,1,1,0,0,0,0,0
74217,51,0,1,0,0,0,0,0,0
74405,51,0,1,0,0,0,0,0,0
74472,51,0,1,1,0,0,0,0,0
73434,51,0,1,1,0,0,0,0,0
73993,51,0,1,0,0,0,0,0,0
74291,51,0,1,1,0,0,0,0,0
74833,51,0,1,1,0,0,0,0,0
74534,51,0,1,0,0,0,0,0,0
74089,51,0,1,1,0,0,0,0,0
73683,51,0,1,1,0,0,0,0,0
73435,51,0,1,1,0,0,0,0,0
74222,51,0,1,0,1,1,0,0,0
74090,51,0,1,1,0,0,0,0,0
74459,51,0,1,1,0,0,0,0,0
74441,51,0,1,0,0,0,0,0,0
74561,51,0,1,1,0,0,0,0,0
73889,51,0,1,0,0,0,0,0,0
74465,51,0,1,0,0,0,0,0,0
74024,51,0,1,0,0,0,0,0,0
74312,51,0,1,0,0,0,0,0,0
74349,51,0,1,1,0,0,0,0,0
74342,51,0,1,0,0,0,0,0,0
73663,51,0,1,0,0,0,0,0,0
73767,51,0,1,0,0,0,0,0,0
74814,51,0,1,0,0,0,0,0,0
74535,51,0,1,1,0,0,0,0,0
73478,51,0,1,1,0,0,0,0,0
74676,51,0,1,0,0,0,0,0,0
74702,51,0,1,0,0,0,0,0,0
74650,51,0,1,1,0,0,0,0,0
74577,51,0,1,0,1,1,0,0,0
73479,51,0,1,0,0,0,0,0,0
74834,51,0,1,0,0,0,0,0,0
73469,51,0,1,1,0,0,0,0,0
74321,51,0,1,1,0,0,0,0,0
74473,51,0,1,0,1,1,0,0,0
73583,51,0,1,0,0,0,0,0,0
74466,51,0,1,0,0,0,0,0,0
74474,51,0,1,1,0,0,0,0,0
74651,51,0,1,1,0,0,0,0,0
74652,51,0,1,1,0,0,0,0,0
73825,51,0,1,0,0,0,0,0,0
74835,51,0,1,0,0,0,0,0,0
74799,51,1,0,0,0,0,0,0,0
74703,51,0,1,1,0,0,0,0,0
73568,51,0,1,1,0,0,0,0,0
73441,51,0,1,1,0,0,0,0,0
74195,51,0,1,0,0,0,0,0,0
73480,51,0,1,1,0,0,0,0,0
74000,51,0,1,1,0,0,0,0,0
73595,51,0,1,1,0,0,0,0,0
74453,51,0,1,1,0,0,0,0,0
74313,51,0,1,1,0,0,0,0,0
74537,51,0,1,1,0,0,0,0,0
74475,51,0,1,0,0,0,0,0,0
74527,51,0,1,0,0,0,0,0,0
74578,51,0,1,0,0,0,0,0,0
73689,51,0,1,0,0,0,0,0,0
73833,51,0,1,0,0,0,0,0,0
73585,51,0,1,1,0,0,0,0,0
74097,51,0,1,0,1,1,0,0,0
73442,51,0,1,0,0,0,0,0,0
74538,51,0,1,0,0,0,0,0,0
74677,51,0,1,0,0,0,0,0,0
74678,51,0,1,0,0,0,0,0,0
73832,51,0,1,1,0,0,0,0,0
73443,51,0,1,0,0,0,0,0,0
74579,51,0,1,0,0,0,0,0,0
74467,51,0,1,0,1,0,1,0,0
74654,51,0,1,0,0,0,0,0,0
74187,51,0,1,0,0,0,0,0,0
73891,51,0,1,1,0,0,0,0,0
73554,51,0,1,0,0,0,0,0,0
73445,51,0,1,0,0,0,0,0,0
74347,51,0,1,0,0,0,0,0,0
73768,51,0,1,1,0,0,0,0,0
74679,51,0,1,0,0,0,0,0,0
73685,51,0,1,1,0,0,0,0,0
74476,51,0,1,0,0,0,0,0,0
74188,51,1,0,1,0,0,0,0,0
74468,51,0,1,0,1,1,0,0,0
74343,51,0,1,0,0,0,0,0,0
74705,51,0,1,1,0,0,0,0,0
73828,51,0,1,1,0,0,0,0,0
74680,51,0,1,0,0,0,0,0,0
74779,51,0,1,0,1,1,0,0,0
73459,51,0,1,1,0,0,0,0,0
73446,51,0,1,0,0,0,0,0,0
74682,51,0,1,1,0,0,0,0,0
73447,51,0,1,1,0,0,0,0,0
73793,51,0,1,1,0,0,0,0,0
73599,51,0,1,0,0,0,0,0,0
73794,51,0,1,1,0,0,0,0,0
74580,51,0,1,0,0,0,0,0,0
73827,51,0,1,0,0,0,0,0,0
74655,51,0,1,1,0,0,0,0,0
74416,51,0,1,1,0,0,0,0,0
73448,51,0,1,1,0,0,0,0,0
74683,51,0,1,1,0,0,0,0,0
74344,51,0,1,0,1,1,0,0,0
74407,51,0,1,0,0,0,0,0,0
74075,51,1,0,1,0,0,0,0,0
74656,51,0,1,0,0,0,0,0,0
74198,51,0,1,0,0,0,0,0,0
74657,51,0,1,0,0,0,0,0,0
73980,51,0,1,1,0,0,0,0,0
74704,51,0,1,1,0,0,0,0,0
73470,51,0,1,0,0,0,0,0,0
73893,51,0,1,1,0,0,0,0,0
74408,51,0,1,1,0,0,0,0,0
74540,51,0,1,0,0,0,0,0,0
73894,51,1,0,0,0,0,0,0,0
74541,51,0,1,0,0,0,0,0,0
74807,51,0,1,0,0,0,0,0,0
74091,51,0,1,0,0,0,0,0,0
74454,51,0,1,0,1,1,0,0,0
74840,51,0,1,0,0,0,0,0,0
74099,51,0,1,0,0,0,0,0,0
74345,51,0,1,0,1,0,1,0,0
74100,51,0,1,0,1,1,0,0,0
73895,51,0,1,0,0,0,0,0,0
74065,51,1,0,1,0,0,0,0,0
74542,51,0,1,0,0,0,0,0,0
73471,51,0,1,1,0,0,0,0,0
74658,51,0,1,0,0,0,0,0,0
74417,51,0,1,1,0,0,0,0,0
74841,51,0,1,0,0,0,0,0,0
74842,51,0,1,1,0,0,0,0,0
74843,51,0,1,1,0,0,0,0,0
73481,51,0,1,1,0,0,0,0,0
73451,51,0,1,0,0,0,0,0,0
73896,51,0,1,1,0,0,0,0,0
74771,51,0,1,0,0,0,0,0,0
73990,51,0,1,0,0,0,0,0,0
73771,51,0,1,1,0,0,0,0,0
73758,51,0,1,0,0,0,0,0,0
74199,51,0,1,0,1,1,0,0,0
74844,51,0,1,1,0,0,0,0,0
74355,51,0,1,0,0,0,0,0,0
73981,51,0,1,0,1,1,0,0,0
74845,51,0,1,0,0,0,0,0,0
73597,51,0,1,1,0,0,0,0,0
74565,51,0,1,0,0,0,0,0,0
73452,51,0,1,0,0,0,0,0,0
74189,51,0,1,1,0,0,0,0,0
74200,51,0,1,0,1,1,0,0,0
74544,51,0,1,1,0,0,0,0,0
74659,51,0,1,0,0,0,0,0,0
74808,51,0,1,0,0,0,0,0,0
74802,51,0,1,1,0,0,0,0,0
74566,51,0,1,1,0,0,0,0,0
73897,51,0,1,1,0,0,0,0,0
74567,51,0,1,0,1,1,0,0,0
74076,51,0,1,0,1,1,0,0,0
73472,51,0,1,1,0,0,0,0,0
72553,51,0,1,1,0,0,0,0,0
73917,51,0,1,1,0,0,0,0,0
74778,51,0,1,1,0,0,0,0,0
74581,51,0,1,0,1,0,1,0,0
74077,51,0,1,1,0,0,0,0,0
74558,51,0,1,1,0,0,0,0,0
74582,51,0,1,1,0,0,0,0,0
74419,51,0,1,1,0,0,0,0,0
73913,51,0,1,0,0,0,0,0,0
73460,51,0,1,1,0,0,0,0,0
73691,51,0,1,0,0,0,0,0,0
74545,51,0,1,0,0,0,0,0,0
73582,51,0,1,0,0,0,0,0,0
74583,51,0,1,0,0,0,0,0,0
74324,51,0,1,1,0,0,0,0,0
73482,51,0,1,1,0,0,0,0,0
97707,51,0,1,1,0,0,0,0,0
74660,51,0,1,1,0,0,0,0,0
73772,51,0,1,1,0,0,0,0,0
74361,51,0,1,0,0,0,0,0,0
73795,51,0,1,1,0,0,0,0,0
74780,51,1,0,1,0,0,0,0,0
74325,51,0,1,0,0,0,0,0,0
74663,51,0,1,0,0,0,0,0,0
74684,51,0,1,0,1,1,0,0,0
74443,51,0,1,0,0,0,0,0,0
74362,51,0,1,0,0,0,0,0,0
74295,51,0,1,0,1,1,0,0,0
74469,51,0,1,1,0,0,0,0,0
74421,51,0,1,0,0,0,0,0,0
73461,51,0,1,0,0,0,0,0,0
74846,51,0,1,0,0,0,0,0,0
74562,51,0,1,0,0,0,0,0,0
73531,51,0,1,1,0,0,0,0,0
73570,51,0,1,0,0,0,0,0,0
74001,51,0,1,0,0,0,0,0,0
74665,51,0,1,1,0,0,0,0,0
74847,51,0,1,1,0,0,0,0,0
73532,51,0,1,0,0,0,0,0,0
74546,51,0,1,0,0,0,0,0,0
74547,51,0,1,1,0,0,0,0,0
74848,51,1,0,1,0,0,0,0,0
74548,51,0,1,1,0,0,0,0,0
73900,51,0,1,0,0,0,0,0,0
73918,51,0,1,1,0,0,0,0,0
74549,51,0,1,0,0,0,0,0,0
73919,51,0,1,0,0,0,0,0,0
74559,51,0,1,1,0,0,0,0,0
74131,51,0,1,0,0,0,0,0,0
74445,51,0,1,1,0,0,0,0,0
74422,51,0,1,0,0,0,0,0,0
74772,51,0,1,1,0,0,0,0,0
73682,51,0,1,1,0,0,0,0,0
74667,51,0,1,0,0,0,0,0,0
73454,51,0,1,0,1,0,1,0,0
74316,51,0,1,0,0,0,0,0,0
74781,51,0,1,0,0,0,0,0,0
74550,51,0,1,1,0,0,0,0,0
74120,51,0,1,1,0,0,0,0,0
73572,51,0,1,0,1,1,0,0,0
73873,51,0,1,0,0,0,0,0,0
74849,51,0,1,0,0,0,0,0,0
73534,51,0,1,0,0,0,0,0,0
73874,51,0,1,1,0,0,0,0,0
74190,51,0,1,0,0,0,0,0,0
74685,51,0,1,0,0,0,0,0,0
74240,51,0,1,0,0,0,0,0,0
73590,51,0,1,0,0,0,0,0,0
74477,51,0,1,0,0,0,0,0,0
73575,51,0,1,0,0,0,0,0,0
73658,51,0,1,1,0,0,0,0,0
74568,51,0,1,1,0,0,0,0,0
74563,51,0,1,1,0,0,0,0,0
74686,51,0,1,1,0,0,0,0,0
74350,51,0,1,0,0,0,0,0,0
74552,51,0,1,0,0,0,0,0,0
73569,51,0,1,0,0,0,0,0,0
73535,51,0,1,1,0,0,0,0,0
74850,51,0,1,0,0,0,0,0,0
73587,51,0,1,0,0,0,0,0,0
73536,51,0,1,1,0,0,0,0,0
74446,51,0,1,0,0,0,0,0,0
73775,51,0,1,0,0,0,0,0,0
74553,51,0,1,1,0,0,0,0,0
74851,51,0,1,0,0,0,0,0,0
74671,51,0,1,1,0,0,0,0,0
74670,51,0,1,0,0,0,0,0,0
73462,51,0,1,0,0,0,0,0,0
73875,51,0,1,0,0,0,0,0,0
74423,51,0,1,1,0,0,0,0,0
73538,51,0,1,1,0,0,0,0,0
73539,51,0,1,0,0,0,0,0,0
74782,51,0,1,0,0,0,0,0,0
74853,51,0,1,0,0,0,0,0,0
73540,51,0,1,0,0,0,0,0,0
73776,51,0,1,0,0,0,0,0,0
74297,51,0,1,1,0,0,0,0,0
74125,51,0,1,0,0,0,0,0,0
74412,51,0,1,0,0,0,0,0,0
73541,51,0,1,0,0,0,0,0,0
73600,51,0,1,0,0,0,0,0,0
74093,51,0,1,0,1,1,0,0,0
74425,51,0,1,0,0,0,0,0,0
74584,51,0,1,0,0,0,0,0,0
74426,51,0,1,0,0,0,0,0,0
74298,51,0,1,0,0,0,0,0,0
74079,51,0,1,1,0,0,0,0,0
74740,51,0,1,0,0,0,0,0,0
74794,51,0,1,1,0,0,0,0,0
74554,51,0,1,1,0,0,0,0,0
74569,51,0,1,1,0,0,0,0,0
74741,51,0,1,1,0,0,0,0,0
74529,51,0,1,0,0,0,0,0,0
74520,51,0,1,0,0,0,0,0,0
74351,51,0,1,1,0,0,0,0,0
73666,51,0,1,1,0,0,0,0,0
73586,51,0,1,1,0,0,0,0,0
73994,51,0,1,0,0,0,0,0,0
74783,51,0,1,0,0,0,0,0,0
74809,51,0,1,0,0,0,0,0,0
74346,51,0,1,1,0,0,0,0,0
73916,51,0,1,0,0,0,0,0,0
74570,51,0,1,1,0,0,0,0,0
73592,51,1,0,1,0,0,0,0,0
73688,51,0,1,0,0,0,0,0,0
74742,51,0,1,1,0,0,0,0,0
74326,51,0,1,0,0,0,0,0,0
74134,51,0,1,0,0,0,0,0,0
74856,51,1,0,0,1,1,0,0,0
74463,51,0,1,0,0,0,0,0,0
74455,51,0,1,0,0,0,0,0,0
73473,51,0,1,1,0,0,0,0,0
74555,51,0,1,0,0,0,0,0,0
73667,51,1,0,0,0,0,0,0,0
74585,51,0,1,1,0,0,0,0,0
74800,51,0,1,0,1,0,0,1,0
73474,51,1,0,1,0,0,0,0,0
65498,51,1,0,1,0,0,0,0,0
74478,51,0,1,1,0,0,0,0,0
73982,51,0,1,1,0,0,0,0,0
73777,51,0,1,1,0,0,0,0,0
73545,51,0,1,0,0,0,0,0,0
73983,51,0,1,1,0,0,0,0,0
73483,51,0,1,1,0,0,0,0,0
74687,51,0,1,0,0,0,0,0,0
74133,51,0,1,0,1,0,1,0,0
74700,51,0,1,0,0,0,0,0,0
74810,51,0,1,0,0,0,0,0,0
73778,51,0,1,1,0,0,0,0,0
74521,51,0,1,1,0,0,0,0,0
74775,51,0,1,1,0,0,0,0,0
74137,51,0,1,0,0,0,0,0,0
74094,51,0,1,1,0,0,0,0,0
73902,51,0,1,1,0,0,0,0,0
74632,51,0,1,0,0,0,0,0,0
74427,51,0,1,0,0,0,0,0,0
74681,51,0,1,1,0,0,0,0,0
74339,51,0,1,1,0,0,0,0,0
74688,51,0,1,1,0,0,0,0,0
74784,51,1,0,1,0,0,0,0,0
74672,51,0,1,0,1,0,1,0,0
73547,51,0,1,0,0,0,0,0,0
74633,51,0,1,0,0,0,0,0,0
74456,51,0,1,0,0,0,0,0,0
73602,51,0,1,1,0,0,0,0,0
74124,51,0,1,1,0,0,0,0,0
73548,51,0,1,1,0,0,0,0,0
74460,51,0,1,1,0,0,0,0,0
74530,51,0,1,0,0,0,0,0,0
74300,51,0,1,0,0,0,0,0,0
74363,51,0,1,1,0,0,0,0,0
74860,51,0,1,0,0,0,0,0,0
74333,51,0,1,1,0,0,0,0,0
74744,51,0,1,1,0,0,0,0,0
74470,51,0,1,1,0,0,0,0,0
74364,51,0,1,0,0,0,0,0,0
74785,51,0,1,1,0,0,0,0,0
74479,51,0,1,0,0,0,0,0,0
74745,51,0,1,0,0,0,0,0,0
73484,51,0,1,0,0,0,0,0,0
74235,51,0,1,1,0,0,0,0,0
74803,51,1,0,1,0,0,0,0,0
74586,51,1,0,1,0,0,0,0,0
74746,51,1,0,0,0,0,0,0,0
73659,51,1,0,0,0,0,0,0,0
74587,51,1,0,1,0,0,0,0,0
74177,51,1,0,1,0,0,0,0,0
74329,51,0,1,0,0,0,0,0,0
74747,51,0,1,0,0,0,0,0,0
74635,51,0,1,0,0,0,0,0,0
73760,51,1,0,0,0,0,0,0,0
74689,51,0,1,0,1,1,0,0,0
65904,51,0,1,0,0,0,0,0,0
73588,51,0,1,1,0,0,0,0,0
74206,51,0,1,0,0,0,0,0,0
74749,51,0,1,1,0,0,0,0,0
74673,51,0,1,0,0,0,0,0,0
73780,51,0,1,0,0,0,0,0,0
74786,51,0,1,1,0,0,0,0,0
73904,51,0,1,0,0,0,0,0,0
73552,51,0,1,1,0,0,0,0,0
74337,51,0,1,0,1,1,0,0,0
74787,51,0,1,1,0,0,0,0,0
74861,51,0,1,0,0,0,0,0,0
74690,51,1,0,0,0,0,0,0,0
74862,51,0,1,1,0,0,0,0,0
74238,51,0,1,0,0,0,0,0,0
73601,51,0,1,0,0,0,0,0,0
73984,51,0,1,0,0,0,0,0,0
74788,51,0,1,0,0,0,0,0,0
74457,51,0,1,1,0,0,0,0,0
74464,51,0,1,0,0,0,0,0,0
74021,51,1,0,0,0,0,0,0,0
74108,51,0,1,0,0,0,0,0,0
74225,51,0,1,0,0,0,0,0,0
74789,51,0,1,1,0,0,0,0,0
74243,51,0,1,1,0,0,0,0,0
73906,51,0,1,0,0,0,0,0,0
73553,51,0,1,1,0,0,0,0,0
73781,51,0,1,1,0,0,0,0,0
74301,51,0,1,0,0,0,0,0,0
74571,51,0,1,0,1,1,0,0,0
73907,51,0,1,0,0,0,0,0,0
73761,51,0,1,0,0,0,0,0,0
74790,51,0,1,0,0,0,0,0,0
74327,51,0,1,0,0,0,0,0,0
74447,51,1,0,0,0,0,0,0,0
74080,51,0,1,0,1,1,0,0,0
73594,51,1,0,1,0,0,0,0,0
74751,51,0,1,1,0,0,0,0,0
74572,51,0,1,1,0,0,0,0,0
74365,51,0,1,0,0,0,0,0,0
74352,51,0,1,0,1,1,0,0,0
74776,51,0,1,0,1,1,0,0,0
74359,51,0,1,1,0,0,0,0,0
74811,51,0,1,0,0,0,0,0,0
74752,51,0,1,1,0,0,0,0,0
73782,51,0,1,0,0,0,0,0,0
74005,51,0,1,1,0,0,0,0,0
74588,51,0,1,0,0,0,0,0,0
73464,51,0,1,1,0,0,0,0,0
73684,51,0,1,1,0,0,0,0,0
73603,51,0,1,0,0,0,0,0,0
74109,51,0,1,0,1,1,0,0,0
74753,51,0,1,0,0,0,0,0,0
73463,51,0,1,1,0,0,0,0,0
73692,51,0,1,1,0,0,0,0,0
73660,51,0,1,0,0,0,0,0,0
73909,51,0,1,0,0,0,0,0,0
74430,51,0,1,0,0,0,0,0,0
74191,51,0,1,1,0,0,0,0,0
73571,51,0,1,0,0,0,0,0,0
74122,51,0,1,0,0,0,0,0,0
73783,51,0,1,0,0,0,0,0,0
74319,51,0,1,1,0,0,0,0,0
74444,51,0,1,0,0,0,0,0,0
74095,51,0,1,0,1,1,0,0,0
74692,51,0,1,1,0,0,0,0,0
74573,51,0,1,0,0,0,0,0,0
73576,51,0,1,1,0,0,0,0,0
74754,51,0,1,0,0,0,0,0,0
74017,51,0,1,1,0,0,0,0,0
73884,51,0,1,1,0,0,0,0,0
73485,51,0,1,1,0,0,0,0,0
74791,51,0,1,0,0,0,0,0,0
73829,51,0,1,0,0,0,0,0,0
73555,51,0,1,1,0,0,0,0,0
74574,51,0,1,1,0,0,0,0,0
74448,51,0,1,0,1,1,0,0,0
74192,51,0,1,1,0,0,0,0,0
74804,51,0,1,1,0,0,0,0,0
73910,51,0,1,0,1,0,1,0,0
73914,51,0,1,0,1,1,0,0,0
74082,51,0,1,1,0,0,0,0,0
73491,51,0,1,0,0,0,0,0,0
73672,51,0,1,1,0,0,0,0,0
74805,51,0,1,0,0,0,0,0,0
74812,51,0,1,1,0,0,0,0,0
74431,51,0,1,0,0,0,0,0,0
74556,51,0,1,1,0,0,0,0,0
74449,51,0,1,1,0,0,0,0,0
74111,51,0,1,0,0,0,0,0,0
74637,51,0,1,0,0,0,0,0,0
74207,51,0,1,1,0,0,0,0,0
73455,51,0,1,1,0,0,0,0,0
74102,51,0,1,0,0,0,0,0,0
73673,51,0,1,1,0,0,0,0,0
74756,51,0,1,0,0,0,0,0,0
74589,51,0,1,1,0,0,0,0,0
74303,51,0,1,0,0,0,0,0,0
74304,51,0,1,0,0,0,0,0,0
73486,51,0,1,1,0,0,0,0,0
74638,51,0,1,0,0,0,0,0,0
74792,51,0,1,0,0,0,0,0,0
73465,51,0,1,1,0,0,0,0,0
74590,51,0,1,0,0,0,0,0,0
74237,51,0,1,1,0,0,0,0,0
74216,51,0,1,1,0,0,0,0,0
74084,51,0,1,0,1,1,0,0,0
73593,51,0,1,0,0,0,0,0,0
73574,51,0,1,0,0,0,0,0,0
74560,51,0,1,1,0,0,0,0,0
73693,51,0,1,0,0,0,0,0,0
74208,51,0,1,1,0,0,0,0,0
73591,51,0,1,1,0,0,0,0,0
73475,51,0,1,0,0,0,0,0,0
74353,51,0,1,0,0,0,0,0,0
73788,51,0,1,1,0,0,0,0,0
74793,51,0,1,0,0,0,0,0,0
74674,51,0,1,1,0,0,0,0,0
74557,51,0,1,0,0,0,0,0,0
73557,51,0,1,0,0,0,0,0,0
73578,51,0,1,0,0,0,0,0,0
73580,51,0,1,0,0,0,0,0,0
74023,51,0,1,0,0,0,0,0,0
73490,51,0,1,0,0,0,0,0,0
74777,51,1,0,0,0,0,0,0,0
73985,51,0,1,0,1,1,0,0,0
73487,51,0,1,1,0,0,0,0,0
73674,51,0,1,1,0,0,0,0,0
74758,51,0,1,0,0,0,0,0,0
73420,51,0,1,1,0,0,0,0,0
73912,51,0,1,0,0,0,0,0,0
74305,51,0,1,1,0,0,0,0,0
74209,51,0,1,0,1,1,0,0,0
73558,51,0,1,0,0,0,0,0,0
74693,51,0,1,1,0,0,0,0,0
73651,51,0,1,0,0,0,0,0,0
74640,51,0,1,0,1,1,0,0,0
74759,51,0,1,1,0,0,0,0,0
74591,51,0,1,0,0,0,0,0,0
74306,51,0,1,1,0,0,0,0,0
74813,51,0,1,1,0,0,0,0,0
73421,51,0,1,1,0,0,0,0,0
74760,51,0,1,0,0,0,0,0,0
74221,51,0,1,1,0,0,0,0,0
74592,51,0,1,1,0,0,0,0,0
73507,51,1,0,1,0,0,0,0,0
73422,51,0,1,0,0,0,0,0,0
73466,51,0,1,1,0,0,0,0,0
74795,51,0,1,1,0,0,0,0,0
73604,51,0,1,1,0,0,0,0,0
74434,51,0,1,0,0,0,0,0,0
73986,51,0,1,0,0,0,0,0,0
73690,51,0,1,1,0,0,0,0,0
73559,51,0,1,1,0,0,0,0,0
74796,51,0,1,0,0,0,0,0,0
73467,51,0,1,0,0,0,0,0,0
74762,51,0,1,1,0,0,0,0,0
74210,51,0,1,1,0,0,0,0,0
73596,51,0,1,0,0,0,0,0,0
74575,51,0,1,0,0,0,0,0,0
74211,51,0,1,0,1,1,0,0,0
73885,51,0,1,1,0,0,0,0,0
74069,51,0,1,1,0,0,0,0,0
74442,51,0,1,0,1,1,0,0,0
74360,51,0,1,0,0,0,0,0,0
74435,51,0,1,0,0,0,0,0,0
74763,51,0,1,0,0,0,0,0,0
74458,51,0,1,0,0,0,0,0,0
74564,51,0,1,1,0,0,0,0,0
74436,51,0,1,0,0,0,0,0,0
74765,51,0,1,1,0,0,0,0,0
74356,51,0,1,0,1,1,0,0,0
73560,51,0,1,1,0,0,0,0,0
73424,51,0,1,1,0,0,0,0,0
74085,51,1,0,0,0,0,0,0,0
73488,51,0,1,0,0,0,0,0,0
74806,51,0,1,1,0,0,0,0,0
74523,51,0,1,0,0,0,0,0,0
73687,51,1,0,0,0,0,0,0,0
73577,51,0,1,1,0,0,0,0,0
73561,51,1,0,1,0,0,0,0,0
73989,51,0,1,1,0,0,0,0,0
73652,51,1,0,0,1,1,0,0,0
74461,51,0,1,0,0,0,0,0,0
74767,51,0,1,0,1,1,0,0,0
74307,51,0,1,0,0,0,0,0,0
74193,51,0,1,1,0,0,0,0,0
74644,51,0,1,0,0,0,0,0,0
73564,51,0,1,0,0,0,0,0,0
74136,51,0,1,1,0,0,0,0,0
74691,51,0,1,0,0,0,0,0,0
73565,51,0,1,0,0,0,0,0,0
74348,51,0,1,1,0,0,0,0,0
73790,51,0,1,0,0,0,0,0,0
74357,51,1,0,1,0,0,0,0,0
74233,51,0,1,1,0,0,0,0,0
74087,51,0,1,0,0,0,0,0,0
74308,51,0,1,1,0,0,0,0,0
73476,51,0,1,1,0,0,0,0,0
73677,51,0,1,1,0,0,0,0,0
74593,51,0,1,1,0,0,0,0,0
74768,51,0,1,1,0,0,0,0,0
74694,51,0,1,1,0,0,0,0,0
73915,51,0,1,1,0,0,0,0,0
73567,51,0,1,0,0,0,0,0,0
73643,51,0,1,0,0,0,0,0,0
73456,51,0,1,1,0,0,0,0,0
74576,51,0,1,0,0,0,0,0,0
73489,51,0,1,0,0,0,0,0,0
74668,51,0,1,0,0,0,0,0,0
74695,51,0,1,0,0,0,0,0,0
73653,51,0,1,1,0,0,0,0,0
74462,51,0,1,0,1,1,0,0,0
73792,51,0,1,0,0,0,0,0,0
73661,51,0,1,0,0,0,0,0,0
74414,51,0,1,0,0,0,0,0,0
73991,51,0,1,0,0,0,0,0,0
73598,51,0,1,0,0,0,0,0,0
74801,51,0,1,1,0,0,0,0,0
74439,51,0,1,1,0,0,0,0,0
74797,51,0,1,0,0,0,0,0,0
73992,51,1,0,1,0,0,0,0,0
73573,51,0,1,0,1,1,0,0,0
74769,51,0,1,0,0,0,0,0,0
73678,51,0,1,1,0,0,0,0,0
74798,51,0,1,0,0,0,0,0,0
74354,51,0,1,1,0,0,0,0,0
74669,51,0,1,0,0,0,0,0,0
74185,51,1,0,0,0,0,0,0,0
73645,51,1,0,0,0,0,0,0,0
74776,49,0,1,0,1,1,0,0,0
1516,48,0,1,0,0,0,0,0,0
139123,48,1,0,0,0,0,0,0,0
139124,48,0,1,0,0,0,0,0,0
74328,48,0,1,0,0,0,0,0,0
139125,48,0,1,0,0,0,0,0,0
73426,48,0,1,0,0,0,0,0,0
139126,48,0,1,0,0,0,0,0,0
73996,48,0,1,0,0,0,0,0,0
73887,48,0,1,0,0,0,0,0,0
74244,48,0,1,0,0,0,0,0,0
74646,48,0,1,1,0,0,0,0,0
139127,48,0,1,0,0,0,0,0,0
1514,48,0,1,0,0,0,0,0,0
139128,48,0,1,0,0,0,0,0,0
139129,48,0,1,0,0,0,0,0,0
139130,48,0,1,0,0,0,0,0,0
133990,48,0,1,0,0,0,0,0,0
139131,48,0,1,0,0,0,0,0,0
139132,48,0,1,0,0,0,0,0,0
74440,48,0,1,0,0,0,0,0,0
74018,48,0,1,1,0,0,0,0,0
139133,48,0,1,0,0,0,0,0,0
1524,48,0,1,0,0,0,0,0,0
139134,48,0,1,0,0,0,0,0,0
73662,48,0,1,0,0,0,0,0,0
139135,48,0,1,0,0,0,0,0,0
133875,48,0,1,0,0,0,0,0,0
133988,48,0,1,0,0,0,0,0,0
139136,48,0,1,0,0,0,0,0,0
139137,48,0,1,0,0,0,0,0,0
139138,48,0,1,0,0,0,0,0,0
139139,48,0,1,0,0,0,0,0,0
74831,48,0,1,0,0,0,0,0,0
139140,48,0,1,0,0,0,0,0,0
1519,48,0,1,0,0,0,0,0,0
74832,48,0,1,0,0,0,0,0,0
133852,48,0,1,0,0,0,0,0,0
139141,48,0,1,0,0,0,0,0,0
139142,48,0,1,0,0,0,0,0,0
133978,48,0,1,0,0,0,0,0,0
139143,48,1,0,0,0,0,0,0,0
139144,48,0,1,0,0,0,0,0,0
139145,48,0,1,0,0,0,0,0,0
139146,48,0,1,0,0,0,0,0,0
65988,48,0,1,0,0,0,0,0,0
139147,48,0,1,0,0,0,0,0,0
73468,48,0,1,0,0,0,0,0,0
139148,48,0,1,0,0,0,0,0,0
73584,48,0,1,1,0,0,0,0,0
133868,48,0,1,0,0,0,0,0,0
74332,48,0,1,0,0,0,0,0,0
139149,48,0,1,0,0,0,0,0,0
1522,48,0,1,0,0,0,0,0,0
139150,48,0,1,0,0,0,0,0,0
139151,48,0,1,0,0,0,0,0,0
139152,48,0,1,0,0,0,0,0,0
73766,48,0,1,0,0,0,0,0,0
1525,48,0,1,0,0,0,0,0,0
73434,48,0,1,1,0,0,0,0,0
139153,48,0,1,0,0,0,0,0,0
139154,48,0,1,0,0,0,0,0,0
139155,48,0,1,0,0,0,0,0,0
139156,48,0,1,0,0,0,0,0,0
74833,48,0,1,1,0,0,0,0,0
139157,48,0,1,0,0,0,0,0,0
1531,48,0,1,0,0,0,0,0,0
73503,48,0,1,0,0,0,0,0,0
74113,48,0,1,0,0,0,0,0,0
74222,48,0,1,0,1,1,0,0,0
66476,48,0,1,0,0,0,0,0,0
74459,48,0,1,1,0,0,0,0,0
73655,48,0,1,1,0,0,0,0,0
73767,48,0,1,0,0,0,0,0,0
139158,48,0,1,0,0,0,0,0,0
73701,48,1,0,0,1,0,1,0,0
74535,48,0,1,1,0,0,0,0,0
139159,48,0,1,0,0,0,0,0,0
139160,48,1,0,0,0,0,0,0,0
133866,48,1,0,0,0,0,0,0,0
139161,48,0,1,0,0,0,0,0,0
133846,48,0,1,0,0,0,0,0,0
74650,48,0,1,1,0,0,0,0,0
139162,48,0,1,0,0,0,0,0,0
74525,48,0,1,0,0,0,0,0,0
133961,48,0,1,0,0,0,0,0,0
139163,48,0,1,0,0,0,0,0,0
74246,48,0,1,0,0,0,0,0,0
133910,48,0,1,0,0,0,0,0,0
139164,48,0,1,0,0,0,0,0,0
73702,48,0,1,0,0,0,0,0,0
73890,48,0,1,1,0,0,0,0,0
139165,48,0,1,0,0,0,0,0,0
74652,48,0,1,1,0,0,0,0,0
133916,48,0,1,0,0,0,0,0,0
139166,48,0,1,0,0,0,0,0,0
133906,48,0,1,0,0,0,0,0,0
139167,48,0,1,0,0,0,0,0,0
74406,48,0,1,1,0,0,0,0,0
133971,48,0,1,0,0,0,0,0,0
139168,48,0,1,0,0,0,0,0,0
133907,48,0,1,0,0,0,0,0,0
133987,48,0,1,1,0,0,0,0,0
139169,48,0,1,0,0,0,0,0,0
139170,48,0,1,0,0,0,0,0,0
139171,48,0,1,0,0,0,0,0,0
139172,48,0,1,0,0,0,0,0,0
133847,48,0,1,0,0,0,0,0,0
133995,48,0,1,0,0,0,0,0,0
139173,48,0,1,0,0,0,0,0,0
74527,48,0,1,0,0,0,0,0,0
132144,48,0,1,0,0,0,0,0,0
74016,48,0,1,0,1,1,0,0,0
139174,48,1,0,0,0,0,0,0,0
73443,48,0,1,0,0,0,0,0,0
139175,48,0,1,0,0,0,0,0,0
139176,48,0,1,0,0,0,0,0,0
139177,48,0,1,0,0,0,0,0,0
139178,48,0,1,0,0,0,0,0,0
74196,48,0,1,0,0,0,0,0,0
139179,48,0,1,0,0,0,0,0,0
73445,48,0,1,0,0,0,0,0,0
133989,48,0,1,0,0,0,0,0,0
139180,48,0,1,0,0,0,0,0,0
139181,48,0,1,0,0,0,0,0,0
139182,48,0,1,0,0,0,0,0,0
139183,48,1,0,0,0,0,0,0,0
133856,48,0,1,0,0,0,0,0,0
133993,48,0,1,1,0,0,0,0,0
74539,48,0,1,1,0,0,0,0,0
139184,48,0,1,0,0,0,0,0,0
1539,48,0,1,0,0,0,0,0,0
133983,48,0,1,0,0,0,0,0,0
139185,48,0,1,0,0,0,0,0,0
133851,48,0,1,0,0,0,0,0,0
139186,48,0,1,0,0,0,0,0,0
139187,48,0,1,0,1,0,1,0,0
73827,48,0,1,0,0,0,0,0,0
139188,48,0,1,0,0,0,0,0,0
73448,48,0,1,1,0,0,0,0,0
133911,48,0,1,1,0,0,0,0,0
133972,48,0,1,0,0,0,0,0,0
139189,48,0,1,0,0,0,0,0,0
74656,48,0,1,0,0,0,0,0,0
133844,48,0,1,0,0,0,0,0,0
139190,48,0,1,0,0,0,0,0,0
139191,48,0,1,0,0,0,0,0,0
74540,48,0,1,0,0,0,0,0,0
74064,48,0,1,0,1,0,1,0,0
139192,48,0,1,0,0,0,0,0,0
1533,48,0,1,0,0,0,0,0,0
73729,48,0,1,0,0,0,0,0,0
65468,48,0,1,0,0,0,0,0,0
1511,48,0,1,0,0,0,0,0,0
133840,48,0,1,0,0,0,0,0,0
139193,48,0,1,0,0,0,0,0,0
139194,48,1,0,0,0,0,0,0,0
133973,48,0,1,0,0,0,0,0,0
133892,48,1,0,0,0,0,0,0,0
133858,48,0,1,0,0,0,0,0,0
74100,48,0,1,0,1,1,0,0,0
139195,48,0,1,0,0,0,0,0,0
133865,48,0,1,0,0,0,0,0,0
73449,48,0,1,0,0,0,0,0,0
65472,48,0,1,0,0,0,0,0,0
1507,48,0,1,0,0,0,0,0,0
139196,48,0,1,0,0,0,0,0,0
139197,48,0,1,0,0,0,0,0,0
133872,48,0,1,0,0,0,0,0,0
139198,48,0,1,0,0,0,0,0,0
74314,48,0,1,0,0,0,0,0,0
133970,48,0,1,0,0,0,0,0,0
1518,48,0,1,0,0,0,0,0,0
133841,48,0,1,1,0,0,0,0,0
139199,48,0,1,0,0,0,0,0,0
139200,48,0,1,0,0,0,0,0,0
74543,48,0,1,0,1,1,0,0,0
74418,48,0,1,0,0,0,0,0,0
139201,48,0,1,0,0,0,0,0,0
139202,48,0,1,0,0,0,0,0,0
74293,48,0,1,0,0,0,0,0,0
139203,48,0,1,0,0,0,0,0,0
74223,48,0,1,0,0,0,0,0,0
65475,48,0,1,0,0,0,0,0,0
133873,48,0,1,0,0,0,0,0,0
139204,48,0,1,0,0,0,0,0,0
139205,48,0,1,0,0,0,0,0,0
133991,48,0,1,0,0,0,0,0,0
139206,48,0,1,0,0,0,0,0,0
139207,48,0,1,0,0,0,0,0,0
74199,48,0,1,0,1,1,0,0,0
139208,48,0,1,0,0,0,0,0,0
133783,48,0,1,0,0,0,0,0,0
74844,48,0,1,1,0,0,0,0,0
139209,48,0,1,0,0,0,0,0,0
139210,48,0,1,0,0,0,0,0,0
139211,48,0,1,0,0,0,0,0,0
1517,48,0,1,0,0,0,0,0,0
139212,48,0,1,1,0,0,0,0,0
139213,48,0,1,0,0,0,0,0,0
74189,48,0,1,1,0,0,0,0,0
139214,48,0,1,0,0,0,0,0,0
139215,48,0,1,0,0,0,0,0,0
139216,48,0,1,0,0,0,0,0,0
1537,48,0,1,0,0,0,0,0,0
133964,48,0,1,0,0,0,0,0,0
133979,48,0,1,0,0,0,0,0,0
1512,48,0,1,0,0,0,0,0,0
74659,48,0,1,0,0,0,0,0,0
139217,48,0,1,0,0,0,0,0,0
1505,48,0,1,0,0,0,0,0,0
139218,48,0,1,0,1,1,0,0,0
65480,48,0,1,1,0,0,0,0,0
139219,48,0,1,0,0,0,0,0,0
139220,48,0,1,0,0,0,0,0,0
139221,48,0,1,0,0,0,0,0,0
139222,48,0,1,0,0,0,0,0,0
139223,48,0,1,0,0,0,0,0,0
139224,48,0,1,1,0,0,0,0,0
74076,48,0,1,0,1,1,0,0,0
1529,48,0,1,0,0,0,0,0,0
139225,48,0,1,0,0,0,0,0,0
139226,48,0,1,0,0,0,0,0,0
139227,48,0,1,0,0,0,0,0,0
133842,48,0,1,0,0,0,0,0,0
74419,48,0,1,1,0,0,0,0,0
139228,48,0,1,0,0,0,0,0,0
139229,48,0,1,0,0,0,0,0,0
139230,48,0,1,0,0,0,0,0,0
74545,48,0,1,0,0,0,0,0,0
68676,48,0,1,1,0,0,0,0,0
86494,48,0,1,0,0,0,0,0,0
74583,48,0,1,0,0,0,0,0,0
139231,48,0,1,0,0,0,0,0,0
139232,48,0,1,0,0,0,0,0,0
73530,48,0,1,0,0,0,0,0,0
139233,48,0,1,0,0,0,0,0,0
74324,48,0,1,1,0,0,0,0,0
97707,48,0,1,1,0,0,0,0,0
139234,48,0,1,0,0,0,0,0,0
73708,48,0,1,0,0,0,0,0,0
139235,48,0,1,0,0,0,0,0,0
139236,48,0,1,0,0,0,0,0,0
74662,48,0,1,1,0,0,0,0,0
74325,48,0,1,0,0,0,0,0,0
74663,48,0,1,0,0,0,0,0,0
133853,48,0,1,1,0,0,0,0,0
74421,48,0,1,0,0,0,0,0,0
139237,48,0,1,1,0,0,0,0,0
1521,48,0,1,0,0,0,0,0,0
133915,48,1,0,0,0,0,0,0,0
139238,48,0,1,0,0,0,0,0,0
74664,48,0,1,0,0,0,0,0,0
139239,48,0,1,0,0,0,0,0,0
139240,48,0,1,0,0,0,0,0,0
139241,48,0,1,1,0,0,0,0,0
74008,48,0,1,0,0,0,0,0,0
139242,48,0,1,0,0,0,0,0,0
139243,48,0,1,0,0,0,0,0,0
74546,48,0,1,0,0,0,0,0,0
74547,48,0,1,1,0,0,0,0,0
139244,48,0,1,1,0,0,0,0,0
1528,48,0,1,0,0,0,0,0,0
139245,48,0,1,0,0,0,0,0,0
74201,48,0,1,0,0,0,0,0,0
139246,48,0,1,0,0,0,0,0,0
139247,48,0,1,0,0,0,0,0,0
133862,48,0,1,0,0,0,0,0,0
139248,48,0,1,1,0,0,0,0,0
139249,48,0,1,0,0,0,0,0,0
133980,48,0,1,0,0,0,0,0,0
74131,48,0,1,0,0,0,0,0,0
139250,48,0,1,0,0,0,0,0,0
139251,48,0,1,0,0,0,0,0,0
133863,48,0,1,0,0,0,0,0,0
74781,48,0,1,0,0,0,0,0,0
139252,48,0,1,0,0,0,0,0,0
74182,48,0,1,0,0,0,0,0,0
73664,48,0,1,0,0,0,0,0,0
133969,48,0,1,0,0,0,0,0,0
139253,48,0,1,0,0,0,0,0,0
139254,48,0,1,0,0,0,0,0,0
74477,48,0,1,0,0,0,0,0,0
139255,48,0,1,0,0,0,0,0,0
133857,48,0,1,0,0,0,0,0,0
73658,48,0,1,1,0,0,0,0,0
73710,48,0,1,0,0,0,0,0,0
133974,48,0,1,0,0,0,0,0,0
74551,48,0,1,0,0,0,0,0,0
139256,48,0,1,0,0,0,0,0,0
1540,48,0,1,0,0,0,0,0,0
132143,48,0,1,0,0,0,0,0,0
139257,48,0,1,0,0,0,0,0,0
139258,48,0,1,0,0,0,0,0,0
139259,48,0,1,0,0,0,0,0,0
133854,48,0,1,0,0,0,0,0,0
139260,48,0,1,0,0,0,0,0,0
1520,48,0,1,0,0,0,0,0,0
139261,48,0,1,0,0,0,0,0,0
74851,48,0,1,0,0,0,0,0,0
139262,48,0,1,0,0,0,0,0,0
73462,48,0,1,0,0,0,0,0,0
74203,48,0,1,0,0,0,0,0,0
133976,48,0,1,0,0,0,0,0,0
74250,48,0,1,0,0,0,0,0,0
139263,48,0,1,0,0,0,0,0,0
133867,48,0,1,0,0,0,0,0,0
139264,48,0,1,0,0,0,0,0,0
133861,48,0,1,0,0,0,0,0,0
139265,48,0,1,0,0,0,0,0,0
139266,48,0,1,0,0,0,0,0,0
73540,48,0,1,0,0,0,0,0,0
133981,48,0,1,0,0,0,0,0,0
139267,48,0,1,0,0,0,0,0,0
74424,48,0,1,0,0,0,0,0,0
139268,48,0,1,0,0,0,0,0,0
74125,48,0,1,0,0,0,0,0,0
139269,48,0,1,0,0,0,0,0,0
133914,48,0,1,0,0,0,0,0,0
133975,48,0,1,0,1,1,0,0,0
133839,48,0,1,1,0,0,0,0,0
1508,48,0,1,0,0,0,0,0,0
74854,48,0,1,0,0,0,0,0,0
139270,48,0,1,0,0,0,0,0,0
74425,48,0,1,0,0,0,0,0,0
139271,48,0,1,0,0,0,0,0,0
133977,48,0,1,0,0,0,0,0,0
139272,48,0,1,0,0,0,0,0,0
74741,48,0,1,1,0,0,0,0,0
65495,48,0,1,1,0,0,0,0,0
139273,48,0,1,0,0,0,0,0,0
139274,48,0,1,0,0,0,0,0,0
74520,48,0,1,0,0,0,0,0,0
139275,48,0,1,0,0,0,0,0,0
133962,48,0,1,0,0,0,0,0,0
139276,48,0,1,0,0,0,0,0,0
139277,48,0,1,0,0,0,0,0,0
139278,48,0,1,0,0,0,0,0,0
139279,48,0,1,0,0,0,0,0,0
1509,48,0,1,0,0,0,0,0,0
160519,48,0,1,0,1,1,0,0,0
139281,48,0,1,0,0,0,0,0,0
132145,48,0,1,0,0,0,0,0,0
139282,48,0,1,0,0,0,0,0,0
74570,48,0,1,1,0,0,0,0,0
73544,48,0,1,0,1,0,0,1,0
74742,48,0,1,1,0,0,0,0,0
1541,48,0,1,0,0,0,0,0,0
139283,48,0,1,0,0,0,0,0,0
73716,48,0,1,0,0,0,0,0,0
1523,48,0,1,0,0,0,0,0,0
74743,48,0,1,0,0,0,0,0,0
1513,48,0,1,0,0,0,0,0,0
74555,48,0,1,0,0,0,0,0,0
139284,48,0,1,0,0,0,0,0,0
73826,48,0,1,0,0,0,0,0,0
139285,48,1,0,0,1,1,0,0,0
65987,48,1,0,1,0,0,0,0,0
65498,48,1,0,1,0,0,0,0,0
139286,48,0,1,0,0,0,0,0,0
74630,48,0,1,0,0,0,0,0,0
74002,48,0,1,0,0,0,0,0,0
139287,48,0,1,0,0,0,0,0,0
74137,48,0,1,0,0,0,0,0,0
139288,48,0,1,0,0,0,0,0,0
67836,48,0,1,0,0,0,0,0,0
73878,48,0,1,0,0,0,0,0,0
139289,48,0,1,1,0,0,0,0,0
139290,48,0,1,0,0,0,0,0,0
139291,48,0,1,0,0,0,0,0,0
74339,48,0,1,1,0,0,0,0,0
133870,48,0,1,0,0,0,0,0,0
133967,48,0,1,0,0,0,0,0,0
1530,48,1,0,0,0,0,0,0,0
133982,48,0,1,0,0,0,0,0,0
139292,48,0,1,1,0,0,0,0,0
73547,48,0,1,0,0,0,0,0,0
74633,48,0,1,0,0,0,0,0,0
73495,48,0,1,0,0,0,0,0,0
1542,48,0,1,0,0,0,0,0,0
133994,48,0,1,0,0,0,0,0,0
1532,48,0,1,0,0,0,0,0,0
65459,48,0,1,0,0,0,0,0,0
139293,48,0,1,0,0,0,0,0,0
74859,48,1,0,0,0,0,0,0,0
139294,48,1,0,0,0,0,0,0,0
139295,48,0,1,0,0,0,0,0,0
139296,48,0,1,0,0,0,0,0,0
67144,48,0,1,0,0,0,0,0,0
74745,48,0,1,0,0,0,0,0,0
139297,48,0,1,0,0,0,0,0,0
74803,48,1,0,1,0,0,0,0,0
139298,48,1,0,0,0,0,0,0,0
133963,48,0,1,0,0,0,0,0,0
139299,48,0,1,0,0,0,0,0,0
74747,48,0,1,0,0,0,0,0,0
1500,48,0,1,0,0,0,0,0,0
74114,48,0,1,0,0,0,0,0,0
139300,48,1,0,0,0,0,0,0,0
133871,48,0,1,0,0,0,0,0,0
139301,48,0,1,0,0,0,0,0,0
74748,48,0,1,0,0,0,0,0,0
1501,48,0,1,0,0,0,0,0,0
139302,48,0,1,0,0,0,0,0,0
139303,48,0,1,0,0,0,0,0,0
65904,48,0,1,0,0,0,0,0,0
139304,48,0,1,0,0,0,0,0,0
74206,48,0,1,0,0,0,0,0,0
73797,48,0,1,0,0,0,0,0,0
133908,48,0,1,0,0,0,0,0,0
73780,48,0,1,0,0,0,0,0,0
139305,48,0,1,0,0,0,0,0,0
139306,48,0,1,0,0,0,0,0,0
133965,48,0,1,0,0,0,0,0,0
133859,48,0,1,0,0,0,0,0,0
74249,48,0,1,0,0,0,0,0,0
133984,48,0,1,0,0,0,0,0,0
73552,48,0,1,1,0,0,0,0,0
74337,48,0,1,0,1,1,0,0,0
139307,48,0,1,0,0,0,0,0,0
139308,48,0,1,0,0,0,0,0,0
139309,48,0,1,0,0,0,0,0,0
74862,48,0,1,1,0,0,0,0,0
139310,48,1,0,1,0,0,0,0,0
139311,48,0,1,1,0,0,0,0,0
74129,48,0,1,0,0,0,0,0,0
139312,48,0,1,0,0,0,0,0,0
139313,48,0,1,1,0,0,0,0,0
139314,48,0,1,0,0,0,0,0,0
74318,48,0,1,0,0,0,0,0,0
139315,48,1,0,0,0,0,0,0,0
74013,48,0,1,0,0,0,0,0,0
133869,48,0,1,0,0,0,0,0,0
73499,48,0,1,0,0,0,0,0,0
139316,48,0,1,0,0,0,0,0,0
73798,48,0,1,0,0,0,0,0,0
139317,48,0,1,1,0,0,0,0,0
73965,48,0,1,0,0,0,0,0,0
65519,48,0,1,1,0,0,0,0,0
74636,48,0,1,0,0,0,0,0,0
73881,48,0,1,0,0,0,0,0,0
74327,48,0,1,0,0,0,0,0,0
139319,48,0,1,0,0,0,0,0,0
74429,48,0,1,0,0,0,0,0,0
139320,48,0,1,0,0,0,0,0,0
139321,48,0,1,1,0,0,0,0,0
1538,48,0,1,0,0,0,0,0,0
132142,48,0,1,0,0,0,0,0,0
139322,48,0,1,0,0,0,0,0,0
74236,48,0,1,0,0,0,0,0,0
139323,48,0,1,1,0,0,0,0,0
139324,48,0,1,0,0,0,0,0,0
139325,48,0,1,0,0,0,0,0,0
133909,48,0,1,0,0,0,0,0,0
133874,48,0,1,0,0,0,0,0,0
139326,48,0,1,0,0,0,0,0,0
74117,48,0,1,0,0,0,0,0,0
74107,48,0,1,0,0,0,0,0,0
139327,48,0,1,0,0,0,0,0,0
133845,48,0,1,0,0,0,0,0,0
74430,48,0,1,0,0,0,0,0,0
139328,48,0,1,0,0,0,0,0,0
73571,48,0,1,0,0,0,0,0,0
1502,48,0,1,0,0,0,0,0,0
1503,48,0,1,0,0,0,0,0,0
1506,48,0,1,0,0,0,0,0,0
1510,48,0,1,0,0,0,0,0,0
139329,48,0,1,0,0,0,0,0,0
74302,48,0,1,0,0,0,0,0,0
74319,48,0,1,1,0,0,0,0,0
139330,48,0,1,0,0,0,0,0,0
139331,48,0,1,0,0,0,0,0,0
74754,48,0,1,0,0,0,0,0,0
139332,48,0,1,0,0,0,0,0,0
139333,48,0,1,0,0,0,0,0,0
1515,48,0,1,0,0,0,0,0,0
139334,48,0,1,0,0,0,0,0,0
74192,48,0,1,1,0,0,0,0,0
73910,48,0,1,0,1,0,1,0,0
139335,48,0,1,0,0,0,0,0,0
133968,48,0,1,1,0,0,0,0,0
139336,48,0,1,0,0,0,0,0,0
139337,48,0,1,0,0,0,0,0,0
139338,48,0,1,0,0,0,0,0,0
73816,48,0,1,0,0,0,0,0,0
139339,48,0,1,0,0,0,0,0,0
73672,48,0,1,1,0,0,0,0,0
139340,48,0,1,0,0,0,0,0,0
139341,48,0,1,0,1,1,0,0,0
74589,48,0,1,1,0,0,0,0,0
139342,48,0,1,0,0,0,0,0,0
1536,48,0,1,0,0,0,0,0,0
74638,48,0,1,0,0,0,0,0,0
74025,48,0,1,0,0,0,0,0,0
139343,48,0,1,0,0,0,0,0,0
139344,48,0,1,0,0,0,0,0,0
133864,48,1,0,0,0,0,0,0,0
74068,48,1,0,1,0,0,0,0,0
74757,48,0,1,0,0,0,0,0,0
139345,48,0,1,0,0,0,0,0,0
139346,48,0,1,1,0,0,0,0,0
139347,48,0,1,0,0,0,0,0,0
73787,48,0,1,0,0,0,0,0,0
73475,48,0,1,0,0,0,0,0,0
74557,48,0,1,0,0,0,0,0,0
73557,48,0,1,0,0,0,0,0,0
74777,48,1,0,0,0,0,0,0,0
139348,48,1,0,0,0,0,0,0,0
139349,48,0,1,0,0,0,0,0,0
73674,48,0,1,1,0,0,0,0,0
74758,48,0,1,0,0,0,0,0,0
139350,48,0,1,0,0,0,0,0,0
73805,48,0,1,1,0,0,0,0,0
73420,48,0,1,1,0,0,0,0,0
133992,48,0,1,0,0,0,0,0,0
133913,48,0,1,0,0,0,0,0,0
139351,48,0,1,0,0,0,0,0,0
139352,48,0,1,0,0,0,0,0,0
73650,48,0,1,0,0,0,0,0,0
139353,48,0,1,0,0,0,0,0,0
73421,48,0,1,1,0,0,0,0,0
139354,48,0,1,0,0,0,0,0,0
139355,48,0,1,0,0,0,0,0,0
139356,48,0,1,0,0,0,0,0,0
73507,48,1,0,1,0,0,0,0,0
139357,48,0,1,0,0,0,0,0,0
139358,48,0,1,0,0,0,0,0,0
73422,48,0,1,0,0,0,0,0,0
139359,48,0,1,0,0,0,0,0,0
133912,48,0,1,0,0,0,0,0,0
139360,48,0,1,0,0,0,0,0,0
139361,48,1,0,0,0,0,0,0,0
74434,48,0,1,0,0,0,0,0,0
139362,48,0,1,0,0,0,0,0,0
133986,48,1,0,0,0,0,0,0,0
139363,48,0,1,0,0,0,0,0,0
74210,48,0,1,1,0,0,0,0,0
73596,48,0,1,0,0,0,0,0,0
73763,48,0,1,1,0,0,0,0,0
73808,48,0,1,0,1,1,0,0,0
1527,48,0,1,0,0,0,0,0,0
139364,48,0,1,0,0,0,0,0,0
74764,48,0,1,0,0,0,0,0,0
73510,48,0,1,0,0,0,0,0,0
139365,48,0,1,0,0,0,0,0,0
73718,48,0,1,0,0,0,0,0,0
74766,48,0,1,0,0,0,0,0,0
73424,48,0,1,1,0,0,0,0,0
139366,48,0,1,0,0,0,0,0,0
133966,48,0,1,0,0,0,0,0,0
139367,48,0,1,0,0,0,0,0,0
139368,48,0,1,0,0,0,0,0,0
139369,48,0,1,0,0,0,0,0,0
1526,48,0,1,0,0,0,0,0,0
1534,48,0,1,0,0,0,0,0,0
73989,48,0,1,1,0,0,0,0,0
139370,48,0,1,0,0,0,0,0,0
133843,48,0,1,0,0,0,0,0,0
1504,48,0,1,0,0,0,0,0,0
74307,48,0,1,0,0,0,0,0,0
139371,48,0,1,0,0,0,0,0,0
73809,48,0,1,0,0,0,0,0,0
133850,48,0,1,0,0,0,0,0,0
74010,48,0,1,1,0,0,0,0,0
139372,48,0,1,0,0,0,0,0,0
133860,48,0,1,0,0,0,0,0,0
139373,48,0,1,1,0,0,0,0,0
139374,48,0,1,0,0,0,0,0,0
139375,48,0,1,1,0,0,0,0,0
133855,48,0,1,0,0,0,0,0,0
139376,48,0,1,0,0,0,0,0,0
139377,48,0,1,0,0,0,0,0,0
139378,48,0,1,0,0,0,0,0,0
139379,48,0,1,0,0,0,0,0,0
139380,48,0,1,0,0,0,0,0,0
139381,48,0,1,0,0,0,0,0,0
139382,48,0,1,0,0,0,0,0,0
74593,48,0,1,1,0,0,0,0,0
139383,48,0,1,0,0,0,0,0,0
132141,48,0,1,0,0,0,0,0,0
74694,48,0,1,1,0,0,0,0,0
133985,48,0,1,0,0,0,0,0,0
65551,48,0,1,0,0,0,0,0,0
73811,48,0,1,0,0,0,0,0,0
139384,48,0,1,1,0,0,0,0,0
139385,48,0,1,0,0,0,0,0,0
139386,48,1,0,1,0,0,0,0,0
74438,48,0,1,0,0,0,0,0,0
73678,48,0,1,1,0,0,0,0,0
139387,48,0,1,0,0,0,0,0,0
220593,57,0,1,1,0,0,0,0,0
204379,57,0,1,1,0,0,0,0,0
220714,57,0,1,0,1,1,0,0,0
221328,57,0,1,1,0,0,0,0,0
204560,57,0,1,1,0,0,0,0,0
204528,57,1,0,1,0,0,0,0,0
121948,57,0,1,1,0,0,0,0,0
74646,57,0,1,1,0,0,0,0,0
160508,57,0,1,0,1,1,0,0,0
136811,57,0,1,1,0,0,0,0,0
178835,57,0,1,1,0,0,0,0,0
160527,57,0,1,1,0,0,0,0,0
204495,57,0,1,1,0,0,0,0,0
204549,57,0,1,1,0,0,0,0,0
73579,57,0,1,1,0,0,0,0,0
74696,57,0,1,1,0,0,0,0,0
220538,57,0,1,1,0,0,0,0,0
160559,57,0,1,1,0,0,0,0,0
204501,57,0,1,1,0,0,0,0,0
178972,57,0,1,1,0,0,0,0,0
204571,57,0,1,1,0,0,0,0,0
220542,57,0,1,1,0,0,0,0,0
160545,57,0,1,1,0,0,0,0,0
220554,57,0,1,1,0,0,0,0,0
204503,57,0,1,1,0,0,0,0,0
221148,57,0,1,0,1,0,1,0,0
220576,57,0,1,1,0,0,0,0,0
74057,57,1,0,1,0,0,0,0,0
178927,57,0,1,1,0,0,0,0,0
226708,57,0,1,0,1,0,1,0,0
178937,57,0,1,0,1,1,0,0,0
178881,57,0,1,1,0,0,0,0,0
220596,57,1,0,1,0,0,0,0,0
220707,57,1,0,0,1,1,0,0,0
204356,57,0,1,1,0,0,0,0,0
220715,57,0,1,0,1,1,0,0,0
107970,57,1,0,1,0,0,0,0,0
220556,57,1,0,1,0,0,0,0,0
220632,57,1,0,1,0,0,0,0,0
220657,57,0,1,0,1,1,0,0,0
204423,57,0,1,1,0,0,0,0,0
133439,57,0,1,1,0,0,0,0,0
178882,57,0,1,0,1,1,0,0,0
204515,57,0,1,1,0,0,0,0,0
220676,57,1,0,0,1,1,0,0,0
123756,57,1,0,1,0,0,0,0,0
220544,57,0,1,0,1,1,0,0,0
160553,57,0,1,0,1,0,1,0,0
220638,57,0,1,1,0,0,0,0,0
220675,57,0,1,1,0,0,0,0,0
220549,57,1,0,1,0,0,0,0,0
73433,57,0,1,1,0,0,0,0,0
141391,57,0,1,1,0,0,0,0,0
160541,57,0,1,0,1,1,0,0,0
160600,57,0,1,1,0,0,0,0,0
74090,57,0,1,1,0,0,0,0,0
123086,57,0,1,1,0,0,0,0,0
160665,57,0,1,1,0,0,0,0,0
220577,57,0,1,1,0,0,0,0,0
160512,57,0,1,1,0,0,0,0,0
69871,57,0,1,1,0,0,0,0,0
178975,57,0,1,1,0,0,0,0,0
220605,57,0,1,1,0,0,0,0,0
220612,57,0,1,1,0,0,0,0,0
73701,57,1,0,0,1,0,1,0,0
109429,57,0,1,1,0,0,0,0,0
204358,57,0,1,0,1,1,0,0,0
220698,57,0,1,1,0,0,0,0,0
220683,57,0,1,1,0,0,0,0,0
204374,57,1,0,1,0,0,0,0,0
204388,57,0,1,1,0,0,0,0,0
160538,57,0,1,1,0,0,0,0,0
74052,57,0,1,0,1,1,0,0,0
210989,57,0,1,1,0,0,0,0,0
220635,57,0,1,1,0,0,0,0,0
220574,57,0,1,0,1,1,0,0,0
143942,57,0,1,1,0,0,0,0,0
220548,57,1,0,1,0,0,0,0,0
204572,57,0,1,1,0,0,0,0,0
220690,57,0,1,0,1,1,0,0,0
178829,57,0,1,1,0,0,0,0,0
229069,57,0,1,0,1,1,0,0,0
229106,57,1,0,1,0,0,0,0,0
204507,57,1,0,1,0,0,0,0,0
204361,57,0,1,1,0,0,0,0,0
178962,57,0,1,1,0,0,0,0,0
178993,57,0,1,0,1,1,0,0,0
204460,57,0,1,1,0,0,0,0,0
74262,57,0,1,1,0,0,0,0,0
204426,57,0,1,1,0,0,0,0,0
141398,57,0,1,1,0,0,0,0,0
164360,57,1,0,1,0,0,0,0,0
220704,57,1,0,0,1,0,1,0,0
204369,57,1,0,1,0,0,0,0,0
220699,57,0,1,1,0,0,0,0,0
206018,57,1,0,0,1,0,0,0,1
178876,57,0,1,1,0,0,0,0,0
204488,57,0,1,1,0,0,0,0,0
73441,57,0,1,1,0,0,0,0,0
204496,57,0,1,1,0,0,0,0,0
204504,57,0,1,1,0,0,0,0,0
205476,57,0,1,0,1,1,0,0,0
74171,57,0,1,1,0,0,0,0,0
204476,57,0,1,1,0,0,0,0,0
204462,57,1,0,0,1,1,0,0,0
220665,57,1,0,1,0,0,0,0,0
74537,57,0,1,1,0,0,0,0,0
141408,57,0,1,1,0,0,0,0,0
88256,57,0,1,1,0,0,0,0,0
98148,57,0,1,1,0,0,0,0,0
220594,57,0,1,0,1,1,0,0,0
204378,57,0,1,0,1,1,0,0,0
220595,57,1,0,1,0,0,0,0,0
220666,57,0,1,1,0,0,0,0,0
222142,57,0,1,1,0,0,0,0,0
220590,57,0,1,0,1,1,0,0,0
178963,57,0,1,1,0,0,0,0,0
220608,57,1,0,0,1,1,0,0,0
204355,57,0,1,1,0,0,0,0,0
141411,57,0,1,1,0,0,0,0,0
220555,57,1,0,0,1,0,1,0,0
220692,57,0,1,0,1,1,0,0,0
74467,57,0,1,0,1,0,1,0,0
220629,57,1,0,0,1,0,1,0,0
220603,57,1,0,1,0,0,0,0,0
220571,57,0,1,1,0,0,0,0,0
74060,57,0,1,0,1,1,0,0,0
220582,57,0,1,1,0,0,0,0,0
204367,57,0,1,1,0,0,0,0,0
228941,57,0,1,1,0,0,0,0,0
220614,57,0,1,1,0,0,0,0,0
204409,57,0,1,1,0,0,0,0,0
204459,57,1,0,1,0,0,0,0,0
220557,57,1,0,1,0,0,0,0,0
62881,57,0,1,1,0,0,0,0,0
160552,57,0,1,1,0,0,0,0,0
116379,57,0,1,1,0,0,0,0,0
204511,57,0,1,1,0,0,0,0,0
220659,57,1,0,0,1,0,1,0,0
220539,57,0,1,0,1,1,0,0,0
220565,57,1,0,1,0,0,0,0,0
220625,57,1,0,1,0,0,0,0,0
220561,57,1,0,1,0,0,0,0,0
220642,57,0,1,1,0,0,0,0,0
220673,57,0,1,1,0,0,0,0,0
220649,57,0,1,0,1,0,1,0,0
178908,57,0,1,0,1,1,0,0,0
220583,57,0,1,0,1,1,0,0,0
204512,57,0,1,1,0,0,0,0,0
220701,57,0,1,1,0,0,0,0,0
220652,57,0,1,1,0,0,0,0,0
220654,57,0,1,1,0,0,0,0,0
220619,57,0,1,1,0,0,0,0,0
228272,57,0,1,1,0,0,0,0,0
220705,57,0,1,1,0,0,0,0,0
220553,57,1,0,0,1,0,1,0,0
220689,57,1,0,1,0,0,0,0,0
160588,57,0,1,1,0,0,0,0,0
220691,57,0,1,1,0,0,0,0,0
178929,57,0,1,1,0,0,0,0,0
73768,57,0,1,1,0,0,0,0,0
220671,57,1,0,0,1,1,0,0,0
160599,57,0,1,1,0,0,0,0,0
220602,57,0,1,1,0,0,0,0,0
143632,57,0,1,1,0,0,0,0,0
160758,57,0,1,1,0,0,0,0,0
220573,57,0,1,0,1,1,0,0,0
227433,57,0,1,0,1,1,0,0,0
204450,57,0,1,1,0,0,0,0,0
221339,57,0,1,1,0,0,0,0,0
227401,57,0,1,1,0,0,0,0,0
227991,57,0,1,0,1,1,0,0,0
220610,57,0,1,1,0,0,0,0,0
220688,57,0,1,0,1,0,1,0,0
204518,57,0,1,1,0,0,0,0,0
212625,57,0,1,1,0,0,0,0,0
204481,57,0,1,1,0,0,0,0,0
204351,57,0,1,1,0,0,0,0,0
228616,57,0,1,1,0,0,0,0,0
220528,57,0,1,1,0,0,0,0,0
204412,57,0,1,1,0,0,0,0,0
220674,57,1,0,1,0,0,0,0,0
220686,57,0,1,0,1,1,0,0,0
227800,57,0,1,1,0,0,0,0,0
220540,57,0,1,1,0,0,0,0,0
220623,57,1,0,1,0,0,0,0,0
204541,57,0,1,1,0,0,0,0,0
92346,57,0,1,1,0,0,0,0,0
141421,57,0,1,1,0,0,0,0,0
220589,57,0,1,1,0,0,0,0,0
74075,57,1,0,1,0,0,0,0,0
204364,57,0,1,0,1,1,0,0,0
226553,57,1,0,0,1,1,0,0,0
229585,57,1,0,0,1,1,0,0,0
220008,57,1,0,1,0,0,0,0,0
178854,57,0,1,1,0,0,0,0,0
218086,57,1,0,0,1,1,0,0,0
198783,57,0,1,1,0,0,0,0,0
161550,57,0,1,1,0,0,0,0,0
225730,57,1,0,1,0,0,0,0,0
132504,57,0,1,1,0,0,0,0,0
220663,57,0,1,1,0,0,0,0,0
220645,57,1,0,0,1,0,1,0,0
160575,57,1,0,1,0,0,0,0,0
160640,57,0,1,1,0,0,0,0,0
204482,57,0,1,1,0,0,0,0,0
74454,57,0,1,0,1,1,0,0,0
178871,57,0,1,1,0,0,0,0,0
178905,57,0,1,1,0,0,0,0,0
68720,57,0,1,1,0,0,0,0,0
220681,57,0,1,1,0,0,0,0,0
171623,57,0,1,1,0,0,0,0,0
204368,57,0,1,1,0,0,0,0,0
220653,57,0,1,1,0,0,0,0,0
66828,57,0,1,1,0,0,0,0,0
220712,57,0,1,1,0,0,0,0,0
220646,57,0,1,1,0,0,0,0,0
72442,57,0,1,1,0,0,0,0,0
204398,57,0,1,1,0,0,0,0,0
227370,57,0,1,1,0,0,0,0,0
160666,57,0,1,1,0,0,0,0,0
204407,57,1,0,1,0,0,0,0,0
220656,57,1,0,1,0,0,0,0,0
141431,57,0,1,1,0,0,0,0,0
204445,57,0,1,0,1,1,0,0,0
92699,57,0,1,1,0,0,0,0,0
204427,57,0,1,0,1,1,0,0,0
204411,57,0,1,1,0,0,0,0,0
220545,57,0,1,0,1,1,0,0,0
160598,57,1,0,1,0,0,0,0,0
225727,57,1,0,1,0,0,0,0,0
191923,57,0,1,0,1,1,0,0,0
220700,57,0,1,1,0,0,0,0,0
220551,57,1,0,1,0,0,0,0,0
204494,57,0,1,1,0,0,0,0,0
220534,57,0,1,0,1,1,0,0,0
224117,57,0,1,1,0,0,0,0,0
220708,57,0,1,1,0,0,0,0,0
204473,57,0,1,1,0,0,0,0,0
220611,57,0,1,1,0,0,0,0,0
178966,57,1,0,1,0,0,0,0,0
220702,57,0,1,1,0,0,0,0,0
74374,57,0,1,1,0,0,0,0,0
220587,57,0,1,1,0,0,0,0,0
204394,57,0,1,0,1,1,0,0,0
74383,57,0,1,1,0,0,0,0,0
204491,57,0,1,1,0,0,0,0,0
74270,57,0,1,1,0,0,0,0,0
220529,57,0,1,0,1,1,0,0,0
204365,57,0,1,1,0,0,0,0,0
220526,57,0,1,1,0,0,0,0,0
220531,57,0,1,0,1,1,0,0,0
160673,57,0,1,1,0,0,0,0,0
226179,57,1,0,0,1,0,1,0,0
152605,57,0,1,1,0,0,0,0,0
229333,57,1,0,1,0,0,0,0,0
204419,57,0,1,1,0,0,0,0,0
107283,57,1,0,1,0,0,0,0,0
198197,57,1,0,1,0,0,0,0,0
220639,57,0,1,1,0,0,0,0,0
204531,57,0,1,1,0,0,0,0,0
220664,57,0,1,1,0,0,0,0,0
220568,57,0,1,0,1,1,0,0,0
204408,57,0,1,1,0,0,0,0,0
204456,57,0,1,1,0,0,0,0,0
178964,57,0,1,1,0,0,0,0,0
178873,57,0,1,1,0,0,0,0,0
220537,57,1,0,0,1,1,0,0,0
178909,57,0,1,0,1,1,0,0,0
204444,57,0,1,0,1,0,1,0,0
220672,57,0,1,0,1,1,0,0,0
227324,57,0,1,0,1,1,0,0,0
204539,57,0,1,0,1,1,0,0,0
100689,57,0,1,1,0,0,0,0,0
178884,57,0,1,1,0,0,0,0,0
141450,57,0,1,1,0,0,0,0,0
160674,57,0,1,1,0,0,0,0,0
220563,57,0,1,0,1,1,0,0,0
204533,57,0,1,1,0,0,0,0,0
204508,57,0,1,0,1,1,0,0,0
98615,57,0,1,1,0,0,0,0,0
220570,57,0,1,1,0,0,0,0,0
204436,57,0,1,1,0,0,0,0,0
73531,57,0,1,1,0,0,0,0,0
220696,57,1,0,0,1,1,0,0,0
220670,57,1,0,1,0,0,0,0,0
220527,57,1,0,0,1,0,1,0,0
220697,57,0,1,0,1,1,0,0,0
74848,57,1,0,1,0,0,0,0,0
220567,57,0,1,0,1,1,0,0,0
74273,57,0,1,1,0,0,0,0,0
160531,57,0,1,0,1,1,0,0,0
141456,57,0,1,1,0,0,0,0,0
141458,57,0,1,1,0,0,0,0,0
178970,57,0,1,1,0,0,0,0,0
74550,57,0,1,1,0,0,0,0,0
141459,57,0,1,1,0,0,0,0,0
178910,57,0,1,0,1,1,0,0,0
160548,57,0,1,1,0,0,0,0,0
217480,57,0,1,0,1,1,0,0,0
205550,57,0,1,0,1,1,0,0,0
214694,57,0,1,1,0,0,0,0,0
178857,57,0,1,0,1,1,0,0,0
141464,57,0,1,0,1,0,1,0,0
141470,57,0,1,1,0,0,0,0,0
204472,57,0,1,1,0,0,0,0,0
204391,57,0,1,1,0,0,0,0,0
74079,57,0,1,1,0,0,0,0,0
74554,57,0,1,1,0,0,0,0,0
209189,57,0,1,0,1,1,0,0,0
220578,57,0,1,0,1,1,0,0,0
74141,57,0,1,0,1,1,0,0,0
204563,57,0,1,0,1,1,0,0,0
215043,57,0,1,0,1,0,1,0,0
204474,57,0,1,0,1,1,0,0,0
220559,57,1,0,1,0,0,0,0,0
220640,57,1,0,0,1,0,0,0,1
228837,57,1,0,1,0,0,0,0,0
66385,57,0,1,0,1,1,0,0,0
74317,57,0,1,1,0,0,0,0,0
204372,57,0,1,1,0,0,0,0,0
74253,57,0,1,1,0,0,0,0,0
228797,57,0,1,1,0,0,0,0,0
204457,57,0,1,1,0,0,0,0,0
204520,57,0,1,1,0,0,0,0,0
204497,57,0,1,0,1,1,0,0,0
204574,57,0,1,0,1,1,0,0,0
204550,57,0,1,0,1,1,0,0,0
178886,57,0,1,1,0,0,0,0,0
220677,57,0,1,1,0,0,0,0,0
162067,57,0,1,1,0,0,0,0,0
204536,57,0,1,0,1,0,0,1,0
98057,57,0,1,1,0,0,0,0,0
74856,57,1,0,0,1,1,0,0,0
141480,57,0,1,1,0,0,0,0,0
178832,57,1,0,1,0,0,0,0,0
220600,57,0,1,1,0,0,0,0,0
220566,57,1,0,1,0,0,0,0,0
80815,57,0,1,0,1,1,0,0,0
122195,57,0,1,0,1,1,0,0,0
74156,57,0,1,0,1,0,1,0,0
74299,57,0,1,1,0,0,0,0,0
92102,57,0,1,0,1,1,0,0,0
139285,57,1,0,0,1,1,0,0,0
74585,57,0,1,1,0,0,0,0,0
74858,57,0,1,1,0,0,0,0,0
171139,57,1,0,1,0,0,0,0,0
220662,57,0,1,1,0,0,0,0,0
204404,57,0,1,1,0,0,0,0,0
138286,57,0,1,0,1,0,1,0,0
220581,57,0,1,1,0,0,0,0,0
103758,57,0,1,1,0,0,0,0,0
74478,57,0,1,1,0,0,0,0,0
178931,57,0,1,1,0,0,0,0,0
227323,57,0,1,1,0,0,0,0,0
220616,57,0,1,1,0,0,0,0,0
178954,57,0,1,0,1,1,0,0,0
229082,57,1,0,1,0,0,0,0,0
222429,57,0,1,0,1,1,0,0,0
160510,57,0,1,1,0,0,0,0,0
204410,57,1,0,1,0,0,0,0,0
204448,57,0,1,1,0,0,0,0,0
141485,57,0,1,1,0,0,0,0,0
73778,57,0,1,1,0,0,0,0,0
204485,57,0,1,1,0,0,0,0,0
74041,57,0,1,1,0,0,0,0,0
141487,57,0,1,1,0,0,0,0,0
229432,57,0,1,1,0,0,0,0,0
220658,57,0,1,1,0,0,0,0,0
204455,57,0,1,1,0,0,0,0,0
220636,57,0,1,1,0,0,0,0,0
162332,57,0,1,0,1,0,0,1,0
204526,57,0,1,1,0,0,0,0,0
74784,57,1,0,1,0,0,0,0,0
178866,57,1,0,1,0,0,0,0,0
220669,57,0,1,1,0,0,0,0,0
166402,57,1,0,1,0,0,0,0,0
220648,57,0,1,1,0,0,0,0,0
156190,57,0,1,1,0,0,0,0,0
179000,57,0,1,1,0,0,0,0,0
204433,57,0,1,1,0,0,0,0,0
220599,57,0,1,1,0,0,0,0,0
220634,57,0,1,0,1,1,0,0,0
133810,57,0,1,1,0,0,0,0,0
160161,57,0,1,1,0,0,0,0,0
178983,57,0,1,1,0,0,0,0,0
179001,57,0,1,1,0,0,0,0,0
226410,57,0,1,1,0,0,0,0,0
220687,57,0,1,1,0,0,0,0,0
81055,57,0,1,0,1,1,0,0,0
150418,57,0,1,0,1,0,1,0,0
204522,57,0,1,1,0,0,0,0,0
219585,57,0,1,1,0,0,0,0,0
160535,57,0,1,1,0,0,0,0,0
204431,57,0,1,1,0,0,0,0,0
204506,57,0,1,1,0,0,0,0,0
220547,57,0,1,1,0,0,0,0,0
178943,57,0,1,1,0,0,0,0,0
220604,57,0,1,1,0,0,0,0,0
220668,57,1,0,1,0,0,0,0,0
74398,57,1,0,1,0,0,0,0,0
204540,57,1,0,1,0,0,0,0,0
227275,57,1,0,0,1,1,0,0,0
220637,57,1,0,0,1,0,1,0,0
220655,57,0,1,1,0,0,0,0,0
74158,57,0,1,1,0,0,0,0,0
178858,57,0,1,1,0,0,0,0,0
204566,57,0,1,1,0,0,0,0,0
220572,57,1,0,1,0,0,0,0,0
178843,57,0,1,1,0,0,0,0,0
220661,57,0,1,0,1,1,0,0,0
220609,57,0,1,1,0,0,0,0,0
220628,57,0,1,1,0,0,0,0,0
220550,57,0,1,1,0,0,0,0,0
220647,57,0,1,1,0,0,0,0,0
204486,57,0,1,0,1,1,0,0,0
220607,57,0,1,0,1,1,0,0,0
220591,57,1,0,0,1,1,0,0,0
74428,57,0,1,0,1,1,0,0,0
188097,57,0,1,1,0,0,0,0,0
220585,57,0,1,1,0,0,0,0,0
220530,57,0,1,0,1,1,0,0,0
171786,57,0,1,0,1,1,0,0,0
178985,57,0,1,1,0,0,0,0,0
154178,57,0,1,1,0,0,0,0,0
178895,57,0,1,1,0,0,0,0,0
229225,57,1,0,1,0,0,0,0,0
178997,57,0,1,1,0,0,0,0,0
220617,57,0,1,1,0,0,0,0,0
220584,57,0,1,1,0,0,0,0,0
204453,57,1,0,1,0,0,0,0,0
228042,57,0,1,0,1,1,0,0,0
204449,57,0,1,1,0,0,0,0,0
220622,57,1,0,0,1,1,0,0,0
220703,57,0,1,0,1,1,0,0,0
178896,57,0,1,1,0,0,0,0,0
204479,57,0,1,1,0,0,0,0,0
209787,57,0,1,1,0,0,0,0,0
178986,57,0,1,1,0,0,0,0,0
227660,57,0,1,0,1,1,0,0,0
74159,57,0,1,1,0,0,0,0,0
204498,57,0,1,0,1,1,0,0,0
178987,57,0,1,0,1,0,1,0,0
73692,57,0,1,1,0,0,0,0,0
204422,57,0,1,0,1,0,1,0,0
204441,57,0,1,0,1,1,0,0,0
204573,57,0,1,1,0,0,0,0,0
220706,57,0,1,1,0,0,0,0,0
160556,57,0,1,1,0,0,0,0,0
180214,57,0,1,0,1,1,0,0,0
160642,57,0,1,0,1,1,0,0,0
204570,57,0,1,0,1,1,0,0,0
220615,57,0,1,0,1,0,1,0,0
204553,57,0,1,0,1,0,1,0,0
74160,57,0,1,1,0,0,0,0,0
74095,57,0,1,0,1,1,0,0,0
171617,57,0,1,0,1,1,0,0,0
141518,57,0,1,1,0,0,0,0,0
220627,57,0,1,1,0,0,0,0,0
141516,57,0,1,1,0,0,0,0,0
220650,57,0,1,1,0,0,0,0,0
178860,57,0,1,1,0,0,0,0,0
160517,57,0,1,1,0,0,0,0,0
160558,57,0,1,1,0,0,0,0,0
204492,57,0,1,0,1,1,0,0,0
220685,57,0,1,1,0,0,0,0,0
74574,57,0,1,1,0,0,0,0,0
128760,57,0,1,1,0,0,0,0,0
74400,57,0,1,1,0,0,0,0,0
141488,57,0,1,1,0,0,0,0,0
220630,57,0,1,0,1,0,0,1,0
220667,57,0,1,1,0,0,0,0,0
229112,57,0,1,0,1,1,0,0,0
122974,57,0,1,0,1,1,0,0,0
204395,57,0,1,1,0,0,0,0,0
122158,57,0,1,1,0,0,0,0,0
229259,57,0,1,1,0,0,0,0,0
160604,57,0,1,1,0,0,0,0,0
204406,57,0,1,1,0,0,0,0,0
161440,57,0,1,1,0,0,0,0,0
204524,57,0,1,1,0,0,0,0,0
73486,57,0,1,1,0,0,0,0,0
160601,57,0,1,1,0,0,0,0,0
226075,57,1,0,0,1,1,0,0,0
89536,57,0,1,0,1,1,0,0,0
220533,57,0,1,0,1,1,0,0,0
204390,57,0,1,0,1,1,0,0,0
220580,57,1,0,1,0,0,0,0,0
221338,57,1,0,1,0,0,0,0,0
220586,57,0,1,1,0,0,0,0,0
220532,57,0,1,1,0,0,0,0,0
220626,57,0,1,1,0,0,0,0,0
204567,57,0,1,0,1,1,0,0,0
74084,57,0,1,0,1,1,0,0,0
115200,57,0,1,1,0,0,0,0,0
74161,57,0,1,1,0,0,0,0,0
221378,57,1,0,0,1,0,1,0,0
220606,57,0,1,1,0,0,0,0,0
205865,57,0,1,1,0,0,0,0,0
225386,57,0,1,0,1,1,0,0,0
178989,57,1,0,1,0,0,0,0,0
153423,57,1,0,0,1,1,0,0,0
73801,57,0,1,1,0,0,0,0,0
221329,57,0,1,1,0,0,0,0,0
220543,57,0,1,0,1,1,0,0,0
73788,57,0,1,1,0,0,0,0,0
204362,57,0,1,1,0,0,0,0,0
220694,57,0,1,0,1,1,0,0,0
220633,57,0,1,1,0,0,0,0,0
213274,57,0,1,1,0,0,0,0,0
204489,57,0,1,0,1,1,0,0,0
220693,57,1,0,1,0,0,0,0,0
220588,57,0,1,0,1,1,0,0,0
220613,57,0,1,0,1,1,0,0,0
220624,57,0,1,1,0,0,0,0,0
220546,57,0,1,1,0,0,0,0,0
141531,57,0,1,1,0,0,0,0,0
223128,57,0,1,1,0,0,0,0,0
220641,57,0,1,1,0,0,0,0,0
165470,57,0,1,1,0,0,0,0,0
220695,57,1,0,1,0,0,0,0,0
204480,57,0,1,1,0,0,0,0,0
160629,57,0,1,1,0,0,0,0,0
163321,57,0,1,1,0,0,0,0,0
204525,57,1,0,1,0,0,0,0,0
178945,57,1,0,0,1,0,1,0,0
220644,57,1,0,1,0,0,0,0,0
220620,57,1,0,1,0,0,0,0,0
73806,57,1,0,1,0,0,0,0,0
74371,57,0,1,1,0,0,0,0,0
178887,57,0,1,1,0,0,0,0,0
73604,57,0,1,1,0,0,0,0,0
160635,57,0,1,1,0,0,0,0,0
204535,57,1,0,1,0,0,0,0,0
220631,57,0,1,0,1,1,0,0,0
204416,57,0,1,1,0,0,0,0,0
160621,57,0,1,1,0,0,0,0,0
204387,57,0,1,1,0,0,0,0,0
220621,57,0,1,1,0,0,0,0,0
220618,57,0,1,0,1,1,0,0,0
220713,57,0,1,1,0,0,0,0,0
226837,57,0,1,1,0,0,0,0,0
73808,57,0,1,0,1,1,0,0,0
178933,57,0,1,1,0,0,0,0,0
204557,57,0,1,0,1,1,0,0,0
74356,57,0,1,0,1,1,0,0,0
204360,57,1,0,0,1,0,1,0,0
220579,57,1,0,0,1,0,0,0,1
227310,57,0,1,1,0,0,0,0,0
204425,57,0,1,1,0,0,0,0,0
220569,57,1,0,0,1,1,0,0,0
220651,57,1,0,1,0,0,0,0,0
104552,57,1,0,1,0,0,0,0,0
220643,57,1,0,0,1,0,0,0,1
220575,57,1,0,1,0,0,0,0,0
178946,57,1,0,1,0,0,0,0,0
178947,57,0,1,1,0,0,0,0,0
92776,57,0,1,1,0,0,0,0,0
204534,57,1,0,1,0,0,0,0,0
220682,57,0,1,1,0,0,0,0,0
204464,57,1,0,0,1,0,1,0,0
220598,57,0,1,1,0,0,0,0,0
220552,57,0,1,1,0,0,0,0,0
220560,57,0,1,0,1,1,0,0,0
220597,57,0,1,1,0,0,0,0,0
220684,57,0,1,1,0,0,0,0,0
160976,57,0,1,0,1,1,0,0,0
178934,57,0,1,1,0,0,0,0,0
157130,57,0,1,1,0,0,0,0,0
223398,57,0,1,1,0,0,0,0,0
160610,57,0,1,0,1,0,1,0,0
74376,57,0,1,1,0,0,0,0,0
204396,57,0,1,1,0,0,0,0,0
74283,57,0,1,0,1,0,1,0,0
137070,57,0,1,0,1,1,0,0,0
141555,57,0,1,1,0,0,0,0,0
160591,57,0,1,1,0,0,0,0,0
178992,57,0,1,1,0,0,0,0,0
91228,57,0,1,1,0,0,0,0,0
160569,57,0,1,0,1,1,0,0,0
220601,57,0,1,1,0,0,0,0,0
160518,57,0,1,1,0,0,0,0,0
74043,57,0,1,0,1,1,0,0,0
224333,57,0,1,1,0,0,0,0,0
74044,57,0,1,0,1,1,0,0,0
182146,57,0,1,0,1,1,0,0,0
220564,57,1,0,1,0,0,0,0,0
220660,57,0,1,1,0,0,0,0,0
220536,57,0,1,1,0,0,0,0,0
204559,57,0,1,0,1,1,0,0,0
160632,57,0,1,1,0,0,0,0,0
220558,57,0,1,1,0,0,0,0,0
204517,57,0,1,1,0,0,0,0,0
160592,57,0,1,1,0,0,0,0,0
220592,57,0,1,0,1,1,0,0,0
141463,54,0,1,1,0,0,0,0,0
73764,54,0,1,0,0,0,0,0,0
161907,54,0,1,1,0,0,0,0,0
133374,54,0,1,0,1,1,0,0,0
160577,54,0,1,1,0,0,0,0,0
141372,54,0,1,1,0,0,0,0,0
160508,54,0,1,0,1,1,0,0,0
136811,54,0,1,1,0,0,0,0,0
178835,54,0,1,1,0,0,0,0,0
160638,54,0,1,1,0,0,0,0,0
160527,54,0,1,1,0,0,0,0,0
173269,54,0,1,0,1,0,0,1,0
160582,54,0,1,0,1,0,1,0,0
74696,54,0,1,1,0,0,0,0,0
160559,54,0,1,1,0,0,0,0,0
73428,54,0,1,0,1,1,0,0,0
160511,54,0,1,1,0,0,0,0,0
73458,54,0,1,1,0,0,0,0,0
74829,54,0,1,1,0,0,0,0,0
160545,54,0,1,1,0,0,0,0,0
160579,54,0,1,1,0,0,0,0,0
74830,54,0,1,0,0,0,0,0,0
141374,54,0,1,1,0,0,0,0,0
169712,54,0,1,1,0,0,0,0,0
141454,54,0,1,1,0,0,0,0,0
116663,54,0,1,0,0,0,0,0,0
74057,54,1,0,1,0,0,0,0,0
141375,54,1,0,1,0,0,0,0,0
160626,54,0,1,0,1,1,0,0,0
160603,54,0,1,1,0,0,0,0,0
174861,54,0,1,1,0,0,0,0,0
141377,54,1,0,0,0,0,0,0,0
160551,54,0,1,1,0,0,0,0,0
74471,54,0,1,1,0,0,0,0,0
161905,54,0,1,0,0,0,0,0,0
133439,54,0,1,1,0,0,0,0,0
160543,54,0,1,1,0,0,0,0,0
141378,54,0,1,0,0,0,0,0,0
74377,54,0,1,1,0,0,0,0,0
141379,54,1,0,0,1,1,0,0,0
141381,54,0,1,1,0,0,0,0,0
74212,54,0,1,0,1,1,0,0,0
73937,54,0,1,1,0,0,0,0,0
160539,54,0,1,1,0,0,0,0,0
123756,54,1,0,1,0,0,0,0,0
141387,54,0,1,1,0,0,0,0,0
74213,54,0,1,0,1,1,0,0,0
160553,54,0,1,0,1,0,1,0,0
141383,54,0,1,1,0,0,0,0,0
74373,54,0,1,1,0,0,0,0,0
74058,54,0,1,0,1,1,0,0,0
73584,54,0,1,1,0,0,0,0,0
160530,54,0,1,1,0,0,0,0,0
141390,54,0,1,0,0,0,0,0,0
74648,54,0,1,1,0,0,0,0,0
74103,54,0,1,1,0,0,0,0,0
73433,54,0,1,1,0,0,0,0,0
74405,54,0,1,0,0,0,0,0,0
160546,54,0,1,0,1,1,0,0,0
73434,54,0,1,1,0,0,0,0,0
141391,54,0,1,1,0,0,0,0,0
160602,54,0,1,0,1,1,0,0,0
74291,54,0,1,1,0,0,0,0,0
74833,54,0,1,1,0,0,0,0,0
160541,54,0,1,0,1,1,0,0,0
160600,54,0,1,1,0,0,0,0,0
160678,54,0,1,1,0,0,0,0,0
74222,54,0,1,0,1,1,0,0,0
159237,54,0,1,1,0,0,0,0,0
74378,54,0,1,1,0,0,0,0,0
160581,54,0,1,0,1,0,1,0,0
74090,54,0,1,1,0,0,0,0,0
74459,54,0,1,1,0,0,0,0,0
160680,54,0,1,0,1,1,0,0,0
73655,54,0,1,1,0,0,0,0,0
160665,54,0,1,1,0,0,0,0,0
160512,54,0,1,1,0,0,0,0,0
178834,54,0,1,0,1,0,1,0,0
73701,54,1,0,0,1,0,1,0,0
74040,54,0,1,0,1,1,0,0,0
160554,54,0,1,1,0,0,0,0,0
109152,54,0,1,0,1,1,0,0,0
74321,54,0,1,1,0,0,0,0,0
73478,54,0,1,1,0,0,0,0,0
141335,54,0,1,0,1,1,0,0,0
73437,54,0,1,1,0,0,0,0,0
141513,54,0,1,1,0,0,0,0,0
160538,54,0,1,1,0,0,0,0,0
74650,54,0,1,1,0,0,0,0,0
141399,54,0,1,1,0,0,0,0,0
160589,54,1,0,1,0,0,0,0,0
141394,54,0,1,1,0,0,0,0,0
141393,54,0,1,0,0,0,0,0,0
168034,54,0,1,0,1,1,0,0,0
141395,54,0,1,1,0,0,0,0,0
141396,54,0,1,1,0,0,0,0,0
179379,54,1,0,0,0,0,0,0,0
160585,54,0,1,0,0,0,0,0,0
160584,54,0,1,1,0,0,0,0,0
74290,54,0,1,0,1,1,0,0,0
141401,54,0,1,1,0,0,0,0,0
141402,54,0,1,1,0,0,0,0,0
74474,54,0,1,1,0,0,0,0,0
160605,54,0,1,0,1,1,0,0,0
74163,54,0,1,1,0,0,0,0,0
179381,54,0,1,0,1,1,0,0,0
74651,54,0,1,1,0,0,0,0,0
165583,54,0,1,1,0,0,0,0,0
74262,54,0,1,1,0,0,0,0,0
73934,54,0,1,0,1,1,0,0,0
141398,54,0,1,1,0,0,0,0,0
164360,54,1,0,1,0,0,0,0,0
160624,54,1,0,1,0,0,0,0,0
73568,54,0,1,1,0,0,0,0,0
141405,54,0,1,1,0,0,0,0,0
160664,54,0,1,1,0,0,0,0,0
160576,54,0,1,1,0,0,0,0,0
74379,54,0,1,0,0,0,0,0,0
74171,54,0,1,1,0,0,0,0,0
141439,54,0,1,1,0,0,0,0,0
160634,54,0,1,1,0,0,0,0,0
141440,54,0,1,0,1,0,1,0,0
160580,54,1,0,1,0,0,0,0,0
74537,54,0,1,1,0,0,0,0,0
160557,54,0,1,1,0,0,0,0,0
141408,54,0,1,1,0,0,0,0,0
74230,54,0,1,0,1,1,0,0,0
74016,54,0,1,0,1,1,0,0,0
114586,54,0,1,1,0,0,0,0,0
141502,54,1,0,0,1,0,1,0,0
74467,54,0,1,0,1,0,1,0,0
74060,54,0,1,0,1,1,0,0,0
160528,54,0,1,1,0,0,0,0,0
62881,54,0,1,1,0,0,0,0,0
160552,54,0,1,1,0,0,0,0,0
73891,54,0,1,1,0,0,0,0,0
73924,54,0,1,1,0,0,0,0,0
141412,54,0,1,1,0,0,0,0,0
141413,54,0,1,1,0,0,0,0,0
160606,54,0,1,1,0,0,0,0,0
164359,54,0,1,1,0,0,0,0,0
74172,54,0,1,1,0,0,0,0,0
174854,54,0,1,1,0,0,0,0,0
74264,54,0,1,1,0,0,0,0,0
160588,54,0,1,1,0,0,0,0,0
73768,54,0,1,1,0,0,0,0,0
160599,54,0,1,1,0,0,0,0,0
74265,54,0,1,0,0,0,0,0,0
74197,54,0,1,0,1,0,1,0,0
143632,54,0,1,1,0,0,0,0,0
160758,54,0,1,1,0,0,0,0,0
141371,54,0,1,0,0,0,0,0,0
160529,54,0,1,1,0,0,0,0,0
118384,54,0,1,1,0,0,0,0,0
170489,54,0,1,1,0,0,0,0,0
165675,54,0,1,0,1,1,0,0,0
160514,54,0,1,1,0,0,0,0,0
160643,54,0,1,0,1,0,1,0,0
74094,54,0,1,1,0,0,0,0,0
147975,54,0,1,1,0,0,0,0,0
73459,54,0,1,1,0,0,0,0,0
178830,54,0,1,1,0,0,0,0,0
141498,54,0,1,1,0,0,0,0,0
166727,54,1,0,1,0,0,0,0,0
141385,54,0,1,1,0,0,0,0,0
161904,54,0,1,0,1,1,0,0,0
177118,54,0,1,1,0,0,0,0,0
73447,54,0,1,1,0,0,0,0,0
73793,54,0,1,1,0,0,0,0,0
141417,54,0,1,0,1,1,0,0,0
160616,54,0,1,1,0,0,0,0,0
160578,54,0,1,1,0,0,0,0,0
74580,54,0,1,0,0,0,0,0,0
141418,54,0,1,1,0,0,0,0,0
74838,54,0,1,0,0,0,0,0,0
160618,54,0,1,1,0,0,0,0,0
141419,54,0,1,0,1,0,1,0,0
74106,54,0,1,1,0,0,0,0,0
160647,54,0,1,0,0,0,0,0,0
74655,54,0,1,1,0,0,0,0,0
74173,54,0,1,1,0,0,0,0,0
141421,54,0,1,1,0,0,0,0,0
73945,54,0,1,1,0,0,0,0,0
74382,54,0,1,0,0,0,0,0,0
141422,54,0,1,1,0,0,0,0,0
74075,54,1,0,1,0,0,0,0,0
154919,54,0,1,1,0,0,0,0,0
160532,54,0,1,1,0,0,0,0,0
162175,54,1,0,0,1,1,0,0,0
141423,54,0,1,1,0,0,0,0,0
73892,54,0,1,0,0,0,0,0,0
74119,54,0,1,0,0,0,0,0,0
154997,54,0,1,1,0,0,0,0,0
73893,54,0,1,1,0,0,0,0,0
160575,54,1,0,1,0,0,0,0,0
99654,54,0,1,0,1,1,0,0,0
171782,54,0,1,0,1,1,0,0,0
160640,54,0,1,1,0,0,0,0,0
160649,54,0,1,1,0,0,0,0,0
141386,54,0,1,0,1,0,1,0,0
171621,54,0,1,1,0,0,0,0,0
74345,54,0,1,0,1,0,1,0,0
141428,54,0,1,1,0,0,0,0,0
141427,54,0,1,0,1,1,0,0,0
171623,54,0,1,1,0,0,0,0,0
74062,54,0,1,0,1,1,0,0,0
160587,54,0,1,1,0,0,0,0,0
74037,54,1,0,0,1,1,0,0,0
74065,54,1,0,1,0,0,0,0,0
141430,54,0,1,1,0,0,0,0,0
141429,54,0,1,1,0,0,0,0,0
160666,54,0,1,1,0,0,0,0,0
141431,54,0,1,1,0,0,0,0,0
74417,54,0,1,1,0,0,0,0,0
160646,54,0,1,1,0,0,0,0,0
163831,54,0,1,1,0,0,0,0,0
74843,54,0,1,1,0,0,0,0,0
73481,54,0,1,1,0,0,0,0,0
160676,54,0,1,0,1,1,0,0,0
179383,54,0,1,0,0,0,0,0,0
141433,54,0,1,1,0,0,0,0,0
160598,54,1,0,1,0,0,0,0,0
141434,54,0,1,1,0,0,0,0,0
172029,54,0,1,1,0,0,0,0,0
178387,54,0,1,1,0,0,0,0,0
137983,54,0,1,0,1,1,0,0,0
160677,54,0,1,0,1,1,0,0,0
141438,54,0,1,1,0,0,0,0,0
141467,54,0,1,1,0,0,0,0,0
160537,54,0,1,1,0,0,0,0,0
129037,54,0,1,1,0,0,0,0,0
74200,54,0,1,0,1,1,0,0,0
165429,54,0,1,1,0,0,0,0,0
160669,54,0,1,0,1,1,0,0,0
141441,54,0,1,0,1,1,0,0,0
145895,54,0,1,1,0,0,0,0,0
74374,54,0,1,1,0,0,0,0,0
74566,54,0,1,1,0,0,0,0,0
74151,54,0,1,1,0,0,0,0,0
74383,54,0,1,1,0,0,0,0,0
179380,54,0,1,0,0,0,0,0,0
74581,54,0,1,0,1,0,1,0,0
160673,54,0,1,1,0,0,0,0,0
74077,54,0,1,1,0,0,0,0,0
160562,54,0,1,0,0,0,0,0,0
74558,54,0,1,1,0,0,0,0,0
141446,54,0,1,1,0,0,0,0,0
152605,54,0,1,1,0,0,0,0,0
173802,54,1,0,1,0,0,0,0,0
74419,54,0,1,1,0,0,0,0,0
129618,54,1,0,1,0,0,0,0,0
141447,54,0,1,1,0,0,0,0,0
160667,54,0,1,1,0,0,0,0,0
176120,54,0,1,1,0,0,0,0,0
175737,54,0,1,1,0,0,0,0,0
74053,54,0,1,1,0,0,0,0,0
160590,54,0,1,0,1,1,0,0,0
73940,54,0,1,1,0,0,0,0,0
74324,54,0,1,1,0,0,0,0,0
73482,54,0,1,1,0,0,0,0,0
68731,54,0,1,0,1,1,0,0,0
73772,54,0,1,1,0,0,0,0,0
160596,54,0,1,1,0,0,0,0,0
141448,54,0,1,0,0,0,0,0,0
141450,54,0,1,1,0,0,0,0,0
160674,54,0,1,1,0,0,0,0,0
160974,54,0,1,1,0,0,0,0,0
73935,54,0,1,1,0,0,0,0,0
74662,54,0,1,1,0,0,0,0,0
74780,54,1,0,1,0,0,0,0,0
173262,54,0,1,0,1,0,1,0,0
74421,54,0,1,0,0,0,0,0,0
67138,54,1,0,1,0,0,0,0,0
81232,54,0,1,1,0,0,0,0,0
74162,54,1,0,1,0,0,0,0,0
141453,54,1,0,1,0,0,0,0,0
74152,54,0,1,0,1,0,1,0,0
73531,54,0,1,1,0,0,0,0,0
4931,54,0,1,1,0,0,0,0,0
74665,54,0,1,1,0,0,0,0,0
74847,54,0,1,1,0,0,0,0,0
3151,54,0,1,1,0,0,0,0,0
74848,54,1,0,1,0,0,0,0,0
73926,54,1,0,0,1,1,0,0,0
141455,54,1,0,0,1,0,1,0,0
160675,54,0,1,1,0,0,0,0,0
97822,54,1,0,1,0,0,0,0,0
160672,54,0,1,0,1,0,1,0,0
74273,54,0,1,1,0,0,0,0,0
160570,54,0,1,1,0,0,0,0,0
160671,54,0,1,1,0,0,0,0,0
160531,54,0,1,0,1,1,0,0,0
141456,54,0,1,1,0,0,0,0,0
141503,54,1,0,0,1,1,0,0,0
160574,54,0,1,1,0,0,0,0,0
160573,54,0,1,1,0,0,0,0,0
141457,54,0,1,0,0,0,0,0,0
74559,54,0,1,1,0,0,0,0,0
74366,54,0,1,1,0,0,0,0,0
141458,54,0,1,1,0,0,0,0,0
73682,54,0,1,1,0,0,0,0,0
74550,54,0,1,1,0,0,0,0,0
74049,54,0,1,1,0,0,0,0,0
74120,54,0,1,1,0,0,0,0,0
141459,54,0,1,1,0,0,0,0,0
73534,54,0,1,0,0,0,0,0,0
160549,54,0,1,0,1,1,0,0,0
73874,54,0,1,1,0,0,0,0,0
160571,54,0,1,1,0,0,0,0,0
141461,54,0,1,1,0,0,0,0,0
160548,54,0,1,1,0,0,0,0,0
74686,54,0,1,1,0,0,0,0,0
74388,54,0,1,1,0,0,0,0,0
160572,54,0,1,1,0,0,0,0,0
73569,54,0,1,0,0,0,0,0,0
73535,54,0,1,1,0,0,0,0,0
160509,54,0,1,0,1,1,0,0,0
141464,54,0,1,0,1,0,1,0,0
73536,54,0,1,1,0,0,0,0,0
160661,54,0,1,1,0,0,0,0,0
74140,54,0,1,1,0,0,0,0,0
73875,54,0,1,0,0,0,0,0,0
74423,54,0,1,1,0,0,0,0,0
160560,54,0,1,1,0,0,0,0,0
73540,54,0,1,0,0,0,0,0,0
141470,54,0,1,1,0,0,0,0,0
160396,54,0,1,1,0,0,0,0,0
74297,54,0,1,1,0,0,0,0,0
74275,54,0,1,1,0,0,0,0,0
160619,54,0,1,1,0,0,0,0,0
74395,54,0,1,1,0,0,0,0,0
74079,54,0,1,1,0,0,0,0,0
74554,54,0,1,1,0,0,0,0,0
160607,54,0,1,1,0,0,0,0,0
4929,54,0,1,1,0,0,0,0,0
74141,54,0,1,0,1,1,0,0,0
74351,54,0,1,1,0,0,0,0,0
73666,54,0,1,1,0,0,0,0,0
160519,54,0,1,0,1,1,0,0,0
74317,54,0,1,1,0,0,0,0,0
73586,54,0,1,1,0,0,0,0,0
74253,54,0,1,1,0,0,0,0,0
74783,54,0,1,0,0,0,0,0,0
160648,54,0,1,1,0,0,0,0,0
160544,54,0,1,1,0,0,0,0,0
74570,54,0,1,1,0,0,0,0,0
160659,54,1,0,1,0,0,0,0,0
74742,54,0,1,1,0,0,0,0,0
151208,54,0,1,1,0,0,0,0,0
141479,54,0,1,1,0,0,0,0,0
160534,54,1,0,1,0,0,0,0,0
141480,54,0,1,1,0,0,0,0,0
74367,54,0,1,0,0,0,0,0,0
141562,54,0,1,1,0,0,0,0,0
179385,54,0,1,1,0,0,0,0,0
73716,54,0,1,0,0,0,0,0,0
122195,54,0,1,0,1,1,0,0,0
74156,54,0,1,0,1,0,1,0,0
74254,54,0,1,1,0,0,0,0,0
141482,54,0,1,1,0,0,0,0,0
74368,54,0,1,0,0,0,0,0,0
160663,54,0,1,1,0,0,0,0,0
160533,54,1,0,1,0,0,0,0,0
74585,54,0,1,1,0,0,0,0,0
141483,54,0,1,0,1,1,0,0,0
141462,54,0,1,1,0,0,0,0,0
160555,54,0,1,1,0,0,0,0,0
73474,54,1,0,1,0,0,0,0,0
160628,54,1,0,0,1,1,0,0,0
73982,54,0,1,1,0,0,0,0,0
160513,54,0,1,0,0,0,0,0,0
73777,54,0,1,1,0,0,0,0,0
141484,54,0,1,1,0,0,0,0,0
94931,54,0,1,1,0,0,0,0,0
73483,54,0,1,1,0,0,0,0,0
160510,54,0,1,1,0,0,0,0,0
74133,54,0,1,0,1,0,1,0,0
160547,54,0,1,1,0,0,0,0,0
160645,54,0,1,1,0,0,0,0,0
141485,54,0,1,1,0,0,0,0,0
73778,54,0,1,1,0,0,0,0,0
141486,54,0,1,0,0,0,0,0,0
74041,54,0,1,1,0,0,0,0,0
171618,54,0,1,0,1,1,0,0,0
141487,54,0,1,1,0,0,0,0,0
160662,54,0,1,1,0,0,0,0,0
162332,54,0,1,0,1,0,0,1,0
161962,54,0,1,1,0,0,0,0,0
161906,54,0,1,1,0,0,0,0,0
160550,54,0,1,1,0,0,0,0,0
74688,54,0,1,1,0,0,0,0,0
74784,54,1,0,1,0,0,0,0,0
166402,54,1,0,1,0,0,0,0,0
74802,54,0,1,1,0,0,0,0,0
149327,54,0,1,0,1,1,0,0,0
160633,54,0,1,1,0,0,0,0,0
179382,54,0,1,1,0,0,0,0,0
141490,54,0,1,1,0,0,0,0,0
74456,54,0,1,0,0,0,0,0,0
171622,54,0,1,0,0,0,0,0,0
141492,54,1,0,1,0,0,0,0,0
160565,54,1,0,1,0,0,0,0,0
74124,54,0,1,1,0,0,0,0,0
178821,54,0,1,0,1,0,1,0,0
160660,54,0,1,1,0,0,0,0,0
146613,54,0,1,1,0,0,0,0,0
74460,54,0,1,1,0,0,0,0,0
74143,54,0,1,1,0,0,0,0,0
76287,54,0,1,1,0,0,0,0,0
74363,54,0,1,1,0,0,0,0,0
141497,54,0,1,1,0,0,0,0,0
141496,54,0,1,0,1,1,0,0,0
160542,54,0,1,1,0,0,0,0,0
150418,54,0,1,0,1,0,1,0,0
74744,54,0,1,1,0,0,0,0,0
133373,54,0,1,1,0,0,0,0,0
160536,54,0,1,1,0,0,0,0,0
160535,54,0,1,1,0,0,0,0,0
74745,54,0,1,0,0,0,0,0,0
74634,54,0,1,0,1,1,0,0,0
141500,54,0,1,1,0,0,0,0,0
167722,54,0,1,1,0,0,0,0,0
159238,54,0,1,1,0,0,0,0,0
74235,54,0,1,1,0,0,0,0,0
171619,54,1,0,1,0,0,0,0,0
74398,54,1,0,1,0,0,0,0,0
176794,54,1,0,1,0,0,0,0,0
164361,54,1,0,1,0,0,0,0,0
74177,54,1,0,1,0,0,0,0,0
74747,54,0,1,0,0,0,0,0,0
168447,54,0,1,0,1,1,0,0,0
74158,54,0,1,1,0,0,0,0,0
74635,54,0,1,0,0,0,0,0,0
121759,54,0,1,1,0,0,0,0,0
179880,54,0,1,1,0,0,0,0,0
179386,54,0,1,1,0,0,0,0,0
75431,54,0,1,1,0,0,0,0,0
74050,54,0,1,0,1,1,0,0,0
74045,54,0,1,1,0,0,0,0,0
141506,54,0,1,1,0,0,0,0,0
73588,54,0,1,1,0,0,0,0,0
74749,54,0,1,1,0,0,0,0,0
141507,54,0,1,1,0,0,0,0,0
141508,54,0,1,1,0,0,0,0,0
178827,54,0,1,1,0,0,0,0,0
73904,54,0,1,0,0,0,0,0,0
74428,54,0,1,0,1,1,0,0,0
74056,54,0,1,0,1,1,0,0,0
141509,54,0,1,0,1,1,0,0,0
74787,54,0,1,1,0,0,0,0,0
160644,54,0,1,0,1,0,1,0,0
74862,54,0,1,1,0,0,0,0,0
160561,54,0,1,1,0,0,0,0,0
74238,54,0,1,0,0,0,0,0,0
141537,54,0,1,1,0,0,0,0,0
74108,54,0,1,0,0,0,0,0,0
133372,54,0,1,0,0,0,0,0,0
74491,54,0,1,0,0,0,0,0,0
141510,54,0,1,1,0,0,0,0,0
73416,54,0,1,1,0,0,0,0,0
160567,54,0,1,1,0,0,0,0,0
73553,54,0,1,1,0,0,0,0,0
73781,54,0,1,1,0,0,0,0,0
160566,54,0,1,1,0,0,0,0,0
74571,54,0,1,0,1,1,0,0,0
146307,54,0,1,1,0,0,0,0,0
74750,54,0,1,0,0,0,0,0,0
160657,54,0,1,1,0,0,0,0,0
74447,54,1,0,0,0,0,0,0,0
160564,54,1,0,1,0,0,0,0,0
73594,54,1,0,1,0,0,0,0,0
74751,54,0,1,1,0,0,0,0,0
166401,54,0,1,0,1,1,0,0,0
74352,54,0,1,0,1,1,0,0,0
74359,54,0,1,1,0,0,0,0,0
74159,54,0,1,1,0,0,0,0,0
73782,54,0,1,0,0,0,0,0,0
73464,54,0,1,1,0,0,0,0,0
160563,54,0,1,0,0,0,0,0,0
74399,54,0,1,1,0,0,0,0,0
141514,54,0,1,1,0,0,0,0,0
73463,54,0,1,1,0,0,0,0,0
73692,54,0,1,1,0,0,0,0,0
74430,54,0,1,0,0,0,0,0,0
74191,54,0,1,1,0,0,0,0,0
141515,54,0,1,1,0,0,0,0,0
160540,54,0,1,1,0,0,0,0,0
160650,54,0,1,1,0,0,0,0,0
160556,54,0,1,1,0,0,0,0,0
160670,54,0,1,0,1,0,1,0,0
74319,54,0,1,1,0,0,0,0,0
160642,54,0,1,0,1,1,0,0,0
160601,54,0,1,1,0,0,0,0,0
74095,54,0,1,0,1,1,0,0,0
171617,54,0,1,0,1,1,0,0,0
141516,54,0,1,1,0,0,0,0,0
73883,54,0,1,1,0,0,0,0,0
160668,54,0,1,1,0,0,0,0,0
74017,54,0,1,1,0,0,0,0,0
109372,54,0,1,1,0,0,0,0,0
160517,54,0,1,1,0,0,0,0,0
160558,54,0,1,1,0,0,0,0,0
141517,54,0,1,0,1,1,0,0,0
74574,54,0,1,1,0,0,0,0,0
132056,54,0,1,1,0,0,0,0,0
128760,54,0,1,1,0,0,0,0,0
141518,54,0,1,1,0,0,0,0,0
141519,54,0,1,1,0,0,0,0,0
74400,54,0,1,1,0,0,0,0,0
74047,54,0,1,1,0,0,0,0,0
160658,54,0,1,0,0,0,0,0,0
141488,54,0,1,1,0,0,0,0,0
160593,54,0,1,1,0,0,0,0,0
74812,54,0,1,1,0,0,0,0,0
74556,54,0,1,1,0,0,0,0,0
74449,54,0,1,1,0,0,0,0,0
174314,54,0,1,1,0,0,0,0,0
74111,54,0,1,0,0,0,0,0,0
74207,54,0,1,1,0,0,0,0,0
122158,54,0,1,1,0,0,0,0,0
160604,54,0,1,1,0,0,0,0,0
80920,54,0,1,1,0,0,0,0,0
141445,54,0,1,1,0,0,0,0,0
73943,54,1,0,1,0,0,0,0,0
179384,54,0,1,1,0,0,0,0,0
141465,54,0,1,1,0,0,0,0,0
172711,54,0,1,0,1,1,0,0,0
162174,54,0,1,0,1,1,0,0,0
170673,54,0,1,1,0,0,0,0,0
141543,54,0,1,0,1,1,0,0,0
148134,54,0,1,1,0,0,0,0,0
160639,54,1,0,1,0,0,0,0,0
160641,54,1,0,0,1,1,0,0,0
160516,54,0,1,1,0,0,0,0,0
74216,54,0,1,1,0,0,0,0,0
141403,54,0,1,1,0,0,0,0,0
141523,54,0,1,1,0,0,0,0,0
160656,54,0,1,0,1,1,0,0,0
141525,54,1,0,0,1,1,0,0,0
74161,54,0,1,1,0,0,0,0,0
89282,54,0,1,1,0,0,0,0,0
160615,54,0,1,1,0,0,0,0,0
73786,54,0,1,1,0,0,0,0,0
160623,54,0,1,1,0,0,0,0,0
171620,54,0,1,1,0,0,0,0,0
141527,54,0,1,1,0,0,0,0,0
175212,54,0,1,1,0,0,0,0,0
160654,54,0,1,1,0,0,0,0,0
74027,54,0,1,0,1,1,0,0,0
169553,54,0,1,1,0,0,0,0,0
172945,54,0,1,1,0,0,0,0,0
74793,54,0,1,0,0,0,0,0,0
160655,54,0,1,1,0,0,0,0,0
150634,54,0,1,0,1,1,0,0,0
141472,54,0,1,1,0,0,0,0,0
73674,54,0,1,1,0,0,0,0,0
141529,54,0,1,0,1,1,0,0,0
160653,54,0,1,1,0,0,0,0,0
161903,54,0,1,1,0,0,0,0,0
73805,54,0,1,1,0,0,0,0,0
141473,54,0,1,1,0,0,0,0,0
160652,54,0,1,0,1,1,0,0,0
152865,54,0,1,1,0,0,0,0,0
141531,54,0,1,1,0,0,0,0,0
88950,54,0,1,1,0,0,0,0,0
74693,54,0,1,1,0,0,0,0,0
160568,54,0,1,1,0,0,0,0,0
141535,54,0,1,0,1,1,0,0,0
160651,54,0,1,1,0,0,0,0,0
167707,54,1,0,0,0,0,0,0,0
160597,54,0,1,0,1,1,0,0,0
160629,54,0,1,1,0,0,0,0,0
160515,54,0,1,1,0,0,0,0,0
74813,54,0,1,1,0,0,0,0,0
160637,54,0,1,0,1,1,0,0,0
163321,54,0,1,1,0,0,0,0,0
160594,54,0,1,1,0,0,0,0,0
160614,54,1,0,1,0,0,0,0,0
73507,54,1,0,1,0,0,0,0,0
146949,54,1,0,1,0,0,0,0,0
73466,54,0,1,1,0,0,0,0,0
74371,54,0,1,1,0,0,0,0,0
104254,54,0,1,0,1,1,0,0,0
76420,54,0,1,1,0,0,0,0,0
160635,54,0,1,1,0,0,0,0,0
141522,54,0,1,0,1,1,0,0,0
160630,54,0,1,1,0,0,0,0,0
73559,54,0,1,1,0,0,0,0,0
74372,54,0,1,0,1,1,0,0,0
74039,54,1,0,1,0,0,0,0,0
160621,54,0,1,1,0,0,0,0,0
73676,54,0,1,0,0,0,0,0,0
74762,54,0,1,1,0,0,0,0,0
74210,54,0,1,1,0,0,0,0,0
141539,54,0,1,1,0,0,0,0,0
74533,54,0,1,1,0,0,0,0,0
73808,54,0,1,0,1,1,0,0,0
74435,54,0,1,0,0,0,0,0,0
141542,54,0,1,1,0,0,0,0,0
160612,54,0,1,1,0,0,0,0,0
167614,54,0,1,1,0,0,0,0,0
160613,54,0,1,0,1,0,1,0,0
74765,54,0,1,1,0,0,0,0,0
74356,54,0,1,0,1,1,0,0,0
4930,54,0,1,1,0,0,0,0,0
73560,54,0,1,1,0,0,0,0,0
73424,54,0,1,1,0,0,0,0,0
168175,54,0,1,1,0,0,0,0,0
141547,54,1,0,1,0,0,0,0,0
92776,54,0,1,1,0,0,0,0,0
160627,54,0,1,1,0,0,0,0,0
177282,54,0,1,1,0,0,0,0,0
141548,54,1,0,1,0,0,0,0,0
74385,54,0,1,0,1,0,0,1,0
160679,54,0,1,0,0,0,0,0,0
169711,54,1,0,0,1,1,0,0,0
160608,54,1,0,0,1,1,0,0,0
160617,54,0,1,0,1,1,0,0,0
160976,54,0,1,0,1,1,0,0,0
160611,54,0,1,0,1,1,0,0,0
141551,54,0,1,1,0,0,0,0,0
141384,54,0,1,1,0,0,0,0,0
73565,54,0,1,0,0,0,0,0,0
74010,54,0,1,1,0,0,0,0,0
162490,54,0,1,1,0,0,0,0,0
160610,54,0,1,0,1,0,1,0,0
169868,54,0,1,0,1,1,0,0,0
141552,54,0,1,1,0,0,0,0,0
74376,54,0,1,1,0,0,0,0,0
141553,54,0,1,1,0,0,0,0,0
167617,54,0,1,1,0,0,0,0,0
160595,54,0,1,1,0,0,0,0,0
74308,54,0,1,1,0,0,0,0,0
160622,54,0,1,0,1,0,1,0,0
159258,54,0,1,1,0,0,0,0,0
74283,54,0,1,0,1,0,1,0,0
141400,54,0,1,1,0,0,0,0,0
163322,54,0,1,0,1,1,0,0,0
73677,54,0,1,1,0,0,0,0,0
141870,54,0,1,0,0,0,0,0,0
160591,54,0,1,1,0,0,0,0,0
92355,54,0,1,0,1,0,1,0,0
141557,54,0,1,1,0,0,0,0,0
137853,54,0,1,1,0,0,0,0,0
160569,54,0,1,0,1,1,0,0,0
141558,54,0,1,0,1,1,0,0,0
160631,54,0,1,1,0,0,0,0,0
74284,54,0,1,0,0,0,0,0,0
141560,54,0,1,1,0,0,0,0,0
160609,54,0,1,0,1,1,0,0,0
141561,54,0,1,1,0,0,0,0,0
160620,54,0,1,1,0,0,0,0,0
160518,54,0,1,1,0,0,0,0,0
73653,54,0,1,1,0,0,0,0,0
74043,54,0,1,0,1,1,0,0,0
179387,54,0,1,0,0,0,0,0,0
167493,54,0,1,0,1,0,1,0,0
160586,54,0,1,0,0,0,0,0,0
160636,54,0,1,1,0,0,0,0,0
73930,54,0,1,0,1,1,0,0,0
74439,54,0,1,1,0,0,0,0,0
168253,54,0,1,0,1,1,0,0,0
73931,54,0,1,1,0,0,0,0,0
160632,54,0,1,1,0,0,0,0,0
152607,54,0,1,1,0,0,0,0,0
160592,54,0,1,1,0,0,0,0,0
74354,54,0,1,1,0,0,0,0,0
73933,54,0,1,1,0,0,0,0,0
74145,54,0,1,0,0,0,0,0,0
160625,54,0,1,1,0,0,0,0,0
74392,54,0,1,1,0,0,0,0,0
141463,53,0,1,1,0,0,0,0,0
73764,53,0,1,0,0,0,0,0,0
131711,53,0,1,0,0,0,0,0,0
143254,53,0,1,1,0,0,0,0,0
73886,53,0,1,0,0,0,0,0,0
133374,53,0,1,0,1,1,0,0,0
141372,53,0,1,1,0,0,0,0,0
73765,53,0,1,0,0,0,0,0,0
136811,53,0,1,1,0,0,0,0,0
74358,53,0,1,1,0,0,0,0,0
73457,53,0,1,0,0,0,0,0,0
141373,53,0,1,0,0,0,0,0,0
74018,53,0,1,1,0,0,0,0,0
73579,53,0,1,1,0,0,0,0,0
74310,53,0,1,0,0,0,0,0,0
139133,53,0,1,0,0,0,0,0,0
73428,53,0,1,0,1,1,0,0,0
150635,53,0,1,0,0,0,0,0,0
73458,53,0,1,1,0,0,0,0,0
74829,53,0,1,1,0,0,0,0,0
74830,53,0,1,0,0,0,0,0,0
141374,53,0,1,1,0,0,0,0,0
141454,53,0,1,1,0,0,0,0,0
74057,53,1,0,1,0,0,0,0,0
141375,53,1,0,1,0,0,0,0,0
141377,53,1,0,0,0,0,0,0,0
74471,53,0,1,1,0,0,0,0,0
159261,53,0,1,0,0,0,0,0,0
141378,53,0,1,0,0,0,0,0,0
74377,53,0,1,1,0,0,0,0,0
141379,53,1,0,0,1,1,0,0,0
73696,53,1,0,1,0,0,0,0,0
141380,53,1,0,1,0,0,0,0,0
141381,53,0,1,1,0,0,0,0,0
74212,53,0,1,0,1,1,0,0,0
73928,53,1,0,0,0,0,0,0,0
73937,53,0,1,1,0,0,0,0,0
141387,53,0,1,1,0,0,0,0,0
141383,53,0,1,1,0,0,0,0,0
159262,53,0,1,0,0,0,0,0,0
74373,53,0,1,1,0,0,0,0,0
73492,53,0,1,1,0,0,0,0,0
152611,53,0,1,0,1,1,0,0,0
74058,53,0,1,0,1,1,0,0,0
73584,53,0,1,1,0,0,0,0,0
73431,53,0,1,0,0,0,0,0,0
73817,53,0,1,0,1,1,0,0,0
73987,53,0,1,0,0,0,0,0,0
141388,53,0,1,1,0,0,0,0,0
74701,53,0,1,0,0,0,0,0,0
141390,53,0,1,0,0,0,0,0,0
74648,53,0,1,1,0,0,0,0,0
74103,53,0,1,1,0,0,0,0,0
73433,53,0,1,1,0,0,0,0,0
74405,53,0,1,0,0,0,0,0,0
74472,53,0,1,1,0,0,0,0,0
73434,53,0,1,1,0,0,0,0,0
141391,53,0,1,1,0,0,0,0,0
73993,53,0,1,0,0,0,0,0,0
141392,53,0,1,0,1,1,0,0,0
74291,53,0,1,1,0,0,0,0,0
74833,53,0,1,1,0,0,0,0,0
74222,53,0,1,0,1,1,0,0,0
74378,53,0,1,1,0,0,0,0,0
74090,53,0,1,1,0,0,0,0,0
74459,53,0,1,1,0,0,0,0,0
73655,53,0,1,1,0,0,0,0,0
74441,53,0,1,0,0,0,0,0,0
74024,53,0,1,0,0,0,0,0,0
74312,53,0,1,0,0,0,0,0,0
141449,53,0,1,1,0,0,0,0,0
141376,53,1,0,0,0,0,0,0,0
156634,53,0,1,1,0,0,0,0,0
74517,53,0,1,0,1,1,0,0,0
74169,53,0,1,1,0,0,0,0,0
74321,53,0,1,1,0,0,0,0,0
73478,53,0,1,1,0,0,0,0,0
141335,53,0,1,0,1,1,0,0,0
73437,53,0,1,1,0,0,0,0,0
141513,53,0,1,1,0,0,0,0,0
3155,53,0,1,0,0,0,0,0,0
74650,53,0,1,1,0,0,0,0,0
141399,53,0,1,1,0,0,0,0,0
141394,53,0,1,1,0,0,0,0,0
141393,53,0,1,0,0,0,0,0,0
141485,53,0,1,1,0,0,0,0,0
141395,53,0,1,1,0,0,0,0,0
141396,53,0,1,1,0,0,0,0,0
152606,53,0,1,0,1,0,0,0,1
73469,53,0,1,1,0,0,0,0,0
74285,53,0,1,0,0,0,0,0,0
160318,53,0,1,1,0,0,0,0,0
141397,53,0,1,1,0,0,0,0,0
74290,53,0,1,0,1,1,0,0,0
141401,53,0,1,1,0,0,0,0,0
141402,53,0,1,1,0,0,0,0,0
74474,53,0,1,1,0,0,0,0,0
74651,53,0,1,1,0,0,0,0,0
74262,53,0,1,1,0,0,0,0,0
74835,53,0,1,0,0,0,0,0,0
73934,53,0,1,0,1,1,0,0,0
74148,53,0,1,0,0,0,0,0,0
131873,53,0,1,0,0,0,0,0,0
141398,53,0,1,1,0,0,0,0,0
141404,53,0,1,0,0,0,0,0,0
74799,53,1,0,0,0,0,0,0,0
141405,53,0,1,1,0,0,0,0,0
73441,53,0,1,1,0,0,0,0,0
73480,53,0,1,1,0,0,0,0,0
74379,53,0,1,0,0,0,0,0,0
157225,53,0,1,0,0,0,0,0,0
141336,53,0,1,1,0,0,0,0,0
146308,53,0,1,0,0,0,0,0,0
74171,53,0,1,1,0,0,0,0,0
141439,53,0,1,1,0,0,0,0,0
74000,53,0,1,1,0,0,0,0,0
158328,53,0,1,1,0,0,0,0,0
141440,53,0,1,0,1,0,1,0,0
160365,53,0,1,1,0,0,0,0,0
141501,53,1,0,1,0,0,0,0,0
141406,53,0,1,1,0,0,0,0,0
74313,53,0,1,1,0,0,0,0,0
141407,53,0,1,0,0,0,0,0,0
74537,53,0,1,1,0,0,0,0,0
141057,53,0,1,1,0,0,0,0,0
74263,53,0,1,0,0,0,0,0,0
141408,53,0,1,1,0,0,0,0,0
141409,53,0,1,0,0,0,0,0,0
74026,53,0,1,1,0,0,0,0,0
74230,53,0,1,0,1,1,0,0,0
74016,53,0,1,0,1,1,0,0,0
141410,53,0,1,1,0,0,0,0,0
74579,53,0,1,0,0,0,0,0,0
141411,53,0,1,1,0,0,0,0,0
141502,53,1,0,0,1,0,1,0,0
74467,53,0,1,0,1,0,1,0,0
74060,53,0,1,0,1,1,0,0,0
159263,53,0,1,1,0,0,0,0,0
73891,53,0,1,1,0,0,0,0,0
73924,53,0,1,1,0,0,0,0,0
141412,53,0,1,1,0,0,0,0,0
141413,53,0,1,1,0,0,0,0,0
74172,53,0,1,1,0,0,0,0,0
74264,53,0,1,1,0,0,0,0,0
73768,53,0,1,1,0,0,0,0,0
74265,53,0,1,0,0,0,0,0,0
141415,53,0,1,1,0,0,0,0,0
74197,53,0,1,0,1,0,1,0,0
141371,53,0,1,0,0,0,0,0,0
141414,53,0,1,1,0,0,0,0,0
141540,53,0,1,1,0,0,0,0,0
147975,53,0,1,1,0,0,0,0,0
73542,53,0,1,0,0,0,0,0,0
74027,53,0,1,0,1,1,0,0,0
152610,53,0,1,1,0,0,0,0,0
73459,53,0,1,1,0,0,0,0,0
141550,53,0,1,1,0,0,0,0,0
141498,53,0,1,1,0,0,0,0,0
141385,53,0,1,1,0,0,0,0,0
141416,53,0,1,0,0,0,0,0,0
143253,53,0,1,0,1,0,1,0,0
73793,53,0,1,1,0,0,0,0,0
133375,53,0,1,1,0,0,0,0,0
141417,53,0,1,0,1,1,0,0,0
73599,53,0,1,0,0,0,0,0,0
74580,53,0,1,0,0,0,0,0,0
139187,53,0,1,0,1,0,1,0,0
141418,53,0,1,1,0,0,0,0,0
74061,53,0,1,0,0,0,0,0,0
74838,53,0,1,0,0,0,0,0,0
141419,53,0,1,0,1,0,1,0,0
141420,53,0,1,1,0,0,0,0,0
74655,53,0,1,1,0,0,0,0,0
74173,53,0,1,1,0,0,0,0,0
141421,53,0,1,1,0,0,0,0,0
73945,53,0,1,1,0,0,0,0,0
4928,53,0,1,1,0,0,0,0,0
150876,53,0,1,1,0,0,0,0,0
74382,53,0,1,0,0,0,0,0,0
73938,53,0,1,0,0,0,0,0,0
141422,53,0,1,1,0,0,0,0,0
74075,53,1,0,1,0,0,0,0,0
154919,53,0,1,1,0,0,0,0,0
141423,53,0,1,1,0,0,0,0,0
73892,53,0,1,0,0,0,0,0,0
141424,53,0,1,1,0,0,0,0,0
152609,53,0,1,1,0,0,0,0,0
74119,53,0,1,0,0,0,0,0,0
153384,53,1,0,1,0,0,0,0,0
154997,53,0,1,1,0,0,0,0,0
74269,53,0,1,0,0,0,0,0,0
73893,53,0,1,1,0,0,0,0,0
141425,53,0,1,0,1,1,0,0,0
141386,53,0,1,0,1,0,1,0,0
141426,53,0,1,1,0,0,0,0,0
74454,53,0,1,0,1,1,0,0,0
74099,53,0,1,0,0,0,0,0,0
74345,53,0,1,0,1,0,1,0,0
141428,53,0,1,1,0,0,0,0,0
141427,53,0,1,0,1,1,0,0,0
149327,53,0,1,0,1,1,0,0,0
74062,53,0,1,0,1,1,0,0,0
74037,53,1,0,0,1,1,0,0,0
74065,53,1,0,1,0,0,0,0,0
141430,53,0,1,1,0,0,0,0,0
141429,53,0,1,1,0,0,0,0,0
74542,53,0,1,0,0,0,0,0,0
154734,53,0,1,1,0,0,0,0,0
141344,53,0,1,0,0,0,0,0,0
141431,53,0,1,1,0,0,0,0,0
73471,53,0,1,1,0,0,0,0,0
74063,53,0,1,1,0,0,0,0,0
74658,53,0,1,0,0,0,0,0,0
74417,53,0,1,1,0,0,0,0,0
74841,53,0,1,0,0,0,0,0,0
74842,53,0,1,1,0,0,0,0,0
74843,53,0,1,1,0,0,0,0,0
73481,53,0,1,1,0,0,0,0,0
141432,53,0,1,0,1,1,0,0,0
152608,53,0,1,0,0,0,0,0,0
141433,53,0,1,1,0,0,0,0,0
141434,53,0,1,1,0,0,0,0,0
159260,53,0,1,0,0,0,0,0,0
141435,53,0,1,0,0,0,0,0,0
141436,53,0,1,0,1,1,0,0,0
141438,53,0,1,1,0,0,0,0,0
73981,53,0,1,0,1,1,0,0,0
139212,53,0,1,1,0,0,0,0,0
141467,53,0,1,1,0,0,0,0,0
141437,53,0,1,0,1,1,0,0,0
86634,53,0,1,0,0,0,0,0,0
74189,53,0,1,1,0,0,0,0,0
74200,53,0,1,0,1,1,0,0,0
74544,53,0,1,1,0,0,0,0,0
141441,53,0,1,0,1,1,0,0,0
155920,53,0,1,1,0,0,0,0,0
141442,53,0,1,1,0,0,0,0,0
74374,53,0,1,1,0,0,0,0,0
74566,53,0,1,1,0,0,0,0,0
74151,53,0,1,1,0,0,0,0,0
141443,53,0,1,0,0,0,0,0,0
141444,53,0,1,0,0,0,0,0,0
74076,53,0,1,0,1,1,0,0,0
73472,53,0,1,1,0,0,0,0,0
74383,53,0,1,1,0,0,0,0,0
74581,53,0,1,0,1,0,1,0,0
74077,53,0,1,1,0,0,0,0,0
159265,53,1,0,0,0,0,0,0,0
74558,53,0,1,1,0,0,0,0,0
141446,53,0,1,1,0,0,0,0,0
152605,53,0,1,1,0,0,0,0,0
74419,53,0,1,1,0,0,0,0,0
129618,53,1,0,1,0,0,0,0,0
141447,53,0,1,1,0,0,0,0,0
74139,53,0,1,0,0,0,0,0,0
73460,53,0,1,1,0,0,0,0,0
73940,53,0,1,1,0,0,0,0,0
74324,53,0,1,1,0,0,0,0,0
73482,53,0,1,1,0,0,0,0,0
73772,53,0,1,1,0,0,0,0,0
141448,53,0,1,0,0,0,0,0,0
141450,53,0,1,1,0,0,0,0,0
74662,53,0,1,1,0,0,0,0,0
74780,53,1,0,1,0,0,0,0,0
133853,53,0,1,1,0,0,0,0,0
141451,53,0,1,0,1,1,0,0,0
141389,53,0,1,1,0,0,0,0,0
74421,53,0,1,0,0,0,0,0,0
141468,53,0,1,0,1,1,0,0,0
74162,53,1,0,1,0,0,0,0,0
141453,53,1,0,1,0,0,0,0,0
73461,53,0,1,0,0,0,0,0,0
159264,53,0,1,0,0,0,0,0,0
73531,53,0,1,1,0,0,0,0,0
4931,53,0,1,1,0,0,0,0,0
77701,53,0,1,1,0,0,0,0,0
73929,53,0,1,0,1,1,0,0,0
74665,53,0,1,1,0,0,0,0,0
74847,53,0,1,1,0,0,0,0,0
74547,53,0,1,1,0,0,0,0,0
3151,53,0,1,1,0,0,0,0,0
73926,53,1,0,0,1,1,0,0,0
141455,53,1,0,0,1,0,1,0,0
154739,53,0,1,1,0,0,0,0,0
74273,53,0,1,1,0,0,0,0,0
74528,53,0,1,0,1,1,0,0,0
141456,53,0,1,1,0,0,0,0,0
141503,53,1,0,0,1,1,0,0,0
74549,53,0,1,0,0,0,0,0,0
160317,53,0,1,0,0,0,0,0,0
141457,53,0,1,0,0,0,0,0,0
74366,53,0,1,1,0,0,0,0,0
141458,53,0,1,1,0,0,0,0,0
73682,53,0,1,1,0,0,0,0,0
74781,53,0,1,0,0,0,0,0,0
74550,53,0,1,1,0,0,0,0,0
74120,53,0,1,1,0,0,0,0,0
141459,53,0,1,1,0,0,0,0,0
73873,53,0,1,0,0,0,0,0,0
141460,53,0,1,1,0,0,0,0,0
73534,53,0,1,0,0,0,0,0,0
73874,53,0,1,1,0,0,0,0,0
141461,53,0,1,1,0,0,0,0,0
73658,53,0,1,1,0,0,0,0,0
74563,53,0,1,1,0,0,0,0,0
74686,53,0,1,1,0,0,0,0,0
74388,53,0,1,1,0,0,0,0,0
74552,53,0,1,0,0,0,0,0,0
73535,53,0,1,1,0,0,0,0,0
4927,53,0,1,1,0,0,0,0,0
141464,53,0,1,0,1,0,1,0,0
73536,53,0,1,1,0,0,0,0,0
74553,53,0,1,1,0,0,0,0,0
74140,53,0,1,1,0,0,0,0,0
74055,53,0,1,1,0,0,0,0,0
73875,53,0,1,0,0,0,0,0,0
74423,53,0,1,1,0,0,0,0,0
151249,53,0,1,0,1,1,0,0,0
74274,53,0,1,0,0,0,0,0,0
141466,53,0,1,0,1,1,0,0,0
73540,53,0,1,0,0,0,0,0,0
141470,53,0,1,1,0,0,0,0,0
160396,53,0,1,1,0,0,0,0,0
74297,53,0,1,1,0,0,0,0,0
151965,53,0,1,0,1,1,0,0,0
74425,53,0,1,0,0,0,0,0,0
74275,53,0,1,1,0,0,0,0,0
74426,53,0,1,0,0,0,0,0,0
74395,53,0,1,1,0,0,0,0,0
141471,53,0,1,0,0,0,0,0,0
74298,53,0,1,0,0,0,0,0,0
71921,53,0,1,0,0,0,0,0,0
74554,53,0,1,1,0,0,0,0,0
74741,53,0,1,1,0,0,0,0,0
152607,53,0,1,1,0,0,0,0,0
4929,53,0,1,1,0,0,0,0,0
73666,53,0,1,1,0,0,0,0,0
141474,53,0,1,1,0,0,0,0,0
74317,53,0,1,1,0,0,0,0,0
73586,53,0,1,1,0,0,0,0,0
73994,53,0,1,0,0,0,0,0,0
74783,53,0,1,0,0,0,0,0,0
159058,53,0,1,0,0,0,0,0,0
74346,53,0,1,1,0,0,0,0,0
141475,53,0,1,1,0,0,0,0,0
141476,53,1,0,0,1,1,0,0,0
74570,53,0,1,1,0,0,0,0,0
141477,53,0,1,0,0,0,0,0,0
74742,53,0,1,1,0,0,0,0,0
151208,53,0,1,1,0,0,0,0,0
141478,53,0,1,1,0,0,0,0,0
141479,53,0,1,1,0,0,0,0,0
141480,53,0,1,1,0,0,0,0,0
141481,53,0,1,0,0,0,0,0,0
74367,53,0,1,0,0,0,0,0,0
141562,53,0,1,1,0,0,0,0,0
74455,53,0,1,0,0,0,0,0,0
141452,53,0,1,0,0,0,0,0,0
74156,53,0,1,0,1,0,1,0,0
74254,53,0,1,1,0,0,0,0,0
141482,53,0,1,1,0,0,0,0,0
74368,53,0,1,0,0,0,0,0,0
139285,53,1,0,0,1,1,0,0,0
74585,53,0,1,1,0,0,0,0,0
141483,53,0,1,0,1,1,0,0,0
141462,53,0,1,1,0,0,0,0,0
74277,53,0,1,1,0,0,0,0,0
141504,53,1,0,0,1,1,0,0,0
81512,53,1,0,0,1,0,1,0,0
74397,53,1,0,1,0,0,0,0,0
73982,53,0,1,1,0,0,0,0,0
73777,53,0,1,1,0,0,0,0,0
141484,53,0,1,1,0,0,0,0,0
73483,53,0,1,1,0,0,0,0,0
74133,53,0,1,0,1,0,1,0,0
74059,53,0,1,0,1,1,0,0,0
74810,53,0,1,0,0,0,0,0,0
73778,53,0,1,1,0,0,0,0,0
141486,53,0,1,0,0,0,0,0,0
74142,53,0,1,0,0,0,0,0,0
74041,53,0,1,1,0,0,0,0,0
141487,53,0,1,1,0,0,0,0,0
141489,53,0,1,1,0,0,0,0,0
74688,53,0,1,1,0,0,0,0,0
74784,53,1,0,1,0,0,0,0,0
73936,53,0,1,1,0,0,0,0,0
74802,53,0,1,1,0,0,0,0,0
74163,53,0,1,1,0,0,0,0,0
141490,53,0,1,1,0,0,0,0,0
74456,53,0,1,0,0,0,0,0,0
141492,53,1,0,1,0,0,0,0,0
74124,53,0,1,1,0,0,0,0,0
146613,53,0,1,1,0,0,0,0,0
74460,53,0,1,1,0,0,0,0,0
74143,53,0,1,1,0,0,0,0,0
141495,53,0,1,1,0,0,0,0,0
141494,53,0,1,0,1,1,0,0,0
74278,53,0,1,1,0,0,0,0,0
141493,53,0,1,1,0,0,0,0,0
74300,53,0,1,0,0,0,0,0,0
141497,53,0,1,1,0,0,0,0,0
141496,53,0,1,0,1,1,0,0,0
150418,53,0,1,0,1,0,1,0,0
115899,53,0,1,0,0,0,0,0,0
74744,53,0,1,1,0,0,0,0,0
133373,53,0,1,1,0,0,0,0,0
74470,53,0,1,1,0,0,0,0,0
141499,53,0,1,0,1,0,1,0,0
74745,53,0,1,0,0,0,0,0,0
74634,53,0,1,0,1,1,0,0,0
141500,53,0,1,1,0,0,0,0,0
74586,53,1,0,1,0,0,0,0,0
74398,53,1,0,1,0,0,0,0,0
64960,53,1,0,1,0,0,0,0,0
74587,53,1,0,1,0,0,0,0,0
141505,53,1,0,0,0,0,0,0,0
74177,53,1,0,1,0,0,0,0,0
74747,53,0,1,0,0,0,0,0,0
74158,53,0,1,1,0,0,0,0,0
74635,53,0,1,0,0,0,0,0,0
147653,53,0,1,1,0,0,0,0,0
74050,53,0,1,0,1,1,0,0,0
74045,53,0,1,1,0,0,0,0,0
141506,53,0,1,1,0,0,0,0,0
73588,53,0,1,1,0,0,0,0,0
74749,53,0,1,1,0,0,0,0,0
141507,53,0,1,1,0,0,0,0,0
141508,53,0,1,1,0,0,0,0,0
73780,53,0,1,0,0,0,0,0,0
73904,53,0,1,0,0,0,0,0,0
74056,53,0,1,0,1,1,0,0,0
73552,53,0,1,1,0,0,0,0,0
141509,53,0,1,0,1,1,0,0,0
141469,53,0,1,0,0,0,0,0,0
74337,53,0,1,0,1,1,0,0,0
74787,53,0,1,1,0,0,0,0,0
154178,53,0,1,1,0,0,0,0,0
74862,53,0,1,1,0,0,0,0,0
74238,53,0,1,0,0,0,0,0,0
139311,53,0,1,1,0,0,0,0,0
141537,53,0,1,1,0,0,0,0,0
74318,53,0,1,0,0,0,0,0,0
74108,53,0,1,0,0,0,0,0,0
133372,53,0,1,0,0,0,0,0,0
74491,53,0,1,0,0,0,0,0,0
141510,53,0,1,1,0,0,0,0,0
74038,53,0,1,0,0,0,0,0,0
73416,53,0,1,1,0,0,0,0,0
141511,53,0,1,0,0,0,0,0,0
73553,53,0,1,1,0,0,0,0,0
73781,53,0,1,1,0,0,0,0,0
74571,53,0,1,0,1,1,0,0,0
73907,53,0,1,0,0,0,0,0,0
73761,53,0,1,0,0,0,0,0,0
146307,53,0,1,1,0,0,0,0,0
74165,53,0,1,0,1,1,0,0,0
141512,53,0,1,1,0,0,0,0,0
74447,53,1,0,0,0,0,0,0,0
73594,53,1,0,1,0,0,0,0,0
74365,53,0,1,0,0,0,0,0,0
74352,53,0,1,0,1,1,0,0,0
74159,53,0,1,1,0,0,0,0,0
73782,53,0,1,0,0,0,0,0,0
74005,53,0,1,1,0,0,0,0,0
74399,53,0,1,1,0,0,0,0,0
141514,53,0,1,1,0,0,0,0,0
73463,53,0,1,1,0,0,0,0,0
73692,53,0,1,1,0,0,0,0,0
73660,53,0,1,0,0,0,0,0,0
73909,53,0,1,0,0,0,0,0,0
74191,53,0,1,1,0,0,0,0,0
141515,53,0,1,1,0,0,0,0,0
154417,53,0,1,0,0,0,0,0,0
74319,53,0,1,1,0,0,0,0,0
73921,53,0,1,0,1,1,0,0,0
141491,53,0,1,1,0,0,0,0,0
74032,53,0,1,1,0,0,0,0,0
141518,53,0,1,1,0,0,0,0,0
141516,53,0,1,1,0,0,0,0,0
73882,53,0,1,1,0,0,0,0,0
73883,53,0,1,1,0,0,0,0,0
74754,53,0,1,0,0,0,0,0,0
141517,53,0,1,0,1,1,0,0,0
73612,53,0,1,0,0,0,0,0,0
73555,53,0,1,1,0,0,0,0,0
74574,53,0,1,1,0,0,0,0,0
132056,53,0,1,1,0,0,0,0,0
141519,53,0,1,1,0,0,0,0,0
74400,53,0,1,1,0,0,0,0,0
141520,53,0,1,0,0,0,0,0,0
141521,53,0,1,0,0,0,0,0,0
74082,53,0,1,1,0,0,0,0,0
74047,53,0,1,1,0,0,0,0,0
141488,53,0,1,1,0,0,0,0,0
74812,53,0,1,1,0,0,0,0,0
74556,53,0,1,1,0,0,0,0,0
74449,53,0,1,1,0,0,0,0,0
74111,53,0,1,0,0,0,0,0,0
74207,53,0,1,1,0,0,0,0,0
74102,53,0,1,0,0,0,0,0,0
73673,53,0,1,1,0,0,0,0,0
141445,53,0,1,1,0,0,0,0,0
73943,53,1,0,1,0,0,0,0,0
141465,53,0,1,1,0,0,0,0,0
73486,53,0,1,1,0,0,0,0,0
141538,53,0,1,0,0,0,0,0,0
141543,53,0,1,0,1,1,0,0,0
148134,53,0,1,1,0,0,0,0,0
74370,53,1,0,1,0,0,0,0,0
159259,53,0,1,0,1,1,0,0,0
74590,53,0,1,0,0,0,0,0,0
74216,53,0,1,1,0,0,0,0,0
141403,53,0,1,1,0,0,0,0,0
141523,53,0,1,1,0,0,0,0,0
74048,53,0,1,0,1,1,0,0,0
141525,53,1,0,0,1,1,0,0,0
74161,53,0,1,1,0,0,0,0,0
73556,53,0,1,0,0,0,0,0,0
141526,53,0,1,0,0,0,0,0,0
73786,53,0,1,1,0,0,0,0,0
141528,53,0,1,0,0,0,0,0,0
74257,53,0,1,0,0,0,0,0,0
141527,53,0,1,1,0,0,0,0,0
73801,53,0,1,1,0,0,0,0,0
73788,53,0,1,1,0,0,0,0,0
74793,53,0,1,0,0,0,0,0,0
73557,53,0,1,0,0,0,0,0,0
150634,53,0,1,0,1,1,0,0,0
141472,53,0,1,1,0,0,0,0,0
73490,53,0,1,0,0,0,0,0,0
74777,53,1,0,0,0,0,0,0,0
73674,53,0,1,1,0,0,0,0,0
141529,53,0,1,0,1,1,0,0,0
74433,53,0,1,0,0,0,0,0,0
74209,53,0,1,0,1,1,0,0,0
141473,53,0,1,1,0,0,0,0,0
73558,53,0,1,0,0,0,0,0,0
141532,53,0,1,1,0,0,0,0,0
141530,53,0,1,0,0,0,0,0,0
152865,53,0,1,1,0,0,0,0,0
141531,53,0,1,1,0,0,0,0,0
74693,53,0,1,1,0,0,0,0,0
141533,53,0,1,1,0,0,0,0,0
141534,53,0,1,1,0,0,0,0,0
141535,53,0,1,0,1,1,0,0,0
160426,53,0,1,1,0,0,0,0,0
73651,53,0,1,0,0,0,0,0,0
141536,53,0,1,1,0,0,0,0,0
74813,53,0,1,1,0,0,0,0,0
74042,53,0,1,0,0,0,0,0,0
151214,53,0,1,0,0,0,0,0,0
73507,53,1,0,1,0,0,0,0,0
74371,53,0,1,1,0,0,0,0,0
74341,53,0,1,0,1,1,0,0,0
141522,53,0,1,0,1,1,0,0,0
160520,53,0,1,1,0,0,0,0,0
74372,53,0,1,0,1,1,0,0,0
74039,53,1,0,1,0,0,0,0,0
73676,53,0,1,0,0,0,0,0,0
74258,53,0,1,1,0,0,0,0,0
74762,53,0,1,1,0,0,0,0,0
74210,53,0,1,1,0,0,0,0,0
149293,53,0,1,1,0,0,0,0,0
141539,53,0,1,1,0,0,0,0,0
74211,53,0,1,0,1,1,0,0,0
74533,53,0,1,1,0,0,0,0,0
73808,53,0,1,0,1,1,0,0,0
141542,53,0,1,1,0,0,0,0,0
141541,53,0,1,1,0,0,0,0,0
74641,53,0,1,1,0,0,0,0,0
74765,53,0,1,1,0,0,0,0,0
74356,53,0,1,0,1,1,0,0,0
141545,53,0,1,1,0,0,0,0,0
4930,53,0,1,1,0,0,0,0,0
73998,53,0,1,0,0,0,0,0,0
73560,53,0,1,1,0,0,0,0,0
73424,53,0,1,1,0,0,0,0,0
141547,53,1,0,1,0,0,0,0,0
141546,53,1,0,1,0,0,0,0,0
141548,53,1,0,1,0,0,0,0,0
141549,53,1,0,0,0,0,0,0,0
74806,53,0,1,1,0,0,0,0,0
74385,53,0,1,0,1,0,0,1,0
73577,53,0,1,1,0,0,0,0,0
74289,53,0,1,0,0,0,0,0,0
73561,53,1,0,1,0,0,0,0,0
74286,53,1,0,1,0,0,0,0,0
74461,53,0,1,0,0,0,0,0,0
141382,53,1,0,0,1,1,0,0,0
73809,53,0,1,0,0,0,0,0,0
141551,53,0,1,1,0,0,0,0,0
73564,53,0,1,0,0,0,0,0,0
141384,53,0,1,1,0,0,0,0,0
73565,53,0,1,0,0,0,0,0,0
74010,53,0,1,1,0,0,0,0,0
141552,53,0,1,1,0,0,0,0,0
74376,53,0,1,1,0,0,0,0,0
141553,53,0,1,1,0,0,0,0,0
74357,53,1,0,1,0,0,0,0,0
141524,53,0,1,0,0,0,0,0,0
74087,53,0,1,0,0,0,0,0,0
74308,53,0,1,1,0,0,0,0,0
159258,53,0,1,1,0,0,0,0,0
74283,53,0,1,0,1,0,1,0,0
141554,53,0,1,0,1,1,0,0,0
159257,53,0,1,1,0,0,0,0,0
141400,53,0,1,1,0,0,0,0,0
74391,53,0,1,1,0,0,0,0,0
141870,53,0,1,0,0,0,0,0,0
141555,53,0,1,1,0,0,0,0,0
74593,53,0,1,1,0,0,0,0,0
141556,53,0,1,1,0,0,0,0,0
141557,53,0,1,1,0,0,0,0,0
73456,53,0,1,1,0,0,0,0,0
141558,53,0,1,0,1,1,0,0,0
141559,53,0,1,0,0,0,0,0,0
148295,53,0,1,1,0,0,0,0,0
74284,53,0,1,0,0,0,0,0,0
141560,53,0,1,1,0,0,0,0,0
74218,53,0,1,0,0,0,0,0,0
141561,53,0,1,1,0,0,0,0,0
74490,53,0,1,0,0,0,0,0,0
73653,53,0,1,1,0,0,0,0,0
74043,53,0,1,0,1,1,0,0,0
141563,53,0,1,0,1,0,0,1,0
74414,53,0,1,0,0,0,0,0,0
154996,53,0,1,1,0,0,0,0,0
74044,53,0,1,0,1,1,0,0,0
73930,53,0,1,0,1,1,0,0,0
74439,53,0,1,1,0,0,0,0,0
73931,53,0,1,1,0,0,0,0,0
74309,53,0,1,1,0,0,0,0,0
74354,53,0,1,1,0,0,0,0,0
73933,53,0,1,1,0,0,0,0,0
74145,53,0,1,0,0,0,0,0,0
74392,53,0,1,1,0,0,0,0,0
73445,49,0,1,0,0,0,0,0,0
73448,49,0,1,1,0,0,0,0,0
73729,49,0,1,0,0,0,0,0,0
74016,51,0,1,0,1,1,0,0,0
74112,51,0,1,1,0,0,0,0,0
74214,49,0,1,0,0,0,0,0,0
74218,51,0,1,0,0,0,0,0,0
74318,51,0,1,0,0,0,0,0,0
74697,49,0,1,0,0,0,0,0,0
133842,49,0,1,0,0,0,0,0,0
73764,50,0,1,0,0,0,0,0,0
73886,50,0,1,0,0,0,0,0,0
74328,50,0,1,0,0,0,0,0,0
73823,50,1,0,0,0,0,0,0,0
74524,50,0,1,0,0,0,0,0,0
74770,50,0,1,1,0,0,0,0,0
74220,50,0,1,0,0,0,0,0,0
74645,50,0,1,0,1,1,0,0,0
73426,50,0,1,0,0,0,0,0,0
73996,50,0,1,0,0,0,0,0,0
73887,50,0,1,0,0,0,0,0,0
74244,50,0,1,0,0,0,0,0,0
74646,50,0,1,1,0,0,0,0,0
73765,50,0,1,0,0,0,0,0,0
74022,50,0,1,0,1,1,0,0,0
73654,50,0,1,1,0,0,0,0,0
73888,50,0,1,1,0,0,0,0,0
74440,50,0,1,0,0,0,0,0,0
74018,50,0,1,1,0,0,0,0,0
73427,50,0,1,0,0,0,0,0,0
74310,50,0,1,0,0,0,0,0,0
73979,50,0,1,0,0,0,0,0,0
74532,50,0,1,0,0,0,0,0,0
74014,50,1,0,0,0,0,0,0,0
74828,50,0,1,0,0,0,0,0,0
73662,50,0,1,0,0,0,0,0,0
73428,50,0,1,0,1,1,0,0,0
74829,50,0,1,1,0,0,0,0,0
73999,50,0,1,0,0,0,0,0,0
74830,50,0,1,0,0,0,0,0,0
73429,50,0,1,0,0,0,0,0,0
73430,50,0,1,1,0,0,0,0,0
74404,50,0,1,1,0,0,0,0,0
74247,50,0,1,1,0,0,0,0,0
74831,50,0,1,0,0,0,0,0,0
74088,50,1,0,0,0,0,0,0,0
74832,50,0,1,0,0,0,0,0,0
74248,50,1,0,0,0,0,0,0,0
74071,50,1,0,1,0,0,0,0,0
73679,50,0,1,1,0,0,0,0,0
74212,50,0,1,0,1,1,0,0,0
74072,50,0,1,1,0,0,0,0,0
74007,50,0,1,0,0,0,0,0,0
74213,50,0,1,0,1,1,0,0,0
74073,50,0,1,0,0,0,0,0,0
73431,50,0,1,0,0,0,0,0,0
74647,50,0,1,0,0,0,0,0,0
74214,50,0,1,0,0,0,0,0,0
74330,50,0,1,0,0,0,0,0,0
66490,50,0,1,1,0,0,0,0,0
73987,50,0,1,0,0,0,0,0,0
74332,50,0,1,0,0,0,0,0,0
74415,50,0,1,1,0,0,0,0,0
73646,50,0,1,0,0,0,0,0,0
74194,50,0,1,0,0,0,0,0,0
74186,50,0,1,0,1,1,0,0,0
73432,50,0,1,0,0,0,0,0,0
73766,50,0,1,0,0,0,0,0,0
74648,50,0,1,1,0,0,0,0,0
74311,50,0,1,0,0,0,0,0,0
74103,50,0,1,1,0,0,0,0,0
73433,50,0,1,1,0,0,0,0,0
74217,50,0,1,0,0,0,0,0,0
74405,50,0,1,0,0,0,0,0,0
74649,50,0,1,0,0,0,0,0,0
73434,50,0,1,1,0,0,0,0,0
73993,50,0,1,0,0,0,0,0,0
74291,50,0,1,1,0,0,0,0,0
74833,50,0,1,1,0,0,0,0,0
74534,50,0,1,0,0,0,0,0,0
74089,50,0,1,1,0,0,0,0,0
73435,50,0,1,1,0,0,0,0,0
74113,50,0,1,0,0,0,0,0,0
74222,50,0,1,0,1,1,0,0,0
66476,50,0,1,0,0,0,0,0,0
74090,50,0,1,1,0,0,0,0,0
73647,50,0,1,0,0,0,0,0,0
73655,50,0,1,1,0,0,0,0,0
74441,50,0,1,0,0,0,0,0,0
73889,50,0,1,0,0,0,0,0,0
74320,50,0,1,0,0,0,0,0,0
73436,50,0,1,0,0,0,0,0,0
74024,50,0,1,0,0,0,0,0,0
74312,50,0,1,0,0,0,0,0,0
73663,50,0,1,0,0,0,0,0,0
73767,50,0,1,0,0,0,0,0,0
74517,50,0,1,0,1,1,0,0,0
73656,50,0,1,0,0,0,0,0,0
74074,50,0,1,0,0,0,0,0,0
74535,50,0,1,1,0,0,0,0,0
74321,50,0,1,1,0,0,0,0,0
74536,50,0,1,0,1,1,0,0,0
73437,50,0,1,1,0,0,0,0,0
74650,50,0,1,1,0,0,0,0,0
74525,50,0,1,0,0,0,0,0,0
74246,50,0,1,0,0,0,0,0,0
74834,50,0,1,0,0,0,0,0,0
74179,50,0,1,0,0,0,0,0,0
74322,50,0,1,0,0,0,0,0,0
74224,50,0,1,0,0,0,0,0,0
73438,50,0,1,0,0,0,0,0,0
74096,50,0,1,0,1,1,0,0,0
73890,50,0,1,1,0,0,0,0,0
74004,50,0,1,0,0,0,0,0,0
74526,50,0,1,1,0,0,0,0,0
74651,50,0,1,1,0,0,0,0,0
74020,50,0,1,0,0,0,0,0,0
74652,50,0,1,1,0,0,0,0,0
73439,50,0,1,1,0,0,0,0,0
74835,50,0,1,0,0,0,0,0,0
74406,50,0,1,1,0,0,0,0,0
74518,50,1,0,0,0,0,0,0,0
74180,50,1,0,0,0,0,0,0,0
73440,50,0,1,0,0,0,0,0,0
73441,50,0,1,1,0,0,0,0,0
74195,50,0,1,0,0,0,0,0,0
74181,50,0,1,0,1,0,1,0,0
74000,50,0,1,1,0,0,0,0,0
74653,50,0,1,0,0,0,0,0,0
73657,50,0,1,0,1,0,1,0,0
74836,50,1,0,1,0,0,0,0,0
74323,50,0,1,1,0,0,0,0,0
74313,50,0,1,1,0,0,0,0,0
74537,50,0,1,1,0,0,0,0,0
74110,50,0,1,0,0,0,0,0,0
74527,50,0,1,0,0,0,0,0,0
74230,50,0,1,0,1,1,0,0,0
74097,50,0,1,0,1,1,0,0,0
73442,50,0,1,0,0,0,0,0,0
74538,50,0,1,0,0,0,0,0,0
74016,50,0,1,0,1,1,0,0,0
73443,50,0,1,0,0,0,0,0,0
73444,50,0,1,1,0,0,0,0,0
74231,50,1,0,0,0,0,0,0,0
74654,50,0,1,0,0,0,0,0,0
74187,50,0,1,0,0,0,0,0,0
73891,50,0,1,1,0,0,0,0,0
74196,50,0,1,0,0,0,0,0,0
73554,50,0,1,0,0,0,0,0,0
74011,50,0,1,0,0,0,0,0,0
73445,50,0,1,0,0,0,0,0,0
74215,50,0,1,0,0,0,0,0,0
73768,50,0,1,1,0,0,0,0,0
73680,50,0,1,0,0,0,0,0,0
74127,50,0,1,0,0,0,0,0,0
74188,50,1,0,1,0,0,0,0,0
74197,50,0,1,0,1,0,1,0,0
74539,50,0,1,1,0,0,0,0,0
73446,50,0,1,0,0,0,0,0,0
73447,50,0,1,1,0,0,0,0,0
73793,50,0,1,1,0,0,0,0,0
73794,50,0,1,1,0,0,0,0,0
74838,50,0,1,0,0,0,0,0,0
74335,50,0,1,0,0,0,0,0,0
74292,50,0,1,0,0,0,0,0,0
74106,50,0,1,1,0,0,0,0,0
74105,50,0,1,0,1,1,0,0,0
74655,50,0,1,1,0,0,0,0,0
74416,50,0,1,1,0,0,0,0,0
74242,50,0,1,0,0,0,0,0,0
74839,50,0,1,0,0,0,0,0,0
74407,50,0,1,0,0,0,0,0,0
74075,50,1,0,1,0,0,0,0,0
73769,50,0,1,0,0,0,0,0,0
74656,50,0,1,0,0,0,0,0,0
74198,50,0,1,0,0,0,0,0,0
73892,50,0,1,0,0,0,0,0,0
74657,50,0,1,0,0,0,0,0,0
74126,50,0,1,0,0,0,0,0,0
73980,50,0,1,1,0,0,0,0,0
74119,50,0,1,0,0,0,0,0,0
74098,50,0,1,0,0,0,0,0,0
74241,50,0,1,0,0,0,0,0,0
73893,50,0,1,1,0,0,0,0,0
74408,50,0,1,1,0,0,0,0,0
74336,50,0,1,0,0,0,0,0,0
74540,50,0,1,0,0,0,0,0,0
74064,50,0,1,0,1,0,1,0,0
73894,50,1,0,0,0,0,0,0,0
74138,50,1,0,0,0,0,0,0,0
74116,50,0,1,0,0,0,0,0,0
74541,50,0,1,0,0,0,0,0,0
74091,50,0,1,0,0,0,0,0,0
74840,50,0,1,0,0,0,0,0,0
74099,50,0,1,0,0,0,0,0,0
74100,50,0,1,0,1,1,0,0,0
73895,50,0,1,0,0,0,0,0,0
73449,50,0,1,0,0,0,0,0,0
74065,50,1,0,1,0,0,0,0,0
73450,50,0,1,1,0,0,0,0,0
74314,50,0,1,0,0,0,0,0,0
74542,50,0,1,0,0,0,0,0,0
74658,50,0,1,0,0,0,0,0,0
74417,50,0,1,1,0,0,0,0,0
74841,50,0,1,0,0,0,0,0,0
74543,50,0,1,0,1,1,0,0,0
74842,50,0,1,1,0,0,0,0,0
74843,50,0,1,1,0,0,0,0,0
74418,50,0,1,0,0,0,0,0,0
73770,50,0,1,0,0,0,0,0,0
74519,50,0,1,0,0,0,0,0,0
73451,50,0,1,0,0,0,0,0,0
73896,50,0,1,1,0,0,0,0,0
74771,50,0,1,0,0,0,0,0,0
74293,50,0,1,0,0,0,0,0,0
73771,50,0,1,1,0,0,0,0,0
73758,50,0,1,0,0,0,0,0,0
74223,50,0,1,0,0,0,0,0,0
74199,50,0,1,0,1,1,0,0,0
133783,50,0,1,0,0,0,0,0,0
74844,50,0,1,1,0,0,0,0,0
73997,50,0,1,0,0,0,0,0,0
73981,50,0,1,0,1,1,0,0,0
74845,50,0,1,0,0,0,0,0,0
73452,50,0,1,0,0,0,0,0,0
74189,50,0,1,1,0,0,0,0,0
74200,50,0,1,0,1,1,0,0,0
74544,50,0,1,1,0,0,0,0,0
74659,50,0,1,0,0,0,0,0,0
74226,50,0,1,0,0,0,0,0,0
73897,50,0,1,1,0,0,0,0,0
74076,50,0,1,0,1,1,0,0,0
74066,50,0,1,0,0,0,0,0,0
73648,50,0,1,0,0,0,0,0,0
74409,50,0,1,0,0,0,0,0,0
74077,50,0,1,1,0,0,0,0,0
74294,50,0,1,0,0,0,0,0,0
74419,50,0,1,1,0,0,0,0,0
74545,50,0,1,0,0,0,0,0,0
68676,50,0,1,1,0,0,0,0,0
73453,50,0,1,0,0,0,0,0,0
73530,50,0,1,0,0,0,0,0,0
74324,50,0,1,1,0,0,0,0,0
97707,50,0,1,1,0,0,0,0,0
74660,50,0,1,1,0,0,0,0,0
73772,50,0,1,1,0,0,0,0,0
74078,50,0,1,0,0,0,0,0,0
73773,50,0,1,0,0,0,0,0,0
73795,50,0,1,1,0,0,0,0,0
73898,50,0,1,0,0,0,0,0,0
74661,50,0,1,0,0,0,0,0,0
74420,50,0,1,0,1,1,0,0,0
74662,50,0,1,1,0,0,0,0,0
74325,50,0,1,0,0,0,0,0,0
74663,50,0,1,0,0,0,0,0,0
74101,50,0,1,0,0,0,0,0,0
74295,50,0,1,0,1,1,0,0,0
74421,50,0,1,0,0,0,0,0,0
74664,50,0,1,0,0,0,0,0,0
74846,50,0,1,0,0,0,0,0,0
73531,50,0,1,1,0,0,0,0,0
74410,50,0,1,0,0,0,0,0,0
74008,50,0,1,0,0,0,0,0,0
74121,50,0,1,0,0,0,0,0,0
74296,50,0,1,0,0,0,0,0,0
74001,50,0,1,0,0,0,0,0,0
74665,50,0,1,1,0,0,0,0,0
74847,50,0,1,1,0,0,0,0,0
73532,50,0,1,0,0,0,0,0,0
74666,50,0,1,0,0,0,0,0,0
73899,50,0,1,0,0,0,0,0,0
74546,50,0,1,0,0,0,0,0,0
74547,50,0,1,1,0,0,0,0,0
74338,50,0,1,0,0,0,0,0,0
74848,50,1,0,1,0,0,0,0,0
74548,50,0,1,1,0,0,0,0,0
73900,50,0,1,0,0,0,0,0,0
74201,50,0,1,0,0,0,0,0,0
74528,50,0,1,0,1,1,0,0,0
74227,50,1,0,1,0,0,0,0,0
74202,50,0,1,1,0,0,0,0,0
74549,50,0,1,0,0,0,0,0,0
74334,50,0,1,0,0,0,0,0,0
74131,50,0,1,0,0,0,0,0,0
74422,50,0,1,0,0,0,0,0,0
74772,50,0,1,1,0,0,0,0,0
74667,50,0,1,0,0,0,0,0,0
74128,50,0,1,0,0,0,0,0,0
74316,50,0,1,0,0,0,0,0,0
73774,50,0,1,0,0,0,0,0,0
74550,50,0,1,1,0,0,0,0,0
74120,50,0,1,1,0,0,0,0,0
74182,50,0,1,0,0,0,0,0,0
73873,50,0,1,0,0,0,0,0,0
73533,50,0,1,0,0,0,0,0,0
74849,50,0,1,0,0,0,0,0,0
73664,50,0,1,0,0,0,0,0,0
73534,50,0,1,0,0,0,0,0,0
73874,50,0,1,1,0,0,0,0,0
74190,50,0,1,0,0,0,0,0,0
74092,50,0,1,0,0,0,0,0,0
74240,50,0,1,0,0,0,0,0,0
73658,50,0,1,1,0,0,0,0,0
74551,50,0,1,0,0,0,0,0,0
74773,50,0,1,0,0,0,0,0,0
74552,50,0,1,0,0,0,0,0,0
73535,50,0,1,1,0,0,0,0,0
74850,50,0,1,0,0,0,0,0,0
74411,50,0,1,1,0,0,0,0,0
73536,50,0,1,1,0,0,0,0,0
73537,50,0,1,1,0,0,0,0,0
73775,50,0,1,0,0,0,0,0,0
74553,50,0,1,1,0,0,0,0,0
74851,50,0,1,0,0,0,0,0,0
74852,50,0,1,0,0,0,0,0,0
74203,50,0,1,0,0,0,0,0,0
73875,50,0,1,0,0,0,0,0,0
74423,50,0,1,1,0,0,0,0,0
73538,50,0,1,1,0,0,0,0,0
74250,50,0,1,0,0,0,0,0,0
74232,50,0,1,0,0,0,0,0,0
73539,50,0,1,0,0,0,0,0,0
74853,50,0,1,0,0,0,0,0,0
73901,50,0,1,1,0,0,0,0,0
73876,50,0,1,1,0,0,0,0,0
73540,50,0,1,0,0,0,0,0,0
73776,50,0,1,0,0,0,0,0,0
74424,50,0,1,0,0,0,0,0,0
74297,50,0,1,1,0,0,0,0,0
74125,50,0,1,0,0,0,0,0,0
74412,50,0,1,0,0,0,0,0,0
73541,50,0,1,0,0,0,0,0,0
74854,50,0,1,0,0,0,0,0,0
74093,50,0,1,0,1,1,0,0,0
74425,50,0,1,0,0,0,0,0,0
74426,50,0,1,0,0,0,0,0,0
74298,50,0,1,0,0,0,0,0,0
73542,50,0,1,0,0,0,0,0,0
74079,50,0,1,1,0,0,0,0,0
74740,50,0,1,0,0,0,0,0,0
74554,50,0,1,1,0,0,0,0,0
74741,50,0,1,1,0,0,0,0,0
74529,50,0,1,0,0,0,0,0,0
74520,50,0,1,0,0,0,0,0,0
74006,50,0,1,1,0,0,0,0,0
73665,50,0,1,0,0,0,0,0,0
73666,50,0,1,1,0,0,0,0,0
74317,50,0,1,1,0,0,0,0,0
73994,50,0,1,0,0,0,0,0,0
73543,50,0,1,0,0,0,0,0,0
73544,50,0,1,0,1,0,0,1,0
74742,50,0,1,1,0,0,0,0,0
74326,50,0,1,0,0,0,0,0,0
74134,50,0,1,0,0,0,0,0,0
74855,50,0,1,0,0,0,0,0,0
74856,50,1,0,0,1,1,0,0,0
73877,50,0,1,1,0,0,0,0,0
74299,50,0,1,1,0,0,0,0,0
74743,50,0,1,0,0,0,0,0,0
74555,50,0,1,0,0,0,0,0,0
73667,50,1,0,0,0,0,0,0,0
74857,50,0,1,0,0,0,0,0,0
74858,50,0,1,1,0,0,0,0,0
73982,50,0,1,1,0,0,0,0,0
73777,50,0,1,1,0,0,0,0,0
73545,50,0,1,0,0,0,0,0,0
73983,50,0,1,1,0,0,0,0,0
74630,50,0,1,0,0,0,0,0,0
74002,50,0,1,0,0,0,0,0,0
74133,50,0,1,0,1,0,1,0,0
74631,50,0,1,0,0,0,0,0,0
74774,50,0,1,0,0,0,0,0,0
73778,50,0,1,1,0,0,0,0,0
73546,50,0,1,0,0,0,0,0,0
74521,50,0,1,1,0,0,0,0,0
74775,50,0,1,1,0,0,0,0,0
74137,50,0,1,0,0,0,0,0,0
74094,50,0,1,1,0,0,0,0,0
67836,50,0,1,0,0,0,0,0,0
73878,50,0,1,0,0,0,0,0,0
73902,50,0,1,1,0,0,0,0,0
74135,50,0,1,0,0,0,0,0,0
74632,50,0,1,0,0,0,0,0,0
74427,50,0,1,0,0,0,0,0,0
74339,50,0,1,1,0,0,0,0,0
74204,50,0,1,0,0,0,0,0,0
73547,50,0,1,0,0,0,0,0,0
74633,50,0,1,0,0,0,0,0,0
74124,50,0,1,1,0,0,0,0,0
73548,50,0,1,1,0,0,0,0,0
74530,50,0,1,0,0,0,0,0,0
74300,50,0,1,0,0,0,0,0,0
74859,50,1,0,0,0,0,0,0,0
74205,50,1,0,0,0,0,0,0,0
74860,50,0,1,0,0,0,0,0,0
74333,50,0,1,1,0,0,0,0,0
74744,50,0,1,1,0,0,0,0,0
73668,50,0,1,1,0,0,0,0,0
74745,50,0,1,0,0,0,0,0,0
74634,50,0,1,0,1,1,0,0,0
74245,50,0,1,0,0,0,0,0,0
74235,50,0,1,1,0,0,0,0,0
74837,50,1,0,0,0,0,0,0,0
74746,50,1,0,0,0,0,0,0,0
73659,50,1,0,0,0,0,0,0,0
73669,50,1,0,0,0,0,0,0,0
73759,50,1,0,0,0,0,0,0,0
74177,50,1,0,1,0,0,0,0,0
74329,50,0,1,0,0,0,0,0,0
73879,50,0,1,0,0,0,0,0,0
74747,50,0,1,0,0,0,0,0,0
74114,50,0,1,0,0,0,0,0,0
74635,50,0,1,0,0,0,0,0,0
73760,50,1,0,0,0,0,0,0,0
73549,50,0,1,1,0,0,0,0,0
73550,50,1,0,1,0,0,0,0,0
73903,50,0,1,0,0,0,0,0,0
74183,50,0,1,0,0,0,0,0,0
74748,50,0,1,0,0,0,0,0,0
73551,50,0,1,0,0,0,0,0,0
73779,50,0,1,0,0,0,0,0,0
74206,50,0,1,0,0,0,0,0,0
74749,50,0,1,1,0,0,0,0,0
73780,50,0,1,0,0,0,0,0,0
74015,50,0,1,0,0,0,0,0,0
73904,50,0,1,0,0,0,0,0,0
74428,50,0,1,0,1,1,0,0,0
74249,50,0,1,0,0,0,0,0,0
73552,50,0,1,1,0,0,0,0,0
73905,50,0,1,1,0,0,0,0,0
74337,50,0,1,0,1,1,0,0,0
73880,50,0,1,1,0,0,0,0,0
74861,50,0,1,0,0,0,0,0,0
74862,50,0,1,1,0,0,0,0,0
74238,50,0,1,0,0,0,0,0,0
74522,50,0,1,0,0,0,0,0,0
74129,50,0,1,0,0,0,0,0,0
73984,50,0,1,0,0,0,0,0,0
74863,50,0,1,0,0,0,0,0,0
74112,50,0,1,1,0,0,0,0,0
74067,50,0,1,0,0,0,0,0,0
74318,50,0,1,0,0,0,0,0,0
74021,50,1,0,0,0,0,0,0,0
74013,50,0,1,0,0,0,0,0,0
74108,50,0,1,0,0,0,0,0,0
67105,50,0,1,0,0,0,0,0,0
74219,50,0,1,0,0,0,0,0,0
74225,50,0,1,0,0,0,0,0,0
73416,50,0,1,1,0,0,0,0,0
74243,50,0,1,1,0,0,0,0,0
73906,50,0,1,0,0,0,0,0,0
73553,50,0,1,1,0,0,0,0,0
73781,50,0,1,1,0,0,0,0,0
74301,50,0,1,0,0,0,0,0,0
73907,50,0,1,0,0,0,0,0,0
73761,50,0,1,0,0,0,0,0,0
74636,50,0,1,0,0,0,0,0,0
73881,50,0,1,0,0,0,0,0,0
74750,50,0,1,0,0,0,0,0,0
74327,50,0,1,0,0,0,0,0,0
74080,50,0,1,0,1,1,0,0,0
74751,50,0,1,1,0,0,0,0,0
74429,50,0,1,0,0,0,0,0,0
74776,50,0,1,0,1,1,0,0,0
73417,50,0,1,0,0,0,0,0,0
73418,50,0,1,1,0,0,0,0,0
74236,50,0,1,0,0,0,0,0,0
73908,50,0,1,0,0,0,0,0,0
74251,50,1,0,0,0,0,0,0,0
74752,50,0,1,1,0,0,0,0,0
73782,50,0,1,0,0,0,0,0,0
74009,50,0,1,0,0,0,0,0,0
74081,50,0,1,1,0,0,0,0,0
74005,50,0,1,1,0,0,0,0,0
73670,50,0,1,0,0,0,0,0,0
74109,50,0,1,0,1,1,0,0,0
73762,50,0,1,1,0,0,0,0,0
74753,50,0,1,0,0,0,0,0,0
74117,50,0,1,0,0,0,0,0,0
74107,50,0,1,0,0,0,0,0,0
73660,50,0,1,0,0,0,0,0,0
73909,50,0,1,0,0,0,0,0,0
74430,50,0,1,0,0,0,0,0,0
74191,50,0,1,1,0,0,0,0,0
74122,50,0,1,0,0,0,0,0,0
73783,50,0,1,0,0,0,0,0,0
74302,50,0,1,0,0,0,0,0,0
74319,50,0,1,1,0,0,0,0,0
74095,50,0,1,0,1,1,0,0,0
73882,50,0,1,1,0,0,0,0,0
73784,50,0,1,0,0,0,0,0,0
73883,50,0,1,1,0,0,0,0,0
73785,50,0,1,0,0,0,0,0,0
74754,50,0,1,0,0,0,0,0,0
74017,50,0,1,1,0,0,0,0,0
73884,50,0,1,1,0,0,0,0,0
74755,50,0,1,0,0,0,0,0,0
73555,50,0,1,1,0,0,0,0,0
74239,50,0,1,0,0,0,0,0,0
74192,50,0,1,1,0,0,0,0,0
74228,50,0,1,0,0,0,0,0,0
73910,50,0,1,0,1,0,1,0,0
73911,50,0,1,1,0,0,0,0,0
74082,50,0,1,1,0,0,0,0,0
74083,50,0,1,0,1,1,0,0,0
73671,50,0,1,0,0,0,0,0,0
73672,50,0,1,1,0,0,0,0,0
74431,50,0,1,0,0,0,0,0,0
74111,50,0,1,0,0,0,0,0,0
74637,50,0,1,0,0,0,0,0,0
74207,50,0,1,1,0,0,0,0,0
74102,50,0,1,0,0,0,0,0,0
73673,50,0,1,1,0,0,0,0,0
74115,50,0,1,0,0,0,0,0,0
74756,50,0,1,0,0,0,0,0,0
74303,50,0,1,0,0,0,0,0,0
74304,50,0,1,0,0,0,0,0,0
74638,50,0,1,0,0,0,0,0,0
74025,50,0,1,0,0,0,0,0,0
74237,50,0,1,1,0,0,0,0,0
74216,50,0,1,1,0,0,0,0,0
74084,50,0,1,0,1,1,0,0,0
74068,50,1,0,1,0,0,0,0,0
74757,50,0,1,0,0,0,0,0,0
74130,50,1,0,0,1,1,0,0,0
73556,50,0,1,0,0,0,0,0,0
73786,50,0,1,1,0,0,0,0,0
74208,50,0,1,1,0,0,0,0,0
73988,50,0,1,0,0,0,0,0,0
73787,50,0,1,0,0,0,0,0,0
73788,50,0,1,1,0,0,0,0,0
73789,50,0,1,0,1,1,0,0,0
74003,50,0,1,0,0,0,0,0,0
73557,50,0,1,0,0,0,0,0,0
74023,50,0,1,0,0,0,0,0,0
74777,50,1,0,0,0,0,0,0,0
74012,50,0,1,0,0,0,0,0,0
73985,50,0,1,0,1,1,0,0,0
73674,50,0,1,1,0,0,0,0,0
74758,50,0,1,0,0,0,0,0,0
73419,50,0,1,0,0,0,0,0,0
74432,50,0,1,0,0,0,0,0,0
73649,50,0,1,1,0,0,0,0,0
73420,50,0,1,1,0,0,0,0,0
74433,50,0,1,0,0,0,0,0,0
74413,50,0,1,1,0,0,0,0,0
74305,50,0,1,1,0,0,0,0,0
74209,50,0,1,0,1,1,0,0,0
74639,50,0,1,0,0,0,0,0,0
74826,50,0,1,0,0,0,0,0,0
74234,50,0,1,0,0,0,0,0,0
73558,50,0,1,0,0,0,0,0,0
73650,50,0,1,0,0,0,0,0,0
73651,50,0,1,0,0,0,0,0,0
74640,50,0,1,0,1,1,0,0,0
74759,50,0,1,1,0,0,0,0,0
74306,50,0,1,1,0,0,0,0,0
73421,50,0,1,1,0,0,0,0,0
74760,50,0,1,0,0,0,0,0,0
74221,50,0,1,1,0,0,0,0,0
74184,50,0,1,1,0,0,0,0,0
73422,50,0,1,0,0,0,0,0,0
73675,50,0,1,0,0,0,0,0,0
74434,50,0,1,0,0,0,0,0,0
73986,50,0,1,0,0,0,0,0,0
73559,50,0,1,1,0,0,0,0,0
74761,50,1,0,0,0,0,0,0,0
73676,50,0,1,0,0,0,0,0,0
74762,50,0,1,1,0,0,0,0,0
74210,50,0,1,1,0,0,0,0,0
73763,50,0,1,1,0,0,0,0,0
74211,50,0,1,0,1,1,0,0,0
73885,50,0,1,1,0,0,0,0,0
73423,50,0,1,0,0,0,0,0,0
74069,50,0,1,1,0,0,0,0,0
74533,50,0,1,1,0,0,0,0,0
74435,50,0,1,0,0,0,0,0,0
74763,50,0,1,0,0,0,0,0,0
74764,50,0,1,0,0,0,0,0,0
74641,50,0,1,1,0,0,0,0,0
74436,50,0,1,0,0,0,0,0,0
74765,50,0,1,1,0,0,0,0,0
74178,50,0,1,0,0,0,0,0,0
74766,50,0,1,0,0,0,0,0,0
74229,50,0,1,0,0,0,0,0,0
73560,50,0,1,1,0,0,0,0,0
73424,50,0,1,1,0,0,0,0,0
74642,50,1,0,0,1,1,0,0,0
74085,50,1,0,0,0,0,0,0,0
73998,50,0,1,0,0,0,0,0,0
74523,50,0,1,0,0,0,0,0,0
73561,50,1,0,1,0,0,0,0,0
73989,50,0,1,1,0,0,0,0,0
73652,50,1,0,0,1,1,0,0,0
74827,50,0,1,1,0,0,0,0,0
74767,50,0,1,0,1,1,0,0,0
73562,50,0,1,0,0,0,0,0,0
74643,50,0,1,0,0,0,0,0,0
74086,50,0,1,0,0,0,0,0,0
74307,50,0,1,0,0,0,0,0,0
74193,50,0,1,1,0,0,0,0,0
74123,50,0,1,0,0,0,0,0,0
74644,50,0,1,0,0,0,0,0,0
73563,50,0,1,0,1,0,0,1,0
73564,50,0,1,0,0,0,0,0,0
74136,50,0,1,1,0,0,0,0,0
73565,50,0,1,0,0,0,0,0,0
74070,50,0,1,0,1,1,0,0,0
74010,50,0,1,1,0,0,0,0,0
73790,50,0,1,0,0,0,0,0,0
73425,50,1,0,1,0,0,0,0,0
74233,50,0,1,1,0,0,0,0,0
74087,50,0,1,0,0,0,0,0,0
74437,50,0,1,1,0,0,0,0,0
74308,50,0,1,1,0,0,0,0,0
73566,50,0,1,1,0,0,0,0,0
73677,50,0,1,1,0,0,0,0,0
73791,50,0,1,0,0,0,0,0,0
74019,50,0,1,0,0,0,0,0,0
74768,50,0,1,1,0,0,0,0,0
74331,50,0,1,1,0,0,0,0,0
74132,50,0,1,0,0,0,0,0,0
73567,50,0,1,0,0,0,0,0,0
73643,50,0,1,0,0,0,0,0,0
74104,50,0,1,0,0,0,0,0,0
73990,50,0,1,0,0,0,0,0,0
74218,50,0,1,0,0,0,0,0,0
73653,50,0,1,1,0,0,0,0,0
73644,50,0,1,1,0,0,0,0,0
73792,50,0,1,0,0,0,0,0,0
73661,50,0,1,0,0,0,0,0,0
74414,50,0,1,0,0,0,0,0,0
73995,50,0,1,0,0,0,0,0,0
74438,50,0,1,0,0,0,0,0,0
73991,50,0,1,0,0,0,0,0,0
74531,50,0,1,1,0,0,0,0,0
74118,50,0,1,0,0,0,0,0,0
74439,50,0,1,1,0,0,0,0,0
73992,50,1,0,1,0,0,0,0,0
74769,50,0,1,0,0,0,0,0,0
74309,50,0,1,1,0,0,0,0,0
73678,50,0,1,1,0,0,0,0,0
74185,50,1,0,0,0,0,0,0,0
73645,50,1,0,0,0,0,0,0,0
73448,50,0,1,1,0,0,0,0,0
73764,49,0,1,0,0,0,0,0,0
73886,49,0,1,0,0,0,0,0,0
74328,49,0,1,0,0,0,0,0,0
73823,49,1,0,0,0,0,0,0,0
73957,49,0,1,0,0,0,0,0,0
73996,49,0,1,0,0,0,0,0,0
73887,49,0,1,0,0,0,0,0,0
74244,49,0,1,0,0,0,0,0,0
74646,49,0,1,1,0,0,0,0,0
73694,49,0,1,0,0,0,0,0,0
133990,49,0,1,0,0,0,0,0,0
133939,49,0,1,0,0,0,0,0,0
133898,49,0,1,0,0,0,0,0,0
74440,49,0,1,0,0,0,0,0,0
74018,49,0,1,1,0,0,0,0,0
73427,49,0,1,0,0,0,0,0,0
73695,49,0,1,0,0,0,0,0,0
73979,49,0,1,0,0,0,0,0,0
74532,49,0,1,0,0,0,0,0,0
74828,49,0,1,0,0,0,0,0,0
133876,49,0,1,0,0,0,0,0,0
73428,49,0,1,0,1,1,0,0,0
133875,49,0,1,0,0,0,0,0,0
133988,49,0,1,0,0,0,0,0,0
73581,49,0,1,0,0,0,0,0,0
133958,49,0,1,0,0,0,0,0,0
73950,49,0,1,0,0,0,0,0,0
74247,49,0,1,1,0,0,0,0,0
74831,49,0,1,0,0,0,0,0,0
74832,49,0,1,0,0,0,0,0,0
73968,49,0,1,0,0,0,0,0,0
133852,49,0,1,0,0,0,0,0,0
74698,49,0,1,0,0,0,0,0,0
73696,49,1,0,1,0,0,0,0,0
133978,49,0,1,0,0,0,0,0,0
133894,49,0,1,0,0,0,0,0,0
73970,49,0,1,0,0,0,0,0,0
73631,49,0,1,0,0,0,0,0,0
65988,49,0,1,0,0,0,0,0,0
73584,49,0,1,1,0,0,0,0,0
133868,49,0,1,0,0,0,0,0,0
66490,49,0,1,1,0,0,0,0,0
73697,49,0,1,0,1,1,0,0,0
74194,49,0,1,0,0,0,0,0,0
133897,49,0,1,0,0,0,0,0,0
73766,49,0,1,0,0,0,0,0,0
73958,49,0,1,0,1,1,0,0,0
74648,49,0,1,1,0,0,0,0,0
74103,49,0,1,1,0,0,0,0,0
74649,49,0,1,0,0,0,0,0,0
133902,49,0,1,0,0,0,0,0,0
73698,49,0,1,0,0,0,0,0,0
73434,49,0,1,1,0,0,0,0,0
133996,49,0,1,0,0,0,0,0,0
74833,49,0,1,1,0,0,0,0,0
74534,49,0,1,0,0,0,0,0,0
73699,49,0,1,0,0,0,0,0,0
73503,49,0,1,0,0,0,0,0,0
73435,49,0,1,1,0,0,0,0,0
74090,49,0,1,1,0,0,0,0,0
74459,49,0,1,1,0,0,0,0,0
73647,49,0,1,0,0,0,0,0,0
73655,49,0,1,1,0,0,0,0,0
74441,49,0,1,0,0,0,0,0,0
73971,49,0,1,0,0,0,0,0,0
73634,49,0,1,0,0,0,0,0,0
73700,49,0,1,1,0,0,0,0,0
73436,49,0,1,0,0,0,0,0,0
74312,49,0,1,0,0,0,0,0,0
73767,49,0,1,0,0,0,0,0,0
73701,49,1,0,0,1,0,1,0,0
133942,49,0,1,0,0,0,0,0,0
73656,49,0,1,0,0,0,0,0,0
74535,49,0,1,1,0,0,0,0,0
73814,49,0,1,0,0,0,0,0,0
133866,49,1,0,0,0,0,0,0,0
73437,49,0,1,1,0,0,0,0,0
133846,49,0,1,0,0,0,0,0,0
74650,49,0,1,1,0,0,0,0,0
133961,49,0,1,0,0,0,0,0,0
133895,49,0,1,0,1,1,0,0,0
73866,49,0,1,0,0,0,0,0,0
133910,49,0,1,0,0,0,0,0,0
74224,49,0,1,0,0,0,0,0,0
133899,49,0,1,0,0,0,0,0,0
73641,49,0,1,0,0,0,0,0,0
73702,49,0,1,0,0,0,0,0,0
74096,49,0,1,0,1,1,0,0,0
73890,49,0,1,1,0,0,0,0,0
73637,49,0,1,0,0,0,0,0,0
73638,49,0,1,0,1,1,0,0,0
73439,49,0,1,1,0,0,0,0,0
73639,49,0,1,0,0,0,0,0,0
133916,49,0,1,0,0,0,0,0,0
74835,49,0,1,0,0,0,0,0,0
73640,49,0,1,0,0,0,0,0,0
133906,49,0,1,0,0,0,0,0,0
133877,49,0,1,0,0,0,0,0,0
74180,49,1,0,0,0,0,0,0,0
133971,49,0,1,0,0,0,0,0,0
133997,49,0,1,0,0,0,0,0,0
73964,49,0,1,0,0,0,0,0,0
74195,49,0,1,0,0,0,0,0,0
133907,49,0,1,0,0,0,0,0,0
133987,49,0,1,1,0,0,0,0,0
73720,49,0,1,1,0,0,0,0,0
73955,49,0,1,0,0,0,0,0,0
133991,49,0,1,0,0,0,0,0,0
73657,49,0,1,0,1,0,1,0,0
133847,49,0,1,0,0,0,0,0,0
133995,49,0,1,0,0,0,0,0,0
74836,49,1,0,1,0,0,0,0,0
133957,49,0,1,0,0,0,0,0,0
74527,49,0,1,0,0,0,0,0,0
73813,49,0,1,0,0,0,0,0,0
73721,49,0,1,0,0,0,0,0,0
74016,49,0,1,0,1,1,0,0,0
73443,49,0,1,0,0,0,0,0,0
133900,49,0,1,0,1,0,1,0,0
73703,49,0,1,0,0,0,0,0,0
74187,49,0,1,0,0,0,0,0,0
74011,49,0,1,0,0,0,0,0,0
73722,49,0,1,0,0,0,0,0,0
133989,49,0,1,0,0,0,0,0,0
73952,49,0,1,0,0,0,0,0,0
74215,49,0,1,0,0,0,0,0,0
73704,49,0,1,0,0,0,0,0,0
133885,49,0,1,0,0,0,0,0,0
133856,49,0,1,0,0,0,0,0,0
133993,49,0,1,1,0,0,0,0,0
133952,49,0,1,0,0,0,0,0,0
133983,49,0,1,0,0,0,0,0,0
73724,49,0,1,0,0,0,0,0,0
73725,49,0,1,0,0,0,0,0,0
73705,49,0,1,0,0,0,0,0,0
133901,49,0,1,1,0,0,0,0,0
73794,49,0,1,1,0,0,0,0,0
73726,49,0,1,0,0,0,0,0,0
133851,49,0,1,0,0,0,0,0,0
74580,49,0,1,0,0,0,0,0,0
73827,49,0,1,0,0,0,0,0,0
74335,49,0,1,0,0,0,0,0,0
74106,49,0,1,1,0,0,0,0,0
133917,49,0,1,0,0,0,0,0,0
74839,49,0,1,0,0,0,0,0,0
73727,49,0,1,0,0,0,0,0,0
133911,49,0,1,1,0,0,0,0,0
133972,49,0,1,0,0,0,0,0,0
74407,49,0,1,0,0,0,0,0,0
74656,49,0,1,0,0,0,0,0,0
133844,49,0,1,0,0,0,0,0,0
73706,49,0,1,0,0,0,0,0,0
74126,49,0,1,0,0,0,0,0,0
77656,49,0,1,0,0,0,0,0,0
74540,49,0,1,0,0,0,0,0,0
74064,49,0,1,0,1,0,1,0,0
133927,49,0,1,0,0,0,0,0,0
65468,49,0,1,0,0,0,0,0,0
74138,49,1,0,0,0,0,0,0,0
133840,49,0,1,0,0,0,0,0,0
73824,49,0,1,1,0,0,0,0,0
74091,49,0,1,0,0,0,0,0,0
133973,49,0,1,0,0,0,0,0,0
133892,49,1,0,0,0,0,0,0,0
133858,49,0,1,0,0,0,0,0,0
73712,49,0,1,0,1,1,0,0,0
73959,49,0,1,0,0,0,0,0,0
133865,49,0,1,0,0,0,0,0,0
73449,49,0,1,0,0,0,0,0,0
73730,49,0,1,0,0,0,0,0,0
65472,49,0,1,0,0,0,0,0,0
74065,49,1,0,1,0,0,0,0,0
133872,49,0,1,0,0,0,0,0,0
74314,49,0,1,0,0,0,0,0,0
133918,49,0,1,0,0,0,0,0,0
74542,49,0,1,0,0,0,0,0,0
133970,49,0,1,0,0,0,0,0,0
133841,49,0,1,1,0,0,0,0,0
133950,49,0,1,0,0,0,0,0,0
74658,49,0,1,0,0,0,0,0,0
73732,49,0,1,0,0,0,0,0,0
74843,49,0,1,1,0,0,0,0,0
74418,49,0,1,0,0,0,0,0,0
73896,49,0,1,1,0,0,0,0,0
74293,49,0,1,0,0,0,0,0,0
73771,49,0,1,1,0,0,0,0,0
73758,49,0,1,0,0,0,0,0,0
74223,49,0,1,0,0,0,0,0,0
65475,49,0,1,0,0,0,0,0,0
133873,49,0,1,0,0,0,0,0,0
74199,49,0,1,0,1,1,0,0,0
133783,49,0,1,0,0,0,0,0,0
74844,49,0,1,1,0,0,0,0,0
133925,49,0,1,0,0,0,0,0,0
73981,49,0,1,0,1,1,0,0,0
74845,49,0,1,0,0,0,0,0,0
74189,49,0,1,1,0,0,0,0,0
133964,49,0,1,0,0,0,0,0,0
74544,49,0,1,1,0,0,0,0,0
133979,49,0,1,0,0,0,0,0,0
74659,49,0,1,0,0,0,0,0,0
133929,49,0,1,0,0,0,0,0,0
65480,49,0,1,1,0,0,0,0,0
73897,49,0,1,1,0,0,0,0,0
74076,49,0,1,0,1,1,0,0,0
133920,49,0,1,0,1,1,0,0,0
73972,49,0,1,0,0,0,0,0,0
73815,49,0,1,0,1,1,0,0,0
74077,49,0,1,1,0,0,0,0,0
74294,49,0,1,0,0,0,0,0,0
73707,49,0,1,0,0,0,0,0,0
73819,49,0,1,0,0,0,0,0,0
73738,49,0,1,0,0,0,0,0,0
74545,49,0,1,0,0,0,0,0,0
68676,49,0,1,1,0,0,0,0,0
73739,49,0,1,0,0,0,0,0,0
73453,49,0,1,0,0,0,0,0,0
73960,49,0,1,0,0,0,0,0,0
73530,49,0,1,0,0,0,0,0,0
73953,49,0,1,0,0,0,0,0,0
74324,49,0,1,1,0,0,0,0,0
73740,49,0,1,0,0,0,0,0,0
73708,49,0,1,0,0,0,0,0,0
74078,49,0,1,0,0,0,0,0,0
73773,49,0,1,0,0,0,0,0,0
73795,49,0,1,1,0,0,0,0,0
73974,49,0,1,0,0,0,0,0,0
74662,49,0,1,1,0,0,0,0,0
74325,49,0,1,0,0,0,0,0,0
74663,49,0,1,0,0,0,0,0,0
133853,49,0,1,1,0,0,0,0,0
74421,49,0,1,0,0,0,0,0,0
73741,49,0,1,0,0,0,0,0,0
133915,49,1,0,0,0,0,0,0,0
74664,49,0,1,0,0,0,0,0,0
73954,49,0,1,0,0,0,0,0,0
73709,49,0,1,0,0,0,0,0,0
74410,49,0,1,0,0,0,0,0,0
73570,49,0,1,0,0,0,0,0,0
74008,49,0,1,0,0,0,0,0,0
133959,49,0,1,0,0,0,0,0,0
73742,49,0,1,0,0,0,0,0,0
74296,49,0,1,0,0,0,0,0,0
74847,49,0,1,1,0,0,0,0,0
74546,49,0,1,0,0,0,0,0,0
74547,49,0,1,1,0,0,0,0,0
74338,49,0,1,0,0,0,0,0,0
74848,49,1,0,1,0,0,0,0,0
74548,49,0,1,1,0,0,0,0,0
133954,49,0,1,0,0,0,0,0,0
74201,49,0,1,0,0,0,0,0,0
73967,49,0,1,0,0,0,0,0,0
74528,49,0,1,0,1,1,0,0,0
133862,49,0,1,0,0,0,0,0,0
74549,49,0,1,0,0,0,0,0,0
133980,49,0,1,0,0,0,0,0,0
133891,49,0,1,0,0,0,0,0,0
74334,49,0,1,0,0,0,0,0,0
74131,49,0,1,0,0,0,0,0,0
73962,49,0,1,1,0,0,0,0,0
74422,49,0,1,0,0,0,0,0,0
133863,49,0,1,0,0,0,0,0,0
133881,49,0,1,0,0,0,0,0,0
74128,49,0,1,0,0,0,0,0,0
74316,49,0,1,0,0,0,0,0,0
74182,49,0,1,0,0,0,0,0,0
73533,49,0,1,0,0,0,0,0,0
74849,49,0,1,0,0,0,0,0,0
73664,49,0,1,0,0,0,0,0,0
133969,49,0,1,0,0,0,0,0,0
133935,49,0,1,0,0,0,0,0,0
133921,49,0,1,0,0,0,0,0,0
73744,49,0,1,0,0,0,0,0,0
74092,49,0,1,0,0,0,0,0,0
74240,49,0,1,0,0,0,0,0,0
133857,49,0,1,0,0,0,0,0,0
73658,49,0,1,1,0,0,0,0,0
73710,49,0,1,0,0,0,0,0,0
133974,49,0,1,0,0,0,0,0,0
73747,49,0,1,0,0,0,0,0,0
74551,49,0,1,0,0,0,0,0,0
74552,49,0,1,0,0,0,0,0,0
73535,49,0,1,1,0,0,0,0,0
133854,49,0,1,0,0,0,0,0,0
133933,49,0,1,0,0,0,0,0,0
73711,49,0,1,0,0,0,0,0,0
133848,49,0,1,0,0,0,0,0,0
73536,49,0,1,1,0,0,0,0,0
73831,49,0,1,1,0,0,0,0,0
73749,49,0,1,0,0,0,0,0,0
133936,49,0,1,0,0,0,0,0,0
74553,49,0,1,1,0,0,0,0,0
74851,49,0,1,0,0,0,0,0,0
74203,49,0,1,0,0,0,0,0,0
133976,49,0,1,0,0,0,0,0,0
73751,49,0,1,0,0,0,0,0,0
133940,49,0,1,0,0,0,0,0,0
74782,49,0,1,0,0,0,0,0,0
133867,49,0,1,0,0,0,0,0,0
74853,49,0,1,0,0,0,0,0,0
133861,49,0,1,0,0,0,0,0,0
133941,49,0,1,0,0,0,0,0,0
73715,49,0,1,0,0,0,0,0,0
73901,49,0,1,1,0,0,0,0,0
73540,49,0,1,0,0,0,0,0,0
133981,49,0,1,0,0,0,0,0,0
74424,49,0,1,0,0,0,0,0,0
74297,49,0,1,1,0,0,0,0,0
74125,49,0,1,0,0,0,0,0,0
74412,49,0,1,0,0,0,0,0,0
133914,49,0,1,0,0,0,0,0,0
133975,49,0,1,0,1,1,0,0,0
133839,49,0,1,1,0,0,0,0,0
74854,49,0,1,0,0,0,0,0,0
74425,49,0,1,0,0,0,0,0,0
133977,49,0,1,0,0,0,0,0,0
74426,49,0,1,0,0,0,0,0,0
133782,49,0,1,0,0,0,0,0,0
73714,49,0,1,1,0,0,0,0,0
74740,49,0,1,0,0,0,0,0,0
74741,49,0,1,1,0,0,0,0,0
65495,49,0,1,1,0,0,0,0,0
74529,49,0,1,0,0,0,0,0,0
74520,49,0,1,0,0,0,0,0,0
133962,49,0,1,0,0,0,0,0,0
73756,49,0,1,0,0,0,0,0,0
73975,49,0,1,0,0,0,0,0,0
73630,49,0,1,0,0,0,0,0,0
73757,49,0,1,0,0,0,0,0,0
132146,49,0,1,0,0,0,0,0,0
74570,49,0,1,1,0,0,0,0,0
73544,49,0,1,0,1,0,0,1,0
74742,49,0,1,1,0,0,0,0,0
73869,49,0,1,0,0,0,0,0,0
74326,49,0,1,0,0,0,0,0,0
74855,49,0,1,0,0,0,0,0,0
133931,49,0,1,0,0,0,0,0,0
73716,49,0,1,0,0,0,0,0,0
74743,49,0,1,0,0,0,0,0,0
74555,49,0,1,0,0,0,0,0,0
73826,49,0,1,0,0,0,0,0,0
73754,49,0,1,0,0,0,0,0,0
73822,49,0,1,0,1,0,1,0,0
73474,49,1,0,1,0,0,0,0,0
65987,49,1,0,1,0,0,0,0,0
65498,49,1,0,1,0,0,0,0,0
73982,49,0,1,1,0,0,0,0,0
73777,49,0,1,1,0,0,0,0,0
74630,49,0,1,0,0,0,0,0,0
74002,49,0,1,0,0,0,0,0,0
73778,49,0,1,1,0,0,0,0,0
73546,49,0,1,0,0,0,0,0,0
74521,49,0,1,1,0,0,0,0,0
133937,49,0,1,0,0,0,0,0,0
67836,49,0,1,0,0,0,0,0,0
73878,49,0,1,0,0,0,0,0,0
74135,49,0,1,0,0,0,0,0,0
74632,49,0,1,0,0,0,0,0,0
74427,49,0,1,0,0,0,0,0,0
73717,49,0,1,1,0,0,0,0,0
74339,49,0,1,1,0,0,0,0,0
133870,49,0,1,0,0,0,0,0,0
133922,49,0,1,0,0,0,0,0,0
133967,49,0,1,0,0,0,0,0,0
133982,49,0,1,0,0,0,0,0,0
133879,49,0,1,0,0,0,0,0,0
73969,49,0,1,0,0,0,0,0,0
73547,49,0,1,0,0,0,0,0,0
74633,49,0,1,0,0,0,0,0,0
73820,49,0,1,0,0,0,0,0,0
73495,49,0,1,0,0,0,0,0,0
133994,49,0,1,0,0,0,0,0,0
65459,49,0,1,0,0,0,0,0,0
133887,49,0,1,0,0,0,0,0,0
73548,49,0,1,1,0,0,0,0,0
133880,49,0,1,0,0,0,0,0,0
74859,49,1,0,0,0,0,0,0,0
73719,49,0,1,0,0,0,0,0,0
67144,49,0,1,0,0,0,0,0,0
74745,49,0,1,0,0,0,0,0,0
74634,49,0,1,0,1,1,0,0,0
73659,49,1,0,0,0,0,0,0,0
73796,49,1,0,0,0,0,0,0,0
73669,49,1,0,0,0,0,0,0,0
73759,49,1,0,0,0,0,0,0,0
133893,49,0,1,0,0,0,0,0,0
133963,49,0,1,0,0,0,0,0,0
133889,49,0,1,0,0,0,0,0,0
74747,49,0,1,0,0,0,0,0,0
74114,49,0,1,0,0,0,0,0,0
73976,49,0,1,0,0,0,0,0,0
133871,49,0,1,0,0,0,0,0,0
74183,49,0,1,0,0,0,0,0,0
133884,49,0,1,0,0,0,0,0,0
73839,49,0,1,0,0,0,0,0,0
74748,49,0,1,0,0,0,0,0,0
73551,49,0,1,0,0,0,0,0,0
65904,49,0,1,0,0,0,0,0,0
1535,49,0,1,0,0,0,0,0,0
74206,49,0,1,0,0,0,0,0,0
73797,49,0,1,0,0,0,0,0,0
133908,49,0,1,0,0,0,0,0,0
73818,49,0,1,0,0,0,0,0,0
73780,49,0,1,0,0,0,0,0,0
74015,49,0,1,0,0,0,0,0,0
133965,49,0,1,0,0,0,0,0,0
133859,49,0,1,0,0,0,0,0,0
133878,49,0,1,0,0,0,0,0,0
73840,49,0,1,0,0,0,0,0,0
74249,49,0,1,0,0,0,0,0,0
133984,49,0,1,0,0,0,0,0,0
73552,49,0,1,1,0,0,0,0,0
65511,49,0,1,0,0,0,0,0,0
74337,49,0,1,0,1,1,0,0,0
74862,49,0,1,1,0,0,0,0,0
74238,49,0,1,0,0,0,0,0,0
74457,49,0,1,1,0,0,0,0,0
73847,49,0,1,0,0,0,0,0,0
74067,49,0,1,0,0,0,0,0,0
133883,49,0,1,0,0,0,0,0,0
74318,49,0,1,0,0,0,0,0,0
74013,49,0,1,0,0,0,0,0,0
133869,49,0,1,0,0,0,0,0,0
74219,49,0,1,0,0,0,0,0,0
74225,49,0,1,0,0,0,0,0,0
73416,49,0,1,1,0,0,0,0,0
73798,49,0,1,0,0,0,0,0,0
73553,49,0,1,1,0,0,0,0,0
133882,49,0,1,0,0,0,0,0,0
73907,49,0,1,0,0,0,0,0,0
73965,49,0,1,0,0,0,0,0,0
73761,49,0,1,0,0,0,0,0,0
74636,49,0,1,0,0,0,0,0,0
73881,49,0,1,0,0,0,0,0,0
74327,49,0,1,0,0,0,0,0,0
74080,49,0,1,0,1,1,0,0,0
74751,49,0,1,1,0,0,0,0,0
74429,49,0,1,0,0,0,0,0,0
133956,49,0,1,0,0,0,0,0,0
73908,49,0,1,0,0,0,0,0,0
74752,49,0,1,1,0,0,0,0,0
74005,49,0,1,1,0,0,0,0,0
133944,49,0,1,0,0,0,0,0,0
133909,49,0,1,0,0,0,0,0,0
133874,49,0,1,0,0,0,0,0,0
73821,49,0,1,0,0,0,0,0,0
74753,49,0,1,0,0,0,0,0,0
73660,49,0,1,0,0,0,0,0,0
133932,49,0,1,0,0,0,0,0,0
133845,49,0,1,0,0,0,0,0,0
74430,49,0,1,0,0,0,0,0,0
133955,49,0,1,0,0,0,0,0,0
74191,49,0,1,1,0,0,0,0,0
73843,49,0,1,0,0,0,0,0,0
133943,49,0,1,0,0,0,0,0,0
74319,49,0,1,1,0,0,0,0,0
73845,49,0,1,0,0,0,0,0,0
74095,49,0,1,0,1,1,0,0,0
133923,49,0,1,0,0,0,0,0,0
73882,49,0,1,1,0,0,0,0,0
73784,49,0,1,0,0,0,0,0,0
73961,49,0,1,0,0,0,0,0,0
73576,49,0,1,1,0,0,0,0,0
74754,49,0,1,0,0,0,0,0,0
73846,49,0,1,0,0,0,0,0,0
133934,49,0,1,1,0,0,0,0,0
74755,49,0,1,0,0,0,0,0,0
73555,49,0,1,1,0,0,0,0,0
73849,49,0,1,0,0,0,0,0,0
74448,49,0,1,0,1,1,0,0,0
74192,49,0,1,1,0,0,0,0,0
133904,49,0,1,0,0,0,0,0,0
74804,49,0,1,1,0,0,0,0,0
73910,49,0,1,0,1,0,1,0,0
73966,49,0,1,0,0,0,0,0,0
133947,49,0,1,0,0,0,0,0,0
133968,49,0,1,1,0,0,0,0,0
74082,49,0,1,1,0,0,0,0,0
73870,49,0,1,0,0,0,0,0,0
73816,49,0,1,0,0,0,0,0,0
74083,49,0,1,0,1,1,0,0,0
73671,49,0,1,0,0,0,0,0,0
74431,49,0,1,0,0,0,0,0,0
74637,49,0,1,0,0,0,0,0,0
74207,49,0,1,1,0,0,0,0,0
73850,49,0,1,0,0,0,0,0,0
133849,49,0,1,0,0,0,0,0,0
73799,49,0,1,0,0,0,0,0,0
74102,49,0,1,0,0,0,0,0,0
74756,49,0,1,0,0,0,0,0,0
73635,49,0,1,0,0,0,0,0,0
74304,49,0,1,0,0,0,0,0,0
65505,49,0,1,0,0,0,0,0,0
74638,49,0,1,0,0,0,0,0,0
133896,49,0,1,0,0,0,0,0,0
133864,49,1,0,0,0,0,0,0,0
74757,49,0,1,0,0,0,0,0,0
133953,49,0,1,1,0,0,0,0,0
73851,49,0,1,0,0,0,0,0,0
73800,49,1,0,0,0,0,0,0,0
73786,49,0,1,1,0,0,0,0,0
73787,49,0,1,0,0,0,0,0,0
73475,49,0,1,0,0,0,0,0,0
73801,49,0,1,1,0,0,0,0,0
73830,49,0,1,0,0,0,0,0,0
73956,49,0,1,0,0,0,0,0,0
74557,49,0,1,0,0,0,0,0,0
74003,49,0,1,0,0,0,0,0,0
73557,49,0,1,0,0,0,0,0,0
73803,49,0,1,0,0,0,0,0,0
73802,49,0,1,1,0,0,0,0,0
74777,49,1,0,0,0,0,0,0,0
133926,49,0,1,0,0,0,0,0,0
73674,49,0,1,1,0,0,0,0,0
74758,49,0,1,0,0,0,0,0,0
73419,49,0,1,0,0,0,0,0,0
73804,49,0,1,0,0,0,0,0,0
73805,49,0,1,1,0,0,0,0,0
73420,49,0,1,1,0,0,0,0,0
74433,49,0,1,0,0,0,0,0,0
133992,49,0,1,0,0,0,0,0,0
133913,49,0,1,0,0,0,0,0,0
74826,49,0,1,0,0,0,0,0,0
73871,49,0,1,0,0,0,0,0,0
73558,49,0,1,0,0,0,0,0,0
73650,49,0,1,0,0,0,0,0,0
74759,49,0,1,1,0,0,0,0,0
133945,49,0,1,0,0,0,0,0,0
74813,49,0,1,1,0,0,0,0,0
74760,49,0,1,0,0,0,0,0,0
74184,49,0,1,1,0,0,0,0,0
73507,49,1,0,1,0,0,0,0,0
73806,49,1,0,1,0,0,0,0,0
73422,49,0,1,0,0,0,0,0,0
73807,49,0,1,0,0,0,0,0,0
73466,49,0,1,1,0,0,0,0,0
73963,49,0,1,0,0,0,0,0,0
133912,49,0,1,0,0,0,0,0,0
133946,49,0,1,0,0,0,0,0,0
74434,49,0,1,0,0,0,0,0,0
133924,49,0,1,0,0,0,0,0,0
133986,49,1,0,0,0,0,0,0,0
74761,49,1,0,0,0,0,0,0,0
74210,49,0,1,1,0,0,0,0,0
73596,49,0,1,0,0,0,0,0,0
73763,49,0,1,1,0,0,0,0,0
133948,49,0,1,0,0,0,0,0,0
73423,49,0,1,0,0,0,0,0,0
74069,49,0,1,1,0,0,0,0,0
73808,49,0,1,0,1,1,0,0,0
73973,49,0,1,0,0,0,0,0,0
73855,49,0,1,0,0,0,0,0,0
133905,49,0,1,0,0,0,0,0,0
133949,49,0,1,0,0,0,0,0,0
74435,49,0,1,0,0,0,0,0,0
73755,49,0,1,0,0,0,0,0,0
74763,49,0,1,0,0,0,0,0,0
74764,49,0,1,0,0,0,0,0,0
73510,49,0,1,0,0,0,0,0,0
73856,49,0,1,1,0,0,0,0,0
73718,49,0,1,0,0,0,0,0,0
73424,49,0,1,1,0,0,0,0,0
74085,49,1,0,0,0,0,0,0,0
133966,49,0,1,0,0,0,0,0,0
133886,49,0,1,0,0,0,0,0,0
133919,49,0,1,1,0,0,0,0,0
73989,49,0,1,1,0,0,0,0,0
160608,49,1,0,0,1,1,0,0,0
133843,49,0,1,0,0,0,0,0,0
74767,49,0,1,0,1,1,0,0,0
74415,49,0,1,1,0,0,0,0,0
73872,49,0,1,0,0,0,0,0,0
73562,49,0,1,0,0,0,0,0,0
133903,49,0,1,0,0,0,0,0,0
74307,49,0,1,0,0,0,0,0,0
73809,49,0,1,0,0,0,0,0,0
133850,49,0,1,0,0,0,0,0,0
73564,49,0,1,0,0,0,0,0,0
73565,49,0,1,0,0,0,0,0,0
74070,49,0,1,0,1,1,0,0,0
74010,49,0,1,1,0,0,0,0,0
74348,49,0,1,1,0,0,0,0,0
133951,49,0,1,0,0,0,0,0,0
133860,49,0,1,0,0,0,0,0,0
133960,49,0,1,0,0,0,0,0,0
133938,49,0,1,0,0,0,0,0,0
133855,49,0,1,0,0,0,0,0,0
73677,49,0,1,1,0,0,0,0,0
74019,49,0,1,0,0,0,0,0,0
133890,49,0,1,0,0,0,0,0,0
73810,49,0,1,0,0,0,0,0,0
74768,49,0,1,1,0,0,0,0,0
74694,49,0,1,1,0,0,0,0,0
133985,49,0,1,0,0,0,0,0,0
74132,49,0,1,0,0,0,0,0,0
73567,49,0,1,0,0,0,0,0,0
73811,49,0,1,0,0,0,0,0,0
133930,49,0,1,0,0,0,0,0,0
74576,49,0,1,0,0,0,0,0,0
73990,49,0,1,0,0,0,0,0,0
73812,49,0,1,0,0,0,0,0,0
73862,49,1,0,0,0,0,0,0,0
73653,49,0,1,1,0,0,0,0,0
73792,49,0,1,0,0,0,0,0,0
133928,49,0,1,0,0,0,0,0,0
74438,49,0,1,0,0,0,0,0,0
73598,49,0,1,0,0,0,0,0,0
73864,49,0,1,0,0,0,0,0,0
73863,49,0,1,0,0,0,0,0,0
74769,49,0,1,0,0,0,0,0,0
73678,49,0,1,1,0,0,0,0,0
74185,49,1,0,0,0,0,0,0,0
73713,49,0,1,0,0,0,0,0,0
204554,56,0,1,0,1,0,1,0,0
204521,56,0,1,1,0,0,0,0,0
204379,56,0,1,1,0,0,0,0,0
204560,56,0,1,1,0,0,0,0,0
204528,56,1,0,1,0,0,0,0,0
121948,56,0,1,1,0,0,0,0,0
74646,56,0,1,1,0,0,0,0,0
141372,56,0,1,1,0,0,0,0,0
160508,56,0,1,0,1,1,0,0,0
136811,56,0,1,1,0,0,0,0,0
178835,56,0,1,1,0,0,0,0,0
160527,56,0,1,1,0,0,0,0,0
204495,56,0,1,1,0,0,0,0,0
204549,56,0,1,1,0,0,0,0,0
178836,56,0,1,1,0,0,0,0,0
160559,56,0,1,1,0,0,0,0,0
204413,56,0,1,1,0,0,0,0,0
204545,56,1,0,1,0,0,0,0,0
204501,56,0,1,1,0,0,0,0,0
160511,56,0,1,1,0,0,0,0,0
178972,56,0,1,1,0,0,0,0,0
204571,56,0,1,1,0,0,0,0,0
105534,56,0,1,1,0,0,0,0,0
204544,56,0,1,1,0,0,0,0,0
160545,56,0,1,1,0,0,0,0,0
204503,56,0,1,1,0,0,0,0,0
178833,56,0,1,1,0,0,0,0,0
204516,56,0,1,1,0,0,0,0,0
221148,56,0,1,0,1,0,1,0,0
74057,56,1,0,1,0,0,0,0,0
178927,56,0,1,1,0,0,0,0,0
204353,56,1,0,1,0,0,0,0,0
204400,56,1,0,1,0,0,0,0,0
178937,56,0,1,0,1,1,0,0,0
178881,56,0,1,1,0,0,0,0,0
204356,56,0,1,1,0,0,0,0,0
178831,56,0,1,0,1,1,0,0,0
74471,56,0,1,1,0,0,0,0,0
204423,56,0,1,1,0,0,0,0,0
133439,56,0,1,1,0,0,0,0,0
178882,56,0,1,0,1,1,0,0,0
204515,56,0,1,1,0,0,0,0,0
141379,56,1,0,0,1,1,0,0,0
73696,56,1,0,1,0,0,0,0,0
74212,56,0,1,0,1,1,0,0,0
123756,56,1,0,1,0,0,0,0,0
160553,56,0,1,0,1,0,1,0,0
73433,56,0,1,1,0,0,0,0,0
141391,56,0,1,1,0,0,0,0,0
204414,56,0,1,1,0,0,0,0,0
160541,56,0,1,0,1,1,0,0,0
160600,56,0,1,1,0,0,0,0,0
159237,56,0,1,1,0,0,0,0,0
74090,56,0,1,1,0,0,0,0,0
74459,56,0,1,1,0,0,0,0,0
160665,56,0,1,1,0,0,0,0,0
204509,56,1,0,0,1,1,0,0,0
160512,56,0,1,1,0,0,0,0,0
69871,56,0,1,1,0,0,0,0,0
178975,56,0,1,1,0,0,0,0,0
73701,56,1,0,0,1,0,1,0,0
109429,56,0,1,1,0,0,0,0,0
141335,56,0,1,0,1,1,0,0,0
204358,56,0,1,0,1,1,0,0,0
178948,56,0,1,1,0,0,0,0,0
207176,56,1,0,1,0,0,0,0,0
204374,56,1,0,1,0,0,0,0,0
204388,56,0,1,1,0,0,0,0,0
141513,56,0,1,1,0,0,0,0,0
204561,56,0,1,0,1,0,1,0,0
204397,56,0,1,1,0,0,0,0,0
160538,56,0,1,1,0,0,0,0,0
74052,56,0,1,0,1,1,0,0,0
204551,56,0,1,0,1,1,0,0,0
204502,56,0,1,1,0,0,0,0,0
160589,56,1,0,1,0,0,0,0,0
204520,56,0,1,1,0,0,0,0,0
93083,56,0,1,1,0,0,0,0,0
204352,56,0,1,0,1,1,0,0,0
204572,56,0,1,1,0,0,0,0,0
178829,56,0,1,1,0,0,0,0,0
204531,56,0,1,1,0,0,0,0,0
178924,56,0,1,0,1,0,1,0,0
204487,56,0,1,1,0,0,0,0,0
213762,56,1,0,1,0,0,0,0,0
204507,56,1,0,1,0,0,0,0,0
141401,56,0,1,1,0,0,0,0,0
204361,56,0,1,1,0,0,0,0,0
178962,56,0,1,1,0,0,0,0,0
178993,56,0,1,0,1,1,0,0,0
204460,56,0,1,1,0,0,0,0,0
74262,56,0,1,1,0,0,0,0,0
204426,56,0,1,1,0,0,0,0,0
141398,56,0,1,1,0,0,0,0,0
164360,56,1,0,1,0,0,0,0,0
204369,56,1,0,1,0,0,0,0,0
204499,56,0,1,0,1,1,0,0,0
204380,56,1,0,1,0,0,0,0,0
204370,56,0,1,1,0,0,0,0,0
178876,56,0,1,1,0,0,0,0,0
204488,56,0,1,1,0,0,0,0,0
141405,56,0,1,1,0,0,0,0,0
73441,56,0,1,1,0,0,0,0,0
204496,56,0,1,1,0,0,0,0,0
204504,56,0,1,1,0,0,0,0,0
205476,56,0,1,0,1,1,0,0,0
204490,56,0,1,1,0,0,0,0,0
141439,56,0,1,1,0,0,0,0,0
204476,56,0,1,1,0,0,0,0,0
204462,56,1,0,0,1,1,0,0,0
178928,56,1,0,1,0,0,0,0,0
204440,56,0,1,1,0,0,0,0,0
178939,56,1,0,1,0,0,0,0,0
74537,56,0,1,1,0,0,0,0,0
141408,56,0,1,1,0,0,0,0,0
204376,56,0,1,1,0,0,0,0,0
204378,56,0,1,0,1,1,0,0,0
204514,56,0,1,1,0,0,0,0,0
178963,56,0,1,1,0,0,0,0,0
135054,56,0,1,1,0,0,0,0,0
204355,56,0,1,1,0,0,0,0,0
141411,56,0,1,1,0,0,0,0,0
217330,56,0,1,0,1,1,0,0,0
74467,56,0,1,0,1,0,1,0,0
74060,56,0,1,0,1,1,0,0,0
178916,56,0,1,1,0,0,0,0,0
204367,56,0,1,1,0,0,0,0,0
204454,56,0,1,1,0,0,0,0,0
204409,56,0,1,1,0,0,0,0,0
204459,56,1,0,1,0,0,0,0,0
160528,56,0,1,1,0,0,0,0,0
62881,56,0,1,1,0,0,0,0,0
160552,56,0,1,1,0,0,0,0,0
116379,56,0,1,1,0,0,0,0,0
73891,56,0,1,1,0,0,0,0,0
205548,56,0,1,0,1,0,1,0,0
204511,56,0,1,1,0,0,0,0,0
204451,56,0,1,1,0,0,0,0,0
178908,56,0,1,0,1,1,0,0,0
204512,56,0,1,1,0,0,0,0,0
204569,56,0,1,0,1,1,0,0,0
164359,56,0,1,1,0,0,0,0,0
204542,56,0,1,1,0,0,0,0,0
213856,56,0,1,0,1,1,0,0,0
160588,56,0,1,1,0,0,0,0,0
178929,56,0,1,1,0,0,0,0,0
160599,56,0,1,1,0,0,0,0,0
143632,56,0,1,1,0,0,0,0,0
160758,56,0,1,1,0,0,0,0,0
204450,56,0,1,1,0,0,0,0,0
213854,56,0,1,1,0,0,0,0,0
204518,56,0,1,1,0,0,0,0,0
212625,56,0,1,1,0,0,0,0,0
204481,56,0,1,1,0,0,0,0,0
213679,56,0,1,0,1,1,0,0,0
204439,56,0,1,1,0,0,0,0,0
204351,56,0,1,1,0,0,0,0,0
178830,56,0,1,1,0,0,0,0,0
204412,56,0,1,1,0,0,0,0,0
81297,56,1,0,1,0,0,0,0,0
204434,56,1,0,1,0,0,0,0,0
178994,56,1,0,1,0,0,0,0,0
204562,56,0,1,0,1,1,0,0,0
141417,56,0,1,0,1,1,0,0,0
134812,56,0,1,1,0,0,0,0,0
204421,56,1,0,0,1,1,0,0,0
74655,56,0,1,1,0,0,0,0,0
204541,56,0,1,1,0,0,0,0,0
92346,56,0,1,1,0,0,0,0,0
204552,56,0,1,1,0,0,0,0,0
204500,56,0,1,1,0,0,0,0,0
178977,56,0,1,1,0,0,0,0,0
141421,56,0,1,1,0,0,0,0,0
141422,56,0,1,1,0,0,0,0,0
74075,56,1,0,1,0,0,0,0,0
154919,56,0,1,1,0,0,0,0,0
204364,56,0,1,0,1,1,0,0,0
160532,56,0,1,1,0,0,0,0,0
204389,56,0,1,1,0,0,0,0,0
220008,56,1,0,1,0,0,0,0,0
178854,56,0,1,1,0,0,0,0,0
221149,56,0,1,1,0,0,0,0,0
218086,56,1,0,0,1,1,0,0,0
198783,56,0,1,1,0,0,0,0,0
161550,56,0,1,1,0,0,0,0,0
207309,56,0,1,1,0,0,0,0,0
132504,56,0,1,1,0,0,0,0,0
204537,56,0,1,1,0,0,0,0,0
160575,56,1,0,1,0,0,0,0,0
160640,56,0,1,1,0,0,0,0,0
204482,56,0,1,1,0,0,0,0,0
178871,56,0,1,1,0,0,0,0,0
178930,56,0,1,1,0,0,0,0,0
178953,56,0,1,0,1,1,0,0,0
211866,56,0,1,1,0,0,0,0,0
219920,56,0,1,0,1,1,0,0,0
141428,56,0,1,1,0,0,0,0,0
68720,56,0,1,1,0,0,0,0,0
178969,56,0,1,1,0,0,0,0,0
141427,56,0,1,0,1,1,0,0,0
171623,56,0,1,1,0,0,0,0,0
204368,56,0,1,1,0,0,0,0,0
160587,56,0,1,1,0,0,0,0,0
66828,56,0,1,1,0,0,0,0,0
204477,56,0,1,1,0,0,0,0,0
72442,56,0,1,1,0,0,0,0,0
204398,56,0,1,1,0,0,0,0,0
204371,56,0,1,1,0,0,0,0,0
160666,56,0,1,1,0,0,0,0,0
204407,56,1,0,1,0,0,0,0,0
212504,56,0,1,1,0,0,0,0,0
141431,56,0,1,1,0,0,0,0,0
92699,56,0,1,1,0,0,0,0,0
204427,56,0,1,0,1,1,0,0,0
204411,56,0,1,1,0,0,0,0,0
204354,56,1,0,0,1,1,0,0,0
160598,56,1,0,1,0,0,0,0,0
141434,56,0,1,1,0,0,0,0,0
191923,56,0,1,0,1,1,0,0,0
204447,56,1,0,1,0,0,0,0,0
204392,56,0,1,1,0,0,0,0,0
204510,56,0,1,1,0,0,0,0,0
204494,56,0,1,1,0,0,0,0,0
204393,56,0,1,1,0,0,0,0,0
74200,56,0,1,0,1,1,0,0,0
115746,56,0,1,1,0,0,0,0,0
160669,56,0,1,0,1,1,0,0,0
204473,56,0,1,1,0,0,0,0,0
204484,56,0,1,1,0,0,0,0,0
204527,56,0,1,1,0,0,0,0,0
178966,56,1,0,1,0,0,0,0,0
74374,56,0,1,1,0,0,0,0,0
204394,56,0,1,0,1,1,0,0,0
74383,56,0,1,1,0,0,0,0,0
204575,56,0,1,1,0,0,0,0,0
204491,56,0,1,1,0,0,0,0,0
74270,56,0,1,1,0,0,0,0,0
204570,56,0,1,0,1,1,0,0,0
204365,56,0,1,1,0,0,0,0,0
160673,56,0,1,1,0,0,0,0,0
178996,56,0,1,1,0,0,0,0,0
152605,56,0,1,1,0,0,0,0,0
204419,56,0,1,1,0,0,0,0,0
107283,56,1,0,1,0,0,0,0,0
74419,56,0,1,1,0,0,0,0,0
129618,56,1,0,1,0,0,0,0,0
198197,56,1,0,1,0,0,0,0,0
204513,56,0,1,1,0,0,0,0,0
160667,56,0,1,1,0,0,0,0,0
204442,56,0,1,0,1,1,0,0,0
73460,56,0,1,1,0,0,0,0,0
204408,56,0,1,1,0,0,0,0,0
204456,56,0,1,1,0,0,0,0,0
204465,56,0,1,1,0,0,0,0,0
204548,56,0,1,0,1,1,0,0,0
178964,56,0,1,1,0,0,0,0,0
178873,56,0,1,1,0,0,0,0,0
204373,56,0,1,0,1,0,1,0,0
178909,56,0,1,0,1,1,0,0,0
204444,56,0,1,0,1,0,1,0,0
217036,56,0,1,1,0,0,0,0,0
73482,56,0,1,1,0,0,0,0,0
204539,56,0,1,0,1,1,0,0,0
178981,56,0,1,1,0,0,0,0,0
73772,56,0,1,1,0,0,0,0,0
178884,56,0,1,1,0,0,0,0,0
178959,56,0,1,0,1,1,0,0,0
141450,56,0,1,1,0,0,0,0,0
160674,56,0,1,1,0,0,0,0,0
204533,56,0,1,1,0,0,0,0,0
204564,56,0,1,0,1,1,0,0,0
204508,56,0,1,0,1,1,0,0,0
67138,56,1,0,1,0,0,0,0,0
204436,56,0,1,1,0,0,0,0,0
73531,56,0,1,1,0,0,0,0,0
74848,56,1,0,1,0,0,0,0,0
108338,56,1,0,1,0,0,0,0,0
74273,56,0,1,1,0,0,0,0,0
160570,56,0,1,1,0,0,0,0,0
178839,56,1,0,0,1,1,0,0,0
204435,56,0,1,0,1,1,0,0,0
178842,56,0,1,0,1,1,0,0,0
160531,56,0,1,0,1,1,0,0,0
74366,56,0,1,1,0,0,0,0,0
141458,56,0,1,1,0,0,0,0,0
178970,56,0,1,1,0,0,0,0,0
204429,56,0,1,1,0,0,0,0,0
141459,56,0,1,1,0,0,0,0,0
112437,56,0,1,1,0,0,0,0,0
204576,56,0,1,1,0,0,0,0,0
178910,56,0,1,0,1,1,0,0,0
214865,56,0,1,0,1,0,1,0,0
204468,56,1,0,0,1,0,0,0,1
204546,56,1,0,1,0,0,0,0,0
217480,56,0,1,0,1,1,0,0,0
205550,56,0,1,0,1,1,0,0,0
214694,56,0,1,1,0,0,0,0,0
178857,56,0,1,0,1,1,0,0,0
218245,56,0,1,1,0,0,0,0,0
141464,56,0,1,0,1,0,1,0,0
141470,56,0,1,1,0,0,0,0,0
204386,56,0,1,1,0,0,0,0,0
204472,56,0,1,1,0,0,0,0,0
204391,56,0,1,1,0,0,0,0,0
160619,56,0,1,1,0,0,0,0,0
74079,56,0,1,1,0,0,0,0,0
204555,56,0,1,1,0,0,0,0,0
74554,56,0,1,1,0,0,0,0,0
209189,56,0,1,0,1,1,0,0,0
74141,56,0,1,0,1,1,0,0,0
204563,56,0,1,0,1,1,0,0,0
215043,56,0,1,0,1,0,1,0,0
204474,56,0,1,0,1,1,0,0,0
204420,56,0,1,0,1,1,0,0,0
74317,56,0,1,1,0,0,0,0,0
204372,56,0,1,1,0,0,0,0,0
73586,56,0,1,1,0,0,0,0,0
74253,56,0,1,1,0,0,0,0,0
204457,56,0,1,1,0,0,0,0,0
204497,56,0,1,0,1,1,0,0,0
204574,56,0,1,0,1,1,0,0,0
204550,56,0,1,0,1,1,0,0,0
178886,56,0,1,1,0,0,0,0,0
204536,56,0,1,0,1,0,0,1,0
151208,56,0,1,1,0,0,0,0,0
141478,56,0,1,1,0,0,0,0,0
98057,56,0,1,1,0,0,0,0,0
74856,56,1,0,0,1,1,0,0,0
160534,56,1,0,1,0,0,0,0,0
141480,56,0,1,1,0,0,0,0,0
178832,56,1,0,1,0,0,0,0,0
204375,56,1,0,0,1,1,0,0,0
178825,56,0,1,0,1,1,0,0,0
204359,56,0,1,1,0,0,0,0,0
204547,56,0,1,0,1,0,1,0,0
122195,56,0,1,0,1,1,0,0,0
74156,56,0,1,0,1,0,1,0,0
74254,56,0,1,1,0,0,0,0,0
74299,56,0,1,1,0,0,0,0,0
92102,56,0,1,0,1,1,0,0,0
139285,56,1,0,0,1,1,0,0,0
74585,56,0,1,1,0,0,0,0,0
204405,56,1,0,1,0,0,0,0,0
204382,56,0,1,0,1,1,0,0,0
196358,56,0,1,0,1,1,0,0,0
219592,56,0,1,1,0,0,0,0,0
204523,56,0,1,1,0,0,0,0,0
204404,56,0,1,1,0,0,0,0,0
178879,56,0,1,1,0,0,0,0,0
74478,56,0,1,1,0,0,0,0,0
178931,56,0,1,1,0,0,0,0,0
178954,56,0,1,0,1,1,0,0,0
204381,56,0,1,1,0,0,0,0,0
160510,56,0,1,1,0,0,0,0,0
204410,56,1,0,1,0,0,0,0,0
204448,56,0,1,1,0,0,0,0,0
160645,56,0,1,1,0,0,0,0,0
204485,56,0,1,1,0,0,0,0,0
204543,56,0,1,0,1,1,0,0,0
178982,56,0,1,1,0,0,0,0,0
204455,56,0,1,1,0,0,0,0,0
162332,56,0,1,0,1,0,0,1,0
204526,56,0,1,1,0,0,0,0,0
74784,56,1,0,1,0,0,0,0,0
204418,56,0,1,1,0,0,0,0,0
178866,56,1,0,1,0,0,0,0,0
166402,56,1,0,1,0,0,0,0,0
151965,56,0,1,0,1,1,0,0,0
204458,56,1,0,1,0,0,0,0,0
179587,56,0,1,0,1,1,0,0,0
204469,56,0,1,0,1,1,0,0,0
204471,56,1,0,1,0,0,0,0,0
212749,56,0,1,1,0,0,0,0,0
156190,56,0,1,1,0,0,0,0,0
179000,56,0,1,1,0,0,0,0,0
146788,56,0,1,1,0,0,0,0,0
205863,56,0,1,1,0,0,0,0,0
204433,56,0,1,1,0,0,0,0,0
76874,56,0,1,1,0,0,0,0,0
133810,56,0,1,1,0,0,0,0,0
204558,56,0,1,1,0,0,0,0,0
204556,56,0,1,0,1,1,0,0,0
118594,56,0,1,1,0,0,0,0,0
221147,56,1,0,1,0,0,0,0,0
178983,56,0,1,1,0,0,0,0,0
179001,56,0,1,1,0,0,0,0,0
221183,56,0,1,0,1,1,0,0,0
81055,56,0,1,0,1,1,0,0,0
204452,56,0,1,0,1,1,0,0,0
160542,56,0,1,1,0,0,0,0,0
150418,56,0,1,0,1,0,1,0,0
204522,56,0,1,1,0,0,0,0,0
219585,56,0,1,1,0,0,0,0,0
133373,56,0,1,1,0,0,0,0,0
160535,56,0,1,1,0,0,0,0,0
204431,56,0,1,1,0,0,0,0,0
204011,56,0,1,0,1,1,0,0,0
204506,56,0,1,1,0,0,0,0,0
178943,56,0,1,1,0,0,0,0,0
204430,56,1,0,1,0,0,0,0,0
171619,56,1,0,1,0,0,0,0,0
74398,56,1,0,1,0,0,0,0,0
204540,56,1,0,1,0,0,0,0,0
178956,56,1,0,0,1,1,0,0,0
204428,56,1,0,1,0,0,0,0,0
204432,56,1,0,1,0,0,0,0,0
74158,56,0,1,1,0,0,0,0,0
178858,56,0,1,1,0,0,0,0,0
204403,56,0,1,1,0,0,0,0,0
204566,56,0,1,1,0,0,0,0,0
178843,56,0,1,1,0,0,0,0,0
75431,56,0,1,1,0,0,0,0,0
204486,56,0,1,0,1,1,0,0,0
74749,56,0,1,1,0,0,0,0,0
141508,56,0,1,1,0,0,0,0,0
188097,56,0,1,1,0,0,0,0,0
178984,56,0,1,1,0,0,0,0,0
178985,56,0,1,1,0,0,0,0,0
92172,56,0,1,1,0,0,0,0,0
154178,56,0,1,1,0,0,0,0,0
178895,56,0,1,1,0,0,0,0,0
178997,56,0,1,1,0,0,0,0,0
204453,56,1,0,1,0,0,0,0,0
218879,56,0,1,0,1,1,0,0,0
204449,56,0,1,1,0,0,0,0,0
74571,56,0,1,0,1,1,0,0,0
204415,56,0,1,1,0,0,0,0,0
146307,56,0,1,1,0,0,0,0,0
74165,56,0,1,0,1,1,0,0,0
178896,56,0,1,1,0,0,0,0,0
204384,56,0,1,1,0,0,0,0,0
204479,56,0,1,1,0,0,0,0,0
214445,56,0,1,1,0,0,0,0,0
74352,56,0,1,0,1,1,0,0,0
178986,56,0,1,1,0,0,0,0,0
194260,56,0,1,1,0,0,0,0,0
66179,56,1,0,1,0,0,0,0,0
216198,56,1,0,1,0,0,0,0,0
74159,56,0,1,1,0,0,0,0,0
178868,56,0,1,1,0,0,0,0,0
204498,56,0,1,0,1,1,0,0,0
74399,56,0,1,1,0,0,0,0,0
178987,56,0,1,0,1,0,1,0,0
204363,56,0,1,0,1,1,0,0,0
73463,56,0,1,1,0,0,0,0,0
73692,56,0,1,1,0,0,0,0,0
204422,56,0,1,0,1,0,1,0,0
204475,56,0,1,1,0,0,0,0,0
141515,56,0,1,1,0,0,0,0,0
204441,56,0,1,0,1,1,0,0,0
204573,56,0,1,1,0,0,0,0,0
160556,56,0,1,1,0,0,0,0,0
74319,56,0,1,1,0,0,0,0,0
160642,56,0,1,0,1,1,0,0,0
204553,56,0,1,0,1,0,1,0,0
205535,56,1,0,0,1,1,0,0,0
218741,56,0,1,1,0,0,0,0,0
74160,56,0,1,1,0,0,0,0,0
204377,56,1,0,1,0,0,0,0,0
171617,56,0,1,0,1,1,0,0,0
141518,56,0,1,1,0,0,0,0,0
141516,56,0,1,1,0,0,0,0,0
178860,56,0,1,1,0,0,0,0,0
204538,56,0,1,1,0,0,0,0,0
193726,56,0,1,0,1,1,0,0,0
160517,56,0,1,1,0,0,0,0,0
160558,56,0,1,1,0,0,0,0,0
204461,56,0,1,1,0,0,0,0,0
204492,56,0,1,0,1,1,0,0,0
74574,56,0,1,1,0,0,0,0,0
128760,56,0,1,1,0,0,0,0,0
74400,56,0,1,1,0,0,0,0,0
133968,56,0,1,1,0,0,0,0,0
141488,56,0,1,1,0,0,0,0,0
216544,56,0,1,1,0,0,0,0,0
215045,56,0,1,1,0,0,0,0,0
90201,56,0,1,1,0,0,0,0,0
178912,56,0,1,1,0,0,0,0,0
122974,56,0,1,0,1,1,0,0,0
204395,56,0,1,1,0,0,0,0,0
122158,56,0,1,1,0,0,0,0,0
160604,56,0,1,1,0,0,0,0,0
178844,56,0,1,1,0,0,0,0,0
204406,56,0,1,1,0,0,0,0,0
73943,56,1,0,1,0,0,0,0,0
204524,56,0,1,1,0,0,0,0,0
204529,56,1,0,1,0,0,0,0,0
73486,56,0,1,1,0,0,0,0,0
160601,56,0,1,1,0,0,0,0,0
160639,56,1,0,1,0,0,0,0,0
204390,56,0,1,0,1,1,0,0,0
204383,56,0,1,1,0,0,0,0,0
204446,56,0,1,0,1,0,1,0,0
204565,56,1,0,1,0,0,0,0,0
160641,56,1,0,0,1,1,0,0,0
204467,56,1,0,1,0,0,0,0,0
215361,56,1,0,1,0,0,0,0,0
178951,56,0,1,1,0,0,0,0,0
216313,56,0,1,0,1,1,0,0,0
204567,56,0,1,0,1,1,0,0,0
141523,56,0,1,1,0,0,0,0,0
74161,56,0,1,1,0,0,0,0,0
205865,56,0,1,1,0,0,0,0,0
178925,56,1,0,1,0,0,0,0,0
178989,56,1,0,1,0,0,0,0,0
214477,56,0,1,1,0,0,0,0,0
211498,56,0,1,0,1,1,0,0,0
73801,56,0,1,1,0,0,0,0,0
73788,56,0,1,1,0,0,0,0,0
215042,56,0,1,0,1,1,0,0,0
204362,56,0,1,1,0,0,0,0,0
160655,56,0,1,1,0,0,0,0,0
211649,56,0,1,1,0,0,0,0,0
213274,56,0,1,1,0,0,0,0,0
178920,56,0,1,0,1,1,0,0,0
204489,56,0,1,0,1,1,0,0,0
152610,56,0,1,1,0,0,0,0,0
160653,56,0,1,1,0,0,0,0,0
74305,56,0,1,1,0,0,0,0,0
204530,56,0,1,1,0,0,0,0,0
204366,56,0,1,1,0,0,0,0,0
141531,56,0,1,1,0,0,0,0,0
74693,56,0,1,1,0,0,0,0,0
204480,56,0,1,1,0,0,0,0,0
160651,56,0,1,1,0,0,0,0,0
178861,56,0,1,1,0,0,0,0,0
122466,56,0,1,1,0,0,0,0,0
204525,56,1,0,1,0,0,0,0,0
178945,56,1,0,0,1,0,1,0,0
204357,56,1,0,1,0,0,0,0,0
178935,56,0,1,1,0,0,0,0,0
73466,56,0,1,1,0,0,0,0,0
74371,56,0,1,1,0,0,0,0,0
178887,56,0,1,1,0,0,0,0,0
73604,56,0,1,1,0,0,0,0,0
221157,56,0,1,0,1,1,0,0,0
160635,56,0,1,1,0,0,0,0,0
204535,56,1,0,1,0,0,0,0,0
178990,56,0,1,1,0,0,0,0,0
204416,56,0,1,1,0,0,0,0,0
160621,56,0,1,1,0,0,0,0,0
90842,56,0,1,1,0,0,0,0,0
219599,56,0,1,1,0,0,0,0,0
204387,56,0,1,1,0,0,0,0,0
204399,56,0,1,1,0,0,0,0,0
178921,56,0,1,1,0,0,0,0,0
73808,56,0,1,0,1,1,0,0,0
178933,56,0,1,1,0,0,0,0,0
204438,56,0,1,1,0,0,0,0,0
178874,56,0,1,0,1,1,0,0,0
167614,56,0,1,1,0,0,0,0,0
204437,56,0,1,0,1,1,0,0,0
178961,56,1,0,1,0,0,0,0,0
204557,56,0,1,0,1,1,0,0,0
74356,56,0,1,0,1,1,0,0,0
204360,56,1,0,0,1,0,1,0,0
204425,56,0,1,1,0,0,0,0,0
168175,56,0,1,1,0,0,0,0,0
178946,56,1,0,1,0,0,0,0,0
178947,56,0,1,1,0,0,0,0,0
92776,56,0,1,1,0,0,0,0,0
177282,56,0,1,1,0,0,0,0,0
204534,56,1,0,1,0,0,0,0,0
178922,56,0,1,1,0,0,0,0,0
74806,56,0,1,1,0,0,0,0,0
204464,56,1,0,0,1,0,1,0,0
206231,56,0,1,1,0,0,0,0,0
178901,56,1,0,1,0,0,0,0,0
204466,56,1,0,1,0,0,0,0,0
180018,56,0,1,1,0,0,0,0,0
178862,56,1,0,0,1,0,1,0,0
219568,56,0,1,0,1,1,0,0,0
143084,56,0,1,1,0,0,0,0,0
204519,56,0,1,1,0,0,0,0,0
160976,56,0,1,0,1,1,0,0,0
197438,56,0,1,0,1,1,0,0,0
178934,56,0,1,1,0,0,0,0,0
216545,56,0,1,1,0,0,0,0,0
157130,56,0,1,1,0,0,0,0,0
178863,56,0,1,1,0,0,0,0,0
195866,56,0,1,0,1,1,0,0,0
204385,56,0,1,0,1,1,0,0,0
160610,56,0,1,0,1,0,1,0,0
141552,56,0,1,1,0,0,0,0,0
74376,56,0,1,1,0,0,0,0,0
141553,56,0,1,1,0,0,0,0,0
204505,56,0,1,1,0,0,0,0,0
204396,56,0,1,1,0,0,0,0,0
74283,56,0,1,0,1,0,1,0,0
137070,56,0,1,0,1,1,0,0,0
178888,56,0,1,1,0,0,0,0,0
204483,56,0,1,1,0,0,0,0,0
141555,56,0,1,1,0,0,0,0,0
204478,56,0,1,1,0,0,0,0,0
160591,56,0,1,1,0,0,0,0,0
204532,56,0,1,1,0,0,0,0,0
178992,56,0,1,1,0,0,0,0,0
215044,56,1,0,0,1,0,1,0,0
160569,56,0,1,0,1,1,0,0,0
178952,56,0,1,1,0,0,0,0,0
160518,56,0,1,1,0,0,0,0,0
74043,56,0,1,0,1,1,0,0,0
74044,56,0,1,0,1,1,0,0,0
204463,56,0,1,1,0,0,0,0,0
182146,56,0,1,0,1,1,0,0,0
74439,56,0,1,1,0,0,0,0,0
191945,56,0,1,1,0,0,0,0,0
178889,56,0,1,0,1,1,0,0,0
204559,56,0,1,0,1,1,0,0,0
160632,56,0,1,1,0,0,0,0,0
204517,56,0,1,1,0,0,0,0,0
178923,56,0,1,1,0,0,0,0,0
160592,56,0,1,1,0,0,0,0,0
73764,52,0,1,0,0,0,0,0,0
73886,52,0,1,0,0,0,0,0,0
74328,52,0,1,0,0,0,0,0,0
74386,52,0,1,0,0,0,0,0,0
133374,52,0,1,0,1,1,0,0,0
73765,52,0,1,0,0,0,0,0,0
136811,52,0,1,1,0,0,0,0,0
74358,52,0,1,1,0,0,0,0,0
73654,52,0,1,1,0,0,0,0,0
73457,52,0,1,0,0,0,0,0,0
74018,52,0,1,1,0,0,0,0,0
73579,52,0,1,1,0,0,0,0,0
73427,52,0,1,0,0,0,0,0,0
73979,52,0,1,0,0,0,0,0,0
73477,52,0,1,0,0,0,0,0,0
74828,52,0,1,0,0,0,0,0,0
73428,52,0,1,0,1,1,0,0,0
73458,52,0,1,1,0,0,0,0,0
74829,52,0,1,1,0,0,0,0,0
136226,52,0,1,1,0,0,0,0,0
74830,52,0,1,0,0,0,0,0,0
74057,52,1,0,1,0,0,0,0,0
74451,52,0,1,0,0,0,0,0,0
74675,52,1,0,0,0,0,0,0,0
74167,52,0,1,0,1,1,0,0,0
74341,52,0,1,0,1,1,0,0,0
73430,52,0,1,1,0,0,0,0,0
74036,52,0,1,1,0,0,0,0,0
129617,52,0,1,0,0,0,0,0,0
74260,52,0,1,0,0,0,0,0,0
133440,52,1,0,0,0,0,0,0,0
134115,52,1,0,0,0,0,0,0,0
74146,52,0,1,1,0,0,0,0,0
133377,52,0,1,1,0,0,0,0,0
74471,52,0,1,1,0,0,0,0,0
133439,52,0,1,1,0,0,0,0,0
74168,52,0,1,0,0,0,0,0,0
74377,52,0,1,1,0,0,0,0,0
74699,52,1,0,1,0,0,0,0,0
74212,52,0,1,0,1,1,0,0,0
74072,52,0,1,1,0,0,0,0,0
73928,52,1,0,0,0,0,0,0,0
73937,52,0,1,1,0,0,0,0,0
133371,52,0,1,0,0,0,0,0,0
74452,52,0,1,0,0,0,0,0,0
74373,52,0,1,1,0,0,0,0,0
73492,52,0,1,1,0,0,0,0,0
74058,52,0,1,0,1,1,0,0,0
73584,52,0,1,1,0,0,0,0,0
73431,52,0,1,0,0,0,0,0,0
73817,52,0,1,0,1,1,0,0,0
74194,52,0,1,0,0,0,0,0,0
73927,52,0,1,0,0,0,0,0,0
74648,52,0,1,1,0,0,0,0,0
74103,52,0,1,1,0,0,0,0,0
73433,52,0,1,1,0,0,0,0,0
74405,52,0,1,0,0,0,0,0,0
74472,52,0,1,1,0,0,0,0,0
73434,52,0,1,1,0,0,0,0,0
73993,52,0,1,0,0,0,0,0,0
74291,52,0,1,1,0,0,0,0,0
74833,52,0,1,1,0,0,0,0,0
74534,52,0,1,0,0,0,0,0,0
74287,52,0,1,1,0,0,0,0,0
73683,52,0,1,1,0,0,0,0,0
73435,52,0,1,1,0,0,0,0,0
74222,52,0,1,0,1,1,0,0,0
74378,52,0,1,1,0,0,0,0,0
74147,52,0,1,0,0,0,0,0,0
74090,52,0,1,1,0,0,0,0,0
74459,52,0,1,1,0,0,0,0,0
73889,52,0,1,0,0,0,0,0,0
74312,52,0,1,0,0,0,0,0,0
74349,52,0,1,1,0,0,0,0,0
74342,52,0,1,0,0,0,0,0,0
73663,52,0,1,0,0,0,0,0,0
74059,52,0,1,0,1,1,0,0,0
74517,52,0,1,0,1,1,0,0,0
74040,52,0,1,0,1,1,0,0,0
74169,52,0,1,1,0,0,0,0,0
74321,52,0,1,1,0,0,0,0,0
73478,52,0,1,1,0,0,0,0,0
141335,52,0,1,0,1,1,0,0,0
74030,52,0,1,1,0,0,0,0,0
74261,52,0,1,1,0,0,0,0,0
74170,52,0,1,0,1,0,1,0,0
74676,52,0,1,0,0,0,0,0,0
74702,52,0,1,0,0,0,0,0,0
74650,52,0,1,1,0,0,0,0,0
74052,52,0,1,0,1,1,0,0,0
74577,52,0,1,0,1,1,0,0,0
133658,52,0,1,1,0,0,0,0,0
73469,52,0,1,1,0,0,0,0,0
74285,52,0,1,0,0,0,0,0,0
74290,52,0,1,0,1,1,0,0,0
74473,52,0,1,0,1,1,0,0,0
74466,52,0,1,0,0,0,0,0,0
74474,52,0,1,1,0,0,0,0,0
141331,52,0,1,0,1,1,0,0,0
74651,52,0,1,1,0,0,0,0,0
74484,52,0,1,0,1,1,0,0,0
73825,52,0,1,0,0,0,0,0,0
74262,52,0,1,1,0,0,0,0,0
74835,52,0,1,0,0,0,0,0,0
73934,52,0,1,0,1,1,0,0,0
74148,52,0,1,0,0,0,0,0,0
74489,52,0,1,0,0,0,0,0,0
74799,52,1,0,0,0,0,0,0,0
73441,52,0,1,1,0,0,0,0,0
74195,52,0,1,0,0,0,0,0,0
74149,52,0,1,1,0,0,0,0,0
73480,52,0,1,1,0,0,0,0,0
74379,52,0,1,0,0,0,0,0,0
141336,52,0,1,1,0,0,0,0,0
74181,52,0,1,0,1,0,1,0,0
74171,52,0,1,1,0,0,0,0,0
74000,52,0,1,1,0,0,0,0,0
73595,52,0,1,1,0,0,0,0,0
74313,52,0,1,1,0,0,0,0,0
74537,52,0,1,1,0,0,0,0,0
141057,52,0,1,1,0,0,0,0,0
74263,52,0,1,0,0,0,0,0,0
137116,52,0,1,0,0,0,0,0,0
74527,52,0,1,0,0,0,0,0,0
74578,52,0,1,0,0,0,0,0,0
141334,52,0,1,1,0,0,0,0,0
74026,52,0,1,1,0,0,0,0,0
74230,52,0,1,0,1,1,0,0,0
74380,52,0,1,0,0,0,0,0,0
74097,52,0,1,0,1,1,0,0,0
73442,52,0,1,0,0,0,0,0,0
74538,52,0,1,0,0,0,0,0,0
73923,52,0,1,0,0,0,0,0,0
74016,52,0,1,0,1,1,0,0,0
74579,52,0,1,0,0,0,0,0,0
74467,52,0,1,0,1,0,1,0,0
74060,52,0,1,0,1,1,0,0,0
74654,52,0,1,0,0,0,0,0,0
74187,52,0,1,0,0,0,0,0,0
73891,52,0,1,1,0,0,0,0,0
73924,52,0,1,1,0,0,0,0,0
74172,52,0,1,1,0,0,0,0,0
73445,52,0,1,0,0,0,0,0,0
74252,52,1,0,0,0,0,0,0,0
73704,52,0,1,0,0,0,0,0,0
74264,52,0,1,1,0,0,0,0,0
73768,52,0,1,1,0,0,0,0,0
134893,52,0,1,1,0,0,0,0,0
74265,52,0,1,0,0,0,0,0,0
74468,52,0,1,0,1,1,0,0,0
74343,52,0,1,0,0,0,0,0,0
74705,52,0,1,1,0,0,0,0,0
74150,52,0,1,0,0,0,0,0,0
74680,52,0,1,0,0,0,0,0,0
74779,52,0,1,0,1,1,0,0,0
73542,52,0,1,0,0,0,0,0,0
74027,52,0,1,0,1,1,0,0,0
73920,52,0,1,0,0,0,0,0,0
73459,52,0,1,1,0,0,0,0,0
74381,52,1,0,1,0,0,0,0,0
74266,52,0,1,1,0,0,0,0,0
73793,52,0,1,1,0,0,0,0,0
133375,52,0,1,1,0,0,0,0,0
73599,52,0,1,0,0,0,0,0,0
73794,52,0,1,1,0,0,0,0,0
74580,52,0,1,0,0,0,0,0,0
73827,52,0,1,0,0,0,0,0,0
74267,52,1,0,1,0,0,0,0,0
74061,52,0,1,0,0,0,0,0,0
74838,52,0,1,0,0,0,0,0,0
74655,52,0,1,1,0,0,0,0,0
74416,52,0,1,1,0,0,0,0,0
74173,52,0,1,1,0,0,0,0,0
73945,52,0,1,1,0,0,0,0,0
74683,52,0,1,1,0,0,0,0,0
74382,52,0,1,0,0,0,0,0,0
74344,52,0,1,0,1,1,0,0,0
73938,52,0,1,0,0,0,0,0,0
74494,52,0,1,1,0,0,0,0,0
74174,52,1,0,0,0,0,0,0,0
74268,52,0,1,0,1,1,0,0,0
74198,52,0,1,0,0,0,0,0,0
73892,52,0,1,0,0,0,0,0,0
74657,52,0,1,0,0,0,0,0,0
74269,52,0,1,0,0,0,0,0,0
73893,52,0,1,1,0,0,0,0,0
74402,52,0,1,0,1,1,0,0,0
74408,52,0,1,1,0,0,0,0,0
74393,52,0,1,0,0,0,0,0,0
74454,52,0,1,0,1,1,0,0,0
74345,52,0,1,0,1,0,1,0,0
74062,52,0,1,0,1,1,0,0,0
74037,52,1,0,0,1,1,0,0,0
74542,52,0,1,0,0,0,0,0,0
141344,52,0,1,0,0,0,0,0,0
73471,52,0,1,1,0,0,0,0,0
74063,52,0,1,1,0,0,0,0,0
74658,52,0,1,0,0,0,0,0,0
136377,52,0,1,0,0,0,0,0,0
74417,52,0,1,1,0,0,0,0,0
74841,52,0,1,0,0,0,0,0,0
74842,52,0,1,1,0,0,0,0,0
74843,52,0,1,1,0,0,0,0,0
74487,52,0,1,1,0,0,0,0,0
74771,52,0,1,0,0,0,0,0,0
74700,52,0,1,0,0,0,0,0,0
74033,52,1,0,0,0,0,0,0,0
74480,52,0,1,1,0,0,0,0,0
74844,52,0,1,1,0,0,0,0,0
137983,52,0,1,0,1,1,0,0,0
74355,52,0,1,0,0,0,0,0,0
73981,52,0,1,0,1,1,0,0,0
74394,52,0,1,0,0,0,0,0,0
137578,52,0,1,1,0,0,0,0,0
74200,52,0,1,0,1,1,0,0,0
74544,52,0,1,1,0,0,0,0,0
74374,52,0,1,1,0,0,0,0,0
74151,52,0,1,1,0,0,0,0,0
74567,52,0,1,0,1,1,0,0,0
74066,52,0,1,0,0,0,0,0,0
73472,52,0,1,1,0,0,0,0,0
74383,52,0,1,1,0,0,0,0,0
74778,52,0,1,1,0,0,0,0,0
74270,52,0,1,1,0,0,0,0,0
74581,52,0,1,0,1,0,1,0,0
74558,52,0,1,1,0,0,0,0,0
74294,52,0,1,0,0,0,0,0,0
74419,52,0,1,1,0,0,0,0,0
129618,52,1,0,1,0,0,0,0,0
74139,52,0,1,0,0,0,0,0,0
73460,52,0,1,1,0,0,0,0,0
73582,52,0,1,0,0,0,0,0,0
74053,52,0,1,1,0,0,0,0,0
73925,52,0,1,0,0,0,0,0,0
73940,52,0,1,1,0,0,0,0,0
74324,52,0,1,1,0,0,0,0,0
73482,52,0,1,1,0,0,0,0,0
74660,52,0,1,1,0,0,0,0,0
73772,52,0,1,1,0,0,0,0,0
73946,52,0,1,0,1,1,0,0,0
73935,52,0,1,1,0,0,0,0,0
74780,52,1,0,1,0,0,0,0,0
74325,52,0,1,0,0,0,0,0,0
74663,52,0,1,0,0,0,0,0,0
74271,52,0,1,0,0,0,0,0,0
74295,52,0,1,0,1,1,0,0,0
74469,52,0,1,1,0,0,0,0,0
74421,52,0,1,0,0,0,0,0,0
138512,52,0,1,1,0,0,0,0,0
74162,52,1,0,1,0,0,0,0,0
73461,52,0,1,0,0,0,0,0,0
74152,52,0,1,0,1,0,1,0,0
74846,52,0,1,0,0,0,0,0,0
74562,52,0,1,0,0,0,0,0,0
74387,52,0,1,0,0,0,0,0,0
73531,52,0,1,1,0,0,0,0,0
74153,52,0,1,0,0,0,0,0,0
77701,52,0,1,1,0,0,0,0,0
73929,52,0,1,0,1,1,0,0,0
74665,52,0,1,1,0,0,0,0,0
74847,52,0,1,1,0,0,0,0,0
133376,52,0,1,0,0,0,0,0,0
74547,52,0,1,1,0,0,0,0,0
74272,52,0,1,1,0,0,0,0,0
74848,52,1,0,1,0,0,0,0,0
73926,52,1,0,0,1,1,0,0,0
74273,52,0,1,1,0,0,0,0,0
74031,52,0,1,0,1,1,0,0,0
74549,52,0,1,0,0,0,0,0,0
74559,52,0,1,1,0,0,0,0,0
74366,52,0,1,1,0,0,0,0,0
74131,52,0,1,0,0,0,0,0,0
74445,52,0,1,1,0,0,0,0,0
73941,52,0,1,0,0,0,0,0,0
73682,52,0,1,1,0,0,0,0,0
74054,52,0,1,0,1,1,0,0,0
73454,52,0,1,0,1,0,1,0,0
74781,52,0,1,0,0,0,0,0,0
74550,52,0,1,1,0,0,0,0,0
74049,52,0,1,1,0,0,0,0,0
74120,52,0,1,1,0,0,0,0,0
73572,52,0,1,0,1,1,0,0,0
73873,52,0,1,0,0,0,0,0,0
73534,52,0,1,0,0,0,0,0,0
74154,52,0,1,0,0,0,0,0,0
73874,52,0,1,1,0,0,0,0,0
74240,52,0,1,0,0,0,0,0,0
74477,52,0,1,0,0,0,0,0,0
73575,52,0,1,0,0,0,0,0,0
74568,52,0,1,1,0,0,0,0,0
74563,52,0,1,1,0,0,0,0,0
74686,52,0,1,1,0,0,0,0,0
74388,52,0,1,1,0,0,0,0,0
74495,52,0,1,1,0,0,0,0,0
74552,52,0,1,0,0,0,0,0,0
73569,52,0,1,0,0,0,0,0,0
73535,52,0,1,1,0,0,0,0,0
135476,52,0,1,0,1,1,0,0,0
73775,52,0,1,0,0,0,0,0,0
74553,52,0,1,1,0,0,0,0,0
74140,52,0,1,1,0,0,0,0,0
74671,52,0,1,1,0,0,0,0,0
74055,52,0,1,1,0,0,0,0,0
73462,52,0,1,0,0,0,0,0,0
74423,52,0,1,1,0,0,0,0,0
74782,52,0,1,0,0,0,0,0,0
74175,52,0,1,0,0,0,0,0,0
74274,52,0,1,0,0,0,0,0,0
73901,52,0,1,1,0,0,0,0,0
74401,52,0,1,1,0,0,0,0,0
73776,52,0,1,0,0,0,0,0,0
74297,52,0,1,1,0,0,0,0,0
74425,52,0,1,0,0,0,0,0,0
74275,52,0,1,1,0,0,0,0,0
74584,52,0,1,0,0,0,0,0,0
74426,52,0,1,0,0,0,0,0,0
74395,52,0,1,1,0,0,0,0,0
74298,52,0,1,0,0,0,0,0,0
74079,52,0,1,1,0,0,0,0,0
74488,52,0,1,0,0,0,0,0,0
74554,52,0,1,1,0,0,0,0,0
74741,52,0,1,1,0,0,0,0,0
74520,52,0,1,0,0,0,0,0,0
74141,52,0,1,0,1,1,0,0,0
74176,52,0,1,1,0,0,0,0,0
74351,52,0,1,1,0,0,0,0,0
73666,52,0,1,1,0,0,0,0,0
74276,52,0,1,1,0,0,0,0,0
74317,52,0,1,1,0,0,0,0,0
73586,52,0,1,1,0,0,0,0,0
74253,52,0,1,1,0,0,0,0,0
73994,52,0,1,0,0,0,0,0,0
74783,52,0,1,0,0,0,0,0,0
73942,52,0,1,0,0,0,0,0,0
74346,52,0,1,1,0,0,0,0,0
74493,52,0,1,0,0,0,0,0,0
74570,52,0,1,1,0,0,0,0,0
73592,52,1,0,1,0,0,0,0,0
74396,52,1,0,1,0,0,0,0,0
74742,52,0,1,1,0,0,0,0,0
74856,52,1,0,0,1,1,0,0,0
74463,52,0,1,0,0,0,0,0,0
74367,52,0,1,0,0,0,0,0,0
74455,52,0,1,0,0,0,0,0,0
73473,52,0,1,1,0,0,0,0,0
74155,52,0,1,1,0,0,0,0,0
74156,52,0,1,0,1,0,1,0,0
74254,52,0,1,1,0,0,0,0,0
74368,52,0,1,0,0,0,0,0,0
74299,52,0,1,1,0,0,0,0,0
74585,52,0,1,1,0,0,0,0,0
74858,52,0,1,1,0,0,0,0,0
74800,52,0,1,0,1,0,0,1,0
74277,52,0,1,1,0,0,0,0,0
73474,52,1,0,1,0,0,0,0,0
65987,52,1,0,1,0,0,0,0,0
74397,52,1,0,1,0,0,0,0,0
73982,52,0,1,1,0,0,0,0,0
74028,52,0,1,0,1,1,0,0,0
73545,52,0,1,0,0,0,0,0,0
73483,52,0,1,1,0,0,0,0,0
74133,52,0,1,0,1,0,1,0,0
74810,52,0,1,0,0,0,0,0,0
73778,52,0,1,1,0,0,0,0,0
73546,52,0,1,0,0,0,0,0,0
74142,52,0,1,0,0,0,0,0,0
74041,52,0,1,1,0,0,0,0,0
74521,52,0,1,1,0,0,0,0,0
74137,52,0,1,0,0,0,0,0,0
74427,52,0,1,0,0,0,0,0,0
141337,52,0,1,0,0,0,0,0,0
74486,52,0,1,0,0,0,0,0,0
74688,52,0,1,1,0,0,0,0,0
74784,52,1,0,1,0,0,0,0,0
73936,52,0,1,1,0,0,0,0,0
74163,52,0,1,1,0,0,0,0,0
74288,52,1,0,1,0,0,0,0,0
74456,52,0,1,0,0,0,0,0,0
74164,52,0,1,1,0,0,0,0,0
74157,52,0,1,0,0,0,0,0,0
73548,52,0,1,1,0,0,0,0,0
74460,52,0,1,1,0,0,0,0,0
74143,52,0,1,1,0,0,0,0,0
74278,52,0,1,1,0,0,0,0,0
74300,52,0,1,0,0,0,0,0,0
74860,52,0,1,0,0,0,0,0,0
74744,52,0,1,1,0,0,0,0,0
133373,52,0,1,1,0,0,0,0,0
74470,52,0,1,1,0,0,0,0,0
74279,52,0,1,1,0,0,0,0,0
74479,52,0,1,0,0,0,0,0,0
74235,52,0,1,1,0,0,0,0,0
74586,52,1,0,1,0,0,0,0,0
74398,52,1,0,1,0,0,0,0,0
64960,52,1,0,1,0,0,0,0,0
74255,52,1,0,0,0,0,0,0,0
74587,52,1,0,1,0,0,0,0,0
74485,52,1,0,1,0,0,0,0,0
74177,52,1,0,1,0,0,0,0,0
74329,52,0,1,0,0,0,0,0,0
74158,52,0,1,1,0,0,0,0,0
74635,52,0,1,0,0,0,0,0,0
74050,52,0,1,0,1,1,0,0,0
73947,52,0,1,0,0,0,0,0,0
74045,52,0,1,1,0,0,0,0,0
73588,52,0,1,1,0,0,0,0,0
74749,52,0,1,1,0,0,0,0,0
74389,52,0,1,0,0,0,0,0,0
73780,52,0,1,0,0,0,0,0,0
74786,52,0,1,1,0,0,0,0,0
73904,52,0,1,0,0,0,0,0,0
74056,52,0,1,0,1,1,0,0,0
73552,52,0,1,1,0,0,0,0,0
65511,52,0,1,0,0,0,0,0,0
73939,52,0,1,0,0,0,0,0,0
74337,52,0,1,0,1,1,0,0,0
74483,52,0,1,0,0,0,0,0,0
74787,52,0,1,1,0,0,0,0,0
74690,52,1,0,0,0,0,0,0,0
74862,52,0,1,1,0,0,0,0,0
74238,52,0,1,0,0,0,0,0,0
74034,52,0,1,0,0,0,0,0,0
74863,52,0,1,0,0,0,0,0,0
74457,52,0,1,1,0,0,0,0,0
74464,52,0,1,0,0,0,0,0,0
74375,52,0,1,1,0,0,0,0,0
74318,52,0,1,0,0,0,0,0,0
74108,52,0,1,0,0,0,0,0,0
73499,52,0,1,0,0,0,0,0,0
133372,52,0,1,0,0,0,0,0,0
74491,52,0,1,0,0,0,0,0,0
74225,52,0,1,0,0,0,0,0,0
74038,52,0,1,0,0,0,0,0,0
73416,52,0,1,1,0,0,0,0,0
73553,52,0,1,1,0,0,0,0,0
73781,52,0,1,1,0,0,0,0,0
74571,52,0,1,0,1,1,0,0,0
73907,52,0,1,0,0,0,0,0,0
73761,52,0,1,0,0,0,0,0,0
74165,52,0,1,0,1,1,0,0,0
74790,52,0,1,0,0,0,0,0,0
74327,52,0,1,0,0,0,0,0,0
74369,52,1,0,0,0,0,0,0,0
74447,52,1,0,0,0,0,0,0,0
74080,52,0,1,0,1,1,0,0,0
74365,52,0,1,0,0,0,0,0,0
74352,52,0,1,0,1,1,0,0,0
74776,52,0,1,0,1,1,0,0,0
74359,52,0,1,1,0,0,0,0,0
74159,52,0,1,1,0,0,0,0,0
74752,52,0,1,1,0,0,0,0,0
73782,52,0,1,0,0,0,0,0,0
74005,52,0,1,1,0,0,0,0,0
73464,52,0,1,1,0,0,0,0,0
74399,52,0,1,1,0,0,0,0,0
73684,52,0,1,1,0,0,0,0,0
73603,52,0,1,0,0,0,0,0,0
74753,52,0,1,0,0,0,0,0,0
73463,52,0,1,1,0,0,0,0,0
73692,52,0,1,1,0,0,0,0,0
73660,52,0,1,0,0,0,0,0,0
74430,52,0,1,0,0,0,0,0,0
74191,52,0,1,1,0,0,0,0,0
74319,52,0,1,1,0,0,0,0,0
74444,52,0,1,0,0,0,0,0,0
74046,52,0,1,0,0,0,0,0,0
73921,52,0,1,0,1,1,0,0,0
74032,52,0,1,1,0,0,0,0,0
62926,52,0,1,0,0,0,0,0,0
74160,52,0,1,1,0,0,0,0,0
74095,52,0,1,0,1,1,0,0,0
74390,52,0,1,0,0,0,0,0,0
74692,52,0,1,1,0,0,0,0,0
73882,52,0,1,1,0,0,0,0,0
73784,52,0,1,0,0,0,0,0,0
74754,52,0,1,0,0,0,0,0,0
74017,52,0,1,1,0,0,0,0,0
73485,52,0,1,1,0,0,0,0,0
74791,52,0,1,0,0,0,0,0,0
73555,52,0,1,1,0,0,0,0,0
74574,52,0,1,1,0,0,0,0,0
74448,52,0,1,0,1,1,0,0,0
74400,52,0,1,1,0,0,0,0,0
73612,52,0,1,0,0,0,0,0,0
74082,52,0,1,1,0,0,0,0,0
74047,52,0,1,1,0,0,0,0,0
73672,52,0,1,1,0,0,0,0,0
74812,52,0,1,1,0,0,0,0,0
74431,52,0,1,0,0,0,0,0,0
74449,52,0,1,1,0,0,0,0,0
74111,52,0,1,0,0,0,0,0,0
74637,52,0,1,0,0,0,0,0,0
74207,52,0,1,1,0,0,0,0,0
73455,52,0,1,1,0,0,0,0,0
73943,52,1,0,1,0,0,0,0,0
74756,52,0,1,0,0,0,0,0,0
74304,52,0,1,0,0,0,0,0,0
73486,52,0,1,1,0,0,0,0,0
74280,52,0,1,0,0,0,0,0,0
74792,52,0,1,0,0,0,0,0,0
74370,52,1,0,1,0,0,0,0,0
74035,52,0,1,0,0,0,0,0,0
74590,52,0,1,0,0,0,0,0,0
74216,52,0,1,1,0,0,0,0,0
74084,52,0,1,0,1,1,0,0,0
74048,52,0,1,0,1,1,0,0,0
73574,52,0,1,0,0,0,0,0,0
74161,52,0,1,1,0,0,0,0,0
74256,52,0,1,1,0,0,0,0,0
73693,52,0,1,0,0,0,0,0,0
73786,52,0,1,1,0,0,0,0,0
74208,52,0,1,1,0,0,0,0,0
74166,52,0,1,1,0,0,0,0,0
74257,52,0,1,0,0,0,0,0,0
73801,52,0,1,1,0,0,0,0,0
73788,52,0,1,1,0,0,0,0,0
74793,52,0,1,0,0,0,0,0,0
74557,52,0,1,0,0,0,0,0,0
73557,52,0,1,0,0,0,0,0,0
74023,52,0,1,0,0,0,0,0,0
140241,52,0,1,0,0,0,0,0,0
73490,52,0,1,0,0,0,0,0,0
64224,52,0,1,0,1,1,0,0,0
73674,52,0,1,1,0,0,0,0,0
74758,52,0,1,0,0,0,0,0,0
73805,52,0,1,1,0,0,0,0,0
74281,52,0,1,0,0,0,0,0,0
73420,52,0,1,1,0,0,0,0,0
74433,52,0,1,0,0,0,0,0,0
74305,52,0,1,1,0,0,0,0,0
73558,52,0,1,0,0,0,0,0,0
74693,52,0,1,1,0,0,0,0,0
73651,52,0,1,0,0,0,0,0,0
74051,52,0,1,0,1,1,0,0,0
74640,52,0,1,0,1,1,0,0,0
74759,52,0,1,1,0,0,0,0,0
74591,52,0,1,0,0,0,0,0,0
74306,52,0,1,1,0,0,0,0,0
74813,52,0,1,1,0,0,0,0,0
73421,52,0,1,1,0,0,0,0,0
74042,52,0,1,0,0,0,0,0,0
73948,52,0,1,1,0,0,0,0,0
74592,52,0,1,1,0,0,0,0,0
74184,52,0,1,1,0,0,0,0,0
73507,52,1,0,1,0,0,0,0,0
74371,52,0,1,1,0,0,0,0,0
74482,52,0,1,1,0,0,0,0,0
74434,52,0,1,0,0,0,0,0,0
73559,52,0,1,1,0,0,0,0,0
74372,52,0,1,0,1,1,0,0,0
74039,52,1,0,1,0,0,0,0,0
73676,52,0,1,0,0,0,0,0,0
74258,52,0,1,1,0,0,0,0,0
74762,52,0,1,1,0,0,0,0,0
74210,52,0,1,1,0,0,0,0,0
74211,52,0,1,0,1,1,0,0,0
74403,52,1,0,1,0,0,0,0,0
73885,52,0,1,1,0,0,0,0,0
74533,52,0,1,1,0,0,0,0,0
74497,52,0,1,0,0,0,0,0,0
74360,52,0,1,0,0,0,0,0,0
74763,52,0,1,0,0,0,0,0,0
74641,52,0,1,1,0,0,0,0,0
74436,52,0,1,0,0,0,0,0,0
73718,52,0,1,0,0,0,0,0,0
74765,52,0,1,1,0,0,0,0,0
74356,52,0,1,0,1,1,0,0,0
73560,52,0,1,1,0,0,0,0,0
73424,52,0,1,1,0,0,0,0,0
74492,52,0,1,0,0,0,0,0,0
74085,52,1,0,0,0,0,0,0,0
73922,52,1,0,1,0,0,0,0,0
74806,52,0,1,1,0,0,0,0,0
74385,52,0,1,0,1,0,0,1,0
73577,52,0,1,1,0,0,0,0,0
74289,52,0,1,0,0,0,0,0,0
73561,52,1,0,1,0,0,0,0,0
74029,52,1,0,0,0,0,0,0,0
73652,52,1,0,0,1,1,0,0,0
134116,52,1,0,0,0,0,0,0,0
74286,52,1,0,1,0,0,0,0,0
73564,52,0,1,0,0,0,0,0,0
73565,52,0,1,0,0,0,0,0,0
74070,52,0,1,0,1,1,0,0,0
74010,52,0,1,1,0,0,0,0,0
74376,52,0,1,1,0,0,0,0,0
74282,52,0,1,0,0,0,0,0,0
74357,52,1,0,1,0,0,0,0,0
74087,52,0,1,0,0,0,0,0,0
74308,52,0,1,1,0,0,0,0,0
73566,52,0,1,1,0,0,0,0,0
137759,52,0,1,0,0,0,0,0,0
74283,52,0,1,0,1,0,1,0,0
74259,52,0,1,0,1,1,0,0,0
74391,52,0,1,1,0,0,0,0,0
73677,52,0,1,1,0,0,0,0,0
74593,52,0,1,1,0,0,0,0,0
74768,52,0,1,1,0,0,0,0,0
65551,52,0,1,0,0,0,0,0,0
73456,52,0,1,1,0,0,0,0,0
133370,52,0,1,0,0,0,0,0,0
74284,52,0,1,0,0,0,0,0,0
74218,52,0,1,0,0,0,0,0,0
74490,52,0,1,0,0,0,0,0,0
74481,52,0,1,1,0,0,0,0,0
73653,52,0,1,1,0,0,0,0,0
74043,52,0,1,0,1,1,0,0,0
73991,52,0,1,0,0,0,0,0,0
74044,52,0,1,0,1,1,0,0,0
74801,52,0,1,1,0,0,0,0,0
73930,52,0,1,0,1,1,0,0,0
74797,52,0,1,0,0,0,0,0,0
73992,52,1,0,1,0,0,0,0,0
74496,52,0,1,0,0,0,0,0,0
73931,52,0,1,1,0,0,0,0,0
74309,52,0,1,1,0,0,0,0,0
73932,52,0,1,0,0,0,0,0,0
74144,52,1,0,0,0,0,0,0,0
74354,52,0,1,1,0,0,0,0,0
73933,52,0,1,1,0,0,0,0,0
74145,52,0,1,0,0,0,0,0,0
73944,52,0,1,0,0,0,0,0,0
74392,52,0,1,1,0,0,0,0,0
73645,52,1,0,0,0,0,0,0,0
178957,55,0,1,0,1,1,0,0,0
178864,55,0,1,1,0,0,0,0,0
178914,55,0,1,1,0,0,0,0,0
178890,55,0,1,1,0,0,0,0,0
178968,55,0,1,0,1,0,1,0,0
133374,55,0,1,0,1,1,0,0,0
196359,55,0,1,1,0,0,0,0,0
178903,55,0,1,1,0,0,0,0,0
141372,55,0,1,1,0,0,0,0,0
160508,55,0,1,0,1,1,0,0,0
136811,55,0,1,1,0,0,0,0,0
178835,55,0,1,1,0,0,0,0,0
160527,55,0,1,1,0,0,0,0,0
178836,55,0,1,1,0,0,0,0,0
160582,55,0,1,0,1,0,1,0,0
73579,55,0,1,1,0,0,0,0,0
160559,55,0,1,1,0,0,0,0,0
160511,55,0,1,1,0,0,0,0,0
73458,55,0,1,1,0,0,0,0,0
178972,55,0,1,1,0,0,0,0,0
178875,55,0,1,0,1,1,0,0,0
160545,55,0,1,1,0,0,0,0,0
178833,55,0,1,1,0,0,0,0,0
178936,55,0,1,1,0,0,0,0,0
141454,55,0,1,1,0,0,0,0,0
178846,55,0,1,0,1,1,0,0,0
74057,55,1,0,1,0,0,0,0,0
178927,55,0,1,1,0,0,0,0,0
178937,55,0,1,0,1,1,0,0,0
178881,55,0,1,1,0,0,0,0,0
178973,55,1,0,1,0,0,0,0,0
160551,55,0,1,1,0,0,0,0,0
178831,55,0,1,0,1,1,0,0,0
195143,55,0,1,1,0,0,0,0,0
74471,55,0,1,1,0,0,0,0,0
133439,55,0,1,1,0,0,0,0,0
178882,55,0,1,0,1,1,0,0,0
160543,55,0,1,1,0,0,0,0,0
141379,55,1,0,0,1,1,0,0,0
178974,55,0,1,1,0,0,0,0,0
192120,55,1,0,1,0,0,0,0,0
178837,55,0,1,1,0,0,0,0,0
74212,55,0,1,0,1,1,0,0,0
74213,55,0,1,0,1,1,0,0,0
160553,55,0,1,0,1,0,1,0,0
141383,55,0,1,1,0,0,0,0,0
73584,55,0,1,1,0,0,0,0,0
160530,55,0,1,1,0,0,0,0,0
178950,55,0,1,1,0,0,0,0,0
74103,55,0,1,1,0,0,0,0,0
73433,55,0,1,1,0,0,0,0,0
73434,55,0,1,1,0,0,0,0,0
141391,55,0,1,1,0,0,0,0,0
160602,55,0,1,0,1,1,0,0,0
74291,55,0,1,1,0,0,0,0,0
74833,55,0,1,1,0,0,0,0,0
160541,55,0,1,0,1,1,0,0,0
160600,55,0,1,1,0,0,0,0,0
178847,55,0,1,1,0,0,0,0,0
159237,55,0,1,1,0,0,0,0,0
74378,55,0,1,1,0,0,0,0,0
160581,55,0,1,0,1,0,1,0,0
193165,55,0,1,1,0,0,0,0,0
74090,55,0,1,1,0,0,0,0,0
74459,55,0,1,1,0,0,0,0,0
73655,55,0,1,1,0,0,0,0,0
160665,55,0,1,1,0,0,0,0,0
160512,55,0,1,1,0,0,0,0,0
69871,55,0,1,1,0,0,0,0,0
178975,55,0,1,1,0,0,0,0,0
178834,55,0,1,0,1,0,1,0,0
73701,55,1,0,0,1,0,1,0,0
74535,55,0,1,1,0,0,0,0,0
74040,55,0,1,0,1,1,0,0,0
178915,55,0,1,1,0,0,0,0,0
141335,55,0,1,0,1,1,0,0,0
73437,55,0,1,1,0,0,0,0,0
178948,55,0,1,1,0,0,0,0,0
178906,55,0,1,0,1,1,0,0,0
141513,55,0,1,1,0,0,0,0,0
160538,55,0,1,1,0,0,0,0,0
74650,55,0,1,1,0,0,0,0,0
74052,55,0,1,0,1,1,0,0,0
160589,55,1,0,1,0,0,0,0,0
178999,55,1,0,1,0,0,0,0,0
141394,55,0,1,1,0,0,0,0,0
178976,55,0,1,1,0,0,0,0,0
178938,55,0,1,0,1,1,0,0,0
178865,55,0,1,1,0,0,0,0,0
105112,55,0,1,0,1,1,0,0,0
93083,55,0,1,1,0,0,0,0,0
178853,55,0,1,0,1,1,0,0,0
178891,55,0,1,1,0,0,0,0,0
194261,55,0,1,1,0,0,0,0,0
178829,55,0,1,1,0,0,0,0,0
178924,55,0,1,0,1,0,1,0,0
205303,55,1,0,1,0,0,0,0,0
178958,55,0,1,0,1,1,0,0,0
141401,55,0,1,1,0,0,0,0,0
74474,55,0,1,1,0,0,0,0,0
178962,55,0,1,1,0,0,0,0,0
178993,55,0,1,0,1,1,0,0,0
74163,55,0,1,1,0,0,0,0,0
178900,55,0,1,1,0,0,0,0,0
74651,55,0,1,1,0,0,0,0,0
74262,55,0,1,1,0,0,0,0,0
73934,55,0,1,0,1,1,0,0,0
141398,55,0,1,1,0,0,0,0,0
164360,55,1,0,1,0,0,0,0,0
178876,55,0,1,1,0,0,0,0,0
73568,55,0,1,1,0,0,0,0,0
141405,55,0,1,1,0,0,0,0,0
72912,55,0,1,1,0,0,0,0,0
73441,55,0,1,1,0,0,0,0,0
160576,55,0,1,1,0,0,0,0,0
178838,55,0,1,1,0,0,0,0,0
73720,55,0,1,1,0,0,0,0,0
74171,55,0,1,1,0,0,0,0,0
141439,55,0,1,1,0,0,0,0,0
141440,55,0,1,0,1,0,1,0,0
178928,55,1,0,1,0,0,0,0,0
178841,55,0,1,0,1,1,0,0,0
178939,55,1,0,1,0,0,0,0,0
74537,55,0,1,1,0,0,0,0,0
141408,55,0,1,1,0,0,0,0,0
178848,55,1,0,1,0,0,0,0,0
205302,55,0,1,1,0,0,0,0,0
178963,55,0,1,1,0,0,0,0,0
194258,55,1,0,1,0,0,0,0,0
93472,55,1,0,1,0,0,0,0,0
141411,55,0,1,1,0,0,0,0,0
74467,55,0,1,0,1,0,1,0,0
178892,55,1,0,1,0,0,0,0,0
74060,55,0,1,0,1,1,0,0,0
178916,55,0,1,1,0,0,0,0,0
144523,55,0,1,1,0,0,0,0,0
160528,55,0,1,1,0,0,0,0,0
62881,55,0,1,1,0,0,0,0,0
160552,55,0,1,1,0,0,0,0,0
73891,55,0,1,1,0,0,0,0,0
141412,55,0,1,1,0,0,0,0,0
101309,55,0,1,0,1,1,0,0,0
141413,55,0,1,1,0,0,0,0,0
196357,55,0,1,0,1,0,1,0,0
178908,55,0,1,0,1,1,0,0,0
178893,55,0,1,0,1,1,0,0,0
160646,55,0,1,1,0,0,0,0,0
164359,55,0,1,1,0,0,0,0,0
74172,55,0,1,1,0,0,0,0,0
185500,55,0,1,0,1,1,0,0,0
160588,55,0,1,1,0,0,0,0,0
178929,55,0,1,1,0,0,0,0,0
73768,55,0,1,1,0,0,0,0,0
160599,55,0,1,1,0,0,0,0,0
143632,55,0,1,1,0,0,0,0,0
160758,55,0,1,1,0,0,0,0,0
178940,55,0,1,0,1,1,0,0,0
160643,55,0,1,0,1,0,1,0,0
178830,55,0,1,1,0,0,0,0,0
141385,55,0,1,1,0,0,0,0,0
178994,55,1,0,1,0,0,0,0,0
73447,55,0,1,1,0,0,0,0,0
73793,55,0,1,1,0,0,0,0,0
141417,55,0,1,0,1,1,0,0,0
160578,55,0,1,1,0,0,0,0,0
134812,55,0,1,1,0,0,0,0,0
74655,55,0,1,1,0,0,0,0,0
92346,55,0,1,1,0,0,0,0,0
74173,55,0,1,1,0,0,0,0,0
178977,55,0,1,1,0,0,0,0,0
141421,55,0,1,1,0,0,0,0,0
141422,55,0,1,1,0,0,0,0,0
74075,55,1,0,1,0,0,0,0,0
160532,55,0,1,1,0,0,0,0,0
181316,55,0,1,1,0,0,0,0,0
178883,55,1,0,0,1,0,1,0,0
178854,55,0,1,1,0,0,0,0,0
132504,55,0,1,1,0,0,0,0,0
160575,55,1,0,1,0,0,0,0,0
99654,55,0,1,0,1,1,0,0,0
171782,55,0,1,0,1,1,0,0,0
160640,55,0,1,1,0,0,0,0,0
160649,55,0,1,1,0,0,0,0,0
202915,55,1,0,1,0,0,0,0,0
178871,55,0,1,1,0,0,0,0,0
178828,55,0,1,1,0,0,0,0,0
178930,55,0,1,1,0,0,0,0,0
178953,55,0,1,0,1,1,0,0,0
178904,55,0,1,1,0,0,0,0,0
178941,55,0,1,0,1,1,0,0,0
146829,55,0,1,1,0,0,0,0,0
178969,55,0,1,1,0,0,0,0,0
141428,55,0,1,1,0,0,0,0,0
178905,55,0,1,1,0,0,0,0,0
141427,55,0,1,0,1,1,0,0,0
171623,55,0,1,1,0,0,0,0,0
178877,55,0,1,1,0,0,0,0,0
160587,55,0,1,1,0,0,0,0,0
190149,55,0,1,1,0,0,0,0,0
66828,55,0,1,1,0,0,0,0,0
141430,55,0,1,1,0,0,0,0,0
72442,55,0,1,1,0,0,0,0,0
141429,55,0,1,1,0,0,0,0,0
205234,55,0,1,0,1,1,0,0,0
160666,55,0,1,1,0,0,0,0,0
141431,55,0,1,1,0,0,0,0,0
163831,55,0,1,1,0,0,0,0,0
73481,55,0,1,1,0,0,0,0,0
92699,55,0,1,1,0,0,0,0,0
160676,55,0,1,0,1,1,0,0,0
160598,55,1,0,1,0,0,0,0,0
141434,55,0,1,1,0,0,0,0,0
178978,55,0,1,1,0,0,0,0,0
191923,55,0,1,0,1,1,0,0,0
178979,55,0,1,1,0,0,0,0,0
178907,55,0,1,0,1,1,0,0,0
160677,55,0,1,0,1,1,0,0,0
186775,55,0,1,0,1,1,0,0,0
74189,55,0,1,1,0,0,0,0,0
204651,55,0,1,1,0,0,0,0,0
129037,55,0,1,1,0,0,0,0,0
160669,55,0,1,0,1,1,0,0,0
141441,55,0,1,0,1,1,0,0,0
178966,55,1,0,1,0,0,0,0,0
74374,55,0,1,1,0,0,0,0,0
74383,55,0,1,1,0,0,0,0,0
74270,55,0,1,1,0,0,0,0,0
160673,55,0,1,1,0,0,0,0,0
178996,55,0,1,1,0,0,0,0,0
74077,55,0,1,1,0,0,0,0,0
178878,55,0,1,1,0,0,0,0,0
74558,55,0,1,1,0,0,0,0,0
178872,55,0,1,1,0,0,0,0,0
152605,55,0,1,1,0,0,0,0,0
74419,55,0,1,1,0,0,0,0,0
129618,55,1,0,1,0,0,0,0,0
178980,55,0,1,1,0,0,0,0,0
194259,55,0,1,1,0,0,0,0,0
160667,55,0,1,1,0,0,0,0,0
205298,55,0,1,0,1,1,0,0,0
178964,55,0,1,1,0,0,0,0,0
178873,55,0,1,1,0,0,0,0,0
178909,55,0,1,0,1,1,0,0,0
73482,55,0,1,1,0,0,0,0,0
97707,55,0,1,1,0,0,0,0,0
178981,55,0,1,1,0,0,0,0,0
73772,55,0,1,1,0,0,0,0,0
160596,55,0,1,1,0,0,0,0,0
178884,55,0,1,1,0,0,0,0,0
178959,55,0,1,0,1,1,0,0,0
178849,55,0,1,1,0,0,0,0,0
141450,55,0,1,1,0,0,0,0,0
160674,55,0,1,1,0,0,0,0,0
194592,55,0,1,1,0,0,0,0,0
141389,55,0,1,1,0,0,0,0,0
67138,55,1,0,1,0,0,0,0,0
81232,55,0,1,1,0,0,0,0,0
178855,55,0,1,0,1,0,1,0,0
73531,55,0,1,1,0,0,0,0,0
4931,55,0,1,1,0,0,0,0,0
196378,55,0,1,0,1,1,0,0,0
74665,55,0,1,1,0,0,0,0,0
74847,55,0,1,1,0,0,0,0,0
74848,55,1,0,1,0,0,0,0,0
73926,55,1,0,0,1,1,0,0,0
131943,55,0,1,1,0,0,0,0,0
160672,55,0,1,0,1,0,1,0,0
74273,55,0,1,1,0,0,0,0,0
160570,55,0,1,1,0,0,0,0,0
178839,55,1,0,0,1,1,0,0,0
178842,55,0,1,0,1,1,0,0,0
160531,55,0,1,0,1,1,0,0,0
141503,55,1,0,0,1,1,0,0,0
160573,55,0,1,1,0,0,0,0,0
74366,55,0,1,1,0,0,0,0,0
141458,55,0,1,1,0,0,0,0,0
74445,55,0,1,1,0,0,0,0,0
178970,55,0,1,1,0,0,0,0,0
178965,55,0,1,1,0,0,0,0,0
178917,55,0,1,1,0,0,0,0,0
178856,55,0,1,0,1,1,0,0,0
112437,55,0,1,1,0,0,0,0,0
178967,55,0,1,1,0,0,0,0,0
178988,55,0,1,1,0,0,0,0,0
160571,55,0,1,1,0,0,0,0,0
178910,55,0,1,0,1,1,0,0,0
194262,55,0,1,1,0,0,0,0,0
178971,55,0,1,1,0,0,0,0,0
74388,55,0,1,1,0,0,0,0,0
160572,55,0,1,1,0,0,0,0,0
178857,55,0,1,0,1,1,0,0,0
73535,55,0,1,1,0,0,0,0,0
160509,55,0,1,0,1,1,0,0,0
141464,55,0,1,0,1,0,1,0,0
73831,55,0,1,1,0,0,0,0,0
74553,55,0,1,1,0,0,0,0,0
74140,55,0,1,1,0,0,0,0,0
131966,55,0,1,1,0,0,0,0,0
141470,55,0,1,1,0,0,0,0,0
151965,55,0,1,0,1,1,0,0,0
74275,55,0,1,1,0,0,0,0,0
160619,55,0,1,1,0,0,0,0,0
74395,55,0,1,1,0,0,0,0,0
74079,55,0,1,1,0,0,0,0,0
73714,55,0,1,1,0,0,0,0,0
74554,55,0,1,1,0,0,0,0,0
160607,55,0,1,1,0,0,0,0,0
114941,55,1,0,0,1,1,0,0,0
74141,55,0,1,0,1,1,0,0,0
74351,55,0,1,1,0,0,0,0,0
73666,55,0,1,1,0,0,0,0,0
178851,55,1,0,0,1,1,0,0,0
67312,55,1,0,0,1,1,0,0,0
141474,55,0,1,1,0,0,0,0,0
74317,55,0,1,1,0,0,0,0,0
73586,55,0,1,1,0,0,0,0,0
74253,55,0,1,1,0,0,0,0,0
201357,55,0,1,0,1,0,1,0,0
178885,55,0,1,1,0,0,0,0,0
160544,55,0,1,1,0,0,0,0,0
178886,55,0,1,1,0,0,0,0,0
74570,55,0,1,1,0,0,0,0,0
178918,55,0,1,1,0,0,0,0,0
160659,55,1,0,1,0,0,0,0,0
151208,55,0,1,1,0,0,0,0,0
141478,55,0,1,1,0,0,0,0,0
178894,55,0,1,1,0,0,0,0,0
74856,55,1,0,0,1,1,0,0,0
141480,55,0,1,1,0,0,0,0,0
178832,55,1,0,1,0,0,0,0,0
141562,55,0,1,1,0,0,0,0,0
178825,55,0,1,0,1,1,0,0,0
74156,55,0,1,0,1,0,1,0,0
74254,55,0,1,1,0,0,0,0,0
141482,55,0,1,1,0,0,0,0,0
74299,55,0,1,1,0,0,0,0,0
160663,55,0,1,1,0,0,0,0,0
74585,55,0,1,1,0,0,0,0,0
141483,55,0,1,0,1,1,0,0,0
74277,55,0,1,1,0,0,0,0,0
196358,55,0,1,0,1,1,0,0,0
81366,55,1,0,1,0,0,0,0,0
178879,55,0,1,1,0,0,0,0,0
160628,55,1,0,0,1,1,0,0,0
74478,55,0,1,1,0,0,0,0,0
178931,55,0,1,1,0,0,0,0,0
178954,55,0,1,0,1,1,0,0,0
141484,55,0,1,1,0,0,0,0,0
94931,55,0,1,1,0,0,0,0,0
73483,55,0,1,1,0,0,0,0,0
160510,55,0,1,1,0,0,0,0,0
141485,55,0,1,1,0,0,0,0,0
73778,55,0,1,1,0,0,0,0,0
178802,55,0,1,0,1,1,0,0,0
178955,55,0,1,1,0,0,0,0,0
74041,55,0,1,1,0,0,0,0,0
141487,55,0,1,1,0,0,0,0,0
178982,55,0,1,1,0,0,0,0,0
162332,55,0,1,0,1,0,0,1,0
74688,55,0,1,1,0,0,0,0,0
74784,55,1,0,1,0,0,0,0,0
178866,55,1,0,1,0,0,0,0,0
198198,55,1,0,1,0,0,0,0,0
178867,55,0,1,0,1,1,0,0,0
166402,55,1,0,1,0,0,0,0,0
178826,55,0,1,0,1,1,0,0,0
160633,55,0,1,1,0,0,0,0,0
141490,55,0,1,1,0,0,0,0,0
160565,55,1,0,1,0,0,0,0,0
160660,55,0,1,1,0,0,0,0,0
179000,55,0,1,1,0,0,0,0,0
146788,55,0,1,1,0,0,0,0,0
178932,55,0,1,1,0,0,0,0,0
74460,55,0,1,1,0,0,0,0,0
195826,55,0,1,1,0,0,0,0,0
76287,55,0,1,1,0,0,0,0,0
74278,55,0,1,1,0,0,0,0,0
118594,55,0,1,1,0,0,0,0,0
178983,55,0,1,1,0,0,0,0,0
179001,55,0,1,1,0,0,0,0,0
150418,55,0,1,0,1,0,1,0,0
178899,55,0,1,1,0,0,0,0,0
178942,55,0,1,1,0,0,0,0,0
133373,55,0,1,1,0,0,0,0,0
160536,55,0,1,1,0,0,0,0,0
160535,55,0,1,1,0,0,0,0,0
74470,55,0,1,1,0,0,0,0,0
178880,55,0,1,1,0,0,0,0,0
74634,55,0,1,0,1,1,0,0,0
141500,55,0,1,1,0,0,0,0,0
178852,55,0,1,1,0,0,0,0,0
167722,55,0,1,1,0,0,0,0,0
178850,55,0,1,1,0,0,0,0,0
178943,55,0,1,1,0,0,0,0,0
159238,55,0,1,1,0,0,0,0,0
74235,55,0,1,1,0,0,0,0,0
205297,55,1,0,0,1,1,0,0,0
171619,55,1,0,1,0,0,0,0,0
74398,55,1,0,1,0,0,0,0,0
64960,55,1,0,1,0,0,0,0,0
178956,55,1,0,0,1,1,0,0,0
178919,55,0,1,1,0,0,0,0,0
74177,55,1,0,1,0,0,0,0,0
74158,55,0,1,1,0,0,0,0,0
178858,55,0,1,1,0,0,0,0,0
181315,55,0,1,1,0,0,0,0,0
178843,55,0,1,1,0,0,0,0,0
74050,55,0,1,0,1,1,0,0,0
73588,55,0,1,1,0,0,0,0,0
74749,55,0,1,1,0,0,0,0,0
141507,55,0,1,1,0,0,0,0,0
124411,55,0,1,1,0,0,0,0,0
178827,55,0,1,1,0,0,0,0,0
74428,55,0,1,0,1,1,0,0,0
188097,55,0,1,1,0,0,0,0,0
141509,55,0,1,0,1,1,0,0,0
178984,55,0,1,1,0,0,0,0,0
178985,55,0,1,1,0,0,0,0,0
74787,55,0,1,1,0,0,0,0,0
74862,55,0,1,1,0,0,0,0,0
178895,55,0,1,1,0,0,0,0,0
160561,55,0,1,1,0,0,0,0,0
178859,55,1,0,0,1,0,1,0,0
195278,55,0,1,0,1,1,0,0,0
74457,55,0,1,1,0,0,0,0,0
178997,55,0,1,1,0,0,0,0,0
160567,55,0,1,1,0,0,0,0,0
73553,55,0,1,1,0,0,0,0,0
73781,55,0,1,1,0,0,0,0,0
193069,55,0,1,1,0,0,0,0,0
160566,55,0,1,1,0,0,0,0,0
74571,55,0,1,0,1,1,0,0,0
178896,55,0,1,1,0,0,0,0,0
74751,55,0,1,1,0,0,0,0,0
166401,55,0,1,0,1,1,0,0,0
74352,55,0,1,0,1,1,0,0,0
178986,55,0,1,1,0,0,0,0,0
74359,55,0,1,1,0,0,0,0,0
194260,55,0,1,1,0,0,0,0,0
66179,55,1,0,1,0,0,0,0,0
74159,55,0,1,1,0,0,0,0,0
74752,55,0,1,1,0,0,0,0,0
178868,55,0,1,1,0,0,0,0,0
74399,55,0,1,1,0,0,0,0,0
178987,55,0,1,0,1,0,1,0,0
180545,55,0,1,1,0,0,0,0,0
73463,55,0,1,1,0,0,0,0,0
73692,55,0,1,1,0,0,0,0,0
202063,55,0,1,1,0,0,0,0,0
141515,55,0,1,1,0,0,0,0,0
160556,55,0,1,1,0,0,0,0,0
74319,55,0,1,1,0,0,0,0,0
160642,55,0,1,0,1,1,0,0,0
193982,55,0,1,0,1,1,0,0,0
74160,55,0,1,1,0,0,0,0,0
74095,55,0,1,0,1,1,0,0,0
171617,55,0,1,0,1,1,0,0,0
141516,55,0,1,1,0,0,0,0,0
178860,55,0,1,1,0,0,0,0,0
74017,55,0,1,1,0,0,0,0,0
160517,55,0,1,1,0,0,0,0,0
160558,55,0,1,1,0,0,0,0,0
141517,55,0,1,0,1,1,0,0,0
74574,55,0,1,1,0,0,0,0,0
132056,55,0,1,1,0,0,0,0,0
193726,55,0,1,0,1,1,0,0,0
141518,55,0,1,1,0,0,0,0,0
74400,55,0,1,1,0,0,0,0,0
141488,55,0,1,1,0,0,0,0,0
74812,55,0,1,1,0,0,0,0,0
178912,55,0,1,1,0,0,0,0,0
74449,55,0,1,1,0,0,0,0,0
122158,55,0,1,1,0,0,0,0,0
160604,55,0,1,1,0,0,0,0,0
178844,55,0,1,1,0,0,0,0,0
80920,55,0,1,1,0,0,0,0,0
141445,55,0,1,1,0,0,0,0,0
195997,55,1,0,1,0,0,0,0,0
73486,55,0,1,1,0,0,0,0,0
160601,55,0,1,1,0,0,0,0,0
200153,55,0,1,1,0,0,0,0,0
204011,55,0,1,0,1,1,0,0,0
170673,55,0,1,1,0,0,0,0,0
148134,55,0,1,1,0,0,0,0,0
160639,55,1,0,1,0,0,0,0,0
160641,55,1,0,0,1,1,0,0,0
178951,55,0,1,1,0,0,0,0,0
74216,55,0,1,1,0,0,0,0,0
178998,55,1,0,1,0,0,0,0,0
74048,55,0,1,0,1,1,0,0,0
74161,55,0,1,1,0,0,0,0,0
73786,55,0,1,1,0,0,0,0,0
178925,55,1,0,1,0,0,0,0,0
178960,55,0,1,1,0,0,0,0,0
178989,55,1,0,1,0,0,0,0,0
171620,55,0,1,1,0,0,0,0,0
141527,55,0,1,1,0,0,0,0,0
160654,55,0,1,1,0,0,0,0,0
73788,55,0,1,1,0,0,0,0,0
195581,55,0,1,1,0,0,0,0,0
160655,55,0,1,1,0,0,0,0,0
178920,55,0,1,0,1,1,0,0,0
141472,55,0,1,1,0,0,0,0,0
152610,55,0,1,1,0,0,0,0,0
73674,55,0,1,1,0,0,0,0,0
141529,55,0,1,0,1,1,0,0,0
160653,55,0,1,1,0,0,0,0,0
73805,55,0,1,1,0,0,0,0,0
178995,55,0,1,0,1,1,0,0,0
178944,55,0,1,0,1,1,0,0,0
160652,55,0,1,0,1,1,0,0,0
91208,55,0,1,1,0,0,0,0,0
178840,55,0,1,1,0,0,0,0,0
141532,55,0,1,1,0,0,0,0,0
141531,55,0,1,1,0,0,0,0,0
88950,55,0,1,1,0,0,0,0,0
74693,55,0,1,1,0,0,0,0,0
178926,55,0,1,1,0,0,0,0,0
178897,55,0,1,1,0,0,0,0,0
141535,55,0,1,0,1,1,0,0,0
160651,55,0,1,1,0,0,0,0,0
160426,55,0,1,1,0,0,0,0,0
198963,55,0,1,0,1,1,0,0,0
141536,55,0,1,1,0,0,0,0,0
160515,55,0,1,1,0,0,0,0,0
178861,55,0,1,1,0,0,0,0,0
160637,55,0,1,0,1,1,0,0,0
178845,55,0,1,1,0,0,0,0,0
122466,55,0,1,1,0,0,0,0,0
163321,55,0,1,1,0,0,0,0,0
178870,55,0,1,1,0,0,0,0,0
191684,55,1,0,0,1,1,0,0,0
178945,55,1,0,0,1,0,1,0,0
146949,55,1,0,1,0,0,0,0,0
178935,55,0,1,1,0,0,0,0,0
73466,55,0,1,1,0,0,0,0,0
74371,55,0,1,1,0,0,0,0,0
178887,55,0,1,1,0,0,0,0,0
141522,55,0,1,0,1,1,0,0,0
160630,55,0,1,1,0,0,0,0,0
178990,55,0,1,1,0,0,0,0,0
74372,55,0,1,0,1,1,0,0,0
160621,55,0,1,1,0,0,0,0,0
74762,55,0,1,1,0,0,0,0,0
74210,55,0,1,1,0,0,0,0,0
178921,55,0,1,1,0,0,0,0,0
73808,55,0,1,0,1,1,0,0,0
141542,55,0,1,1,0,0,0,0,0
178991,55,0,1,1,0,0,0,0,0
178933,55,0,1,1,0,0,0,0,0
178874,55,0,1,0,1,1,0,0,0
160612,55,0,1,1,0,0,0,0,0
167614,55,0,1,1,0,0,0,0,0
178961,55,1,0,1,0,0,0,0,0
160613,55,0,1,0,1,0,1,0,0
74765,55,0,1,1,0,0,0,0,0
74356,55,0,1,0,1,1,0,0,0
187008,55,0,1,1,0,0,0,0,0
4930,55,0,1,1,0,0,0,0,0
73560,55,0,1,1,0,0,0,0,0
73424,55,0,1,1,0,0,0,0,0
178911,55,1,0,0,1,1,0,0,0
178946,55,1,0,1,0,0,0,0,0
178947,55,0,1,1,0,0,0,0,0
92776,55,0,1,1,0,0,0,0,0
177282,55,0,1,1,0,0,0,0,0
178922,55,0,1,1,0,0,0,0,0
74385,55,0,1,0,1,0,0,1,0
178898,55,0,1,1,0,0,0,0,0
178901,55,1,0,1,0,0,0,0,0
160617,55,0,1,0,1,1,0,0,0
178862,55,1,0,0,1,0,1,0,0
160976,55,0,1,0,1,1,0,0,0
160611,55,0,1,0,1,1,0,0,0
178934,55,0,1,1,0,0,0,0,0
178863,55,0,1,1,0,0,0,0,0
195866,55,0,1,0,1,1,0,0,0
194340,55,0,1,1,0,0,0,0,0
141384,55,0,1,1,0,0,0,0,0
74010,55,0,1,1,0,0,0,0,0
160610,55,0,1,0,1,0,1,0,0
113247,55,0,1,1,0,0,0,0,0
141552,55,0,1,1,0,0,0,0,0
74376,55,0,1,1,0,0,0,0,0
141553,55,0,1,1,0,0,0,0,0
178913,55,0,1,1,0,0,0,0,0
74308,55,0,1,1,0,0,0,0,0
160622,55,0,1,0,1,0,1,0,0
74283,55,0,1,0,1,0,1,0,0
137070,55,0,1,0,1,1,0,0,0
178888,55,0,1,1,0,0,0,0,0
141555,55,0,1,1,0,0,0,0,0
160591,55,0,1,1,0,0,0,0,0
178992,55,0,1,1,0,0,0,0,0
92355,55,0,1,0,1,0,1,0,0
178869,55,0,1,0,1,1,0,0,0
189593,55,0,1,1,0,0,0,0,0
137853,55,0,1,1,0,0,0,0,0
160569,55,0,1,0,1,1,0,0,0
141558,55,0,1,0,1,1,0,0,0
160631,55,0,1,1,0,0,0,0,0
178952,55,0,1,1,0,0,0,0,0
141560,55,0,1,1,0,0,0,0,0
204760,55,0,1,0,1,1,0,0,0
160620,55,0,1,1,0,0,0,0,0
160518,55,0,1,1,0,0,0,0,0
74043,55,0,1,0,1,1,0,0,0
167493,55,0,1,0,1,0,1,0,0
141563,55,0,1,0,1,0,0,1,0
193066,55,0,1,1,0,0,0,0,0
160636,55,0,1,1,0,0,0,0,0
73930,55,0,1,0,1,1,0,0,0
74439,55,0,1,1,0,0,0,0,0
199809,55,0,1,1,0,0,0,0,0
73992,55,1,0,1,0,0,0,0,0
191945,55,0,1,1,0,0,0,0,0
178889,55,0,1,0,1,1,0,0,0
73931,55,0,1,1,0,0,0,0,0
160632,55,0,1,1,0,0,0,0,0
178923,55,0,1,1,0,0,0,0,0
160592,55,0,1,1,0,0,0,0,0
178902,55,0,1,1,0,0,0,0,0
178949,55,1,0,1,0,0,0,0,0
