parl_id,legislatura,weights,nome,siglaPartido,siglaUf,F,M,branca,n_branca,parda,preta,amarela,indigena
73909,52,0.3357821170990963,,,RS,0,1,0,0,0,0,0,0
73909,52,0.3357821170990963,OSVALDO BIOLCHI,PMDB,RS,0,1,0,0,0,0,0,0
73984,52,0.3357821170990963,,,RR,0,1,0,0,0,0,0,0
73984,52,0.3357821170990963,MOISÉS LIPNIK,PDT,RR,0,1,0,0,0,0,0,0
73764,52,0.3357821170990963,ABELARDO LUPION,PFL,PR,0,1,0,0,0,0,0,0
73886,52,0.3357821170990963,ADÃO PRETTO,PT,RS,0,1,0,0,0,0,0,0
74328,52,0.3357821170990963,ADAUTO PEREIRA,PFL,PB,0,1,0,0,0,0,0,0
74386,52,0.3357821170990963,ADELOR VIEIRA,PMDB,SC,0,1,0,0,0,0,0,0
133374,52,2.8621344797247104,ADEMIR CAMILO,PPS,MG,0,1,0,1,1,0,0,0
133374,52,2.8621344797247104,ADEMIR CAMILO,PL*,MG,0,1,0,1,1,0,0,0
133374,52,2.8621344797247104,ADEMIR CAMILO,PDT,MG,0,1,0,1,1,0,0,0
73765,52,0.3357821170990963,AFFONSO CAMARGO,PSDB,PR,0,1,0,0,0,0,0,0
136811,52,0.3357821170990963,AFONSO HAMM,PPB,RS,0,1,1,0,0,0,0,0
136811,52,0.3357821170990963,AFONSO HAMM,PP**,RS,0,1,1,0,0,0,0,0
74358,52,0.3357821170990963,AGNALDO MUNIZ,PPS,RO,0,1,1,0,0,0,0,0
74358,52,0.3357821170990963,AGNALDO MUNIZ,PP**,RO,0,1,1,0,0,0,0,0
73654,52,0.3357821170990963,AGNELO QUEIROZ,PCdoB,DF,0,1,1,0,0,0,0,0
73457,52,0.3357821170990963,AIRTON ROVEDA,PTB,PR,0,1,0,0,0,0,0,0
73457,52,0.3357821170990963,AIRTON ROVEDA,PMDB,PR,0,1,0,0,0,0,0,0
73457,52,0.3357821170990963,AIRTON ROVEDA,PTB,PR,0,1,0,0,0,0,0,0
73457,52,0.3357821170990963,AIRTON ROVEDA,PPS,PR,0,1,0,0,0,0,0,0
74018,52,0.3357821170990963,ALBERICO FILHO,PMDB,MA,0,1,1,0,0,0,0,0
73579,52,0.3357821170990963,ALBERTO FRAGA,PMDB,DF,0,1,1,0,0,0,0,0
73579,52,0.3357821170990963,ALBERTO FRAGA,S.PART.,DF,0,1,1,0,0,0,0,0
73579,52,0.3357821170990963,ALBERTO FRAGA,PTB,DF,0,1,1,0,0,0,0,0
73579,52,0.3357821170990963,ALBERTO FRAGA,S.PART.,DF,0,1,1,0,0,0,0,0
73579,52,0.3357821170990963,ALBERTO FRAGA,PFL,DF,0,1,1,0,0,0,0,0
73427,52,0.3357821170990963,ALBERTO GOLDMAN,PSDB,SP,0,1,0,0,0,0,0,0
73979,52,0.3357821170990963,ALCESTE ALMEIDA,PL*,RR,0,1,0,0,0,0,0,0
73979,52,0.3357821170990963,ALCESTE ALMEIDA,PPS,RR,0,1,0,0,0,0,0,0
73979,52,0.3357821170990963,ALCESTE ALMEIDA,PMDB,RR,0,1,0,0,0,0,0,0
73979,52,0.3357821170990963,ALCESTE ALMEIDA,PTB,RR,0,1,0,0,0,0,0,0
73979,52,0.3357821170990963,ALCESTE ALMEIDA,PMDB,RR,0,1,0,0,0,0,0,0
73979,52,0.3357821170990963,ALCESTE ALMEIDA,S.PART.,RR,0,1,0,0,0,0,0,0
73979,52,0.3357821170990963,ALCESTE ALMEIDA,PMDB,RR,0,1,0,0,0,0,0,0
73979,52,0.3357821170990963,ALCESTE ALMEIDA,PTB,RR,0,1,0,0,0,0,0,0
73477,52,0.3357821170990963,ALCEU COLLARES,PDT,RS,0,1,0,0,0,0,0,0
74828,52,0.3357821170990963,ALDIR CABRAL,PFL,RJ,0,1,0,0,0,0,0,0
73428,52,2.8621344797247104,ALDO REBELO,PCdoB,SP,0,1,0,1,1,0,0,0
73458,52,0.3357821170990963,ALEX CANZIANI,PTB,PR,0,1,1,0,0,0,0,0
74829,52,0.3357821170990963,ALEXANDRE CARDOSO,PSB,RJ,0,1,1,0,0,0,0,0
136226,52,0.3357821170990963,ALEXANDRE MAIA,PMDB,MG,0,1,1,0,0,0,0,0
74830,52,0.3357821170990963,ALEXANDRE SANTOS,PSDB,RJ,0,1,0,0,0,0,0,0
74830,52,0.3357821170990963,ALEXANDRE SANTOS,PP**,RJ,0,1,0,0,0,0,0,0
74830,52,0.3357821170990963,ALEXANDRE SANTOS,PMDB,RJ,0,1,0,0,0,0,0,0
74057,52,4.015394483643361,ALICE PORTUGAL,PCdoB,BA,1,0,1,0,0,0,0,0
74451,52,0.3357821170990963,ALMEIDA DE JESUS,PL*,CE,0,1,0,0,0,0,0,0
74451,52,0.3357821170990963,ALMEIDA DE JESUS,PR,CE,0,1,0,0,0,0,0,0
74675,52,4.015394483643361,ALMERINDA DE CARVALHO,PSB,RJ,1,0,0,0,0,0,0,0
74675,52,4.015394483643361,ALMERINDA DE CARVALHO,PMDB,RJ,1,0,0,0,0,0,0,0
74167,52,2.8621344797247104,ALMIR MOURA,PL*,RJ,0,1,0,1,1,0,0,0
74167,52,2.8621344797247104,ALMIR MOURA,PMDB,RJ,0,1,0,1,1,0,0,0
74167,52,2.8621344797247104,ALMIR MOURA,S.PART.,RJ,0,1,0,1,1,0,0,0
74167,52,2.8621344797247104,ALMIR MOURA,PMDB,RJ,0,1,0,1,1,0,0,0
74167,52,2.8621344797247104,ALMIR MOURA,PFL,RJ,0,1,0,1,1,0,0,0
74167,52,2.8621344797247104,ALMIR MOURA,S.PART.,RJ,0,1,0,1,1,0,0,0
74341,52,2.8621344797247104,ALMIR SÁ,PPB,RR,0,1,0,1,1,0,0,0
74341,52,2.8621344797247104,ALMIR SÁ,PP**,RR,0,1,0,1,1,0,0,0
74341,52,2.8621344797247104,ALMIR SÁ,PL*,RR,0,1,0,1,1,0,0,0
74341,52,2.8621344797247104,ALMIR SÁ,PR,RR,0,1,0,1,1,0,0,0
73430,52,0.3357821170990963,ALOYSIO NUNES FERREIRA,PSDB,SP,0,1,1,0,0,0,0,0
74036,52,0.3357821170990963,ÁLVARO DIAS,PMDB,RN,0,1,1,0,0,0,0,0
74036,52,0.3357821170990963,ÁLVARO DIAS,PDT,RN,0,1,1,0,0,0,0,0
129617,52,0.3357821170990963,AMADOR TUT,PL*,MT,0,1,0,0,0,0,0,0
129617,52,0.3357821170990963,AMADOR TUT,PR,MT,0,1,0,0,0,0,0,0
74260,52,0.3357821170990963,AMAURI GASQUES,PRONA,SP,0,1,0,0,0,0,0,0
74260,52,0.3357821170990963,AMAURI GASQUES,PL*,SP,0,1,0,0,0,0,0,0
74260,52,0.3357821170990963,AMAURI GASQUES,PR,SP,0,1,0,0,0,0,0,0
74260,52,0.3357821170990963,AMAURI ROBLEDO GASQUES,PRONA,SP,0,1,0,0,0,0,0,0
74260,52,0.3357821170990963,AMAURI ROBLEDO GASQUES,PL*,SP,0,1,0,0,0,0,0,0
74260,52,0.3357821170990963,AMAURI ROBLEDO GASQUES,PR,SP,0,1,0,0,0,0,0,0
133440,52,4.015394483643361,ANA ALENCAR,PSDB,TO,1,0,0,0,0,0,0,0
133440,52,4.015394483643361,ANA ALENCAR,PL*,TO,1,0,0,0,0,0,0,0
133440,52,4.015394483643361,ANA ALENCAR,PSDB,TO,1,0,0,0,0,0,0,0
134115,52,4.015394483643361,ANA GUERRA,PT,MG,1,0,0,0,0,0,0,0
74146,52,0.3357821170990963,ANDERSON ADAUTO,PL*,MG,0,1,1,0,0,0,0,0
133377,52,0.3357821170990963,ANDRÉ COSTA,PT,RJ,0,1,1,0,0,0,0,0
133377,52,0.3357821170990963,ANDRÉ COSTA,S.PART.,RJ,0,1,1,0,0,0,0,0
133377,52,0.3357821170990963,ANDRÉ COSTA,PDT,RJ,0,1,1,0,0,0,0,0
74471,52,0.3357821170990963,ANDRÉ DE PAULA,PFL,PE,0,1,1,0,0,0,0,0
133439,52,0.3357821170990963,ANDRÉ FIGUEIREDO,PDT,CE,0,1,1,0,0,0,0,0
74168,52,0.3357821170990963,ANDRÉ LUIZ,PMDB,RJ,0,1,0,0,0,0,0,0
74168,52,0.3357821170990963,ANDRÉ LUIZ,S.PART.,RJ,0,1,0,0,0,0,0,0
74377,52,0.3357821170990963,ANDRÉ ZACHAROW,PDT,PR,0,1,1,0,0,0,0,0
74377,52,0.3357821170990963,ANDRÉ ZACHAROW,PP**,PR,0,1,1,0,0,0,0,0
74377,52,0.3357821170990963,ANDRÉ ZACHAROW,PSB,PR,0,1,1,0,0,0,0,0
74377,52,0.3357821170990963,ANDRÉ ZACHAROW,S.PART.,PR,0,1,1,0,0,0,0,0
74377,52,0.3357821170990963,ANDRÉ ZACHAROW,PMDB,PR,0,1,1,0,0,0,0,0
74699,52,4.015394483643361,ANGELA GUADAGNIN,PT,SP,1,0,1,0,0,0,0,0
74212,52,2.8621344797247104,ANÍBAL GOMES,PMDB,CE,0,1,0,1,1,0,0,0
74072,52,0.3357821170990963,ANIVALDO VALE,PSDB,PA,0,1,1,0,0,0,0,0
73928,52,4.015394483643361,ANN PONTES,PMDB,PA,1,0,0,0,0,0,0,0
73937,52,0.3357821170990963,ANSELMO,PT,RO,0,1,1,0,0,0,0,0
73937,52,0.3357821170990963,ANSELMO DE JESUS,PT,RO,0,1,1,0,0,0,0,0
133371,52,0.3357821170990963,ANTENOR NASPOLINI,PSDB,CE,0,1,0,0,0,0,0,0
74452,52,0.3357821170990963,ANTONIO CAMBRAIA,PSDB,CE,0,1,0,0,0,0,0,0
74373,52,0.3357821170990963,ANTÔNIO CARLOS BIFFI,PT,MS,0,1,1,0,0,0,0,0
73492,52,0.3357821170990963,ANTONIO CARLOS BISCAIA,PT,RJ,0,1,1,0,0,0,0,0
73492,52,0.3357821170990963,BISCAIA,PT,RJ,0,1,1,0,0,0,0,0
74058,52,2.8621344797247104,ANTONIO CARLOS MAGALHÃES NETO,PFL,BA,0,1,0,1,1,0,0,0
73584,52,0.3357821170990963,ANTONIO CARLOS MENDES THAME,PSDB,SP,0,1,1,0,0,0,0,0
73431,52,0.3357821170990963,ANTONIO CARLOS PANNUNZIO,PSDB,SP,0,1,0,0,0,0,0,0
73817,52,2.8621344797247104,ANTONIO CRUZ,PTB,MS,0,1,0,1,1,0,0,0
73817,52,2.8621344797247104,ANTONIO CRUZ,PP**,MS,0,1,0,1,1,0,0,0
74194,52,0.3357821170990963,ANTONIO JOAQUIM,PPB,MA,0,1,0,0,0,0,0,0
74194,52,0.3357821170990963,ANTONIO JOAQUIM,PP**,MA,0,1,0,0,0,0,0,0
74194,52,0.3357821170990963,ANTONIO JOAQUIM,PTB,MA,0,1,0,0,0,0,0,0
74194,52,0.3357821170990963,ANTONIO JOAQUIM,PSDB,MA,0,1,0,0,0,0,0,0
73927,52,0.3357821170990963,ANTONIO NOGUEIRA,PT,AP,0,1,0,0,0,0,0,0
74648,52,0.3357821170990963,ARACELY DE PAULA,PFL,MG,0,1,1,0,0,0,0,0
74648,52,0.3357821170990963,ARACELY DE PAULA,PL*,MG,0,1,1,0,0,0,0,0
74648,52,0.3357821170990963,ARACELY DE PAULA,PR,MG,0,1,1,0,0,0,0,0
74103,52,0.3357821170990963,ARIOSTO HOLANDA,PSDB,CE,0,1,1,0,0,0,0,0
74103,52,0.3357821170990963,ARIOSTO HOLANDA,S.PART.,CE,0,1,1,0,0,0,0,0
74103,52,0.3357821170990963,ARIOSTO HOLANDA,PSB,CE,0,1,1,0,0,0,0,0
73433,52,0.3357821170990963,ARLINDO CHINAGLIA,PT,SP,0,1,1,0,0,0,0,0
74405,52,0.3357821170990963,ARMANDO ABÍLIO,PSDB,PB,0,1,0,0,0,0,0,0
74405,52,0.3357821170990963,ARMANDO ABÍLIO,PTB,PB,0,1,0,0,0,0,0,0
74472,52,0.3357821170990963,ARMANDO MONTEIRO,PMDB,PE,0,1,1,0,0,0,0,0
74472,52,0.3357821170990963,ARMANDO MONTEIRO,PTB,PE,0,1,1,0,0,0,0,0
73434,52,0.3357821170990963,ARNALDO FARIA DE SÁ,PTB,SP,0,1,1,0,0,0,0,0
73993,52,0.3357821170990963,ARNALDO MADEIRA,PSDB,SP,0,1,0,0,0,0,0,0
74291,52,0.3357821170990963,ARNON BEZERRA,PSDB,CE,0,1,1,0,0,0,0,0
74291,52,0.3357821170990963,ARNON BEZERRA,PTB,CE,0,1,1,0,0,0,0,0
74833,52,0.3357821170990963,AROLDE DE OLIVEIRA,PFL,RJ,0,1,1,0,0,0,0,0
74534,52,0.3357821170990963,AROLDO CEDRAZ,PFL,BA,0,1,0,0,0,0,0,0
74287,52,0.3357821170990963,ARRUDA,PFL,DF,0,1,1,0,0,0,0,0
74287,52,0.3357821170990963,JOSÉ ROBERTO ARRUDA,PFL,DF,0,1,1,0,0,0,0,0
73683,52,0.3357821170990963,ARY JOSÉ VANAZZI,PT,RS,0,1,1,0,0,0,0,0
73683,52,0.3357821170990963,ARY VANAZZI,PT,RS,0,1,1,0,0,0,0,0
73435,52,0.3357821170990963,ARY KARA,PTB,SP,0,1,1,0,0,0,0,0
74222,52,2.8621344797247104,ASDRUBAL BENTES,PMDB,PA,0,1,0,1,1,0,0,0
74378,52,0.3357821170990963,ASSIS MIGUEL DO COUTO,PT,PR,0,1,1,0,0,0,0,0
74147,52,0.3357821170990963,ATHOS AVELINO,PPS,MG,0,1,0,0,0,0,0,0
74090,52,0.3357821170990963,ÁTILA LINS,PPS,AM,0,1,1,0,0,0,0,0
74090,52,0.3357821170990963,ÁTILA LINS,PMDB,AM,0,1,1,0,0,0,0,0
74459,52,0.3357821170990963,ÁTILA LIRA,PSDB,PI,0,1,1,0,0,0,0,0
73889,52,0.3357821170990963,AUGUSTO NARDES,PPB,RS,0,1,0,0,0,0,0,0
73889,52,0.3357821170990963,AUGUSTO NARDES,PP**,RS,0,1,0,0,0,0,0,0
74312,52,0.3357821170990963,B. SÁ,PPS,PI,0,1,0,0,0,0,0,0
74312,52,0.3357821170990963,B. SÁ,S.PART.,PI,0,1,0,0,0,0,0,0
74312,52,0.3357821170990963,B. SÁ,PSB,PI,0,1,0,0,0,0,0,0
74349,52,0.3357821170990963,BABÁ,PT,PA,0,1,1,0,0,0,0,0
74349,52,0.3357821170990963,BABÁ,S.PART.,PA,0,1,1,0,0,0,0,0
74349,52,0.3357821170990963,BABÁ,PSOL,PA,0,1,1,0,0,0,0,0
74342,52,0.3357821170990963,BADU PICANÇO,PL*,AP,0,1,0,0,0,0,0,0
74342,52,0.3357821170990963,BADU PICANÇO,PR,AP,0,1,0,0,0,0,0,0
73663,52,0.3357821170990963,BARBOSA NETO,PMDB,GO,0,1,0,0,0,0,0,0
73663,52,0.3357821170990963,BARBOSA NETO,PSB,GO,0,1,0,0,0,0,0,0
74059,52,2.8621344797247104,BASSUMA,PT,BA,0,1,0,1,1,0,0,0
74059,52,2.8621344797247104,LUIZ BASSUMA,PT,BA,0,1,0,1,1,0,0,0
74517,52,2.8621344797247104,BENEDITO DE LIRA,PTB,AL,0,1,0,1,1,0,0,0
74517,52,2.8621344797247104,BENEDITO DE LIRA,PPB,AL,0,1,0,1,1,0,0,0
74517,52,2.8621344797247104,BENEDITO DE LIRA,PP**,AL,0,1,0,1,1,0,0,0
74040,52,2.8621344797247104,BENJAMIN MARANHÃO,PMDB,PB,0,1,0,1,1,0,0,0
74169,52,0.3357821170990963,BERNARDO ARISTON,PSB,RJ,0,1,1,0,0,0,0,0
74169,52,0.3357821170990963,BERNARDO ARISTON,PMDB,RJ,0,1,1,0,0,0,0,0
74321,52,0.3357821170990963,BETINHO ROSADO,PFL,RN,0,1,1,0,0,0,0,0
74321,52,0.3357821170990963,CARLOS ALBERTO ROSADO,PFL,RN,0,1,1,0,0,0,0,0
73478,52,0.3357821170990963,BETO ALBUQUERQUE,PSB,RS,0,1,1,0,0,0,0,0
141335,52,2.8621344797247104,BETO FARO,PT,PA,0,1,0,1,1,0,0,0
74030,52,0.3357821170990963,BISMARCK MAIA,PSDB,CE,0,1,1,0,0,0,0,0
74261,52,0.3357821170990963,BISPO JOÃO BATISTA,PFL,SP,0,1,1,0,0,0,0,0
74261,52,0.3357821170990963,BISPO JOÃO BATISTA,S.PART.,SP,0,1,1,0,0,0,0,0
74261,52,0.3357821170990963,BISPO JOÃO BATISTA,PP**,SP,0,1,1,0,0,0,0,0
74261,52,0.3357821170990963,JOÃO BATISTA,PFL,SP,0,1,1,0,0,0,0,0
74261,52,0.3357821170990963,JOÃO BATISTA,S.PART.,SP,0,1,1,0,0,0,0,0
74261,52,0.3357821170990963,JOÃO BATISTA,PP**,SP,0,1,1,0,0,0,0,0
74170,52,4.431484490415324,BISPO JOÃO MENDES DE JESUS,PDT,RJ,0,1,0,1,0,1,0,0
74170,52,4.431484490415324,BISPO JOÃO MENDES DE JESUS,PSL,RJ,0,1,0,1,0,1,0,0
74170,52,4.431484490415324,BISPO JOÃO MENDES DE JESUS,PL*,RJ,0,1,0,1,0,1,0,0
74170,52,4.431484490415324,BISPO JOÃO MENDES DE JESUS,PSL,RJ,0,1,0,1,0,1,0,0
74170,52,4.431484490415324,BISPO JOÃO MENDES DE JESUS,S.PART.,RJ,0,1,0,1,0,1,0,0
74170,52,4.431484490415324,BISPO JOÃO MENDES DE JESUS,PSB,RJ,0,1,0,1,0,1,0,0
74170,52,4.431484490415324,BISPO JOÃO MENDES DE JESUS,S.PART.,RJ,0,1,0,1,0,1,0,0
74170,52,4.431484490415324,JOÃO MENDES DE JESUS,PDT,RJ,0,1,0,1,0,1,0,0
74170,52,4.431484490415324,JOÃO MENDES DE JESUS,PSL,RJ,0,1,0,1,0,1,0,0
74170,52,4.431484490415324,JOÃO MENDES DE JESUS,PL*,RJ,0,1,0,1,0,1,0,0
74170,52,4.431484490415324,JOÃO MENDES DE JESUS,PSL,RJ,0,1,0,1,0,1,0,0
74170,52,4.431484490415324,JOÃO MENDES DE JESUS,S.PART.,RJ,0,1,0,1,0,1,0,0
74170,52,4.431484490415324,JOÃO MENDES DE JESUS,PSB,RJ,0,1,0,1,0,1,0,0
74170,52,4.431484490415324,JOÃO MENDES DE JESUS,S.PART.,RJ,0,1,0,1,0,1,0,0
74676,52,0.3357821170990963,BISPO RODRIGUES,PL*,RJ,0,1,0,0,0,0,0,0
74676,52,0.3357821170990963,CARLOS RODRIGUES,PL*,RJ,0,1,0,0,0,0,0,0
74702,52,0.3357821170990963,BISPO WANDERVAL,PL*,SP,0,1,0,0,0,0,0,0
74702,52,0.3357821170990963,BISPO WANDERVAL,PR,SP,0,1,0,0,0,0,0,0
74702,52,0.3357821170990963,WANDERVAL SANTOS,PL*,SP,0,1,0,0,0,0,0,0
74702,52,0.3357821170990963,WANDERVAL SANTOS,PR,SP,0,1,0,0,0,0,0,0
74650,52,0.3357821170990963,BONIFÁCIO DE ANDRADA,PSDB,MG,0,1,1,0,0,0,0,0
74052,52,2.8621344797247104,BOSCO COSTA,PSDB,SE,0,1,0,1,1,0,0,0
74577,52,2.8621344797247104,CABO JÚLIO,PSB,MG,0,1,0,1,1,0,0,0
74577,52,2.8621344797247104,CABO JÚLIO,PSC,MG,0,1,0,1,1,0,0,0
74577,52,2.8621344797247104,CABO JÚLIO,PMDB,MG,0,1,0,1,1,0,0,0
133658,52,0.3357821170990963,CAPITÃO WAYNE,PSDB,GO,0,1,1,0,0,0,0,0
73469,52,0.3357821170990963,CARLITO MERSS,PT,SC,0,1,1,0,0,0,0,0
74285,52,0.3357821170990963,CARLOS ABICALIL,PT,MT,0,1,0,0,0,0,0,0
74290,52,2.8621344797247104,CARLOS ALBERTO LERÉIA,PSDB,GO,0,1,0,1,1,0,0,0
74473,52,2.8621344797247104,CARLOS BATATA,PSDB,PE,0,1,0,1,1,0,0,0
74473,52,2.8621344797247104,CARLOS BATATA,PFL,PE,0,1,0,1,1,0,0,0
74466,52,0.3357821170990963,CARLOS DUNGA,PTB,PB,0,1,0,0,0,0,0,0
74474,52,0.3357821170990963,CARLOS EDUARDO CADOCA,PMDB,PE,0,1,1,0,0,0,0,0
141331,52,2.8621344797247104,CARLOS LAPA,PSB,PE,0,1,0,1,1,0,0,0
74651,52,0.3357821170990963,CARLOS MELLES,PFL,MG,0,1,1,0,0,0,0,0
74484,52,2.8621344797247104,CARLOS MOTA,PL*,MG,0,1,0,1,1,0,0,0
74484,52,2.8621344797247104,CARLOS MOTA,PSB,MG,0,1,0,1,1,0,0,0
73825,52,0.3357821170990963,CARLOS NADER,PFL,RJ,0,1,0,0,0,0,0,0
73825,52,0.3357821170990963,CARLOS NADER,PL*,RJ,0,1,0,0,0,0,0,0
73825,52,0.3357821170990963,CARLOS NADER,PR,RJ,0,1,0,0,0,0,0,0
74262,52,0.3357821170990963,CARLOS SAMPAIO,PSDB,SP,0,1,1,0,0,0,0,0
74835,52,0.3357821170990963,CARLOS SANTANA,PT,RJ,0,1,0,0,0,0,0,0
73934,52,2.8621344797247104,CARLOS SOUZA,PL*,AM,0,1,0,1,1,0,0,0
73934,52,2.8621344797247104,CARLOS SOUZA,PP**,AM,0,1,0,1,1,0,0,0
74148,52,0.3357821170990963,CARLOS WILLIAN,PSB,MG,0,1,0,0,0,0,0,0
74148,52,0.3357821170990963,CARLOS WILLIAN,PSC,MG,0,1,0,0,0,0,0,0
74148,52,0.3357821170990963,CARLOS WILLIAN,PMDB,MG,0,1,0,0,0,0,0,0
74148,52,0.3357821170990963,CARLOS WILLIAN,PTC,MG,0,1,0,0,0,0,0,0
74489,52,0.3357821170990963,CASARA,PSDB,RO,0,1,0,0,0,0,0,0
74489,52,0.3357821170990963,CASARA,PSB,RO,0,1,0,0,0,0,0,0
74489,52,0.3357821170990963,CASARA,PL*,RO,0,1,0,0,0,0,0,0
74489,52,0.3357821170990963,CASARA,PSDB,RO,0,1,0,0,0,0,0,0
74489,52,0.3357821170990963,HAMILTON CASARA,PSDB,RO,0,1,0,0,0,0,0,0
74489,52,0.3357821170990963,HAMILTON CASARA,PSB,RO,0,1,0,0,0,0,0,0
74489,52,0.3357821170990963,HAMILTON CASARA,PL*,RO,0,1,0,0,0,0,0,0
74489,52,0.3357821170990963,HAMILTON CASARA,PSDB,RO,0,1,0,0,0,0,0,0
74799,52,4.015394483643361,CELCITA PINHEIRO,PFL,MT,1,0,0,0,0,0,0,0
73441,52,0.3357821170990963,CELSO RUSSOMANNO,PPB,SP,0,1,1,0,0,0,0,0
73441,52,0.3357821170990963,CELSO RUSSOMANNO,PP**,SP,0,1,1,0,0,0,0,0
74195,52,0.3357821170990963,CÉSAR BANDEIRA,PFL,MA,0,1,0,0,0,0,0,0
74195,52,0.3357821170990963,CÉSAR BANDEIRA,S.PART.,MA,0,1,0,0,0,0,0,0
74149,52,0.3357821170990963,CÉSAR MEDEIROS,PT,MG,0,1,1,0,0,0,0,0
73480,52,0.3357821170990963,CEZAR SCHIRMER,PMDB,RS,0,1,1,0,0,0,0,0
74379,52,0.3357821170990963,CEZAR SILVESTRI,PPS,PR,0,1,0,0,0,0,0,0
141336,52,0.3357821170990963,CHARLES LUCENA,PSDB,PE,0,1,1,0,0,0,0,0
141336,52,0.3357821170990963,CHARLES LUCENA,PTB,PE,0,1,1,0,0,0,0,0
74181,52,4.431484490415324,CHICÃO BRÍGIDO,PMDB,AC,0,1,0,1,0,1,0,0
74171,52,0.3357821170990963,CHICO ALENCAR,PT,RJ,0,1,1,0,0,0,0,0
74171,52,0.3357821170990963,CHICO ALENCAR,PSOL,RJ,0,1,1,0,0,0,0,0
74000,52,0.3357821170990963,CHICO DA PRINCESA,PL*,PR,0,1,1,0,0,0,0,0
74000,52,0.3357821170990963,CHICO DA PRINCESA,PR,PR,0,1,1,0,0,0,0,0
73595,52,0.3357821170990963,CHICO SARDELLI,PFL,SP,0,1,1,0,0,0,0,0
73595,52,0.3357821170990963,CHICO SARDELLI,PV,SP,0,1,1,0,0,0,0,0
74313,52,0.3357821170990963,CIRO NOGUEIRA,PFL,PI,0,1,1,0,0,0,0,0
74313,52,0.3357821170990963,CIRO NOGUEIRA,PP**,PI,0,1,1,0,0,0,0,0
74537,52,0.3357821170990963,CLAUDIO CAJADO,PFL,BA,0,1,1,0,0,0,0,0
141057,52,0.3357821170990963,CLÁUDIO DIAZ,PSDB,RS,0,1,1,0,0,0,0,0
74263,52,0.3357821170990963,CLÁUDIO MAGRÃO,PPS,SP,0,1,0,0,0,0,0,0
137116,52,0.3357821170990963,CLAUDIO RORATO,PMDB,PR,0,1,0,0,0,0,0,0
74527,52,0.3357821170990963,CLEONÂNCIO FONSECA,PPB,SE,0,1,0,0,0,0,0,0
74527,52,0.3357821170990963,CLEONÂNCIO FONSECA,PP**,SE,0,1,0,0,0,0,0,0
74578,52,0.3357821170990963,CLEUBER CARNEIRO,PFL,MG,0,1,0,0,0,0,0,0
74578,52,0.3357821170990963,CLEUBER CARNEIRO,PTB,MG,0,1,0,0,0,0,0,0
141334,52,0.3357821170990963,CLOVIS CORRÊA,PSB,PE,0,1,1,0,0,0,0,0
74026,52,0.3357821170990963,CLÓVIS FECURY,PFL,MA,0,1,1,0,0,0,0,0
74230,52,2.8621344797247104,COLBERT MARTINS,PPS,BA,0,1,0,1,1,0,0,0
74230,52,2.8621344797247104,COLBERT MARTINS,PMDB,BA,0,1,0,1,1,0,0,0
74380,52,0.3357821170990963,COLOMBO,PT,PR,0,1,0,0,0,0,0,0
74097,52,2.8621344797247104,CONFÚCIO MOURA,PMDB,RO,0,1,0,1,1,0,0,0
73442,52,0.3357821170990963,CORAUCI SOBRINHO,PFL,SP,0,1,0,0,0,0,0,0
74538,52,0.3357821170990963,CORIOLANO SALES,PFL,BA,0,1,0,0,0,0,0,0
73923,52,0.3357821170990963,CORONEL ALVES,PL*,AP,0,1,0,0,0,0,0,0
73923,52,0.3357821170990963,CORONEL ALVES,PR,AP,0,1,0,0,0,0,0,0
74016,52,2.8621344797247104,COSTA FERREIRA,PFL,MA,0,1,0,1,1,0,0,0
74016,52,2.8621344797247104,COSTA FERREIRA,PSC,MA,0,1,0,1,1,0,0,0
74016,52,2.8621344797247104,COSTA FERREIRA,PMDB,MA,0,1,0,1,1,0,0,0
74016,52,2.8621344797247104,COSTA FERREIRA,S.PART.,MA,0,1,0,1,1,0,0,0
74016,52,2.8621344797247104,COSTA FERREIRA,PSC,MA,0,1,0,1,1,0,0,0
74579,52,0.3357821170990963,CUSTÓDIO MATTOS,PSDB,MG,0,1,0,0,0,0,0,0
74467,52,4.431484490415324,DAMIAO FELICIANO,PMDB,PB,0,1,0,1,0,1,0,0
74467,52,4.431484490415324,DAMIAO FELICIANO,PP**,PB,0,1,0,1,0,1,0,0
74060,52,2.8621344797247104,DANIEL ALMEIDA,PCdoB,BA,0,1,0,1,1,0,0,0
74654,52,0.3357821170990963,DANILO DE CASTRO,PSDB,MG,0,1,0,0,0,0,0,0
74187,52,0.3357821170990963,DARCI COELHO,PFL,TO,0,1,0,0,0,0,0,0
74187,52,0.3357821170990963,DARCI COELHO,PP**,TO,0,1,0,0,0,0,0,0
73891,52,0.3357821170990963,DARCÍSIO PERONDI,PMDB,RS,0,1,1,0,0,0,0,0
73924,52,0.3357821170990963,DAVI ALCOLUMBRE,PDT,AP,0,1,1,0,0,0,0,0
73924,52,0.3357821170990963,DAVI ALCOLUMBRE,PFL,AP,0,1,1,0,0,0,0,0
73924,52,0.3357821170990963,DAVID ALCOLUMBRE,PDT,AP,0,1,1,0,0,0,0,0
73924,52,0.3357821170990963,DAVID ALCOLUMBRE,PFL,AP,0,1,1,0,0,0,0,0
74172,52,0.3357821170990963,DELEY,PV,RJ,0,1,1,0,0,0,0,0
74172,52,0.3357821170990963,DELEY,PMDB,RJ,0,1,1,0,0,0,0,0
74172,52,0.3357821170990963,DELEY,PSC,RJ,0,1,1,0,0,0,0,0
73445,52,0.3357821170990963,DELFIM NETTO,PPB,SP,0,1,0,0,0,0,0,0
73445,52,0.3357821170990963,DELFIM NETTO,PP**,SP,0,1,0,0,0,0,0,0
73445,52,0.3357821170990963,DELFIM NETTO,PMDB,SP,0,1,0,0,0,0,0,0
74252,52,4.015394483643361,DENISE FROSSARD,PSDB,RJ,1,0,0,0,0,0,0,0
74252,52,4.015394483643361,DENISE FROSSARD,S.PART.,RJ,1,0,0,0,0,0,0,0
74252,52,4.015394483643361,DENISE FROSSARD,PPS,RJ,1,0,0,0,0,0,0,0
74252,52,4.015394483643361,JUÍZA DENISE FROSSARD,PSDB,RJ,1,0,0,0,0,0,0,0
74252,52,4.015394483643361,JUÍZA DENISE FROSSARD,S.PART.,RJ,1,0,0,0,0,0,0,0
74252,52,4.015394483643361,JUÍZA DENISE FROSSARD,PPS,RJ,1,0,0,0,0,0,0,0
73704,52,0.3357821170990963,DERVAL DE PAIVA,PMDB,TO,0,1,0,0,0,0,0,0
74264,52,0.3357821170990963,DEVANIR RIBEIRO,PT,SP,0,1,1,0,0,0,0,0
73768,52,0.3357821170990963,DILCEU SPERAFICO,PPB,PR,0,1,1,0,0,0,0,0
73768,52,0.3357821170990963,DILCEU SPERAFICO,PP**,PR,0,1,1,0,0,0,0,0
134893,52,0.3357821170990963,DILTO VITORASSI,PT,PR,0,1,1,0,0,0,0,0
134893,52,0.3357821170990963,VITORASSI,PT,PR,0,1,1,0,0,0,0,0
74265,52,0.3357821170990963,DIMAS RAMALHO,PPS,SP,0,1,0,0,0,0,0,0
74468,52,2.8621344797247104,DOMICIANO CABRAL,PSDB,PB,0,1,0,1,1,0,0,0
74343,52,0.3357821170990963,DR. BENEDITO DIAS,PPB,AP,0,1,0,0,0,0,0,0
74343,52,0.3357821170990963,DR. BENEDITO DIAS,PP**,AP,0,1,0,0,0,0,0,0
74705,52,0.3357821170990963,DR. EVILÁSIO,PSB,SP,0,1,1,0,0,0,0,0
74150,52,0.3357821170990963,DR. FRANCISCO,PTB,MG,0,1,0,0,0,0,0,0
74150,52,0.3357821170990963,DR. FRANCISCO,PPS,MG,0,1,0,0,0,0,0,0
74150,52,0.3357821170990963,DR. FRANCISCO GONÇALVES,PTB,MG,0,1,0,0,0,0,0,0
74150,52,0.3357821170990963,DR. FRANCISCO GONÇALVES,PPS,MG,0,1,0,0,0,0,0,0
74680,52,0.3357821170990963,DR. HELENO,PSDB,RJ,0,1,0,0,0,0,0,0
74680,52,0.3357821170990963,DR. HELENO,PP**,RJ,0,1,0,0,0,0,0,0
74680,52,0.3357821170990963,DR. HELENO,PMDB,RJ,0,1,0,0,0,0,0,0
74680,52,0.3357821170990963,DR. HELENO,PSC,RJ,0,1,0,0,0,0,0,0
74779,52,2.8621344797247104,DR. HÉLIO,PDT,SP,0,1,0,1,1,0,0,0
73542,52,0.3357821170990963,DR. PINOTTI,PMDB,SP,0,1,0,0,0,0,0,0
73542,52,0.3357821170990963,DR. PINOTTI,PFL,SP,0,1,0,0,0,0,0,0
74027,52,2.8621344797247104,DR. RIBAMAR ALVES,PSB,MA,0,1,0,1,1,0,0,0
73920,52,0.3357821170990963,DR. RODOLFO PEREIRA,PDT,RR,0,1,0,0,0,0,0,0
73459,52,0.3357821170990963,DR. ROSINHA,PT,PR,0,1,1,0,0,0,0,0
74381,52,4.015394483643361,DRA. CLAIR,PT,PR,1,0,1,0,0,0,0,0
74266,52,0.3357821170990963,DURVAL ORLATO,PT,SP,0,1,1,0,0,0,0,0
73793,52,0.3357821170990963,EDINHO BEZ,PMDB,SC,0,1,1,0,0,0,0,0
133375,52,0.3357821170990963,EDINHO MONTEMOR,PSB,SP,0,1,1,0,0,0,0,0
133375,52,0.3357821170990963,EDINHO MONTEMOR,PL*,SP,0,1,1,0,0,0,0,0
133375,52,0.3357821170990963,EDINHO MONTEMOR,PSB,SP,0,1,1,0,0,0,0,0
73599,52,0.3357821170990963,EDIR OLIVEIRA,PTB,RS,0,1,0,0,0,0,0,0
73794,52,0.3357821170990963,EDISON ANDRINO,PMDB,SC,0,1,1,0,0,0,0,0
74580,52,0.3357821170990963,EDMAR MOREIRA,PL*,MG,0,1,0,0,0,0,0,0
74580,52,0.3357821170990963,EDMAR MOREIRA,S.PART.,MG,0,1,0,0,0,0,0,0
74580,52,0.3357821170990963,EDMAR MOREIRA,PFL,MG,0,1,0,0,0,0,0,0
73827,52,0.3357821170990963,EDMUNDO GALDINO,PSDB,TO,0,1,0,0,0,0,0,0
73827,52,0.3357821170990963,EDMUNDO GALDINO,PDT,TO,0,1,0,0,0,0,0,0
74267,52,4.015394483643361,EDNA MACEDO,PTB,SP,1,0,1,0,0,0,0,0
74061,52,0.3357821170990963,EDSON DUARTE,PV,BA,0,1,0,0,0,0,0,0
74838,52,0.3357821170990963,EDSON EZEQUIEL,PSB,RJ,0,1,0,0,0,0,0,0
74838,52,0.3357821170990963,EDSON EZEQUIEL,PMDB,RJ,0,1,0,0,0,0,0,0
74655,52,0.3357821170990963,EDUARDO BARBOSA,PSDB,MG,0,1,1,0,0,0,0,0
74416,52,0.3357821170990963,EDUARDO CAMPOS,PSB,PE,0,1,1,0,0,0,0,0
74173,52,0.3357821170990963,EDUARDO CUNHA,PPB,RJ,0,1,1,0,0,0,0,0
74173,52,0.3357821170990963,EDUARDO CUNHA,PP**,RJ,0,1,1,0,0,0,0,0
74173,52,0.3357821170990963,EDUARDO CUNHA,PMDB,RJ,0,1,1,0,0,0,0,0
73945,52,0.3357821170990963,EDUARDO GOMES,PSDB,TO,0,1,1,0,0,0,0,0
74683,52,0.3357821170990963,EDUARDO PAES,PFL,RJ,0,1,1,0,0,0,0,0
74683,52,0.3357821170990963,EDUARDO PAES,S.PART.,RJ,0,1,1,0,0,0,0,0
74683,52,0.3357821170990963,EDUARDO PAES,PSDB,RJ,0,1,1,0,0,0,0,0
74382,52,0.3357821170990963,EDUARDO SCIARRA,PFL,PR,0,1,0,0,0,0,0,0
74344,52,2.8621344797247104,EDUARDO SEABRA,PTB,AP,0,1,0,1,1,0,0,0
73938,52,0.3357821170990963,EDUARDO VALVERDE,PT,RO,0,1,0,0,0,0,0,0
74494,52,0.3357821170990963,EDVALDO BAIÃO,PT,MG,0,1,1,0,0,0,0,0
74494,52,0.3357821170990963,VADINHO BAIÃO,PT,MG,0,1,1,0,0,0,0,0
74174,52,4.015394483643361,ELAINE COSTA,PTB,RJ,1,0,0,0,0,0,0,0
74268,52,2.8621344797247104,ELIMAR MÁXIMO DAMASCENO,PRONA,SP,0,1,0,1,1,0,0,0
74268,52,2.8621344797247104,ELIMAR MÁXIMO DAMASCENO,PR,SP,0,1,0,1,1,0,0,0
74198,52,0.3357821170990963,ELISEU MOURA,PPB,MA,0,1,0,0,0,0,0,0
74198,52,0.3357821170990963,ELISEU MOURA,PP**,MA,0,1,0,0,0,0,0,0
73892,52,0.3357821170990963,ELISEU PADILHA,PMDB,RS,0,1,0,0,0,0,0,0
74657,52,0.3357821170990963,ELISEU RESENDE,PFL,MG,0,1,0,0,0,0,0,0
74269,52,0.3357821170990963,ENÉAS,PRONA,SP,0,1,0,0,0,0,0,0
74269,52,0.3357821170990963,ENÉAS,PR,SP,0,1,0,0,0,0,0,0
73893,52,0.3357821170990963,ENIO BACCI,PDT,RS,0,1,1,0,0,0,0,0
74402,52,2.8621344797247104,ENIO TATICO,PTB,GO,0,1,0,1,1,0,0,0
74402,52,2.8621344797247104,ENIO TATICO,PMDB,GO,0,1,0,1,1,0,0,0
74402,52,2.8621344797247104,ENIO TATICO,PL*,GO,0,1,0,1,1,0,0,0
74402,52,2.8621344797247104,ENIO TATICO,PTB,GO,0,1,0,1,1,0,0,0
74408,52,0.3357821170990963,ENIVALDO RIBEIRO,PPB,PB,0,1,1,0,0,0,0,0
74408,52,0.3357821170990963,ENIVALDO RIBEIRO,PP**,PB,0,1,1,0,0,0,0,0
74393,52,0.3357821170990963,ÉRICO RIBEIRO,PPB,RS,0,1,0,0,0,0,0,0
74393,52,0.3357821170990963,ÉRICO RIBEIRO,PP**,RS,0,1,0,0,0,0,0,0
74454,52,2.8621344797247104,EUNÍCIO OLIVEIRA,PMDB,CE,0,1,0,1,1,0,0,0
74345,52,4.431484490415324,EVANDRO MILHOMEN,PSB,AP,0,1,0,1,0,1,0,0
74345,52,4.431484490415324,EVANDRO MILHOMEN,PCdoB,AP,0,1,0,1,0,1,0,0
74062,52,2.8621344797247104,FÁBIO SOUTO,PFL,BA,0,1,0,1,1,0,0,0
74037,52,6.541746846268974,FÁTIMA BEZERRA,PT,RN,1,0,0,1,1,0,0,0
74542,52,0.3357821170990963,FÉLIX MENDONÇA,PTB,BA,0,1,0,0,0,0,0,0
74542,52,0.3357821170990963,FÉLIX MENDONÇA,PFL,BA,0,1,0,0,0,0,0,0
141344,52,0.3357821170990963,FERNANDO CHUCRE,PSDB,SP,0,1,0,0,0,0,0,0
73471,52,0.3357821170990963,FERNANDO CORUJA,PDT,SC,0,1,1,0,0,0,0,0
73471,52,0.3357821170990963,FERNANDO CORUJA,PPS,SC,0,1,1,0,0,0,0,0
74063,52,0.3357821170990963,FERNANDO DE FABINHO,PFL,BA,0,1,1,0,0,0,0,0
74658,52,0.3357821170990963,FERNANDO DINIZ,PMDB,MG,0,1,0,0,0,0,0,0
136377,52,0.3357821170990963,FERNANDO ESTIMA,PL*,SP,0,1,0,0,0,0,0,0
136377,52,0.3357821170990963,FERNANDO ESTIMA,S.PART.,SP,0,1,0,0,0,0,0,0
136377,52,0.3357821170990963,FERNANDO ESTIMA,PPS,SP,0,1,0,0,0,0,0,0
136377,52,0.3357821170990963,FERNANDO ESTIMA,S.PART.,SP,0,1,0,0,0,0,0,0
74417,52,0.3357821170990963,FERNANDO FERRO,PT,PE,0,1,1,0,0,0,0,0
74841,52,0.3357821170990963,FERNANDO GABEIRA,PT,RJ,0,1,0,0,0,0,0,0
74841,52,0.3357821170990963,FERNANDO GABEIRA,S.PART.,RJ,0,1,0,0,0,0,0,0
74841,52,0.3357821170990963,FERNANDO GABEIRA,PV,RJ,0,1,0,0,0,0,0,0
74842,52,0.3357821170990963,FERNANDO GONÇALVES,PTB,RJ,0,1,1,0,0,0,0,0
74843,52,0.3357821170990963,FERNANDO LOPES,PSB,RJ,0,1,1,0,0,0,0,0
74843,52,0.3357821170990963,FERNANDO LOPES,S.PART.,RJ,0,1,1,0,0,0,0,0
74843,52,0.3357821170990963,FERNANDO LOPES,PMDB,RJ,0,1,1,0,0,0,0,0
74487,52,0.3357821170990963,FERNANDO WILLIAM,PSB,RJ,0,1,1,0,0,0,0,0
74771,52,0.3357821170990963,FEU ROSA,PSDB,ES,0,1,0,0,0,0,0,0
74771,52,0.3357821170990963,FEU ROSA,S.PART.,ES,0,1,0,0,0,0,0,0
74771,52,0.3357821170990963,FEU ROSA,PP**,ES,0,1,0,0,0,0,0,0
74700,52,0.3357821170990963,FLEURY,PTB,SP,0,1,0,0,0,0,0,0
74700,52,0.3357821170990963,LUIZ ANTONIO FLEURY,PTB,SP,0,1,0,0,0,0,0,0
74033,52,4.015394483643361,FRANCISCA TRINDADE,PT,PI,1,0,0,0,0,0,0,0
74480,52,0.3357821170990963,FRANCISCO APPIO,PPB,RS,0,1,1,0,0,0,0,0
74480,52,0.3357821170990963,FRANCISCO APPIO,PP**,RS,0,1,1,0,0,0,0,0
74844,52,0.3357821170990963,FRANCISCO DORNELLES,PPB,RJ,0,1,1,0,0,0,0,0
74844,52,0.3357821170990963,FRANCISCO DORNELLES,PP**,RJ,0,1,1,0,0,0,0,0
137983,52,2.8621344797247104,FRANCISCO ESCÓRCIO,PMDB,MA,0,1,0,1,1,0,0,0
74355,52,0.3357821170990963,FRANCISCO GARCIA,PPS,AM,0,1,0,0,0,0,0,0
74355,52,0.3357821170990963,FRANCISCO GARCIA,PP**,AM,0,1,0,0,0,0,0,0
73981,52,2.8621344797247104,FRANCISCO RODRIGUES,PFL,RR,0,1,0,1,1,0,0,0
74394,52,0.3357821170990963,FRANCISCO TURRA,PPB,RS,0,1,0,0,0,0,0,0
74394,52,0.3357821170990963,FRANCISCO TURRA,PP**,RS,0,1,0,0,0,0,0,0
137578,52,0.3357821170990963,FRED KOHLER,PPS,RJ,0,1,1,0,0,0,0,0
137578,52,0.3357821170990963,FRED KOHLER,PMDB,RJ,0,1,1,0,0,0,0,0
74200,52,2.8621344797247104,GASTÃO VIEIRA,PMDB,MA,0,1,0,1,1,0,0,0
74544,52,0.3357821170990963,GEDDEL VIEIRA LIMA,PMDB,BA,0,1,1,0,0,0,0,0
74374,52,0.3357821170990963,GERALDO RESENDE,PPS,MS,0,1,1,0,0,0,0,0
74151,52,0.3357821170990963,GERALDO THADEU,PPS,MG,0,1,1,0,0,0,0,0
74567,52,2.8621344797247104,GERSON GABRIELLI,PFL,BA,0,1,0,1,1,0,0,0
74066,52,0.3357821170990963,GERVÁSIO OLIVEIRA,PDT,AP,0,1,0,0,0,0,0,0
74066,52,0.3357821170990963,GERVÁSIO OLIVEIRA,PMDB,AP,0,1,0,0,0,0,0,0
74066,52,0.3357821170990963,GERVÁSIO OLIVEIRA,S.PART.,AP,0,1,0,0,0,0,0,0
74066,52,0.3357821170990963,GERVÁSIO OLIVEIRA,PMDB,AP,0,1,0,0,0,0,0,0
73472,52,0.3357821170990963,GERVÁSIO SILVA,PFL,SC,0,1,1,0,0,0,0,0
74383,52,0.3357821170990963,GIACOBO,PPS,PR,0,1,1,0,0,0,0,0
74383,52,0.3357821170990963,GIACOBO,PL*,PR,0,1,1,0,0,0,0,0
74383,52,0.3357821170990963,GIACOBO,PR,PR,0,1,1,0,0,0,0,0
74778,52,0.3357821170990963,GILBERTO KASSAB,PFL,SP,0,1,1,0,0,0,0,0
74270,52,0.3357821170990963,GILBERTO NASCIMENTO,PSB,SP,0,1,1,0,0,0,0,0
74270,52,0.3357821170990963,GILBERTO NASCIMENTO,PMDB,SP,0,1,1,0,0,0,0,0
74581,52,4.431484490415324,GILMAR MACHADO,PT,MG,0,1,0,1,0,1,0,0
74558,52,0.3357821170990963,GIVALDO CARIMBÃO,PSB,AL,0,1,1,0,0,0,0,0
74294,52,0.3357821170990963,GONZAGA MOTA,PMDB,CE,0,1,0,0,0,0,0,0
74294,52,0.3357821170990963,GONZAGA MOTA,PSDB,CE,0,1,0,0,0,0,0,0
74419,52,0.3357821170990963,GONZAGA PATRIOTA,PSB,PE,0,1,1,0,0,0,0,0
129618,52,4.015394483643361,GORETE PEREIRA,PFL,CE,1,0,1,0,0,0,0,0
129618,52,4.015394483643361,GORETE PEREIRA,PL*,CE,1,0,1,0,0,0,0,0
129618,52,4.015394483643361,GORETE PEREIRA,PMDB,CE,1,0,1,0,0,0,0,0
129618,52,4.015394483643361,GORETE PEREIRA,S.PART.,CE,1,0,1,0,0,0,0,0
129618,52,4.015394483643361,GORETE PEREIRA,PMDB,CE,1,0,1,0,0,0,0,0
129618,52,4.015394483643361,GORETE PEREIRA,PL*,CE,1,0,1,0,0,0,0,0
129618,52,4.015394483643361,GORETE PEREIRA,PR,CE,1,0,1,0,0,0,0,0
74139,52,0.3357821170990963,GUILHERME MENEZES,PT,BA,0,1,0,0,0,0,0,0
73460,52,0.3357821170990963,GUSTAVO FRUET,PMDB,PR,0,1,1,0,0,0,0,0
73460,52,0.3357821170990963,GUSTAVO FRUET,S.PART.,PR,0,1,1,0,0,0,0,0
73460,52,0.3357821170990963,GUSTAVO FRUET,PSDB,PR,0,1,1,0,0,0,0,0
73582,52,0.3357821170990963,HELENILDO RIBEIRO,PSDB,AL,0,1,0,0,0,0,0,0
74053,52,0.3357821170990963,HELENO SILVA,PL*,SE,0,1,1,0,0,0,0,0
74053,52,0.3357821170990963,HELENO SILVA,PR,SE,0,1,1,0,0,0,0,0
73925,52,0.3357821170990963,HÉLIO ESTEVES,PT,AP,0,1,0,0,0,0,0,0
73940,52,0.3357821170990963,HENRIQUE AFONSO,PT,AC,0,1,1,0,0,0,0,0
74324,52,0.3357821170990963,HENRIQUE EDUARDO ALVES,PMDB,RN,0,1,1,0,0,0,0,0
73482,52,0.3357821170990963,HENRIQUE FONTANA,PT,RS,0,1,1,0,0,0,0,0
74660,52,0.3357821170990963,HERCULANO ANGHINETTI,PPB,MG,0,1,1,0,0,0,0,0
74660,52,0.3357821170990963,HERCULANO ANGHINETTI,PP**,MG,0,1,1,0,0,0,0,0
73772,52,0.3357821170990963,HERMES PARCIANELLO,PMDB,PR,0,1,1,0,0,0,0,0
73946,52,2.8621344797247104,HOMERO BARRETO,PTB,TO,0,1,0,1,1,0,0,0
73935,52,0.3357821170990963,HUMBERTO MICHILES,PL*,AM,0,1,1,0,0,0,0,0
73935,52,0.3357821170990963,HUMBERTO MICHILES,PR,AM,0,1,1,0,0,0,0,0
74780,52,4.015394483643361,IARA BERNARDI,PT,SP,1,0,1,0,0,0,0,0
74325,52,0.3357821170990963,IBERÊ FERREIRA,PTB,RN,0,1,0,0,0,0,0,0
74325,52,0.3357821170990963,IBERÊ FERREIRA,PSB,RN,0,1,0,0,0,0,0,0
74663,52,0.3357821170990963,IBRAHIM ABI-ACKEL,PPB,MG,0,1,0,0,0,0,0,0
74663,52,0.3357821170990963,IBRAHIM ABI-ACKEL,PP**,MG,0,1,0,0,0,0,0,0
74271,52,0.3357821170990963,ILDEU ARAUJO,PRONA,SP,0,1,0,0,0,0,0,0
74271,52,0.3357821170990963,ILDEU ARAUJO,S.PART.,SP,0,1,0,0,0,0,0,0
74271,52,0.3357821170990963,ILDEU ARAUJO,PP**,SP,0,1,0,0,0,0,0,0
74295,52,2.8621344797247104,INÁCIO ARRUDA,PCdoB,CE,0,1,0,1,1,0,0,0
74469,52,0.3357821170990963,INALDO LEITÃO,PSDB,PB,0,1,1,0,0,0,0,0
74469,52,0.3357821170990963,INALDO LEITÃO,S.PART.,PB,0,1,1,0,0,0,0,0
74469,52,0.3357821170990963,INALDO LEITÃO,PL*,PB,0,1,1,0,0,0,0,0
74469,52,0.3357821170990963,INALDO LEITÃO,PR,PB,0,1,1,0,0,0,0,0
74421,52,0.3357821170990963,INOCÊNCIO OLIVEIRA,PFL,PE,0,1,0,0,0,0,0,0
74421,52,0.3357821170990963,INOCÊNCIO OLIVEIRA,PMDB,PE,0,1,0,0,0,0,0,0
74421,52,0.3357821170990963,INOCÊNCIO OLIVEIRA,PL*,PE,0,1,0,0,0,0,0,0
74421,52,0.3357821170990963,INOCÊNCIO OLIVEIRA,PR,PE,0,1,0,0,0,0,0,0
138512,52,0.3357821170990963,IRINEU RODRIGUES,PDT,PR,0,1,1,0,0,0,0,0
138512,52,0.3357821170990963,IRINEU RODRIGUES,PPS,PR,0,1,1,0,0,0,0,0
74162,52,4.015394483643361,IRINY LOPES,PT,ES,1,0,1,0,0,0,0,0
73461,52,0.3357821170990963,IRIS SIMÕES,PTB,PR,0,1,0,0,0,0,0,0
74152,52,4.431484490415324,ISAÍAS SILVESTRE,PSB,MG,0,1,0,1,0,1,0,0
74846,52,0.3357821170990963,ITAMAR SERPA,PSDB,RJ,0,1,0,0,0,0,0,0
74562,52,0.3357821170990963,IVAN PAIXÃO,PPS,SE,0,1,0,0,0,0,0,0
74387,52,0.3357821170990963,IVAN RANZOLIN,PPB,SC,0,1,0,0,0,0,0,0
74387,52,0.3357821170990963,IVAN RANZOLIN,PP**,SC,0,1,0,0,0,0,0,0
74387,52,0.3357821170990963,IVAN RANZOLIN,S.PART.,SC,0,1,0,0,0,0,0,0
74387,52,0.3357821170990963,IVAN RANZOLIN,PFL,SC,0,1,0,0,0,0,0,0
73531,52,0.3357821170990963,IVAN VALENTE,PT,SP,0,1,1,0,0,0,0,0
73531,52,0.3357821170990963,IVAN VALENTE,PSOL,SP,0,1,1,0,0,0,0,0
74153,52,0.3357821170990963,IVO JOSÉ,PT,MG,0,1,0,0,0,0,0,0
77701,52,0.3357821170990963,JACKSON BARRETO,PMN,SE,0,1,1,0,0,0,0,0
77701,52,0.3357821170990963,JACKSON BARRETO,PTB,SE,0,1,1,0,0,0,0,0
73929,52,2.8621344797247104,JADER BARBALHO,PMDB,PA,0,1,0,1,1,0,0,0
74665,52,0.3357821170990963,JAIME MARTINS,PFL,MG,0,1,1,0,0,0,0,0
74665,52,0.3357821170990963,JAIME MARTINS,PL*,MG,0,1,1,0,0,0,0,0
74665,52,0.3357821170990963,JAIME MARTINS,PR,MG,0,1,1,0,0,0,0,0
74847,52,0.3357821170990963,JAIR BOLSONARO,PTB,RJ,0,1,1,0,0,0,0,0
74847,52,0.3357821170990963,JAIR BOLSONARO,PFL,RJ,0,1,1,0,0,0,0,0
74847,52,0.3357821170990963,JAIR BOLSONARO,PP**,RJ,0,1,1,0,0,0,0,0
133376,52,0.3357821170990963,JAIR DE OLIVEIRA,PDT,ES,0,1,0,0,0,0,0,0
133376,52,0.3357821170990963,JAIR DE OLIVEIRA,PTB,ES,0,1,0,0,0,0,0,0
133376,52,0.3357821170990963,JAIR DE OLIVEIRA,PMDB,ES,0,1,0,0,0,0,0,0
74547,52,0.3357821170990963,JAIRO CARNEIRO,PFL,BA,0,1,1,0,0,0,0,0
74272,52,0.3357821170990963,JAMIL MURAD,PCdoB,SP,0,1,1,0,0,0,0,0
74848,52,4.015394483643361,JANDIRA FEGHALI,PCdoB,RJ,1,0,1,0,0,0,0,0
73926,52,6.541746846268974,JANETE CAPIBERIBE,PSB,AP,1,0,0,1,1,0,0,0
74273,52,0.3357821170990963,JEFFERSON CAMPOS,PSB,SP,0,1,1,0,0,0,0,0
74273,52,0.3357821170990963,JEFFERSON CAMPOS,PMDB,SP,0,1,1,0,0,0,0,0
74273,52,0.3357821170990963,JEFFERSON CAMPOS,PTB,SP,0,1,1,0,0,0,0,0
74031,52,2.8621344797247104,JOÃO ALFREDO,PT,CE,0,1,0,1,1,0,0,0
74031,52,2.8621344797247104,JOÃO ALFREDO,S.PART.,CE,0,1,0,1,1,0,0,0
74031,52,2.8621344797247104,JOÃO ALFREDO,PSOL,CE,0,1,0,1,1,0,0,0
74549,52,0.3357821170990963,JOÃO ALMEIDA,PSDB,BA,0,1,0,0,0,0,0,0
74559,52,0.3357821170990963,JOÃO CALDAS,PL*,AL,0,1,1,0,0,0,0,0
74559,52,0.3357821170990963,JOÃO CALDAS,PR,AL,0,1,1,0,0,0,0,0
74366,52,0.3357821170990963,JOÃO CAMPOS,PSDB,GO,0,1,1,0,0,0,0,0
74131,52,0.3357821170990963,JOÃO CARLOS BACELAR,PFL,BA,0,1,0,0,0,0,0,0
74131,52,0.3357821170990963,JOÃO CARLOS BACELAR,PL*,BA,0,1,0,0,0,0,0,0
74131,52,0.3357821170990963,JOÃO CARLOS BACELAR,PR,BA,0,1,0,0,0,0,0,0
74445,52,0.3357821170990963,JOÃO CASTELO,PSDB,MA,0,1,1,0,0,0,0,0
73941,52,0.3357821170990963,JOÃO CORREIA,PMDB,AC,0,1,0,0,0,0,0,0
73682,52,0.3357821170990963,JOÃO DADO,PDT,SP,0,1,1,0,0,0,0,0
74054,52,2.8621344797247104,JOÃO FONTES,PT,SE,0,1,0,1,1,0,0,0
74054,52,2.8621344797247104,JOÃO FONTES,S.PART.,SE,0,1,0,1,1,0,0,0
74054,52,2.8621344797247104,JOÃO FONTES,PDT,SE,0,1,0,1,1,0,0,0
73454,52,4.431484490415324,JOÃO GRANDÃO,PT,MS,0,1,0,1,0,1,0,0
74781,52,0.3357821170990963,JOÃO HERRMANN NETO,PPS,SP,0,1,0,0,0,0,0,0
74781,52,0.3357821170990963,JOÃO HERRMANN NETO,PDT,SP,0,1,0,0,0,0,0,0
74550,52,0.3357821170990963,JOÃO LEÃO,PL*,BA,0,1,1,0,0,0,0,0
74550,52,0.3357821170990963,JOÃO LEÃO,PP**,BA,0,1,1,0,0,0,0,0
74049,52,0.3357821170990963,JOÃO LYRA,PTB,AL,0,1,1,0,0,0,0,0
74120,52,0.3357821170990963,JOÃO MAGALHÃES,PTB,MG,0,1,1,0,0,0,0,0
74120,52,0.3357821170990963,JOÃO MAGALHÃES,PMDB,MG,0,1,1,0,0,0,0,0
73572,52,2.8621344797247104,JOÃO MAGNO,PT,MG,0,1,0,1,1,0,0,0
73873,52,0.3357821170990963,JOÃO MATOS,PMDB,SC,0,1,0,0,0,0,0,0
73534,52,0.3357821170990963,JOÃO PAULO,PT,SP,0,1,0,0,0,0,0,0
73534,52,0.3357821170990963,JOÃO PAULO CUNHA,PT,SP,0,1,0,0,0,0,0,0
74154,52,0.3357821170990963,JOÃO PAULO GOMES DA SILVA,PL*,MG,0,1,0,0,0,0,0,0
74154,52,0.3357821170990963,JOÃO PAULO GOMES DA SILVA,PSB,MG,0,1,0,0,0,0,0,0
73874,52,0.3357821170990963,JOÃO PIZZOLATTI,PPB,SC,0,1,1,0,0,0,0,0
73874,52,0.3357821170990963,JOÃO PIZZOLATTI,PP**,SC,0,1,1,0,0,0,0,0
74240,52,0.3357821170990963,JOÃO TOTA,PPB,AC,0,1,0,0,0,0,0,0
74240,52,0.3357821170990963,JOÃO TOTA,PP**,AC,0,1,0,0,0,0,0,0
74240,52,0.3357821170990963,JOÃO TOTA,PL*,AC,0,1,0,0,0,0,0,0
74240,52,0.3357821170990963,JOÃO TOTA,PP**,AC,0,1,0,0,0,0,0,0
74477,52,0.3357821170990963,JOAQUIM FRANCISCO,PFL,PE,0,1,0,0,0,0,0,0
74477,52,0.3357821170990963,JOAQUIM FRANCISCO,PTB,PE,0,1,0,0,0,0,0,0
74477,52,0.3357821170990963,JOAQUIM FRANCISCO,PFL,PE,0,1,0,0,0,0,0,0
73575,52,0.3357821170990963,JOEL DE HOLLANDA,PFL,PE,0,1,0,0,0,0,0,0
74568,52,0.3357821170990963,JONIVAL LUCAS JUNIOR,PMDB,BA,0,1,1,0,0,0,0,0
74568,52,0.3357821170990963,JONIVAL LUCAS JUNIOR,PTB,BA,0,1,1,0,0,0,0,0
74563,52,0.3357821170990963,JORGE ALBERTO,PMDB,SE,0,1,1,0,0,0,0,0
74686,52,0.3357821170990963,JORGE BITTAR,PT,RJ,0,1,1,0,0,0,0,0
74388,52,0.3357821170990963,JORGE BOEIRA,PT,SC,0,1,1,0,0,0,0,0
74495,52,0.3357821170990963,JORGE GOMES,PSB,PE,0,1,1,0,0,0,0,0
74552,52,0.3357821170990963,JORGE KHOURY,PFL,BA,0,1,0,0,0,0,0,0
73569,52,0.3357821170990963,JORGE PINHEIRO,PL*,DF,0,1,0,0,0,0,0,0
73569,52,0.3357821170990963,JORGE PINHEIRO,PR,DF,0,1,0,0,0,0,0,0
73569,52,0.3357821170990963,PASTOR JORGE,PL*,DF,0,1,0,0,0,0,0,0
73569,52,0.3357821170990963,PASTOR JORGE,PR,DF,0,1,0,0,0,0,0,0
73535,52,0.3357821170990963,JORGE TADEU MUDALEN,PMDB,SP,0,1,1,0,0,0,0,0
135476,52,2.8621344797247104,JORGE VI,PSDB,AL,0,1,0,1,1,0,0,0
135476,52,2.8621344797247104,JORGE VI,PSC,AL,0,1,0,1,1,0,0,0
73775,52,0.3357821170990963,JOSÉ BORBA,PMDB,PR,0,1,0,0,0,0,0,0
74553,52,0.3357821170990963,JOSÉ CARLOS ALELUIA,PFL,BA,0,1,1,0,0,0,0,0
74140,52,0.3357821170990963,JOSÉ CARLOS ARAÚJO,PFL,BA,0,1,1,0,0,0,0,0
74140,52,0.3357821170990963,JOSÉ CARLOS ARAÚJO,PL*,BA,0,1,1,0,0,0,0,0
74140,52,0.3357821170990963,JOSÉ CARLOS ARAÚJO,PR,BA,0,1,1,0,0,0,0,0
74671,52,0.3357821170990963,JOSÉ CARLOS ELIAS,PTB,ES,0,1,1,0,0,0,0,0
74055,52,0.3357821170990963,JOSÉ CARLOS MACHADO,PFL,SE,0,1,1,0,0,0,0,0
74055,52,0.3357821170990963,MACHADO,PFL,SE,0,1,1,0,0,0,0,0
73462,52,0.3357821170990963,JOSÉ CARLOS MARTINEZ,PTB,PR,0,1,0,0,0,0,0,0
74423,52,0.3357821170990963,JOSÉ CHAVES,PMDB,PE,0,1,1,0,0,0,0,0
74423,52,0.3357821170990963,JOSÉ CHAVES,PTB,PE,0,1,1,0,0,0,0,0
74782,52,0.3357821170990963,JOSÉ DIRCEU,PT,SP,0,1,0,0,0,0,0,0
74175,52,0.3357821170990963,JOSÉ DIVINO,PMDB,RJ,0,1,0,0,0,0,0,0
74175,52,0.3357821170990963,JOSÉ DIVINO,PMR,RJ,0,1,0,0,0,0,0,0
74175,52,0.3357821170990963,JOSÉ DIVINO,PRB,RJ,0,1,0,0,0,0,0,0
74175,52,0.3357821170990963,JOSÉ DIVINO,S.PART.,RJ,0,1,0,0,0,0,0,0
74274,52,0.3357821170990963,JOSÉ EDUARDO CARDOZO,PT,SP,0,1,0,0,0,0,0,0
73901,52,0.3357821170990963,JOSE FORTUNATI,PDT,RS,0,1,1,0,0,0,0,0
74401,52,0.3357821170990963,JOSÉ IVO SARTORI,PMDB,RS,0,1,1,0,0,0,0,0
74401,52,0.3357821170990963,SARTORI,PMDB,RS,0,1,1,0,0,0,0,0
73776,52,0.3357821170990963,JOSÉ JANENE,PPB,PR,0,1,0,0,0,0,0,0
73776,52,0.3357821170990963,JOSÉ JANENE,PP**,PR,0,1,0,0,0,0,0,0
74297,52,0.3357821170990963,JOSÉ LINHARES,PPB,CE,0,1,1,0,0,0,0,0
74297,52,0.3357821170990963,JOSÉ LINHARES,PP**,CE,0,1,1,0,0,0,0,0
74425,52,0.3357821170990963,JOSÉ MENDONÇA BEZERRA,PFL,PE,0,1,0,0,0,0,0,0
74275,52,0.3357821170990963,JOSÉ MENTOR,PT,SP,0,1,1,0,0,0,0,0
74584,52,0.3357821170990963,JOSÉ MILITÃO,PTB,MG,0,1,0,0,0,0,0,0
74426,52,0.3357821170990963,JOSÉ MÚCIO MONTEIRO,PSDB,PE,0,1,0,0,0,0,0,0
74426,52,0.3357821170990963,JOSÉ MÚCIO MONTEIRO,PTB,PE,0,1,0,0,0,0,0,0
74395,52,0.3357821170990963,JOSÉ OTÁVIO GERMANO,PPB,RS,0,1,1,0,0,0,0,0
74395,52,0.3357821170990963,JOSÉ OTÁVIO GERMANO,PP**,RS,0,1,1,0,0,0,0,0
74298,52,0.3357821170990963,JOSÉ PIMENTEL,PT,CE,0,1,0,0,0,0,0,0
74079,52,0.3357821170990963,JOSÉ PRIANTE,PMDB,PA,0,1,1,0,0,0,0,0
74488,52,0.3357821170990963,JOSÉ RAJÃO,PSDB,DF,0,1,0,0,0,0,0,0
74554,52,0.3357821170990963,JOSÉ ROCHA,PFL,BA,0,1,1,0,0,0,0,0
74741,52,0.3357821170990963,JOSÉ SANTANA DE VASCONCELLOS,PFL,MG,0,1,1,0,0,0,0,0
74741,52,0.3357821170990963,JOSÉ SANTANA DE VASCONCELLOS,PL*,MG,0,1,1,0,0,0,0,0
74741,52,0.3357821170990963,JOSÉ SANTANA DE VASCONCELLOS,PR,MG,0,1,1,0,0,0,0,0
74520,52,0.3357821170990963,JOSÉ THOMAZ NONÔ,PFL,AL,0,1,0,0,0,0,0,0
74141,52,2.8621344797247104,JOSIAS GOMES,PT,BA,0,1,0,1,1,0,0,0
74176,52,0.3357821170990963,JOSIAS QUINTAL,PSB,RJ,0,1,1,0,0,0,0,0
74176,52,0.3357821170990963,JOSIAS QUINTAL,PMDB,RJ,0,1,1,0,0,0,0,0
74176,52,0.3357821170990963,JOSIAS QUINTAL,PSB,RJ,0,1,1,0,0,0,0,0
74351,52,0.3357821170990963,JOSUÉ BENGTSON,PTB,PA,0,1,1,0,0,0,0,0
73666,52,0.3357821170990963,JOVAIR ARANTES,PSDB,GO,0,1,1,0,0,0,0,0
73666,52,0.3357821170990963,JOVAIR ARANTES,PTB,GO,0,1,1,0,0,0,0,0
74276,52,0.3357821170990963,JOVINO CÂNDIDO,PV,SP,0,1,1,0,0,0,0,0
74317,52,0.3357821170990963,JÚLIO CESAR,PFL,PI,0,1,1,0,0,0,0,0
73586,52,0.3357821170990963,JÚLIO DELGADO,PPS,MG,0,1,1,0,0,0,0,0
73586,52,0.3357821170990963,JÚLIO DELGADO,PSB,MG,0,1,1,0,0,0,0,0
74253,52,0.3357821170990963,JULIO LOPES,PPB,RJ,0,1,1,0,0,0,0,0
74253,52,0.3357821170990963,JULIO LOPES,PP**,RJ,0,1,1,0,0,0,0,0
73994,52,0.3357821170990963,JÚLIO REDECKER,PPB,RS,0,1,0,0,0,0,0,0
73994,52,0.3357821170990963,JÚLIO REDECKER,S.PART.,RS,0,1,0,0,0,0,0,0
73994,52,0.3357821170990963,JÚLIO REDECKER,PSDB,RS,0,1,0,0,0,0,0,0
74783,52,0.3357821170990963,JULIO SEMEGHINI,PSDB,SP,0,1,0,0,0,0,0,0
73942,52,0.3357821170990963,JÚNIOR BETÃO,PPS,AC,0,1,0,0,0,0,0,0
73942,52,0.3357821170990963,JÚNIOR BETÃO,PL*,AC,0,1,0,0,0,0,0,0
73942,52,0.3357821170990963,JÚNIOR BETÃO,PR,AC,0,1,0,0,0,0,0,0
74346,52,0.3357821170990963,JURANDIL JUAREZ,PMDB,AP,0,1,1,0,0,0,0,0
74493,52,0.3357821170990963,JURANDIR BOIA,PSB,AL,0,1,0,0,0,0,0,0
74493,52,0.3357821170990963,JURANDIR BOIA,PDT,AL,0,1,0,0,0,0,0,0
74570,52,0.3357821170990963,JUTAHY JUNIOR,PSDB,BA,0,1,1,0,0,0,0,0
73592,52,4.015394483643361,KÁTIA ABREU,PFL,TO,1,0,1,0,0,0,0,0
74396,52,4.015394483643361,KELLY MORAES,PTB,RS,1,0,1,0,0,0,0,0
74742,52,0.3357821170990963,LAEL VARELLA,PFL,MG,0,1,1,0,0,0,0,0
74856,52,6.541746846268974,LAURA CARNEIRO,PFL,RJ,1,0,0,1,1,0,0,0
74463,52,0.3357821170990963,LAVOISIER MAIA,PFL,RN,0,1,0,0,0,0,0,0
74463,52,0.3357821170990963,LAVOISIER MAIA,PSB,RN,0,1,0,0,0,0,0,0
74367,52,0.3357821170990963,LEANDRO VILELA,PMDB,GO,0,1,0,0,0,0,0,0
74367,52,0.3357821170990963,LEANDRO VILELA VELOSO,PMDB,GO,0,1,0,0,0,0,0,0
74455,52,0.3357821170990963,LÉO ALCÂNTARA,PSDB,CE,0,1,0,0,0,0,0,0
73473,52,0.3357821170990963,LEODEGAR TISCOSKI,PPB,SC,0,1,1,0,0,0,0,0
73473,52,0.3357821170990963,LEODEGAR TISCOSKI,PP**,SC,0,1,1,0,0,0,0,0
74155,52,0.3357821170990963,LEONARDO MATTOS,PV,MG,0,1,1,0,0,0,0,0
74156,52,4.431484490415324,LEONARDO MONTEIRO,PT,MG,0,1,0,1,0,1,0,0
74254,52,0.3357821170990963,LEONARDO PICCIANI,PMDB,RJ,0,1,1,0,0,0,0,0
74368,52,0.3357821170990963,LEONARDO VILELA,PPB,GO,0,1,0,0,0,0,0,0
74368,52,0.3357821170990963,LEONARDO VILELA,PP**,GO,0,1,0,0,0,0,0,0
74368,52,0.3357821170990963,LEONARDO VILELA,PSDB,GO,0,1,0,0,0,0,0,0
74299,52,0.3357821170990963,LEÔNIDAS CRISTINO,PPS,CE,0,1,1,0,0,0,0,0
74585,52,0.3357821170990963,LINCOLN PORTELA,PSL,MG,0,1,1,0,0,0,0,0
74585,52,0.3357821170990963,LINCOLN PORTELA,PL*,MG,0,1,1,0,0,0,0,0
74585,52,0.3357821170990963,LINCOLN PORTELA,PR,MG,0,1,1,0,0,0,0,0
74858,52,0.3357821170990963,LINDBERG FARIAS,PT,RJ,0,1,1,0,0,0,0,0
74800,52,1.1388610138277684,LINO ROSSI,PSDB,MT,0,1,0,1,0,0,1,0
74800,52,1.1388610138277684,LINO ROSSI,PSB,MT,0,1,0,1,0,0,1,0
74800,52,1.1388610138277684,LINO ROSSI,PP**,MT,0,1,0,1,0,0,1,0
74800,52,1.1388610138277684,LINO ROSSI,PMDB,MT,0,1,0,1,0,0,1,0
74800,52,1.1388610138277684,LINO ROSSI,PP**,MT,0,1,0,1,0,0,1,0
74277,52,0.3357821170990963,LOBBE NETO,PSDB,SP,0,1,1,0,0,0,0,0
73474,52,4.015394483643361,LUCI CHOINACKI,PT,SC,1,0,1,0,0,0,0,0
65987,52,4.015394483643361,LÚCIA BRAGA,PTB,PB,1,0,1,0,0,0,0,0
65987,52,4.015394483643361,LÚCIA BRAGA,PMN,PB,1,0,1,0,0,0,0,0
65987,52,4.015394483643361,LÚCIA BRAGA,PT,PB,1,0,1,0,0,0,0,0
65987,52,4.015394483643361,LÚCIA BRAGA,PMDB,PB,1,0,1,0,0,0,0,0
65987,52,4.015394483643361,LÚCIA BRAGA,S.PART.,PB,1,0,1,0,0,0,0,0
65987,52,4.015394483643361,LÚCIA BRAGA,PMDB,PB,1,0,1,0,0,0,0,0
74397,52,4.015394483643361,LUCIANA GENRO,PT,RS,1,0,1,0,0,0,0,0
74397,52,4.015394483643361,LUCIANA GENRO,S.PART.,RS,1,0,1,0,0,0,0,0
74397,52,4.015394483643361,LUCIANA GENRO,PSOL,RS,1,0,1,0,0,0,0,0
73982,52,0.3357821170990963,LUCIANO CASTRO,PFL,RR,0,1,1,0,0,0,0,0
73982,52,0.3357821170990963,LUCIANO CASTRO,PL*,RR,0,1,1,0,0,0,0,0
73982,52,0.3357821170990963,LUCIANO CASTRO,PR,RR,0,1,1,0,0,0,0,0
74028,52,2.8621344797247104,LUCIANO LEITOA,PDT,MA,0,1,0,1,1,0,0,0
74028,52,2.8621344797247104,LUCIANO LEITOA,S.PART.,MA,0,1,0,1,1,0,0,0
74028,52,2.8621344797247104,LUCIANO LEITOA,PSB,MA,0,1,0,1,1,0,0,0
73545,52,0.3357821170990963,LUCIANO ZICA,PT,SP,0,1,0,0,0,0,0,0
73483,52,0.3357821170990963,LUIS CARLOS HEINZE,PPB,RS,0,1,1,0,0,0,0,0
73483,52,0.3357821170990963,LUIS CARLOS HEINZE,PP**,RS,0,1,1,0,0,0,0,0
74133,52,4.431484490415324,LUIZ ALBERTO,PT,BA,0,1,0,1,0,1,0,0
74810,52,0.3357821170990963,LUIZ BITTENCOURT,PMDB,GO,0,1,0,0,0,0,0,0
73778,52,0.3357821170990963,LUIZ CARLOS HAULY,PSDB,PR,0,1,1,0,0,0,0,0
73546,52,0.3357821170990963,LUIZ CARLOS SANTOS,PFL,SP,0,1,0,0,0,0,0,0
74142,52,0.3357821170990963,LUIZ CARREIRA,PFL,BA,0,1,0,0,0,0,0,0
74041,52,0.3357821170990963,LUIZ COUTO,PT,PB,0,1,1,0,0,0,0,0
74521,52,0.3357821170990963,LUIZ DANTAS,PTB,AL,0,1,1,0,0,0,0,0
74521,52,0.3357821170990963,LUIZ DANTAS LIMA,PTB,AL,0,1,1,0,0,0,0,0
74137,52,0.3357821170990963,LUIZ EDUARDO GREENHALGH,PT,SP,0,1,0,0,0,0,0,0
74427,52,0.3357821170990963,LUIZ PIAUHYLINO,PSDB,PE,0,1,0,0,0,0,0,0
74427,52,0.3357821170990963,LUIZ PIAUHYLINO,PTB,PE,0,1,0,0,0,0,0,0
74427,52,0.3357821170990963,LUIZ PIAUHYLINO,S.PART.,PE,0,1,0,0,0,0,0,0
74427,52,0.3357821170990963,LUIZ PIAUHYLINO,PDT,PE,0,1,0,0,0,0,0,0
141337,52,0.3357821170990963,LUIZ ROCHA FILHO,PSDB,MA,0,1,0,0,0,0,0,0
74486,52,0.3357821170990963,LUIZ ROGERIO,PSB,RJ,0,1,0,0,0,0,0,0
74688,52,0.3357821170990963,LUIZ SÉRGIO,PT,RJ,0,1,1,0,0,0,0,0
74784,52,4.015394483643361,LUIZA ERUNDINA,PSB,SP,1,0,1,0,0,0,0,0
73936,52,0.3357821170990963,LUPÉRCIO RAMOS,PL*,AM,0,1,1,0,0,0,0,0
73936,52,0.3357821170990963,LUPÉRCIO RAMOS,PPS,AM,0,1,1,0,0,0,0,0
73936,52,0.3357821170990963,LUPÉRCIO RAMOS,PMDB,AM,0,1,1,0,0,0,0,0
73936,52,0.3357821170990963,LUPÉRCIO RAMOS,S.PART.,AM,0,1,1,0,0,0,0,0
73936,52,0.3357821170990963,LUPÉRCIO RAMOS,PMDB,AM,0,1,1,0,0,0,0,0
74163,52,0.3357821170990963,MANATO,PDT,ES,0,1,1,0,0,0,0,0
74288,52,4.015394483643361,MANINHA,PT,DF,1,0,1,0,0,0,0,0
74288,52,4.015394483643361,MANINHA,PSOL,DF,1,0,1,0,0,0,0,0
74456,52,0.3357821170990963,MANOEL SALVIANO,PSDB,CE,0,1,0,0,0,0,0,0
74164,52,0.3357821170990963,MARCELINO FRAGA,PMDB,ES,0,1,1,0,0,0,0,0
74157,52,0.3357821170990963,MARCELLO SIQUEIRA,PMDB,MG,0,1,0,0,0,0,0,0
73548,52,0.3357821170990963,MARCELO BARBIERI,PMDB,SP,0,1,1,0,0,0,0,0
74460,52,0.3357821170990963,MARCELO CASTRO,PMDB,PI,0,1,1,0,0,0,0,0
74143,52,0.3357821170990963,MARCELO GUIMARÃES FILHO,PFL,BA,0,1,1,0,0,0,0,0
74143,52,0.3357821170990963,MARCELO GUIMARÃES FILHO,PL*,BA,0,1,1,0,0,0,0,0
74143,52,0.3357821170990963,MARCELO GUIMARÃES FILHO,PFL,BA,0,1,1,0,0,0,0,0
74278,52,0.3357821170990963,MARCELO ORTIZ,PV,SP,0,1,1,0,0,0,0,0
74300,52,0.3357821170990963,MARCELO TEIXEIRA,PMDB,CE,0,1,0,0,0,0,0,0
74300,52,0.3357821170990963,MARCELO TEIXEIRA,PSDB,CE,0,1,0,0,0,0,0,0
74860,52,0.3357821170990963,MÁRCIO FORTES,PSDB,RJ,0,1,0,0,0,0,0,0
74744,52,0.3357821170990963,MÁRCIO REINALDO MOREIRA,PPB,MG,0,1,1,0,0,0,0,0
74744,52,0.3357821170990963,MÁRCIO REINALDO MOREIRA,PP**,MG,0,1,1,0,0,0,0,0
133373,52,0.3357821170990963,MARCO MAIA,PT,RS,0,1,1,0,0,0,0,0
74470,52,0.3357821170990963,MARCONDES GADELHA,PFL,PB,0,1,1,0,0,0,0,0
74470,52,0.3357821170990963,MARCONDES GADELHA,PTB,PB,0,1,1,0,0,0,0,0
74470,52,0.3357821170990963,MARCONDES GADELHA,PSB,PB,0,1,1,0,0,0,0,0
74279,52,0.3357821170990963,MARCOS ABRAÃO,PFL,SP,0,1,1,0,0,0,0,0
74279,52,0.3357821170990963,MARCOS ABRAÃO,PP**,SP,0,1,1,0,0,0,0,0
74279,52,0.3357821170990963,MARCOS ABRAMO,PFL,SP,0,1,1,0,0,0,0,0
74279,52,0.3357821170990963,MARCOS ABRAMO,PP**,SP,0,1,1,0,0,0,0,0
74479,52,0.3357821170990963,MARCOS DE JESUS,PL*,PE,0,1,0,0,0,0,0,0
74479,52,0.3357821170990963,MARCOS DE JESUS,PFL,PE,0,1,0,0,0,0,0,0
74479,52,0.3357821170990963,MARCOS DE JESUS,S.PART.,PE,0,1,0,0,0,0,0,0
74235,52,0.3357821170990963,MARCUS VICENTE,PPB,ES,0,1,1,0,0,0,0,0
74235,52,0.3357821170990963,MARCUS VICENTE,PTB,ES,0,1,1,0,0,0,0,0
74586,52,4.015394483643361,MARIA DO CARMO LARA,PT,MG,1,0,1,0,0,0,0,0
74398,52,4.015394483643361,MARIA DO ROSÁRIO,PT,RS,1,0,1,0,0,0,0,0
64960,52,4.015394483643361,MARIA HELENA,PMDB,RR,1,0,1,0,0,0,0,0
64960,52,4.015394483643361,MARIA HELENA,PPS,RR,1,0,1,0,0,0,0,0
64960,52,4.015394483643361,MARIA HELENA,PSB,RR,1,0,1,0,0,0,0,0
74255,52,4.015394483643361,MARIA LUCIA,PMDB,RJ,1,0,0,0,0,0,0,0
74587,52,4.015394483643361,MARIA LÚCIA CARDOSO,PMDB,MG,1,0,1,0,0,0,0,0
74485,52,4.015394483643361,MARIÂNGELA DUARTE,PT,SP,1,0,1,0,0,0,0,0
74177,52,4.015394483643361,MARINHA RAUPP,PMDB,RO,1,0,1,0,0,0,0,0
74329,52,0.3357821170990963,MÁRIO ASSAD JÚNIOR,PL*,MG,0,1,0,0,0,0,0,0
74329,52,0.3357821170990963,MÁRIO ASSAD JÚNIOR,PSB,MG,0,1,0,0,0,0,0,0
74158,52,0.3357821170990963,MÁRIO HERINGER,PDT,MG,0,1,1,0,0,0,0,0
74635,52,0.3357821170990963,MÁRIO NEGROMONTE,PPB,BA,0,1,0,0,0,0,0,0
74635,52,0.3357821170990963,MÁRIO NEGROMONTE,PP**,BA,0,1,0,0,0,0,0,0
74050,52,2.8621344797247104,MAURÍCIO QUINTELLA LESSA,PSB,AL,0,1,0,1,1,0,0,0
74050,52,2.8621344797247104,MAURÍCIO QUINTELLA LESSA,PDT,AL,0,1,0,1,1,0,0,0
74050,52,2.8621344797247104,MAURÍCIO QUINTELLA LESSA,PL*,AL,0,1,0,1,1,0,0,0
74050,52,2.8621344797247104,MAURÍCIO QUINTELLA LESSA,PR,AL,0,1,0,1,1,0,0,0
73947,52,0.3357821170990963,MAURÍCIO RABELO,PL*,TO,0,1,0,0,0,0,0,0
73947,52,0.3357821170990963,MAURÍCIO RABELO,PR,TO,0,1,0,0,0,0,0,0
74045,52,0.3357821170990963,MAURÍCIO RANDS,PT,PE,0,1,1,0,0,0,0,0
73588,52,0.3357821170990963,MAURO BENEVIDES,PMDB,CE,0,1,1,0,0,0,0,0
74749,52,0.3357821170990963,MAURO LOPES,PMDB,MG,0,1,1,0,0,0,0,0
74389,52,0.3357821170990963,MAURO PASSOS,PT,SC,0,1,0,0,0,0,0,0
73780,52,0.3357821170990963,MAX ROSENMANN,PMDB,PR,0,1,0,0,0,0,0,0
74786,52,0.3357821170990963,MEDEIROS,PL*,SP,0,1,1,0,0,0,0,0
74786,52,0.3357821170990963,MEDEIROS,PR,SP,0,1,1,0,0,0,0,0
73904,52,0.3357821170990963,MENDES RIBEIRO FILHO,PMDB,RS,0,1,0,0,0,0,0,0
74056,52,2.8621344797247104,MENDONÇA PRADO,PFL,SE,0,1,0,1,1,0,0,0
73552,52,0.3357821170990963,MICHEL TEMER,PMDB,SP,0,1,1,0,0,0,0,0
65511,52,0.3357821170990963,MIGUEL ARRAES,PSB,PE,0,1,0,0,0,0,0,0
73939,52,0.3357821170990963,MIGUEL DE SOUZA,PL*,RO,0,1,0,0,0,0,0,0
73939,52,0.3357821170990963,MIGUEL DE SOUZA,PR,RO,0,1,0,0,0,0,0,0
74337,52,2.8621344797247104,MILTON BARBOSA,PFL,BA,0,1,0,1,1,0,0,0
74337,52,2.8621344797247104,MILTON BARBOSA,PSC,BA,0,1,0,1,1,0,0,0
74483,52,0.3357821170990963,MILTON CARDIAS,PTB,RS,0,1,0,0,0,0,0,0
74787,52,0.3357821170990963,MILTON MONTI,PL*,SP,0,1,1,0,0,0,0,0
74787,52,0.3357821170990963,MILTON MONTI,PR,SP,0,1,1,0,0,0,0,0
74690,52,4.015394483643361,MIRIAM REID,PSB,RJ,1,0,0,0,0,0,0,0
74862,52,0.3357821170990963,MIRO TEIXEIRA,PDT,RJ,0,1,1,0,0,0,0,0
74862,52,0.3357821170990963,MIRO TEIXEIRA,PPS,RJ,0,1,1,0,0,0,0,0
74862,52,0.3357821170990963,MIRO TEIXEIRA,PT,RJ,0,1,1,0,0,0,0,0
74862,52,0.3357821170990963,MIRO TEIXEIRA,PDT,RJ,0,1,1,0,0,0,0,0
74238,52,0.3357821170990963,MOACIR MICHELETTO,PMDB,PR,0,1,0,0,0,0,0,0
74034,52,0.3357821170990963,MORAES SOUZA,PMDB,PI,0,1,0,0,0,0,0,0
74863,52,0.3357821170990963,MOREIRA FRANCO,PMDB,RJ,0,1,0,0,0,0,0,0
74457,52,0.3357821170990963,MORONI TORGAN,PFL,CE,0,1,1,0,0,0,0,0
74464,52,0.3357821170990963,MUCIO SA,PTB,RN,0,1,0,0,0,0,0,0
74464,52,0.3357821170990963,MUCIO SA,PSB,RN,0,1,0,0,0,0,0,0
74375,52,0.3357821170990963,MURILO ZAUITH,PFL,MS,0,1,1,0,0,0,0,0
74318,52,0.3357821170990963,MUSSA DEMES,PFL,PI,0,1,0,0,0,0,0,0
74108,52,0.3357821170990963,NARCIO RODRIGUES,PSDB,MG,0,1,0,0,0,0,0,0
73499,52,0.3357821170990963,NARCISO MENDES,PPB,AC,0,1,0,0,0,0,0,0
73499,52,0.3357821170990963,NARCISO MENDES,PP**,AC,0,1,0,0,0,0,0,0
133372,52,0.3357821170990963,NATAN DONADON,PMDB,RO,0,1,0,0,0,0,0,0
74491,52,0.3357821170990963,NAZARENO FONTELES,PT,PI,0,1,0,0,0,0,0,0
74225,52,0.3357821170990963,NEIVA MOREIRA,PDT,MA,0,1,0,0,0,0,0,0
74038,52,0.3357821170990963,NÉLIO DIAS,PPB,RN,0,1,0,0,0,0,0,0
74038,52,0.3357821170990963,NÉLIO DIAS,PP**,RN,0,1,0,0,0,0,0,0
73416,52,0.3357821170990963,NELSON BORNIER,PSB,RJ,0,1,1,0,0,0,0,0
73416,52,0.3357821170990963,NELSON BORNIER,PMDB,RJ,0,1,1,0,0,0,0,0
73553,52,0.3357821170990963,NELSON MARQUEZELLI,PTB,SP,0,1,1,0,0,0,0,0
73781,52,0.3357821170990963,NELSON MEURER,PPB,PR,0,1,1,0,0,0,0,0
73781,52,0.3357821170990963,NELSON MEURER,PP**,PR,0,1,1,0,0,0,0,0
74571,52,2.8621344797247104,NELSON PELLEGRINO,PT,BA,0,1,0,1,1,0,0,0
73907,52,0.3357821170990963,NELSON PROENÇA,PPS,RS,0,1,0,0,0,0,0,0
73761,52,0.3357821170990963,NELSON TRAD,PTB,MS,0,1,0,0,0,0,0,0
73761,52,0.3357821170990963,NELSON TRAD,PMDB,MS,0,1,0,0,0,0,0,0
74165,52,2.8621344797247104,NEUCIMAR FRAGA,PL*,ES,0,1,0,1,1,0,0,0
74165,52,2.8621344797247104,NEUCIMAR FRAGA,PR,ES,0,1,0,1,1,0,0,0
74790,52,0.3357821170990963,NEUTON LIMA,PTB,SP,0,1,0,0,0,0,0,0
74327,52,0.3357821170990963,NEY LOPES,PFL,RN,0,1,0,0,0,0,0,0
74369,52,4.015394483643361,NEYDE APARECIDA,PT,GO,1,0,0,0,0,0,0,0
74447,52,4.015394483643361,NICE LOBÃO,PFL,MA,1,0,0,0,0,0,0,0
74080,52,2.8621344797247104,NICIAS RIBEIRO,PSDB,PA,0,1,0,1,1,0,0,0
74365,52,0.3357821170990963,NILSON MOURÃO,PT,AC,0,1,0,0,0,0,0,0
74352,52,2.8621344797247104,NILSON PINTO,PSDB,PA,0,1,0,1,1,0,0,0
74776,52,2.8621344797247104,NILTON BAIANO,PPB,ES,0,1,0,1,1,0,0,0
74776,52,2.8621344797247104,NILTON BAIANO,PP**,ES,0,1,0,1,1,0,0,0
74359,52,0.3357821170990963,NILTON CAPIXABA,PTB,RO,0,1,1,0,0,0,0,0
74159,52,0.3357821170990963,ODAIR,PT,MG,0,1,1,0,0,0,0,0
74159,52,0.3357821170990963,ODAIR CUNHA,PT,MG,0,1,1,0,0,0,0,0
74752,52,0.3357821170990963,ODELMO LEÃO,PPB,MG,0,1,1,0,0,0,0,0
74752,52,0.3357821170990963,ODELMO LEÃO,PP**,MG,0,1,1,0,0,0,0,0
73782,52,0.3357821170990963,ODÍLIO BALBINOTTI,PMDB,PR,0,1,0,0,0,0,0,0
74005,52,0.3357821170990963,OLAVO CALHEIROS,PMDB,AL,0,1,1,0,0,0,0,0
73464,52,0.3357821170990963,OLIVEIRA FILHO,PL*,PR,0,1,1,0,0,0,0,0
73464,52,0.3357821170990963,OLIVEIRA FILHO,PR,PR,0,1,1,0,0,0,0,0
74399,52,0.3357821170990963,ONYX LORENZONI,PFL,RS,0,1,1,0,0,0,0,0
73684,52,0.3357821170990963,ORLANDO DESCONSI,PT,RS,0,1,1,0,0,0,0,0
73603,52,0.3357821170990963,ORLANDO FANTAZZINI,PT,SP,0,1,0,0,0,0,0,0
73603,52,0.3357821170990963,ORLANDO FANTAZZINI,PSOL,SP,0,1,0,0,0,0,0,0
74753,52,0.3357821170990963,OSMÂNIO PEREIRA,PSDB,MG,0,1,0,0,0,0,0,0
74753,52,0.3357821170990963,OSMÂNIO PEREIRA,S.PART.,MG,0,1,0,0,0,0,0,0
74753,52,0.3357821170990963,OSMÂNIO PEREIRA,PTB,MG,0,1,0,0,0,0,0,0
74753,52,0.3357821170990963,OSMÂNIO PEREIRA,S.PART.,MG,0,1,0,0,0,0,0,0
74753,52,0.3357821170990963,OSMÂNIO PEREIRA,PTB,MG,0,1,0,0,0,0,0,0
73463,52,0.3357821170990963,OSMAR SERRAGLIO,PMDB,PR,0,1,1,0,0,0,0,0
73692,52,0.3357821170990963,OSMAR TERRA,PMDB,RS,0,1,1,0,0,0,0,0
73660,52,0.3357821170990963,OSÓRIO ADRIANO,PFL,DF,0,1,0,0,0,0,0,0
74430,52,0.3357821170990963,OSVALDO COELHO,PFL,PE,0,1,0,0,0,0,0,0
74191,52,0.3357821170990963,OSVALDO REIS,PMDB,TO,0,1,1,0,0,0,0,0
74319,52,0.3357821170990963,PAES LANDIM,PFL,PI,0,1,1,0,0,0,0,0
74319,52,0.3357821170990963,PAES LANDIM,PTB,PI,0,1,1,0,0,0,0,0
74444,52,0.3357821170990963,PASTOR AMARILDO,PSB,TO,0,1,0,0,0,0,0,0
74444,52,0.3357821170990963,PASTOR AMARILDO,PSC,TO,0,1,0,0,0,0,0,0
74444,52,0.3357821170990963,PASTOR AMARILDO,PMDB,TO,0,1,0,0,0,0,0,0
74444,52,0.3357821170990963,PASTOR AMARILDO,PSC,TO,0,1,0,0,0,0,0,0
74046,52,0.3357821170990963,PASTOR FRANCISCO OLÍMPIO,PSB,PE,0,1,0,0,0,0,0,0
73921,52,2.8621344797247104,PASTOR FRANKEMBERGEN,PTB,RR,0,1,0,1,1,0,0,0
74032,52,0.3357821170990963,PASTOR PEDRO RIBEIRO,PTB,CE,0,1,1,0,0,0,0,0
74032,52,0.3357821170990963,PASTOR PEDRO RIBEIRO,PMDB,CE,0,1,1,0,0,0,0,0
62926,52,0.3357821170990963,PASTOR REINALDO,PTB,RS,0,1,0,0,0,0,0,0
74160,52,0.3357821170990963,PATRUS ANANIAS,PT,MG,0,1,1,0,0,0,0,0
74095,52,2.8621344797247104,PAUDERNEY AVELINO,PFL,AM,0,1,0,1,1,0,0,0
74390,52,0.3357821170990963,PAULO AFONSO,PMDB,SC,0,1,0,0,0,0,0,0
74692,52,0.3357821170990963,PAULO BALTAZAR,PSB,RJ,0,1,1,0,0,0,0,0
73882,52,0.3357821170990963,PAULO BAUER,PFL,SC,0,1,1,0,0,0,0,0
73882,52,0.3357821170990963,PAULO BAUER,S.PART.,SC,0,1,1,0,0,0,0,0
73882,52,0.3357821170990963,PAULO BAUER,PSDB,SC,0,1,1,0,0,0,0,0
73784,52,0.3357821170990963,PAULO BERNARDO,PT,PR,0,1,0,0,0,0,0,0
74754,52,0.3357821170990963,PAULO DELGADO,PT,MG,0,1,0,0,0,0,0,0
74017,52,0.3357821170990963,PAULO FEIJÓ,PSDB,RJ,0,1,1,0,0,0,0,0
73485,52,0.3357821170990963,PAULO GOUVÊA,PL*,RS,0,1,1,0,0,0,0,0
73485,52,0.3357821170990963,PAULO GOUVÊA,PR,RS,0,1,1,0,0,0,0,0
73485,52,0.3357821170990963,PAULO JOSÉ GOUVÊA,PL*,RS,0,1,1,0,0,0,0,0
73485,52,0.3357821170990963,PAULO JOSÉ GOUVÊA,PR,RS,0,1,1,0,0,0,0,0
74791,52,0.3357821170990963,PAULO KOBAYASHI,PSDB,SP,0,1,0,0,0,0,0,0
73555,52,0.3357821170990963,PAULO LIMA,PMDB,SP,0,1,1,0,0,0,0,0
74574,52,0.3357821170990963,PAULO MAGALHÃES,PFL,BA,0,1,1,0,0,0,0,0
74448,52,2.8621344797247104,PAULO MARINHO,PFL,MA,0,1,0,1,1,0,0,0
74448,52,2.8621344797247104,PAULO MARINHO,PL*,MA,0,1,0,1,1,0,0,0
74400,52,0.3357821170990963,PAULO PIMENTA,PT,RS,0,1,1,0,0,0,0,0
73612,52,0.3357821170990963,PAULO RATTES,PST,RJ,0,1,0,0,0,0,0,0
73612,52,0.3357821170990963,PAULO RATTES,PSB,RJ,0,1,0,0,0,0,0,0
74082,52,0.3357821170990963,PAULO ROCHA,PT,PA,0,1,1,0,0,0,0,0
74047,52,0.3357821170990963,PAULO RUBEM SANTIAGO,PT,PE,0,1,1,0,0,0,0,0
73672,52,0.3357821170990963,PEDRO CANEDO,PSDB,GO,0,1,1,0,0,0,0,0
73672,52,0.3357821170990963,PEDRO CANEDO,PP**,GO,0,1,1,0,0,0,0,0
74812,52,0.3357821170990963,PEDRO CHAVES,PMDB,GO,0,1,1,0,0,0,0,0
74431,52,0.3357821170990963,PEDRO CORRÊA,PPB,PE,0,1,0,0,0,0,0,0
74431,52,0.3357821170990963,PEDRO CORRÊA,PP**,PE,0,1,0,0,0,0,0,0
74449,52,0.3357821170990963,PEDRO FERNANDES,PTB,MA,0,1,1,0,0,0,0,0
74111,52,0.3357821170990963,PEDRO HENRY,PPB,MT,0,1,0,0,0,0,0,0
74111,52,0.3357821170990963,PEDRO HENRY,PP**,MT,0,1,0,0,0,0,0,0
74637,52,0.3357821170990963,PEDRO IRUJO,PFL,BA,0,1,0,0,0,0,0,0
74637,52,0.3357821170990963,PEDRO IRUJO,PL*,BA,0,1,0,0,0,0,0,0
74637,52,0.3357821170990963,PEDRO IRUJO,S.PART.,BA,0,1,0,0,0,0,0,0
74637,52,0.3357821170990963,PEDRO IRUJO,PMDB,BA,0,1,0,0,0,0,0,0
74207,52,0.3357821170990963,PEDRO NOVAIS,PMDB,MA,0,1,1,0,0,0,0,0
73455,52,0.3357821170990963,PEDRO PEDROSSIAN,PPB,MS,0,1,1,0,0,0,0,0
73455,52,0.3357821170990963,PEDRO PEDROSSIAN,PP**,MS,0,1,1,0,0,0,0,0
73943,52,4.015394483643361,PERPÉTUA ALMEIDA,PCdoB,AC,1,0,1,0,0,0,0,0
74756,52,0.3357821170990963,PHILEMON RODRIGUES,PL*,PB,0,1,0,0,0,0,0,0
74756,52,0.3357821170990963,PHILEMON RODRIGUES,PTB,PB,0,1,0,0,0,0,0,0
74304,52,0.3357821170990963,PINHEIRO LANDIM,PSL,CE,0,1,0,0,0,0,0,0
74304,52,0.3357821170990963,PINHEIRO LANDIM,S.PART.,CE,0,1,0,0,0,0,0,0
73486,52,0.3357821170990963,POMPEO DE MATTOS,PDT,RS,0,1,1,0,0,0,0,0
74280,52,0.3357821170990963,PROFESSOR IRAPUAN TEIXEIRA,PRONA,SP,0,1,0,0,0,0,0,0
74280,52,0.3357821170990963,PROFESSOR IRAPUAN TEIXEIRA,S.PART.,SP,0,1,0,0,0,0,0,0
74280,52,0.3357821170990963,PROFESSOR IRAPUAN TEIXEIRA,PP**,SP,0,1,0,0,0,0,0,0
74792,52,0.3357821170990963,PROFESSOR LUIZINHO,PT,SP,0,1,0,0,0,0,0,0
74370,52,4.015394483643361,PROFESSORA RAQUEL TEIXEIRA,PSDB,GO,1,0,1,0,0,0,0,0
74035,52,0.3357821170990963,PROMOTOR AFONSO GIL,PCdoB,PI,0,1,0,0,0,0,0,0
74035,52,0.3357821170990963,PROMOTOR AFONSO GIL,PDT,PI,0,1,0,0,0,0,0,0
74590,52,0.3357821170990963,RAFAEL GUERRA,PSDB,MG,0,1,0,0,0,0,0,0
74216,52,0.3357821170990963,RAIMUNDO GOMES DE MATOS,PSDB,CE,0,1,1,0,0,0,0,0
74084,52,2.8621344797247104,RAIMUNDO SANTOS,PL*,PA,0,1,0,1,1,0,0,0
74084,52,2.8621344797247104,RAIMUNDO SANTOS,PR,PA,0,1,0,1,1,0,0,0
74048,52,2.8621344797247104,RAUL JUNGMAN,PMDB,PE,0,1,0,1,1,0,0,0
74048,52,2.8621344797247104,RAUL JUNGMAN,PPS,PE,0,1,0,1,1,0,0,0
74048,52,2.8621344797247104,RAUL JUNGMANN,PMDB,PE,0,1,0,1,1,0,0,0
74048,52,2.8621344797247104,RAUL JUNGMANN,PPS,PE,0,1,0,1,1,0,0,0
73574,52,0.3357821170990963,REGINALDO GERMANO,PFL,BA,0,1,0,0,0,0,0,0
73574,52,0.3357821170990963,REGINALDO GERMANO,PP**,BA,0,1,0,0,0,0,0,0
74161,52,0.3357821170990963,REGINALDO LOPES,PT,MG,0,1,1,0,0,0,0,0
74256,52,0.3357821170990963,REINALDO BETÃO,PSDC,RJ,0,1,1,0,0,0,0,0
74256,52,0.3357821170990963,REINALDO BETÃO,PL*,RJ,0,1,1,0,0,0,0,0
74256,52,0.3357821170990963,REINALDO BETÃO,PR,RJ,0,1,1,0,0,0,0,0
73693,52,0.3357821170990963,REINALDO GRIPP,PL*,RJ,0,1,0,0,0,0,0,0
73693,52,0.3357821170990963,REINALDO GRIPP,PR,RJ,0,1,0,0,0,0,0,0
73786,52,0.3357821170990963,REINHOLD STEPHANES,PMDB,PR,0,1,1,0,0,0,0,0
74208,52,0.3357821170990963,REMI TRINTA,PL*,MA,0,1,1,0,0,0,0,0
74208,52,0.3357821170990963,REMI TRINTA,PR,MA,0,1,1,0,0,0,0,0
74166,52,0.3357821170990963,RENATO CASAGRANDE,PSB,ES,0,1,1,0,0,0,0,0
74257,52,0.3357821170990963,RENATO COZZOLINO,PSC,RJ,0,1,0,0,0,0,0,0
74257,52,0.3357821170990963,RENATO COZZOLINO,PMDB,RJ,0,1,0,0,0,0,0,0
74257,52,0.3357821170990963,RENATO COZZOLINO,S.PART.,RJ,0,1,0,0,0,0,0,0
74257,52,0.3357821170990963,RENATO COZZOLINO,PRP,RJ,0,1,0,0,0,0,0,0
74257,52,0.3357821170990963,RENATO COZZOLINO,S.PART.,RJ,0,1,0,0,0,0,0,0
74257,52,0.3357821170990963,RENATO COZZOLINO,PDT,RJ,0,1,0,0,0,0,0,0
73801,52,0.3357821170990963,RENILDO CALHEIROS,PCdoB,PE,0,1,1,0,0,0,0,0
73788,52,0.3357821170990963,RICARDO BARROS,PPB,PR,0,1,1,0,0,0,0,0
73788,52,0.3357821170990963,RICARDO BARROS,PP**,PR,0,1,1,0,0,0,0,0
74793,52,0.3357821170990963,RICARDO BERZOINI,PT,SP,0,1,0,0,0,0,0,0
74557,52,0.3357821170990963,RICARDO FIUZA,PPB,PE,0,1,0,0,0,0,0,0
74557,52,0.3357821170990963,RICARDO FIUZA,PP**,PE,0,1,0,0,0,0,0,0
73557,52,0.3357821170990963,RICARDO IZAR,PTB,SP,0,1,0,0,0,0,0,0
74023,52,0.3357821170990963,RICARDO RIQUE,PSDB,PB,0,1,0,0,0,0,0,0
74023,52,0.3357821170990963,RICARDO RIQUE,S.PART.,PB,0,1,0,0,0,0,0,0
74023,52,0.3357821170990963,RICARDO RIQUE,PL*,PB,0,1,0,0,0,0,0,0
74023,52,0.3357821170990963,RICARDO RIQUE,PR,PB,0,1,0,0,0,0,0,0
140241,52,0.3357821170990963,RICARDO SANTOS,PSDB,ES,0,1,0,0,0,0,0,0
73490,52,0.3357821170990963,RICARTE DE FREITAS,PTB,MT,0,1,0,0,0,0,0,0
64224,52,2.8621344797247104,ROBÉRIO NUNES,PFL,BA,0,1,0,1,1,0,0,0
73674,52,0.3357821170990963,ROBERTO BALESTRA,PPB,GO,0,1,1,0,0,0,0,0
73674,52,0.3357821170990963,ROBERTO BALESTRA,PP**,GO,0,1,1,0,0,0,0,0
74758,52,0.3357821170990963,ROBERTO BRANT,PFL,MG,0,1,0,0,0,0,0,0
73805,52,0.3357821170990963,ROBERTO FREIRE,PPS,PE,0,1,1,0,0,0,0,0
74281,52,0.3357821170990963,ROBERTO GOUVEIA,PT,SP,0,1,0,0,0,0,0,0
73420,52,0.3357821170990963,ROBERTO JEFFERSON,PTB,RJ,0,1,1,0,0,0,0,0
74433,52,0.3357821170990963,ROBERTO MAGALHÃES,PSDB,PE,0,1,0,0,0,0,0,0
74433,52,0.3357821170990963,ROBERTO MAGALHÃES,PTB,PE,0,1,0,0,0,0,0,0
74433,52,0.3357821170990963,ROBERTO MAGALHÃES,S.PART.,PE,0,1,0,0,0,0,0,0
74433,52,0.3357821170990963,ROBERTO MAGALHÃES,PFL,PE,0,1,0,0,0,0,0,0
74305,52,0.3357821170990963,ROBERTO PESSOA,PFL,CE,0,1,1,0,0,0,0,0
74305,52,0.3357821170990963,ROBERTO PESSOA,PL*,CE,0,1,1,0,0,0,0,0
73558,52,0.3357821170990963,ROBSON TUMA,PFL,SP,0,1,0,0,0,0,0,0
74693,52,0.3357821170990963,RODRIGO MAIA,PFL,RJ,0,1,1,0,0,0,0,0
73651,52,0.3357821170990963,ROGÉRIO SILVA,PPS,MT,0,1,0,0,0,0,0,0
74051,52,2.8621344797247104,ROGÉRIO TEÓFILO,PFL,AL,0,1,0,1,1,0,0,0
74051,52,2.8621344797247104,ROGÉRIO TEÓFILO,PPS,AL,0,1,0,1,1,0,0,0
74640,52,2.8621344797247104,ROLAND LAVIGNE,PMDB,BA,0,1,0,1,1,0,0,0
74640,52,2.8621344797247104,ROLAND LAVIGNE,PSDB,BA,0,1,0,1,1,0,0,0
74759,52,0.3357821170990963,ROMEL ANIZIO,PPB,MG,0,1,1,0,0,0,0,0
74759,52,0.3357821170990963,ROMEL ANIZIO,PP**,MG,0,1,1,0,0,0,0,0
74591,52,0.3357821170990963,ROMEU QUEIROZ,PTB,MG,0,1,0,0,0,0,0,0
74306,52,0.3357821170990963,ROMMEL FEIJÓ,PSDB,CE,0,1,1,0,0,0,0,0
74306,52,0.3357821170990963,ROMMEL FEIJÓ,PTB,CE,0,1,1,0,0,0,0,0
74813,52,0.3357821170990963,RONALDO CAIADO,PFL,GO,0,1,1,0,0,0,0,0
73421,52,0.3357821170990963,RONALDO CEZAR COELHO,PSDB,RJ,0,1,1,0,0,0,0,0
74042,52,0.3357821170990963,RONALDO CUNHA LIMA,PSDB,PB,0,1,0,0,0,0,0,0
73948,52,0.3357821170990963,RONALDO DIMAS,PSDB,TO,0,1,1,0,0,0,0,0
74592,52,0.3357821170990963,RONALDO VASCONCELLOS,PTB,MG,0,1,1,0,0,0,0,0
74184,52,0.3357821170990963,RONIVON SANTIAGO,PPB,AC,0,1,1,0,0,0,0,0
74184,52,0.3357821170990963,RONIVON SANTIAGO,PP**,AC,0,1,1,0,0,0,0,0
74184,52,0.3357821170990963,RONIVON SANTIAGO,PMDB,AC,0,1,1,0,0,0,0,0
74184,52,0.3357821170990963,RONIVON SANTIAGO,S.PART.,AC,0,1,1,0,0,0,0,0
74184,52,0.3357821170990963,RONIVON SANTIAGO,PP**,AC,0,1,1,0,0,0,0,0
73507,52,4.015394483643361,ROSE DE FREITAS,PSDB,ES,1,0,1,0,0,0,0,0
73507,52,4.015394483643361,ROSE DE FREITAS,PMDB,ES,1,0,1,0,0,0,0,0
74371,52,0.3357821170990963,RUBENS OTONI,PT,GO,0,1,1,0,0,0,0,0
74482,52,0.3357821170990963,RUBINELLI,PT,SP,0,1,1,0,0,0,0,0
74482,52,0.3357821170990963,WAGNER RUBINELLI,PT,SP,0,1,1,0,0,0,0,0
74434,52,0.3357821170990963,SALATIEL CARVALHO,PMDB,PE,0,1,0,0,0,0,0,0
74434,52,0.3357821170990963,SALATIEL CARVALHO,PFL,PE,0,1,0,0,0,0,0,0
73559,52,0.3357821170990963,SALVADOR ZIMBALDI,PSDB,SP,0,1,1,0,0,0,0,0
73559,52,0.3357821170990963,SALVADOR ZIMBALDI,PTB,SP,0,1,1,0,0,0,0,0
73559,52,0.3357821170990963,SALVADOR ZIMBALDI,S.PART.,SP,0,1,1,0,0,0,0,0
73559,52,0.3357821170990963,SALVADOR ZIMBALDI,PSB,SP,0,1,1,0,0,0,0,0
74372,52,2.8621344797247104,SANDES JÚNIOR,PPB,GO,0,1,0,1,1,0,0,0
74372,52,2.8621344797247104,SANDES JÚNIOR,PP**,GO,0,1,0,1,1,0,0,0
74039,52,4.015394483643361,SANDRA ROSADO,PMDB,RN,1,0,1,0,0,0,0,0
74039,52,4.015394483643361,SANDRA ROSADO,PSB,RN,1,0,1,0,0,0,0,0
73676,52,0.3357821170990963,SANDRO MABEL,PL*,GO,0,1,0,0,0,0,0,0
73676,52,0.3357821170990963,SANDRO MABEL,PR,GO,0,1,0,0,0,0,0,0
74258,52,0.3357821170990963,SANDRO MATOS,PSB,RJ,0,1,1,0,0,0,0,0
74258,52,0.3357821170990963,SANDRO MATOS,PMDB,RJ,0,1,1,0,0,0,0,0
74258,52,0.3357821170990963,SANDRO MATOS,PTB,RJ,0,1,1,0,0,0,0,0
74258,52,0.3357821170990963,SANDRO MATOS,S.PART.,RJ,0,1,1,0,0,0,0,0
74258,52,0.3357821170990963,SANDRO MATOS,PR,RJ,0,1,1,0,0,0,0,0
74762,52,0.3357821170990963,SARAIVA FELIPE,PMDB,MG,0,1,1,0,0,0,0,0
74210,52,0.3357821170990963,SARNEY FILHO,PV,MA,0,1,1,0,0,0,0,0
74211,52,2.8621344797247104,SEBASTIÃO MADEIRA,PSDB,MA,0,1,0,1,1,0,0,0
74403,52,4.015394483643361,SELMA SCHONS,PT,PR,1,0,1,0,0,0,0,0
73885,52,0.3357821170990963,SERAFIM VENZON,PDT,SC,0,1,1,0,0,0,0,0
73885,52,0.3357821170990963,SERAFIM VENZON,S.PART.,SC,0,1,1,0,0,0,0,0
73885,52,0.3357821170990963,SERAFIM VENZON,PSDB,SC,0,1,1,0,0,0,0,0
74533,52,0.3357821170990963,SÉRGIO BARRADAS CARNEIRO,PT,BA,0,1,1,0,0,0,0,0
74497,52,0.3357821170990963,SERGIO CAIADO,PPB,GO,0,1,0,0,0,0,0,0
74497,52,0.3357821170990963,SERGIO CAIADO,PP**,GO,0,1,0,0,0,0,0,0
74360,52,0.3357821170990963,SÉRGIO CARVALHO,PSDB,RO,0,1,0,0,0,0,0,0
74763,52,0.3357821170990963,SÉRGIO MIRANDA,PCdoB,MG,0,1,0,0,0,0,0,0
74763,52,0.3357821170990963,SÉRGIO MIRANDA,S.PART.,MG,0,1,0,0,0,0,0,0
74763,52,0.3357821170990963,SÉRGIO MIRANDA,PDT,MG,0,1,0,0,0,0,0,0
74641,52,0.3357821170990963,SEVERIANO ALVES,PDT,BA,0,1,1,0,0,0,0,0
74436,52,0.3357821170990963,SEVERINO CAVALCANTI,PPB,PE,0,1,0,0,0,0,0,0
74436,52,0.3357821170990963,SEVERINO CAVALCANTI,PP**,PE,0,1,0,0,0,0,0,0
73718,52,0.3357821170990963,SIGMARINGA SEIXAS,PT,DF,0,1,0,0,0,0,0,0
74765,52,0.3357821170990963,SILAS BRASILEIRO,PMDB,MG,0,1,1,0,0,0,0,0
74356,52,2.8621344797247104,SILAS CÂMARA,PTB,AM,0,1,0,1,1,0,0,0
73560,52,0.3357821170990963,SILVIO TORRES,PSDB,SP,0,1,1,0,0,0,0,0
73424,52,0.3357821170990963,SIMÃO SESSIM,PPB,RJ,0,1,1,0,0,0,0,0
73424,52,0.3357821170990963,SIMÃO SESSIM,PP**,RJ,0,1,1,0,0,0,0,0
74492,52,0.3357821170990963,SIMPLÍCIO MÁRIO,PT,PI,0,1,0,0,0,0,0,0
74085,52,4.015394483643361,SOCORRO GOMES,PCdoB,PA,1,0,0,0,0,0,0,0
73922,52,4.015394483643361,SUELY CAMPOS,PFL,RR,1,0,1,0,0,0,0,0
73922,52,4.015394483643361,SUELY CAMPOS,PPB,RR,1,0,1,0,0,0,0,0
73922,52,4.015394483643361,SUELY CAMPOS,PP**,RR,1,0,1,0,0,0,0,0
74806,52,0.3357821170990963,TADEU FILIPPELLI,PMDB,DF,0,1,1,0,0,0,0,0
74385,52,1.1388610138277684,TAKAYAMA,PSB,PR,0,1,0,1,0,0,1,0
74385,52,1.1388610138277684,TAKAYAMA,PMDB,PR,0,1,0,1,0,0,1,0
73577,52,0.3357821170990963,TARCISIO ZIMMERMANN,PT,RS,0,1,1,0,0,0,0,0
74289,52,0.3357821170990963,TATICO,PTB,DF,0,1,0,0,0,0,0,0
74289,52,0.3357821170990963,TATICO,PL*,DF,0,1,0,0,0,0,0,0
74289,52,0.3357821170990963,TATICO,PTB,DF,0,1,0,0,0,0,0,0
73561,52,4.015394483643361,TELMA DE SOUZA,PT,SP,1,0,1,0,0,0,0,0
74029,52,4.015394483643361,TEREZINHA FERNANDES,PT,MA,1,0,0,0,0,0,0,0
73652,52,6.541746846268974,TETÉ BEZERRA,PMDB,MT,1,0,0,1,1,0,0,0
134116,52,4.015394483643361,THAÍS BARBOSA,PMDB,MT,1,0,0,0,0,0,0,0
74286,52,4.015394483643361,THELMA DE OLIVEIRA,PSDB,MT,1,0,1,0,0,0,0,0
73564,52,0.3357821170990963,VADÃO GOMES,PPB,SP,0,1,0,0,0,0,0,0
73564,52,0.3357821170990963,VADÃO GOMES,PP**,SP,0,1,0,0,0,0,0,0
73565,52,0.3357821170990963,VALDEMAR COSTA NETO,PL*,SP,0,1,0,0,0,0,0,0
74070,52,2.8621344797247104,VALDENOR GUEDES,PPB,AP,0,1,0,1,1,0,0,0
74070,52,2.8621344797247104,VALDENOR GUEDES,PP**,AP,0,1,0,1,1,0,0,0
74070,52,2.8621344797247104,VALDENOR GUEDES,PSC,AP,0,1,0,1,1,0,0,0
74010,52,0.3357821170990963,VALDIR COLATTO,PMDB,SC,0,1,1,0,0,0,0,0
74376,52,0.3357821170990963,VANDER LOUBET,PT,MS,0,1,1,0,0,0,0,0
74282,52,0.3357821170990963,VANDERLEI ASSIS,PRONA,SP,0,1,0,0,0,0,0,0
74282,52,0.3357821170990963,VANDERLEI ASSIS,S.PART.,SP,0,1,0,0,0,0,0,0
74282,52,0.3357821170990963,VANDERLEI ASSIS,PP**,SP,0,1,0,0,0,0,0,0
74357,52,4.015394483643361,VANESSA GRAZZIOTIN,PCdoB,AM,1,0,1,0,0,0,0,0
74087,52,0.3357821170990963,VIC PIRES FRANCO,PFL,PA,0,1,0,0,0,0,0,0
74308,52,0.3357821170990963,VICENTE ARRUDA,PSDB,CE,0,1,1,0,0,0,0,0
73566,52,0.3357821170990963,VICENTE CASCIONE,PTB,SP,0,1,1,0,0,0,0,0
137759,52,0.3357821170990963,VICENTE CHELOTTI,PMDB,DF,0,1,0,0,0,0,0,0
74283,52,4.431484490415324,VICENTINHO,PT,SP,0,1,0,1,0,1,0,0
74259,52,2.8621344797247104,VIEIRA REIS,PMDB,RJ,0,1,0,1,1,0,0,0
74259,52,2.8621344797247104,VIEIRA REIS,PMR,RJ,0,1,0,1,1,0,0,0
74259,52,2.8621344797247104,VIEIRA REIS,PRB,RJ,0,1,0,1,1,0,0,0
74259,52,2.8621344797247104,VIEIRA REIS,S.PART.,RJ,0,1,0,1,1,0,0,0
74391,52,0.3357821170990963,VIGNATTI,PT,SC,0,1,1,0,0,0,0,0
73677,52,0.3357821170990963,VILMAR ROCHA,PFL,GO,0,1,1,0,0,0,0,0
74593,52,0.3357821170990963,VIRGÍLIO GUIMARÃES,PT,MG,0,1,1,0,0,0,0,0
74768,52,0.3357821170990963,VITTORIO MEDIOLI,PSDB,MG,0,1,1,0,0,0,0,0
74768,52,0.3357821170990963,VITTORIO MEDIOLI,PV,MG,0,1,1,0,0,0,0,0
65551,52,0.3357821170990963,WAGNER LAGO,PDT,MA,0,1,0,0,0,0,0,0
65551,52,0.3357821170990963,WAGNER LAGO,PP**,MA,0,1,0,0,0,0,0,0
65551,52,0.3357821170990963,WAGNER LAGO,PDT,MA,0,1,0,0,0,0,0,0
73456,52,0.3357821170990963,WALDEMIR MOKA,PMDB,MS,0,1,1,0,0,0,0,0
133370,52,0.3357821170990963,WALTER BARELLI,PSDB,SP,0,1,0,0,0,0,0,0
74284,52,0.3357821170990963,WALTER FELDMAN,PSDB,SP,0,1,0,0,0,0,0,0
74218,52,0.3357821170990963,WALTER PINHEIRO,PT,BA,0,1,0,0,0,0,0,0
74490,52,0.3357821170990963,WASHINGTON LUIZ,PT,MA,0,1,0,0,0,0,0,0
74481,52,0.3357821170990963,WASNY DE ROURE,PT,DF,0,1,1,0,0,0,0,0
73653,52,0.3357821170990963,WELINTON FAGUNDES,PL*,MT,0,1,1,0,0,0,0,0
73653,52,0.3357821170990963,WELINTON FAGUNDES,PR,MT,0,1,1,0,0,0,0,0
73653,52,0.3357821170990963,WELLINGTON FAGUNDES,PL*,MT,0,1,1,0,0,0,0,0
73653,52,0.3357821170990963,WELLINGTON FAGUNDES,PR,MT,0,1,1,0,0,0,0,0
74043,52,2.8621344797247104,WELLINGTON ROBERTO,PL*,PB,0,1,0,1,1,0,0,0
74043,52,2.8621344797247104,WELLINGTON ROBERTO,PR,PB,0,1,0,1,1,0,0,0
73991,52,0.3357821170990963,WILSON CIGNACHI,PMDB,RS,0,1,0,0,0,0,0,0
74044,52,2.8621344797247104,WILSON SANTIAGO,PMDB,PB,0,1,0,1,1,0,0,0
74801,52,0.3357821170990963,WILSON SANTOS,PSDB,MT,0,1,1,0,0,0,0,0
73930,52,2.8621344797247104,WLADIMIR COSTA,PMDB,PA,0,1,0,1,1,0,0,0
74797,52,0.3357821170990963,XICO GRAZIANO,PSDB,SP,0,1,0,0,0,0,0,0
73992,52,4.015394483643361,YEDA CRUSIUS,PSDB,RS,1,0,1,0,0,0,0,0
74496,52,0.3357821170990963,ZARATTINI,PT,SP,0,1,0,0,0,0,0,0
73931,52,0.3357821170990963,ZÉ GERALDO,PT,PA,0,1,1,0,0,0,0,0
74309,52,0.3357821170990963,ZÉ GERARDO,PMDB,CE,0,1,1,0,0,0,0,0
73932,52,0.3357821170990963,ZÉ LIMA,PPB,PA,0,1,0,0,0,0,0,0
73932,52,0.3357821170990963,ZÉ LIMA,PP**,PA,0,1,0,0,0,0,0,0
74144,52,4.015394483643361,ZELINDA NOVAES,PFL,BA,1,0,0,0,0,0,0,0
74354,52,0.3357821170990963,ZENALDO COUTINHO,PSDB,PA,0,1,1,0,0,0,0,0
73933,52,0.3357821170990963,ZEQUINHA MARINHO,PTB,PA,0,1,1,0,0,0,0,0
73933,52,0.3357821170990963,ZEQUINHA MARINHO,PSC,PA,0,1,1,0,0,0,0,0
73933,52,0.3357821170990963,ZEQUINHA MARINHO,PMDB,PA,0,1,1,0,0,0,0,0
73933,52,0.3357821170990963,ZEQUINHA MARINHO,S.PART.,PA,0,1,1,0,0,0,0,0
73933,52,0.3357821170990963,ZEQUINHA MARINHO,PMDB,PA,0,1,1,0,0,0,0,0
73933,52,0.3357821170990963,ZEQUINHA MARINHO,S.PART.,PA,0,1,1,0,0,0,0,0
73933,52,0.3357821170990963,ZEQUINHA MARINHO,PSC,PA,0,1,1,0,0,0,0,0
73933,52,0.3357821170990963,ZEQUINHA MARINHO,PMDB,PA,0,1,1,0,0,0,0,0
74145,52,0.3357821170990963,ZEZÉU RIBEIRO,PT,BA,0,1,0,0,0,0,0,0
73944,52,0.3357821170990963,ZICO BRONZEADO,PT,AC,0,1,0,0,0,0,0,0
74392,52,0.3357821170990963,ZONTA,PPB,SC,0,1,1,0,0,0,0,0
74392,52,0.3357821170990963,ZONTA,PP**,SC,0,1,1,0,0,0,0,0
73645,52,4.015394483643361,ZULAIÊ COBRA,PSDB,SP,1,0,0,0,0,0,0,0
141463,53,0.3335926777456268,ABELARDO CAMARINHA,PSB,SP,0,1,1,0,0,0,0,0
73764,53,0.3335926777456268,ABELARDO LUPION,PFL,PR,0,1,0,0,0,0,0,0
73764,53,0.3335926777456268,ABELARDO LUPION,DEM,PR,0,1,0,0,0,0,0,0
131711,53,0.3335926777456268,ACÁCIO JÚNIOR,PSB,CE,0,1,0,0,0,0,0,0
143254,53,0.3335926777456268,ACÉLIO CASAGRANDE,PMDB,SC,0,1,1,0,0,0,0,0
73886,53,0.3335926777456268,ADÃO PRETTO,PT,RS,0,1,0,0,0,0,0,0
133374,53,2.721379747089812,ADEMIR CAMILO,PDT,MG,0,1,0,1,1,0,0,0
141372,53,0.3335926777456268,AELTON FREITAS,PR,MG,0,1,1,0,0,0,0,0
73765,53,0.3335926777456268,AFFONSO CAMARGO,PSDB,PR,0,1,0,0,0,0,0,0
136811,53,0.3335926777456268,AFONSO HAMM,PP**,RS,0,1,1,0,0,0,0,0
74358,53,0.3335926777456268,AGNALDO MUNIZ,PP**,RO,0,1,1,0,0,0,0,0
74358,53,0.3335926777456268,AGNALDO MUNIZ,PSC,RO,0,1,1,0,0,0,0,0
73457,53,0.3335926777456268,AIRTON ROVEDA,PPS,PR,0,1,0,0,0,0,0,0
73457,53,0.3335926777456268,AIRTON ROVEDA,PR,PR,0,1,0,0,0,0,0,0
141373,53,0.3335926777456268,ALBANO FRANCO,PSDB,SE,0,1,0,0,0,0,0,0
74018,53,0.3335926777456268,ALBERICO FILHO,PMDB,MA,0,1,1,0,0,0,0,0
73579,53,0.3335926777456268,ALBERTO FRAGA,PFL,DF,0,1,1,0,0,0,0,0
73579,53,0.3335926777456268,ALBERTO FRAGA,DEM,DF,0,1,1,0,0,0,0,0
74310,53,0.3335926777456268,ALBERTO SILVA,PMDB,PI,0,1,0,0,0,0,0,0
139133,53,0.3335926777456268,ALCENI GUERRA,PFL,PR,0,1,0,0,0,0,0,0
139133,53,0.3335926777456268,ALCENI GUERRA,DEM,PR,0,1,0,0,0,0,0,0
73428,53,2.721379747089812,ALDO REBELO,PCdoB,SP,0,1,0,1,1,0,0,0
150635,53,0.3335926777456268,ALESSANDRO SABINO,PMDB,AP,0,1,0,0,0,0,0,0
73458,53,0.3335926777456268,ALEX CANZIANI,PTB,PR,0,1,1,0,0,0,0,0
74829,53,0.3335926777456268,ALEXANDRE CARDOSO,PSB,RJ,0,1,1,0,0,0,0,0
74830,53,0.3335926777456268,ALEXANDRE SANTOS,PMDB,RJ,0,1,0,0,0,0,0,0
141374,53,0.3335926777456268,ALEXANDRE SILVEIRA,PPS,MG,0,1,1,0,0,0,0,0
141454,53,0.3335926777456268,ALFREDO KAEFER,PSDB,PR,0,1,1,0,0,0,0,0
74057,53,4.058710912571794,ALICE PORTUGAL,PCdoB,BA,1,0,1,0,0,0,0,0
141375,53,4.058710912571794,ALINE CORRÊA,PP**,SP,1,0,1,0,0,0,0,0
141377,53,4.058710912571794,ANA ARRAES,PSB,PE,1,0,0,0,0,0,0,0
74471,53,0.3335926777456268,ANDRÉ DE PAULA,PFL,PE,0,1,1,0,0,0,0,0
74471,53,0.3335926777456268,ANDRÉ DE PAULA,DEM,PE,0,1,1,0,0,0,0,0
159261,53,0.3335926777456268,ANDRE MONTORO,PSDB,SP,0,1,0,0,0,0,0,0
141378,53,0.3335926777456268,ANDRE VARGAS,PT,PR,0,1,0,0,0,0,0,0
74377,53,0.3335926777456268,ANDRE ZACHAROW,PMDB,PR,0,1,1,0,0,0,0,0
141379,53,6.446497981915979,ANDREIA ZITO,PSDB,RJ,1,0,0,1,1,0,0,0
73696,53,4.058710912571794,ANGELA AMIN,PP**,SC,1,0,1,0,0,0,0,0
141380,53,4.058710912571794,ANGELA PORTELA,PTC,RR,1,0,1,0,0,0,0,0
141380,53,4.058710912571794,ANGELA PORTELA,PT,RR,1,0,1,0,0,0,0,0
141381,53,0.3335926777456268,ANGELO VANHONI,PT,PR,0,1,1,0,0,0,0,0
74212,53,2.721379747089812,ANÍBAL GOMES,PMDB,CE,0,1,0,1,1,0,0,0
73928,53,4.058710912571794,ANN PONTES,PMDB,PA,1,0,0,0,0,0,0,0
73937,53,0.3335926777456268,ANSELMO DE JESUS,PT,RO,0,1,1,0,0,0,0,0
141387,53,0.3335926777456268,ANTÔNIO ANDRADE,PMDB,MG,0,1,1,0,0,0,0,0
141383,53,0.3335926777456268,ANTONIO BULHÕES,PMDB,SP,0,1,1,0,0,0,0,0
141383,53,0.3335926777456268,ANTONIO BULHÕES,PRB,SP,0,1,1,0,0,0,0,0
159262,53,0.3335926777456268,ANTONIO CARLOS,PSDB,MG,0,1,0,0,0,0,0,0
74373,53,0.3335926777456268,ANTÔNIO CARLOS BIFFI,PT,MS,0,1,1,0,0,0,0,0
73492,53,0.3335926777456268,ANTONIO CARLOS BISCAIA,PT,RJ,0,1,1,0,0,0,0,0
152611,53,2.721379747089812,ANTONIO CARLOS CHAMARIZ,PTB,AL,0,1,0,1,1,0,0,0
74058,53,2.721379747089812,ANTONIO CARLOS MAGALHÃES NETO,PFL,BA,0,1,0,1,1,0,0,0
74058,53,2.721379747089812,ANTONIO CARLOS MAGALHÃES NETO,DEM,BA,0,1,0,1,1,0,0,0
73584,53,0.3335926777456268,ANTONIO CARLOS MENDES THAME,PSDB,SP,0,1,1,0,0,0,0,0
73431,53,0.3335926777456268,ANTONIO CARLOS PANNUNZIO,PSDB,SP,0,1,0,0,0,0,0,0
73817,53,2.721379747089812,ANTONIO CRUZ,PP**,MS,0,1,0,1,1,0,0,0
73987,53,0.3335926777456268,ANTONIO FEIJAO,PSDB,AP,0,1,0,0,0,0,0,0
73987,53,0.3335926777456268,ANTONIO FEIJAO,PTC,AP,0,1,0,0,0,0,0,0
141388,53,0.3335926777456268,ANTONIO JOSÉ MEDEIROS,PT,PI,0,1,1,0,0,0,0,0
74701,53,0.3335926777456268,ANTONIO PALOCCI,PT,SP,0,1,0,0,0,0,0,0
141390,53,0.3335926777456268,ANTÔNIO ROBERTO,PV,MG,0,1,0,0,0,0,0,0
74648,53,0.3335926777456268,ARACELY DE PAULA,PR,MG,0,1,1,0,0,0,0,0
74103,53,0.3335926777456268,ARIOSTO HOLANDA,PSB,CE,0,1,1,0,0,0,0,0
73433,53,0.3335926777456268,ARLINDO CHINAGLIA,PT,SP,0,1,1,0,0,0,0,0
74405,53,0.3335926777456268,ARMANDO ABÍLIO,PTB,PB,0,1,0,0,0,0,0,0
74472,53,0.3335926777456268,ARMANDO MONTEIRO,PTB,PE,0,1,1,0,0,0,0,0
73434,53,0.3335926777456268,ARNALDO FARIA DE SÁ,PTB,SP,0,1,1,0,0,0,0,0
141391,53,0.3335926777456268,ARNALDO JARDIM,PPS,SP,0,1,1,0,0,0,0,0
73993,53,0.3335926777456268,ARNALDO MADEIRA,PSDB,SP,0,1,0,0,0,0,0,0
141392,53,2.721379747089812,ARNALDO VIANNA,PDT,RJ,0,1,0,1,1,0,0,0
74291,53,0.3335926777456268,ARNON BEZERRA,PTB,CE,0,1,1,0,0,0,0,0
74833,53,0.3335926777456268,AROLDE DE OLIVEIRA,PFL,RJ,0,1,1,0,0,0,0,0
74833,53,0.3335926777456268,AROLDE DE OLIVEIRA,DEM,RJ,0,1,1,0,0,0,0,0
74222,53,2.721379747089812,ASDRUBAL BENTES,PMDB,PA,0,1,0,1,1,0,0,0
74378,53,0.3335926777456268,ASSIS DO COUTO,PT,PR,0,1,1,0,0,0,0,0
74378,53,0.3335926777456268,ASSIS MIGUEL DO COUTO,PT,PR,0,1,1,0,0,0,0,0
74090,53,0.3335926777456268,ÁTILA LINS,PMDB,AM,0,1,1,0,0,0,0,0
74459,53,0.3335926777456268,ÁTILA LIRA,PSDB,PI,0,1,1,0,0,0,0,0
74459,53,0.3335926777456268,ÁTILA LIRA,PSB,PI,0,1,1,0,0,0,0,0
73655,53,0.3335926777456268,AUGUSTO CARVALHO,PPS,DF,0,1,1,0,0,0,0,0
74441,53,0.3335926777456268,AUGUSTO FARIAS,PTB,AL,0,1,0,0,0,0,0,0
74024,53,0.3335926777456268,AYRTON XEREZ,PFL,RJ,0,1,0,0,0,0,0,0
74024,53,0.3335926777456268,AYRTON XEREZ,DEM,RJ,0,1,0,0,0,0,0,0
74312,53,0.3335926777456268,B. SÁ,PSB,PI,0,1,0,0,0,0,0,0
141449,53,0.3335926777456268,BARBOSA NETO,PDT,PR,0,1,1,0,0,0,0,0
141376,53,4.058710912571794,BEL MESQUITA,PMDB,PA,1,0,0,0,0,0,0,0
156634,53,0.3335926777456268,BENE CAMACHO,PTB,MA,0,1,1,0,0,0,0,0
74517,53,2.721379747089812,BENEDITO DE LIRA,PP**,AL,0,1,0,1,1,0,0,0
74169,53,0.3335926777456268,BERNARDO ARISTON,PMDB,RJ,0,1,1,0,0,0,0,0
74321,53,0.3335926777456268,BETINHO ROSADO,PFL,RN,0,1,1,0,0,0,0,0
74321,53,0.3335926777456268,BETINHO ROSADO,DEM,RN,0,1,1,0,0,0,0,0
73478,53,0.3335926777456268,BETO ALBUQUERQUE,PSB,RS,0,1,1,0,0,0,0,0
141335,53,2.721379747089812,BETO FARO,PT,PA,0,1,0,1,1,0,0,0
73437,53,0.3335926777456268,BETO MANSUR,PP**,SP,0,1,1,0,0,0,0,0
141513,53,0.3335926777456268,BILAC PINTO,PR,MG,0,1,1,0,0,0,0,0
3155,53,0.3335926777456268,BISPO GÊ TENUTA,PFL,SP,0,1,0,0,0,0,0,0
3155,53,0.3335926777456268,BISPO GÊ TENUTA,DEM,SP,0,1,0,0,0,0,0,0
74650,53,0.3335926777456268,BONIFÁCIO DE ANDRADA,PSDB,MG,0,1,1,0,0,0,0,0
141399,53,0.3335926777456268,BRIZOLA NETO,PDT,RJ,0,1,1,0,0,0,0,0
141394,53,0.3335926777456268,BRUNO ARAÚJO,PSDB,PE,0,1,1,0,0,0,0,0
141393,53,0.3335926777456268,BRUNO RODRIGUES,PSDB,PE,0,1,0,0,0,0,0,0
141485,53,0.3335926777456268,BUSATO,PTB,RS,0,1,1,0,0,0,0,0
141485,53,0.3335926777456268,LUIZ CARLOS BUSATO,PTB,RS,0,1,1,0,0,0,0,0
141395,53,0.3335926777456268,CAMILO COLA,PMDB,ES,0,1,1,0,0,0,0,0
141396,53,0.3335926777456268,CÂNDIDO VACCAREZZA,PT,SP,0,1,1,0,0,0,0,0
141396,53,0.3335926777456268,VACCAREZZA,PT,SP,0,1,1,0,0,0,0,0
152606,53,3.580561407803061,CAPITÃO ASSUMÇÃO,PSB,ES,0,1,0,1,0,0,0,1
152606,53,3.580561407803061,CAPITÃO ASSUNÇÃO,PSB,ES,0,1,0,1,0,0,0,1
73469,53,0.3335926777456268,CARLITO MERSS,PT,SC,0,1,1,0,0,0,0,0
74285,53,0.3335926777456268,CARLOS ABICALIL,PT,MT,0,1,0,0,0,0,0,0
160318,53,0.3335926777456268,CARLOS ALBERTO,PFL,MG,0,1,1,0,0,0,0,0
160318,53,0.3335926777456268,CARLOS ALBERTO,DEM,MG,0,1,1,0,0,0,0,0
141397,53,0.3335926777456268,CARLOS ALBERTO CANUTO,PMDB,AL,0,1,1,0,0,0,0,0
141397,53,0.3335926777456268,CARLOS ALBERTO CANUTO,PSC,AL,0,1,1,0,0,0,0,0
74290,53,2.721379747089812,CARLOS ALBERTO LERÉIA,PSDB,GO,0,1,0,1,1,0,0,0
141401,53,0.3335926777456268,CARLOS BEZERRA,PMDB,MT,0,1,1,0,0,0,0,0
141402,53,0.3335926777456268,CARLOS BRANDÃO,PSDB,MA,0,1,1,0,0,0,0,0
74474,53,0.3335926777456268,CARLOS EDUARDO CADOCA,PMDB,PE,0,1,1,0,0,0,0,0
74474,53,0.3335926777456268,CARLOS EDUARDO CADOCA,PSC,PE,0,1,1,0,0,0,0,0
74651,53,0.3335926777456268,CARLOS MELLES,PFL,MG,0,1,1,0,0,0,0,0
74651,53,0.3335926777456268,CARLOS MELLES,DEM,MG,0,1,1,0,0,0,0,0
74262,53,0.3335926777456268,CARLOS SAMPAIO,PSDB,SP,0,1,1,0,0,0,0,0
74835,53,0.3335926777456268,CARLOS SANTANA,PT,RJ,0,1,0,0,0,0,0,0
73934,53,2.721379747089812,CARLOS SOUZA,PP**,AM,0,1,0,1,1,0,0,0
73934,53,2.721379747089812,CARLOS SOUZA,PRB,AM,0,1,0,1,1,0,0,0
73934,53,2.721379747089812,CARLOS SOUZA,PP**,AM,0,1,0,1,1,0,0,0
74148,53,0.3335926777456268,CARLOS WILLIAN,PTC,MG,0,1,0,0,0,0,0,0
131873,53,0.3335926777456268,CARLOS WILSON,PT,PE,0,1,0,0,0,0,0,0
141398,53,0.3335926777456268,CARLOS ZARATTINI,PT,SP,0,1,1,0,0,0,0,0
141404,53,0.3335926777456268,CASSIO TANIGUCHI,PFL,PR,0,1,0,0,0,0,0,0
141404,53,0.3335926777456268,CASSIO TANIGUCHI,DEM,PR,0,1,0,0,0,0,0,0
74799,53,4.058710912571794,CELCITA PINHEIRO,PFL,MT,1,0,0,0,0,0,0,0
74799,53,4.058710912571794,CELCITA PINHEIRO,DEM,MT,1,0,0,0,0,0,0,0
141405,53,0.3335926777456268,CELSO MALDANER,PMDB,SC,0,1,1,0,0,0,0,0
73441,53,0.3335926777456268,CELSO RUSSOMANNO,PP**,SP,0,1,1,0,0,0,0,0
73480,53,0.3335926777456268,CEZAR SCHIRMER,PMDB,RS,0,1,1,0,0,0,0,0
74379,53,0.3335926777456268,CEZAR SILVESTRI,PPS,PR,0,1,0,0,0,0,0,0
157225,53,0.3335926777456268,CHARLES COZZOLINO,PAN,RJ,0,1,0,0,0,0,0,0
157225,53,0.3335926777456268,CHARLES COZZOLINO,PTB,RJ,0,1,0,0,0,0,0,0
141336,53,0.3335926777456268,CHARLES LUCENA,PTB,PE,0,1,1,0,0,0,0,0
146308,53,0.3335926777456268,CHICO ABREU,PR,GO,0,1,0,0,0,0,0,0
146308,53,0.3335926777456268,CHICO GOMES,PR,GO,0,1,0,0,0,0,0,0
74171,53,0.3335926777456268,CHICO ALENCAR,PSOL,RJ,0,1,1,0,0,0,0,0
141439,53,0.3335926777456268,CHICO D'ANGELO,PT,RJ,0,1,1,0,0,0,0,0
74000,53,0.3335926777456268,CHICO DA PRINCESA,PR,PR,0,1,1,0,0,0,0,0
158328,53,0.3335926777456268,CHICO DALTRO,PP**,MT,0,1,1,0,0,0,0,0
141440,53,2.633528861536309,CHICO LOPES,PCdoB,CE,0,1,0,1,0,1,0,0
160365,53,0.3335926777456268,CHICO NETO,PSDB,PA,0,1,1,0,0,0,0,0
141501,53,4.058710912571794,CIDA DIOGO,PT,RJ,1,0,1,0,0,0,0,0
141406,53,0.3335926777456268,CIRO GOMES,PSB,CE,0,1,1,0,0,0,0,0
74313,53,0.3335926777456268,CIRO NOGUEIRA,PP**,PI,0,1,1,0,0,0,0,0
141407,53,0.3335926777456268,CIRO PEDROSA,PV,MG,0,1,0,0,0,0,0,0
74537,53,0.3335926777456268,CLAUDIO CAJADO,PFL,BA,0,1,1,0,0,0,0,0
74537,53,0.3335926777456268,CLAUDIO CAJADO,DEM,BA,0,1,1,0,0,0,0,0
141057,53,0.3335926777456268,CLAUDIO DIAZ,PSDB,RS,0,1,1,0,0,0,0,0
74263,53,0.3335926777456268,CLÁUDIO MAGRÃO,PPS,SP,0,1,0,0,0,0,0,0
141408,53,0.3335926777456268,CLEBER VERDE,PAN,MA,0,1,1,0,0,0,0,0
141408,53,0.3335926777456268,CLEBER VERDE,PTB,MA,0,1,1,0,0,0,0,0
141408,53,0.3335926777456268,CLEBER VERDE,PAN,MA,0,1,1,0,0,0,0,0
141408,53,0.3335926777456268,CLEBER VERDE,PTB,MA,0,1,1,0,0,0,0,0
141408,53,0.3335926777456268,CLEBER VERDE,PRB,MA,0,1,1,0,0,0,0,0
141409,53,0.3335926777456268,CLODOVIL HERNANDES,PTC,SP,0,1,0,0,0,0,0,0
141409,53,0.3335926777456268,CLODOVIL HERNANDES,PR,SP,0,1,0,0,0,0,0,0
74026,53,0.3335926777456268,CLÓVIS FECURY,PFL,MA,0,1,1,0,0,0,0,0
74026,53,0.3335926777456268,CLÓVIS FECURY,DEM,MA,0,1,1,0,0,0,0,0
74230,53,2.721379747089812,COLBERT MARTINS,PMDB,BA,0,1,0,1,1,0,0,0
74016,53,2.721379747089812,COSTA FERREIRA,PSC,MA,0,1,0,1,1,0,0,0
141410,53,0.3335926777456268,CRISTIANO MATHEUS,PFL,AL,0,1,1,0,0,0,0,0
141410,53,0.3335926777456268,CRISTIANO MATHEUS,PMDB,AL,0,1,1,0,0,0,0,0
74579,53,0.3335926777456268,CUSTÓDIO MATTOS,PSDB,MG,0,1,0,0,0,0,0,0
141411,53,0.3335926777456268,DAGOBERTO,PDT,MS,0,1,1,0,0,0,0,0
141502,53,6.358647096362476,DALVA FIGUEIREDO,PT,AP,1,0,0,1,0,1,0,0
74467,53,2.633528861536309,DAMIÃO FELICIANO,PR,PB,0,1,0,1,0,1,0,0
74467,53,2.633528861536309,DAMIÃO FELICIANO,S.PART.,PB,0,1,0,1,0,1,0,0
74467,53,2.633528861536309,DAMIÃO FELICIANO,PDT,PB,0,1,0,1,0,1,0,0
74060,53,2.721379747089812,DANIEL ALMEIDA,PCdoB,BA,0,1,0,1,1,0,0,0
159263,53,0.3335926777456268,DANIEL FONTANA,PT,RS,0,1,1,0,0,0,0,0
73891,53,0.3335926777456268,DARCÍSIO PERONDI,PMDB,RS,0,1,1,0,0,0,0,0
73924,53,0.3335926777456268,DAVI ALCOLUMBRE,PFL,AP,0,1,1,0,0,0,0,0
73924,53,0.3335926777456268,DAVI ALCOLUMBRE,DEM,AP,0,1,1,0,0,0,0,0
141412,53,0.3335926777456268,DAVI ALVES SILVA,PDT,MA,0,1,1,0,0,0,0,0
141412,53,0.3335926777456268,DAVI ALVES SILVA,PSC,MA,0,1,1,0,0,0,0,0
141412,53,0.3335926777456268,DAVI ALVES SILVA,PDT,MA,0,1,1,0,0,0,0,0
141412,53,0.3335926777456268,DAVI ALVES SILVA,PR,MA,0,1,1,0,0,0,0,0
141412,53,0.3335926777456268,DAVI ALVES SILVA JÚNIOR,PDT,MA,0,1,1,0,0,0,0,0
141412,53,0.3335926777456268,DAVI ALVES SILVA JÚNIOR,PSC,MA,0,1,1,0,0,0,0,0
141412,53,0.3335926777456268,DAVI ALVES SILVA JÚNIOR,PDT,MA,0,1,1,0,0,0,0,0
141412,53,0.3335926777456268,DAVI ALVES SILVA JÚNIOR,PR,MA,0,1,1,0,0,0,0,0
141413,53,0.3335926777456268,DÉCIO LIMA,PT,SC,0,1,1,0,0,0,0,0
74172,53,0.3335926777456268,DELEY,PSC,RJ,0,1,1,0,0,0,0,0
74264,53,0.3335926777456268,DEVANIR RIBEIRO,PT,SP,0,1,1,0,0,0,0,0
73768,53,0.3335926777456268,DILCEU SPERAFICO,PP**,PR,0,1,1,0,0,0,0,0
74265,53,0.3335926777456268,DIMAS RAMALHO,PPS,SP,0,1,0,0,0,0,0,0
141415,53,0.3335926777456268,DJALMA BERGER,PSDB,SC,0,1,1,0,0,0,0,0
141415,53,0.3335926777456268,DJALMA BERGER,S.PART.,SC,0,1,1,0,0,0,0,0
141415,53,0.3335926777456268,DJALMA BERGER,PSB,SC,0,1,1,0,0,0,0,0
74197,53,2.633528861536309,DOMINGOS DUTRA,PT,MA,0,1,0,1,0,1,0,0
141371,53,0.3335926777456268,DR. ADILSON SOARES,PR,RJ,0,1,0,0,0,0,0,0
141414,53,0.3335926777456268,DR. BASEGIO,PDT,RS,0,1,1,0,0,0,0,0
141540,53,0.3335926777456268,DR. NECHAR,PV,SP,0,1,1,0,0,0,0,0
141540,53,0.3335926777456268,DR. NECHAR,PP**,SP,0,1,1,0,0,0,0,0
147975,53,0.3335926777456268,DR. PAULO CESAR,PTB,RJ,0,1,1,0,0,0,0,0
147975,53,0.3335926777456268,DR. PAULO CESAR,PR,RJ,0,1,1,0,0,0,0,0
73542,53,0.3335926777456268,DR. PINOTTI,PFL,SP,0,1,0,0,0,0,0,0
73542,53,0.3335926777456268,DR. PINOTTI,DEM,SP,0,1,0,0,0,0,0,0
74027,53,2.721379747089812,DR. RIBAMAR ALVES,PSB,MA,0,1,0,1,1,0,0,0
74027,53,2.721379747089812,RIBAMAR ALVES,PSB,MA,0,1,0,1,1,0,0,0
152610,53,0.3335926777456268,DR. ROBERTO ALVES,PTB,SP,0,1,1,0,0,0,0,0
152610,53,0.3335926777456268,ROBERTO ALVES,PTB,SP,0,1,1,0,0,0,0,0
73459,53,0.3335926777456268,DR. ROSINHA,PT,PR,0,1,1,0,0,0,0,0
141550,53,0.3335926777456268,DR. TALMIR,PV,SP,0,1,1,0,0,0,0,0
141498,53,0.3335926777456268,DR. UBIALI,PSB,SP,0,1,1,0,0,0,0,0
141385,53,0.3335926777456268,DUARTE NOGUEIRA,PSDB,SP,0,1,1,0,0,0,0,0
141416,53,0.3335926777456268,EDGAR MOURY,PMDB,PE,0,1,0,0,0,0,0,0
143253,53,2.633528861536309,EDIGAR MÃO BRANCA,PV,BA,0,1,0,1,0,1,0,0
73793,53,0.3335926777456268,EDINHO BEZ,PMDB,SC,0,1,1,0,0,0,0,0
133375,53,0.3335926777456268,EDINHO MONTEMOR,PSB,SP,0,1,1,0,0,0,0,0
141417,53,2.721379747089812,EDIO LOPES,PMDB,RR,0,1,0,1,1,0,0,0
73599,53,0.3335926777456268,EDIR OLIVEIRA,PTB,RS,0,1,0,0,0,0,0,0
74580,53,0.3335926777456268,EDMAR MOREIRA,PFL,MG,0,1,0,0,0,0,0,0
74580,53,0.3335926777456268,EDMAR MOREIRA,DEM,MG,0,1,0,0,0,0,0,0
74580,53,0.3335926777456268,EDMAR MOREIRA,PR,MG,0,1,0,0,0,0,0,0
139187,53,2.633528861536309,EDMILSON VALENTIM,PCdoB,RJ,0,1,0,1,0,1,0,0
141418,53,0.3335926777456268,EDSON APARECIDO,PSDB,SP,0,1,1,0,0,0,0,0
74061,53,0.3335926777456268,EDSON DUARTE,PV,BA,0,1,0,0,0,0,0,0
74838,53,0.3335926777456268,EDSON EZEQUIEL,PMDB,RJ,0,1,0,0,0,0,0,0
141419,53,2.633528861536309,EDSON SANTOS,PT,RJ,0,1,0,1,0,1,0,0
141420,53,0.3335926777456268,EDUARDO AMORIM,PSC,SE,0,1,1,0,0,0,0,0
74655,53,0.3335926777456268,EDUARDO BARBOSA,PSDB,MG,0,1,1,0,0,0,0,0
74173,53,0.3335926777456268,EDUARDO CUNHA,PMDB,RJ,0,1,1,0,0,0,0,0
141421,53,0.3335926777456268,EDUARDO DA FONTE,PP**,PE,0,1,1,0,0,0,0,0
73945,53,0.3335926777456268,EDUARDO GOMES,PSDB,TO,0,1,1,0,0,0,0,0
4928,53,0.3335926777456268,EDUARDO LOPES,PSB,RJ,0,1,1,0,0,0,0,0
4928,53,0.3335926777456268,EDUARDO LOPES,PRB,RJ,0,1,1,0,0,0,0,0
150876,53,0.3335926777456268,EDUARDO MOURA,PPS,MT,0,1,1,0,0,0,0,0
74382,53,0.3335926777456268,EDUARDO SCIARRA,PFL,PR,0,1,0,0,0,0,0,0
74382,53,0.3335926777456268,EDUARDO SCIARRA,DEM,PR,0,1,0,0,0,0,0,0
73938,53,0.3335926777456268,EDUARDO VALVERDE,PT,RO,0,1,0,0,0,0,0,0
141422,53,0.3335926777456268,EFRAIM FILHO,PFL,PB,0,1,1,0,0,0,0,0
141422,53,0.3335926777456268,EFRAIM FILHO,DEM,PB,0,1,1,0,0,0,0,0
74075,53,4.058710912571794,ELCIONE BARBALHO,PMDB,PA,1,0,1,0,0,0,0,0
154919,53,0.3335926777456268,ELEUSES PAIVA,PFL,SP,0,1,1,0,0,0,0,0
154919,53,0.3335926777456268,ELEUSES PAIVA,DEM,SP,0,1,1,0,0,0,0,0
141423,53,0.3335926777456268,ELIENE LIMA,PP**,MT,0,1,1,0,0,0,0,0
73892,53,0.3335926777456268,ELISEU PADILHA,PMDB,RS,0,1,0,0,0,0,0,0
141424,53,0.3335926777456268,ELISMAR PRADO,PT,MG,0,1,1,0,0,0,0,0
152609,53,0.3335926777456268,ELIZEU AGUIAR,PTB,PI,0,1,1,0,0,0,0,0
74119,53,0.3335926777456268,EMANUEL,PSDB,SP,0,1,0,0,0,0,0,0
74119,53,0.3335926777456268,EMANUEL FERNANDES,PSDB,SP,0,1,0,0,0,0,0,0
153384,53,4.058710912571794,EMILIA FERNANDES,PT,RS,1,0,1,0,0,0,0,0
154997,53,0.3335926777456268,EMILIANO JOSÉ,PT,BA,0,1,1,0,0,0,0,0
74269,53,0.3335926777456268,ENÉAS,PR,SP,0,1,0,0,0,0,0,0
73893,53,0.3335926777456268,ENIO BACCI,PDT,RS,0,1,1,0,0,0,0,0
141425,53,2.721379747089812,ERNANDES AMORIM,PTB,RO,0,1,0,1,1,0,0,0
141386,53,2.633528861536309,EUDES XAVIER,PT,CE,0,1,0,1,0,1,0,0
141426,53,0.3335926777456268,EUGÊNIO RABELO,PP**,CE,0,1,1,0,0,0,0,0
74454,53,2.721379747089812,EUNÍCIO OLIVEIRA,PMDB,CE,0,1,0,1,1,0,0,0
74099,53,0.3335926777456268,EURIPEDES MIRANDA,PT,RO,0,1,0,0,0,0,0,0
74345,53,2.633528861536309,EVANDRO MILHOMEN,PCdoB,AP,0,1,0,1,0,1,0,0
141428,53,0.3335926777456268,FÁBIO FARIA,PMN,RN,0,1,1,0,0,0,0,0
141427,53,2.721379747089812,FÁBIO RAMALHO,PV,MG,0,1,0,1,1,0,0,0
149327,53,2.721379747089812,FÁBIO RODRIGUES DE OLIVEIRA,PFL,PB,0,1,0,1,1,0,0,0
149327,53,2.721379747089812,FÁBIO RODRIGUES DE OLIVEIRA,DEM,PB,0,1,0,1,1,0,0,0
149327,53,2.721379747089812,MAJOR FÁBIO,PFL,PB,0,1,0,1,1,0,0,0
149327,53,2.721379747089812,MAJOR FÁBIO,DEM,PB,0,1,0,1,1,0,0,0
74062,53,2.721379747089812,FÁBIO SOUTO,PFL,BA,0,1,0,1,1,0,0,0
74062,53,2.721379747089812,FÁBIO SOUTO,DEM,BA,0,1,0,1,1,0,0,0
74037,53,6.446497981915979,FÁTIMA BEZERRA,PT,RN,1,0,0,1,1,0,0,0
74065,53,4.058710912571794,FÁTIMA PELAES,PMDB,AP,1,0,1,0,0,0,0,0
141430,53,0.3335926777456268,FELIPE BORNIER,PHS,RJ,0,1,1,0,0,0,0,0
141429,53,0.3335926777456268,FELIPE MAIA,PFL,RN,0,1,1,0,0,0,0,0
141429,53,0.3335926777456268,FELIPE MAIA,DEM,RN,0,1,1,0,0,0,0,0
74542,53,0.3335926777456268,FÉLIX MENDONÇA,PFL,BA,0,1,0,0,0,0,0,0
74542,53,0.3335926777456268,FÉLIX MENDONÇA,DEM,BA,0,1,0,0,0,0,0,0
154734,53,0.3335926777456268,FERNANDO CHIARELLI,PDT,SP,0,1,1,0,0,0,0,0
141344,53,0.3335926777456268,FERNANDO CHUCRE,PSDB,SP,0,1,0,0,0,0,0,0
141431,53,0.3335926777456268,FERNANDO COELHO FILHO,PSB,PE,0,1,1,0,0,0,0,0
73471,53,0.3335926777456268,FERNANDO CORUJA,PPS,SC,0,1,1,0,0,0,0,0
74063,53,0.3335926777456268,FERNANDO DE FABINHO,PFL,BA,0,1,1,0,0,0,0,0
74063,53,0.3335926777456268,FERNANDO DE FABINHO,DEM,BA,0,1,1,0,0,0,0,0
74658,53,0.3335926777456268,FERNANDO DINIZ,PMDB,MG,0,1,0,0,0,0,0,0
74417,53,0.3335926777456268,FERNANDO FERRO,PT,PE,0,1,1,0,0,0,0,0
74841,53,0.3335926777456268,FERNANDO GABEIRA,PV,RJ,0,1,0,0,0,0,0,0
74842,53,0.3335926777456268,FERNANDO GONÇALVES,PTB,RJ,0,1,1,0,0,0,0,0
74843,53,0.3335926777456268,FERNANDO LOPES,PMDB,RJ,0,1,1,0,0,0,0,0
73481,53,0.3335926777456268,FERNANDO MARRONI,PT,RS,0,1,1,0,0,0,0,0
73481,53,0.3335926777456268,FERNANDOMARRONI,PT,RS,0,1,1,0,0,0,0,0
141432,53,2.721379747089812,FERNANDO MELO,PT,AC,0,1,0,1,1,0,0,0
152608,53,0.3335926777456268,FERNANDO NASCIMENTO,PT,PE,0,1,0,0,0,0,0,0
141433,53,0.3335926777456268,FILIPE PEREIRA,PSC,RJ,0,1,1,0,0,0,0,0
141434,53,0.3335926777456268,FLAVIANO MELO,PMDB,AC,0,1,1,0,0,0,0,0
159260,53,0.3335926777456268,FLAVIO ANTUNES,PSDB,PR,0,1,0,0,0,0,0,0
141435,53,0.3335926777456268,FLÁVIO BEZERRA,PMDB,CE,0,1,0,0,0,0,0,0
141435,53,0.3335926777456268,FLÁVIO BEZERRA,PRB,CE,0,1,0,0,0,0,0,0
141436,53,2.721379747089812,FLÁVIO DINO,PCdoB,MA,0,1,0,1,1,0,0,0
141438,53,0.3335926777456268,FRANCISCO PRACIANO,PT,AM,0,1,1,0,0,0,0,0
141438,53,0.3335926777456268,PRACIANO,PT,AM,0,1,1,0,0,0,0,0
73981,53,2.721379747089812,FRANCISCO RODRIGUES,PFL,RR,0,1,0,1,1,0,0,0
73981,53,2.721379747089812,FRANCISCO RODRIGUES,DEM,RR,0,1,0,1,1,0,0,0
139212,53,0.3335926777456268,FRANCISCO ROSSI,PMDB,SP,0,1,1,0,0,0,0,0
141467,53,0.3335926777456268,FRANCISCO TENORIO,PMN,AL,0,1,1,0,0,0,0,0
141437,53,2.721379747089812,FRANK AGUIAR,PTB,SP,0,1,0,1,1,0,0,0
86634,53,0.3335926777456268,FREDO JUNIOR,PCdoB,DF,0,1,0,0,0,0,0,0
74189,53,0.3335926777456268,FREIRE JUNIOR,PSDB,TO,0,1,1,0,0,0,0,0
74200,53,2.721379747089812,GASTÃO VIEIRA,PMDB,MA,0,1,0,1,1,0,0,0
74544,53,0.3335926777456268,GEDDEL VIEIRA LIMA,PMDB,BA,0,1,1,0,0,0,0,0
141441,53,2.721379747089812,GEORGE HILTON,PP**,MG,0,1,0,1,1,0,0,0
141441,53,2.721379747089812,GEORGE HILTON,PRB,MG,0,1,0,1,1,0,0,0
155920,53,0.3335926777456268,GERALDINHO,PSOL,RS,0,1,1,0,0,0,0,0
141442,53,0.3335926777456268,GERALDO PUDIM,PMDB,RJ,0,1,1,0,0,0,0,0
141442,53,0.3335926777456268,GERALDO PUDIM,PR,RJ,0,1,1,0,0,0,0,0
74374,53,0.3335926777456268,GERALDO RESENDE,PPS,MS,0,1,1,0,0,0,0,0
74374,53,0.3335926777456268,GERALDO RESENDE,PMDB,MS,0,1,1,0,0,0,0,0
74566,53,0.3335926777456268,GERALDO SIMÕES,PT,BA,0,1,1,0,0,0,0,0
74151,53,0.3335926777456268,GERALDO THADEU,PPS,MG,0,1,1,0,0,0,0,0
141443,53,0.3335926777456268,GERMANO BONOW,PFL,RS,0,1,0,0,0,0,0,0
141443,53,0.3335926777456268,GERMANO BONOW,DEM,RS,0,1,0,0,0,0,0,0
141444,53,0.3335926777456268,GERÔNIMO DA ADEFAL,PFL,AL,0,1,0,0,0,0,0,0
74076,53,2.721379747089812,GERSON PERES,PP**,PA,0,1,0,1,1,0,0,0
73472,53,0.3335926777456268,GERVÁSIO SILVA,PFL,SC,0,1,1,0,0,0,0,0
73472,53,0.3335926777456268,GERVÁSIO SILVA,DEM,SC,0,1,1,0,0,0,0,0
73472,53,0.3335926777456268,GERVÁSIO SILVA,PSDB,SC,0,1,1,0,0,0,0,0
74383,53,0.3335926777456268,GIACOBO,PR,PR,0,1,1,0,0,0,0,0
74581,53,2.633528861536309,GILMAR MACHADO,PT,MG,0,1,0,1,0,1,0,0
74077,53,0.3335926777456268,GIOVANNI QUEIROZ,PDT,PA,0,1,1,0,0,0,0,0
159265,53,4.058710912571794,GISELA SEQUEIRA,PSDB,PA,1,0,0,0,0,0,0,0
74558,53,0.3335926777456268,GIVALDO CARIMBÃO,PSB,AL,0,1,1,0,0,0,0,0
141446,53,0.3335926777456268,GLADSON CAMELI,PP**,AC,0,1,1,0,0,0,0,0
141446,53,0.3335926777456268,GLADSON DE LIMA CAMELI,PP**,AC,0,1,1,0,0,0,0,0
152605,53,0.3335926777456268,GLAUBER BRAGA,PSB,RJ,0,1,1,0,0,0,0,0
74419,53,0.3335926777456268,GONZAGA PATRIOTA,PSB,PE,0,1,1,0,0,0,0,0
129618,53,4.058710912571794,GORETE PEREIRA,PR,CE,1,0,1,0,0,0,0,0
141447,53,0.3335926777456268,GUILHERME CAMPOS,PFL,SP,0,1,1,0,0,0,0,0
141447,53,0.3335926777456268,GUILHERME CAMPOS,DEM,SP,0,1,1,0,0,0,0,0
74139,53,0.3335926777456268,GUILHERME MENEZES,PT,BA,0,1,0,0,0,0,0,0
73460,53,0.3335926777456268,GUSTAVO FRUET,PSDB,PR,0,1,1,0,0,0,0,0
73940,53,0.3335926777456268,HENRIQUE AFONSO,PT,AC,0,1,1,0,0,0,0,0
73940,53,0.3335926777456268,HENRIQUE AFONSO,PV,AC,0,1,1,0,0,0,0,0
74324,53,0.3335926777456268,HENRIQUE EDUARDO ALVES,PMDB,RN,0,1,1,0,0,0,0,0
73482,53,0.3335926777456268,HENRIQUE FONTANA,PT,RS,0,1,1,0,0,0,0,0
73772,53,0.3335926777456268,HERMES PARCIANELLO,PMDB,PR,0,1,1,0,0,0,0,0
141448,53,0.3335926777456268,HOMERO PEREIRA,PPS,MT,0,1,0,0,0,0,0,0
141448,53,0.3335926777456268,HOMERO PEREIRA,PR,MT,0,1,0,0,0,0,0,0
141450,53,0.3335926777456268,HUGO LEAL,PSC,RJ,0,1,1,0,0,0,0,0
74662,53,0.3335926777456268,HUMBERTO SOUTO,PPS,MG,0,1,1,0,0,0,0,0
74780,53,4.058710912571794,IARA BERNARDI,PT,SP,1,0,1,0,0,0,0,0
133853,53,0.3335926777456268,IBSEN PINHEIRO,PMDB,RS,0,1,1,0,0,0,0,0
141451,53,2.721379747089812,ILDERLEI CORDEIRO,PPS,AC,0,1,0,1,1,0,0,0
141389,53,0.3335926777456268,INDIO DA COSTA,PFL,RJ,0,1,1,0,0,0,0,0
141389,53,0.3335926777456268,INDIO DA COSTA,DEM,RJ,0,1,1,0,0,0,0,0
74421,53,0.3335926777456268,INOCÊNCIO OLIVEIRA,PR,PE,0,1,0,0,0,0,0,0
141468,53,2.721379747089812,IRAN BARBOSA,PT,SE,0,1,0,1,1,0,0,0
74162,53,4.058710912571794,IRINY LOPES,PT,ES,1,0,1,0,0,0,0,0
141453,53,4.058710912571794,ÍRIS DE ARAÚJO,PMDB,GO,1,0,1,0,0,0,0,0
73461,53,0.3335926777456268,ÍRIS SIMÕES,PTB,PR,0,1,0,0,0,0,0,0
73461,53,0.3335926777456268,ÍRIS SIMÕES,PR,PR,0,1,0,0,0,0,0,0
159264,53,0.3335926777456268,ITAMAR ROCHA,PMDB,RN,0,1,0,0,0,0,0,0
73531,53,0.3335926777456268,IVAN VALENTE,PSOL,SP,0,1,1,0,0,0,0,0
4931,53,0.3335926777456268,IZALCI,PFL,DF,0,1,1,0,0,0,0,0
4931,53,0.3335926777456268,IZALCI,DEM,DF,0,1,1,0,0,0,0,0
4931,53,0.3335926777456268,IZALCI,PSDB,DF,0,1,1,0,0,0,0,0
77701,53,0.3335926777456268,JACKSON BARRETO,PTB,SE,0,1,1,0,0,0,0,0
77701,53,0.3335926777456268,JACKSON BARRETO,PMDB,SE,0,1,1,0,0,0,0,0
73929,53,2.721379747089812,JADER BARBALHO,PMDB,PA,0,1,0,1,1,0,0,0
74665,53,0.3335926777456268,JAIME MARTINS,PR,MG,0,1,1,0,0,0,0,0
74847,53,0.3335926777456268,JAIR BOLSONARO,PP**,RJ,0,1,1,0,0,0,0,0
74547,53,0.3335926777456268,JAIRO ALFREDO OLIVEIRA CARNEIRO,PFL,BA,0,1,1,0,0,0,0,0
74547,53,0.3335926777456268,JAIRO ALFREDO OLIVEIRA CARNEIRO,DEM,BA,0,1,1,0,0,0,0,0
74547,53,0.3335926777456268,JAIRO ALFREDO OLIVEIRA CARNEIRO,PP**,BA,0,1,1,0,0,0,0,0
74547,53,0.3335926777456268,JAIRO CARNEIRO,PFL,BA,0,1,1,0,0,0,0,0
74547,53,0.3335926777456268,JAIRO CARNEIRO,DEM,BA,0,1,1,0,0,0,0,0
74547,53,0.3335926777456268,JAIRO CARNEIRO,PP**,BA,0,1,1,0,0,0,0,0
3151,53,0.3335926777456268,JAIRO ATAIDE,PFL,MG,0,1,1,0,0,0,0,0
3151,53,0.3335926777456268,JAIRO ATAIDE,DEM,MG,0,1,1,0,0,0,0,0
73926,53,6.446497981915979,JANETE CAPIBERIBE,PSB,AP,1,0,0,1,1,0,0,0
141455,53,6.358647096362476,JANETE PIETÁ,PT,SP,1,0,0,1,0,1,0,0
141455,53,6.358647096362476,JANETE ROCHA PIETÁ,PT,SP,1,0,0,1,0,1,0,0
154739,53,0.3335926777456268,JC STANGARLINI,PSDB,SP,0,1,1,0,0,0,0,0
154739,53,0.3335926777456268,JOSÉ C. STANGARLINI,PSDB,SP,0,1,1,0,0,0,0,0
74273,53,0.3335926777456268,JEFFERSON CAMPOS,PTB,SP,0,1,1,0,0,0,0,0
74273,53,0.3335926777456268,JEFFERSON CAMPOS,PSB,SP,0,1,1,0,0,0,0,0
74528,53,2.721379747089812,JERÔNIMO REIS,PFL,SE,0,1,0,1,1,0,0,0
74528,53,2.721379747089812,JERÔNIMO REIS,DEM,SE,0,1,0,1,1,0,0,0
141456,53,0.3335926777456268,JILMAR AUGUSTINHO TATTO,PT,SP,0,1,1,0,0,0,0,0
141456,53,0.3335926777456268,JILMAR TATTO,PT,SP,0,1,1,0,0,0,0,0
141503,53,6.446497981915979,JÔ MORAES,PCdoB,MG,1,0,0,1,1,0,0,0
74549,53,0.3335926777456268,JOÃO ALMEIDA,PSDB,BA,0,1,0,0,0,0,0,0
160317,53,0.3335926777456268,JOÃO BATISTA,PMDB,RO,0,1,0,0,0,0,0,0
141457,53,0.3335926777456268,JOÃO BITTAR,PFL,MG,0,1,0,0,0,0,0,0
141457,53,0.3335926777456268,JOÃO BITTAR,DEM,MG,0,1,0,0,0,0,0,0
74366,53,0.3335926777456268,JOÃO CAMPOS,PSDB,GO,0,1,1,0,0,0,0,0
141458,53,0.3335926777456268,JOÃO CARLOS BACELAR,PR,BA,0,1,1,0,0,0,0,0
73682,53,0.3335926777456268,JOÃO DADO,PDT,SP,0,1,1,0,0,0,0,0
74781,53,0.3335926777456268,JOÃO HERRMANN,PDT,SP,0,1,0,0,0,0,0,0
74781,53,0.3335926777456268,JOÃO HERRMANN NETO,PDT,SP,0,1,0,0,0,0,0,0
74550,53,0.3335926777456268,JOÃO LEÃO,PP**,BA,0,1,1,0,0,0,0,0
74120,53,0.3335926777456268,JOÃO MAGALHÃES,PMDB,MG,0,1,1,0,0,0,0,0
141459,53,0.3335926777456268,JOÃO MAIA,PR,RN,0,1,1,0,0,0,0,0
73873,53,0.3335926777456268,JOÃO MATOS,PMDB,SC,0,1,0,0,0,0,0,0
141460,53,0.3335926777456268,JOÃO OLIVEIRA,PFL,TO,0,1,1,0,0,0,0,0
141460,53,0.3335926777456268,JOÃO OLIVEIRA,DEM,TO,0,1,1,0,0,0,0,0
73534,53,0.3335926777456268,JOÃO PAULO CUNHA,PT,SP,0,1,0,0,0,0,0,0
73874,53,0.3335926777456268,JOÃO PIZZOLATTI,PP**,SC,0,1,1,0,0,0,0,0
141461,53,0.3335926777456268,JOAQUIM BELTRÃO,PMDB,AL,0,1,1,0,0,0,0,0
73658,53,0.3335926777456268,JOFRAN FREJAT,PR,DF,0,1,1,0,0,0,0,0
74563,53,0.3335926777456268,JORGE ALBERTO,PMDB,SE,0,1,1,0,0,0,0,0
74686,53,0.3335926777456268,JORGE BITTAR,PT,RJ,0,1,1,0,0,0,0,0
74388,53,0.3335926777456268,JORGE BOEIRA,PT,SC,0,1,1,0,0,0,0,0
74552,53,0.3335926777456268,JORGE KHOURY,PFL,BA,0,1,0,0,0,0,0,0
74552,53,0.3335926777456268,JORGE KHOURY,DEM,BA,0,1,0,0,0,0,0,0
73535,53,0.3335926777456268,JORGE TADEU MUDALEN,PFL,SP,0,1,1,0,0,0,0,0
73535,53,0.3335926777456268,JORGE TADEU MUDALEN,DEM,SP,0,1,1,0,0,0,0,0
4927,53,0.3335926777456268,JORGINHO MALULY,PFL,SP,0,1,1,0,0,0,0,0
4927,53,0.3335926777456268,JORGINHO MALULY,DEM,SP,0,1,1,0,0,0,0,0
141464,53,2.633528861536309,JOSÉ AIRTON CIRILO,PT,CE,0,1,0,1,0,1,0,0
73536,53,0.3335926777456268,JOSÉ ANÍBAL,PSDB,SP,0,1,1,0,0,0,0,0
74553,53,0.3335926777456268,JOSÉ CARLOS ALELUIA,PFL,BA,0,1,1,0,0,0,0,0
74553,53,0.3335926777456268,JOSÉ CARLOS ALELUIA,DEM,BA,0,1,1,0,0,0,0,0
74140,53,0.3335926777456268,JOSÉ CARLOS ARAÚJO,PR,BA,0,1,1,0,0,0,0,0
74140,53,0.3335926777456268,JOSÉ CARLOS ARAÚJO,PDT,BA,0,1,1,0,0,0,0,0
74055,53,0.3335926777456268,JOSÉ CARLOS MACHADO,PFL,SE,0,1,1,0,0,0,0,0
74055,53,0.3335926777456268,JOSÉ CARLOS MACHADO,DEM,SE,0,1,1,0,0,0,0,0
73875,53,0.3335926777456268,JOSÉ CARLOS VIEIRA,PFL,SC,0,1,0,0,0,0,0,0
73875,53,0.3335926777456268,JOSÉ CARLOS VIEIRA,DEM,SC,0,1,0,0,0,0,0,0
73875,53,0.3335926777456268,JOSÉ CARLOS VIEIRA,PR,SC,0,1,0,0,0,0,0,0
74423,53,0.3335926777456268,JOSÉ CHAVES,PTB,PE,0,1,1,0,0,0,0,0
151249,53,2.721379747089812,JOSÉ EDMAR,PR,DF,0,1,0,1,1,0,0,0
74274,53,0.3335926777456268,JOSÉ EDUARDO CARDOZO,PT,SP,0,1,0,0,0,0,0,0
141466,53,2.721379747089812,JOSÉ FERNANDO APARECIDO DE OLIVEIRA,PV,MG,0,1,0,1,1,0,0,0
141466,53,2.721379747089812,ZÉ FERNANDO,PV,MG,0,1,0,1,1,0,0,0
73540,53,0.3335926777456268,JOSÉ GENOÍNO,PT,SP,0,1,0,0,0,0,0,0
141470,53,0.3335926777456268,JOSÉ GUIMARÃES,PT,CE,0,1,1,0,0,0,0,0
160396,53,0.3335926777456268,JOSÉ HUMBERTO,PPS,MG,0,1,1,0,0,0,0,0
74297,53,0.3335926777456268,JOSÉ LINHARES,PP**,CE,0,1,1,0,0,0,0,0
151965,53,2.721379747089812,JOSÉ MAIA FILHO,PFL,PI,0,1,0,1,1,0,0,0
151965,53,2.721379747089812,JOSÉ MAIA FILHO,DEM,PI,0,1,0,1,1,0,0,0
151965,53,2.721379747089812,MAINHA,PFL,PI,0,1,0,1,1,0,0,0
151965,53,2.721379747089812,MAINHA,DEM,PI,0,1,0,1,1,0,0,0
74425,53,0.3335926777456268,JOSÉ MENDONÇA BEZERRA,PFL,PE,0,1,0,0,0,0,0,0
74425,53,0.3335926777456268,JOSÉ MENDONÇA BEZERRA,DEM,PE,0,1,0,0,0,0,0,0
74275,53,0.3335926777456268,JOSÉ MENTOR,PT,SP,0,1,1,0,0,0,0,0
74426,53,0.3335926777456268,JOSÉ MÚCIO MONTEIRO,PTB,PE,0,1,0,0,0,0,0,0
74395,53,0.3335926777456268,JOSÉ OTÁVIO GERMANO,PP**,RS,0,1,1,0,0,0,0,0
141471,53,0.3335926777456268,JOSÉ PAULO TÓFFANO,PV,SP,0,1,0,0,0,0,0,0
74298,53,0.3335926777456268,JOSÉ PIMENTEL,PT,CE,0,1,0,0,0,0,0,0
71921,53,0.3335926777456268,JOSÉ ROBERTO DUDÉ,PT,ES,0,1,0,0,0,0,0,0
74554,53,0.3335926777456268,JOSÉ ROCHA,PFL,BA,0,1,1,0,0,0,0,0
74554,53,0.3335926777456268,JOSÉ ROCHA,PR,BA,0,1,1,0,0,0,0,0
74741,53,0.3335926777456268,JOSÉ SANTANA DE VASCONCELLOS,PR,MG,0,1,1,0,0,0,0,0
152607,53,0.3335926777456268,JOSE VIEIRA LINS,PSDB,MA,0,1,1,0,0,0,0,0
152607,53,0.3335926777456268,JOSE VIEIRA LINS,S.PART.,MA,0,1,1,0,0,0,0,0
152607,53,0.3335926777456268,JOSE VIEIRA LINS,PR,MA,0,1,1,0,0,0,0,0
152607,53,0.3335926777456268,ZÉ VIEIRA,PSDB,MA,0,1,1,0,0,0,0,0
152607,53,0.3335926777456268,ZÉ VIEIRA,S.PART.,MA,0,1,1,0,0,0,0,0
152607,53,0.3335926777456268,ZÉ VIEIRA,PR,MA,0,1,1,0,0,0,0,0
4929,53,0.3335926777456268,JOSEPH BANDEIRA,PT,BA,0,1,1,0,0,0,0,0
73666,53,0.3335926777456268,JOVAIR ARANTES,PTB,GO,0,1,1,0,0,0,0,0
141474,53,0.3335926777456268,JULIÃO AMIN,PDT,MA,0,1,1,0,0,0,0,0
74317,53,0.3335926777456268,JÚLIO CESAR,PFL,PI,0,1,1,0,0,0,0,0
74317,53,0.3335926777456268,JÚLIO CESAR,DEM,PI,0,1,1,0,0,0,0,0
73586,53,0.3335926777456268,JÚLIO DELGADO,PSB,MG,0,1,1,0,0,0,0,0
73994,53,0.3335926777456268,JÚLIO REDECKER,PSDB,RS,0,1,0,0,0,0,0,0
74783,53,0.3335926777456268,JULIO SEMEGHINI,PSDB,SP,0,1,0,0,0,0,0,0
159058,53,0.3335926777456268,JUNIOR MARZOLA,PFL,TO,0,1,0,0,0,0,0,0
159058,53,0.3335926777456268,JUNIOR MARZOLA,DEM,TO,0,1,0,0,0,0,0,0
74346,53,0.3335926777456268,JURANDIL JUAREZ,PMDB,AP,0,1,1,0,0,0,0,0
141475,53,0.3335926777456268,JURANDY LOUREIRO,PSC,ES,0,1,1,0,0,0,0,0
141475,53,0.3335926777456268,JURANDY LOUREIRO,PAN,ES,0,1,1,0,0,0,0,0
141475,53,0.3335926777456268,JURANDY LOUREIRO,PTB,ES,0,1,1,0,0,0,0,0
141475,53,0.3335926777456268,JURANDY LOUREIRO,PAN,ES,0,1,1,0,0,0,0,0
141475,53,0.3335926777456268,JURANDY LOUREIRO,PTB,ES,0,1,1,0,0,0,0,0
141475,53,0.3335926777456268,JURANDY LOUREIRO,PSC,ES,0,1,1,0,0,0,0,0
141476,53,6.446497981915979,JUSMARI OLIVEIRA,PFL,BA,1,0,0,1,1,0,0,0
141476,53,6.446497981915979,JUSMARI OLIVEIRA,PR,BA,1,0,0,1,1,0,0,0
74570,53,0.3335926777456268,JUTAHY JUNIOR,PSDB,BA,0,1,1,0,0,0,0,0
141477,53,0.3335926777456268,JUVENIL,PT,MG,0,1,0,0,0,0,0,0
141477,53,0.3335926777456268,JUVENIL,S.PART.,MG,0,1,0,0,0,0,0,0
141477,53,0.3335926777456268,JUVENIL,PRTB,MG,0,1,0,0,0,0,0,0
141477,53,0.3335926777456268,JUVENIL ALVES,PT,MG,0,1,0,0,0,0,0,0
141477,53,0.3335926777456268,JUVENIL ALVES,S.PART.,MG,0,1,0,0,0,0,0,0
141477,53,0.3335926777456268,JUVENIL ALVES,PRTB,MG,0,1,0,0,0,0,0,0
74742,53,0.3335926777456268,LAEL VARELLA,PFL,MG,0,1,1,0,0,0,0,0
74742,53,0.3335926777456268,LAEL VARELLA,DEM,MG,0,1,1,0,0,0,0,0
151208,53,0.3335926777456268,LAERCIO OLIVEIRA,PSDB,SE,0,1,1,0,0,0,0,0
141478,53,0.3335926777456268,LAERTE BESSA,PMDB,DF,0,1,1,0,0,0,0,0
141478,53,0.3335926777456268,LAERTE BESSA,S.PART.,DF,0,1,1,0,0,0,0,0
141478,53,0.3335926777456268,LAERTE BESSA,PSC,DF,0,1,1,0,0,0,0,0
141479,53,0.3335926777456268,LAUREZ MOREIRA,PSB,TO,0,1,1,0,0,0,0,0
141480,53,0.3335926777456268,LÁZARO BOTELHO,PP**,TO,0,1,1,0,0,0,0,0
141481,53,0.3335926777456268,LEANDRO SAMPAIO,PPS,RJ,0,1,0,0,0,0,0,0
74367,53,0.3335926777456268,LEANDRO VILELA,PMDB,GO,0,1,0,0,0,0,0,0
141562,53,0.3335926777456268,LELO COIMBRA,PMDB,ES,0,1,1,0,0,0,0,0
74455,53,0.3335926777456268,LEO ALCÂNTARA,PSDB,CE,0,1,0,0,0,0,0,0
74455,53,0.3335926777456268,LEO ALCÂNTARA,PR,CE,0,1,0,0,0,0,0,0
141452,53,0.3335926777456268,LÉO VIVAS,PRB,RJ,0,1,0,0,0,0,0,0
74156,53,2.633528861536309,LEONARDO MONTEIRO,PT,MG,0,1,0,1,0,1,0,0
74254,53,0.3335926777456268,LEONARDO PICCIANI,PMDB,RJ,0,1,1,0,0,0,0,0
141482,53,0.3335926777456268,LEONARDO QUINTÃO,PMDB,MG,0,1,1,0,0,0,0,0
74368,53,0.3335926777456268,LEONARDO VILELA,PSDB,GO,0,1,0,0,0,0,0,0
139285,53,6.446497981915979,LÍDICE DA MATA,PSB,BA,1,0,0,1,1,0,0,0
74585,53,0.3335926777456268,LINCOLN PORTELA,PR,MG,0,1,1,0,0,0,0,0
141483,53,2.721379747089812,LINDOMAR GARÇON,PV,RO,0,1,0,1,1,0,0,0
141483,53,2.721379747089812,LINDOMAR GARÇON,PR,RO,0,1,0,1,1,0,0,0
141483,53,2.721379747089812,LINDOMAR GARÇON,PV,RO,0,1,0,1,1,0,0,0
141462,53,0.3335926777456268,LIRA MAIA,PFL,PA,0,1,1,0,0,0,0,0
141462,53,0.3335926777456268,LIRA MAIA,DEM,PA,0,1,1,0,0,0,0,0
74277,53,0.3335926777456268,LOBBE NETO,PSDB,SP,0,1,1,0,0,0,0,0
141504,53,6.446497981915979,LUCENIRA PIMENTEL,PR,AP,1,0,0,1,1,0,0,0
81512,53,6.358647096362476,LUCIANA COSTA,PR,SP,1,0,0,1,0,1,0,0
74397,53,4.058710912571794,LUCIANA GENRO,PSOL,RS,1,0,1,0,0,0,0,0
73982,53,0.3335926777456268,LUCIANO CASTRO,PR,RR,0,1,1,0,0,0,0,0
73777,53,0.3335926777456268,LUCIANO PIZZATTO,PFL,PR,0,1,1,0,0,0,0,0
73777,53,0.3335926777456268,LUCIANO PIZZATTO,DEM,PR,0,1,1,0,0,0,0,0
141484,53,0.3335926777456268,LÚCIO VALE,PMDB,PA,0,1,1,0,0,0,0,0
141484,53,0.3335926777456268,LÚCIO VALE,PR,PA,0,1,1,0,0,0,0,0
73483,53,0.3335926777456268,LUIS CARLOS HEINZE,PP**,RS,0,1,1,0,0,0,0,0
74133,53,2.633528861536309,LUIZ ALBERTO,PT,BA,0,1,0,1,0,1,0,0
74059,53,2.721379747089812,LUIZ BASSUMA,PT,BA,0,1,0,1,1,0,0,0
74059,53,2.721379747089812,LUIZ BASSUMA,PV,BA,0,1,0,1,1,0,0,0
74810,53,0.3335926777456268,LUIZ BITTENCOURT,PMDB,GO,0,1,0,0,0,0,0,0
73778,53,0.3335926777456268,LUIZ CARLOS HAULY,PSDB,PR,0,1,1,0,0,0,0,0
141486,53,0.3335926777456268,LUIZ CARLOS SETIM,PFL,PR,0,1,0,0,0,0,0,0
141486,53,0.3335926777456268,LUIZ CARLOS SETIM,DEM,PR,0,1,0,0,0,0,0,0
74142,53,0.3335926777456268,LUIZ CARREIRA,PFL,BA,0,1,0,0,0,0,0,0
74142,53,0.3335926777456268,LUIZ CARREIRA,DEM,BA,0,1,0,0,0,0,0,0
74041,53,0.3335926777456268,LUIZ COUTO,PT,PB,0,1,1,0,0,0,0,0
141487,53,0.3335926777456268,LUIZ FERNANDO FARIA,PP**,MG,0,1,1,0,0,0,0,0
141489,53,0.3335926777456268,LUIZ PAULO VELLOZO LUCAS,PSDB,ES,0,1,1,0,0,0,0,0
74688,53,0.3335926777456268,LUIZ SÉRGIO,PT,RJ,0,1,1,0,0,0,0,0
74784,53,4.058710912571794,LUIZA ERUNDINA,PSB,SP,1,0,1,0,0,0,0,0
73936,53,0.3335926777456268,LUPÉRCIO RAMOS,PMDB,AM,0,1,1,0,0,0,0,0
74802,53,0.3335926777456268,MAGELA,PT,DF,0,1,1,0,0,0,0,0
74163,53,0.3335926777456268,MANATO,PDT,ES,0,1,1,0,0,0,0,0
141490,53,0.3335926777456268,MANOEL JUNIOR,PSB,PB,0,1,1,0,0,0,0,0
141490,53,0.3335926777456268,MANOEL JUNIOR,PMDB,PB,0,1,1,0,0,0,0,0
74456,53,0.3335926777456268,MANOEL SALVIANO,PSDB,CE,0,1,0,0,0,0,0,0
141492,53,4.058710912571794,MANUELA D'ÁVILA,PCdoB,RS,1,0,1,0,0,0,0,0
74124,53,0.3335926777456268,MARÇAL FILHO,PMDB,MS,0,1,1,0,0,0,0,0
146613,53,0.3335926777456268,MARCELO ALMEIDA,PMDB,PR,0,1,1,0,0,0,0,0
74460,53,0.3335926777456268,MARCELO CASTRO,PMDB,PI,0,1,1,0,0,0,0,0
74143,53,0.3335926777456268,MARCELO GUIMARÃES FILHO,PFL,BA,0,1,1,0,0,0,0,0
74143,53,0.3335926777456268,MARCELO GUIMARÃES FILHO,PMDB,BA,0,1,1,0,0,0,0,0
141495,53,0.3335926777456268,MARCELO ITAGIBA,PMDB,RJ,0,1,1,0,0,0,0,0
141495,53,0.3335926777456268,MARCELO ITAGIBA,PSDB,RJ,0,1,1,0,0,0,0,0
141494,53,2.721379747089812,MARCELO MELO,PMDB,GO,0,1,0,1,1,0,0,0
74278,53,0.3335926777456268,MARCELO ORTIZ,PV,SP,0,1,1,0,0,0,0,0
141493,53,0.3335926777456268,MARCELO SERAFIM,PSB,AM,0,1,1,0,0,0,0,0
74300,53,0.3335926777456268,MARCELO TEIXEIRA,PSDB,CE,0,1,0,0,0,0,0,0
74300,53,0.3335926777456268,MARCELO TEIXEIRA,PR,CE,0,1,0,0,0,0,0,0
141497,53,0.3335926777456268,MÁRCIO FRANÇA,PSB,SP,0,1,1,0,0,0,0,0
141496,53,2.721379747089812,MARCIO JUNQUEIRA,PFL,RR,0,1,0,1,1,0,0,0
141496,53,2.721379747089812,MARCIO JUNQUEIRA,DEM,RR,0,1,0,1,1,0,0,0
150418,53,2.633528861536309,MARCIO MARINHO,PR,BA,0,1,0,1,0,1,0,0
150418,53,2.633528861536309,MARCIO MARINHO,PRB,BA,0,1,0,1,0,1,0,0
115899,53,0.3335926777456268,MARCIO PASSOS,PR,MG,0,1,0,0,0,0,0,0
74744,53,0.3335926777456268,MÁRCIO REINALDO MOREIRA,PP**,MG,0,1,1,0,0,0,0,0
133373,53,0.3335926777456268,MARCO MAIA,PT,RS,0,1,1,0,0,0,0,0
74470,53,0.3335926777456268,MARCONDES GADELHA,PSB,PB,0,1,1,0,0,0,0,0
74470,53,0.3335926777456268,MARCONDES GADELHA,PSC,PB,0,1,1,0,0,0,0,0
141499,53,2.633528861536309,MARCOS ANTONIO,PSC,PE,0,1,0,1,0,1,0,0
141499,53,2.633528861536309,MARCOS ANTONIO,PAN,PE,0,1,0,1,0,1,0,0
141499,53,2.633528861536309,MARCOS ANTONIO,PTB,PE,0,1,0,1,0,1,0,0
141499,53,2.633528861536309,MARCOS ANTONIO,PAN,PE,0,1,0,1,0,1,0,0
141499,53,2.633528861536309,MARCOS ANTONIO,S.PART.,PE,0,1,0,1,0,1,0,0
141499,53,2.633528861536309,MARCOS ANTONIO,PRB,PE,0,1,0,1,0,1,0,0
74745,53,0.3335926777456268,MARCOS LIMA,PMDB,MG,0,1,0,0,0,0,0,0
74634,53,2.721379747089812,MARCOS MEDRADO,PDT,BA,0,1,0,1,1,0,0,0
141500,53,0.3335926777456268,MARCOS MONTES,PFL,MG,0,1,1,0,0,0,0,0
141500,53,0.3335926777456268,MARCOS MONTES,DEM,MG,0,1,1,0,0,0,0,0
74586,53,4.058710912571794,MARIA DO CARMO LARA,PT,MG,1,0,1,0,0,0,0,0
74398,53,4.058710912571794,MARIA DO ROSÁRIO,PT,RS,1,0,1,0,0,0,0,0
64960,53,4.058710912571794,MARIA HELENA,PSB,RR,1,0,1,0,0,0,0,0
74587,53,4.058710912571794,MARIA LÚCIA CARDOSO,PMDB,MG,1,0,1,0,0,0,0,0
141505,53,4.058710912571794,MARINA MAGGESSI,PPS,RJ,1,0,0,0,0,0,0,0
74177,53,4.058710912571794,MARINHA RAUPP,PMDB,RO,1,0,1,0,0,0,0,0
74747,53,0.3335926777456268,MÁRIO DE OLIVEIRA,PSC,MG,0,1,0,0,0,0,0,0
74158,53,0.3335926777456268,MÁRIO HERINGER,PDT,MG,0,1,1,0,0,0,0,0
74635,53,0.3335926777456268,MÁRIO NEGROMONTE,PP**,BA,0,1,0,0,0,0,0,0
147653,53,0.3335926777456268,MATTEO CHIARELLI,PFL,RS,0,1,1,0,0,0,0,0
147653,53,0.3335926777456268,MATTEO CHIARELLI,DEM,RS,0,1,1,0,0,0,0,0
74050,53,2.721379747089812,MAURÍCIO QUINTELLA LESSA,PR,AL,0,1,0,1,1,0,0,0
74045,53,0.3335926777456268,MAURÍCIO RANDS,PT,PE,0,1,1,0,0,0,0,0
141506,53,0.3335926777456268,MAURÍCIO TRINDADE,PR,BA,0,1,1,0,0,0,0,0
73588,53,0.3335926777456268,MAURO BENEVIDES,PMDB,CE,0,1,1,0,0,0,0,0
74749,53,0.3335926777456268,MAURO LOPES,PMDB,MG,0,1,1,0,0,0,0,0
141507,53,0.3335926777456268,MAURO MARIANI,PMDB,SC,0,1,1,0,0,0,0,0
141508,53,0.3335926777456268,MAURO NAZIF,PSB,RO,0,1,1,0,0,0,0,0
73780,53,0.3335926777456268,MAX ROSENMANN,PMDB,PR,0,1,0,0,0,0,0,0
73904,53,0.3335926777456268,MENDES RIBEIRO FILHO,PMDB,RS,0,1,0,0,0,0,0,0
74056,53,2.721379747089812,MENDONÇA PRADO,PFL,SE,0,1,0,1,1,0,0,0
74056,53,2.721379747089812,MENDONÇA PRADO,DEM,SE,0,1,0,1,1,0,0,0
73552,53,0.3335926777456268,MICHEL TEMER,PMDB,SP,0,1,1,0,0,0,0,0
141509,53,2.721379747089812,MIGUEL CORRÊA,PT,MG,0,1,0,1,1,0,0,0
141509,53,2.721379747089812,MIGUEL CORRÊA JR.,PT,MG,0,1,0,1,1,0,0,0
141469,53,0.3335926777456268,MIGUEL MARTINI,PHS,MG,0,1,0,0,0,0,0,0
74337,53,2.721379747089812,MILTON BARBOSA,PSC,BA,0,1,0,1,1,0,0,0
74787,53,0.3335926777456268,MILTON MONTI,PR,SP,0,1,1,0,0,0,0,0
154178,53,0.3335926777456268,MILTON VIEIRA,PFL,SP,0,1,1,0,0,0,0,0
154178,53,0.3335926777456268,MILTON VIEIRA,DEM,SP,0,1,1,0,0,0,0,0
74862,53,0.3335926777456268,MIRO TEIXEIRA,PDT,RJ,0,1,1,0,0,0,0,0
74238,53,0.3335926777456268,MOACIR MICHELETTO,PMDB,PR,0,1,0,0,0,0,0,0
139311,53,0.3335926777456268,MOISES AVELINO,PMDB,TO,0,1,1,0,0,0,0,0
141537,53,0.3335926777456268,MOREIRA MENDES,PPS,RO,0,1,1,0,0,0,0,0
74318,53,0.3335926777456268,MUSSA DEMES,PFL,PI,0,1,0,0,0,0,0,0
74318,53,0.3335926777456268,MUSSA DEMES,DEM,PI,0,1,0,0,0,0,0,0
74108,53,0.3335926777456268,NARCIO RODRIGUES,PSDB,MG,0,1,0,0,0,0,0,0
133372,53,0.3335926777456268,NATAN DONADON,PMDB,RO,0,1,0,0,0,0,0,0
74491,53,0.3335926777456268,NAZARENO FONTELES,PT,PI,0,1,0,0,0,0,0,0
141510,53,0.3335926777456268,NEILTON MULIM,PPS,RJ,0,1,1,0,0,0,0,0
141510,53,0.3335926777456268,NEILTON MULIM,PR,RJ,0,1,1,0,0,0,0,0
74038,53,0.3335926777456268,NÉLIO DIAS,PP**,RN,0,1,0,0,0,0,0,0
73416,53,0.3335926777456268,NELSON BORNIER,PMDB,RJ,0,1,1,0,0,0,0,0
141511,53,0.3335926777456268,NELSON GOETTEN,PR,SC,0,1,0,0,0,0,0,0
73553,53,0.3335926777456268,NELSON MARQUEZELLI,PTB,SP,0,1,1,0,0,0,0,0
73781,53,0.3335926777456268,NELSON MEURER,PP**,PR,0,1,1,0,0,0,0,0
74571,53,2.721379747089812,NELSON PELLEGRINO,PT,BA,0,1,0,1,1,0,0,0
73907,53,0.3335926777456268,NELSON PROENÇA,PPS,RS,0,1,0,0,0,0,0,0
73761,53,0.3335926777456268,NELSON TRAD,PMDB,MS,0,1,0,0,0,0,0,0
146307,53,0.3335926777456268,NERI GELLER,PSDB,MT,0,1,1,0,0,0,0,0
74165,53,2.721379747089812,NEUCIMAR FRAGA,PR,ES,0,1,0,1,1,0,0,0
141512,53,0.3335926777456268,NEUDO CAMPOS,PP**,RR,0,1,1,0,0,0,0,0
74447,53,4.058710912571794,NICE LOBÃO,PFL,MA,1,0,0,0,0,0,0,0
74447,53,4.058710912571794,NICE LOBÃO,DEM,MA,1,0,0,0,0,0,0,0
73594,53,4.058710912571794,NILMAR RUIZ,PFL,TO,1,0,1,0,0,0,0,0
73594,53,4.058710912571794,NILMAR RUIZ,DEM,TO,1,0,1,0,0,0,0,0
73594,53,4.058710912571794,NILMAR RUIZ,PR,TO,1,0,1,0,0,0,0,0
74365,53,0.3335926777456268,NILSON MOURÃO,PT,AC,0,1,0,0,0,0,0,0
74352,53,2.721379747089812,NILSON PINTO,PSDB,PA,0,1,0,1,1,0,0,0
74159,53,0.3335926777456268,ODAIR CUNHA,PT,MG,0,1,1,0,0,0,0,0
73782,53,0.3335926777456268,ODÍLIO BALBINOTTI,PMDB,PR,0,1,0,0,0,0,0,0
74005,53,0.3335926777456268,OLAVO CALHEIROS,PMDB,AL,0,1,1,0,0,0,0,0
74399,53,0.3335926777456268,ONYX LORENZONI,PFL,RS,0,1,1,0,0,0,0,0
74399,53,0.3335926777456268,ONYX LORENZONI,DEM,RS,0,1,1,0,0,0,0,0
141514,53,0.3335926777456268,OSMAR JÚNIOR,PCdoB,PI,0,1,1,0,0,0,0,0
73463,53,0.3335926777456268,OSMAR SERRAGLIO,PMDB,PR,0,1,1,0,0,0,0,0
73692,53,0.3335926777456268,OSMAR TERRA,PMDB,RS,0,1,1,0,0,0,0,0
73660,53,0.3335926777456268,OSÓRIO ADRIANO,PFL,DF,0,1,0,0,0,0,0,0
73660,53,0.3335926777456268,OSÓRIO ADRIANO,DEM,DF,0,1,0,0,0,0,0,0
73909,53,0.3335926777456268,OSVALDO BIOLCHI,PMDB,RS,0,1,0,0,0,0,0,0
74191,53,0.3335926777456268,OSVALDO REIS,PMDB,TO,0,1,1,0,0,0,0,0
141515,53,0.3335926777456268,OTAVIO LEITE,PSDB,RJ,0,1,1,0,0,0,0,0
154417,53,0.3335926777456268,PAES DE LIRA,PTC,SP,0,1,0,0,0,0,0,0
74319,53,0.3335926777456268,PAES LANDIM,PTB,PI,0,1,1,0,0,0,0,0
73921,53,2.721379747089812,PASTOR FRANKEMBERGEN,PTB,RR,0,1,0,1,1,0,0,0
141491,53,0.3335926777456268,PASTOR MANOEL FERREIRA,PTB,RJ,0,1,1,0,0,0,0,0
141491,53,0.3335926777456268,PASTOR MANOEL FERREIRA,PR,RJ,0,1,1,0,0,0,0,0
74032,53,0.3335926777456268,PASTOR PEDRO RIBEIRO,PMDB,CE,0,1,1,0,0,0,0,0
74032,53,0.3335926777456268,PASTOR PEDRO RIBEIRO,PR,CE,0,1,1,0,0,0,0,0
141518,53,0.3335926777456268,PAULINHO DA FORÇA,PDT,SP,0,1,1,0,0,0,0,0
141518,53,0.3335926777456268,PAULO PEREIRA DA SILVA,PDT,SP,0,1,1,0,0,0,0,0
141516,53,0.3335926777456268,PAULO ABI-ACKEL,PSDB,MG,0,1,1,0,0,0,0,0
73882,53,0.3335926777456268,PAULO BAUER,PSDB,SC,0,1,1,0,0,0,0,0
73883,53,0.3335926777456268,PAULO BORNHAUSEN,PFL,SC,0,1,1,0,0,0,0,0
73883,53,0.3335926777456268,PAULO BORNHAUSEN,DEM,SC,0,1,1,0,0,0,0,0
74754,53,0.3335926777456268,PAULO DELGADO,PT,MG,0,1,0,0,0,0,0,0
141517,53,2.721379747089812,PAULO HENRIQUE LUSTOSA,PMDB,CE,0,1,0,1,1,0,0,0
73612,53,0.3335926777456268,PAULO JOSÉ ALVES RATTES,PMDB,RJ,0,1,0,0,0,0,0,0
73612,53,0.3335926777456268,PAULO RATTES,PMDB,RJ,0,1,0,0,0,0,0,0
73555,53,0.3335926777456268,PAULO LIMA,PMDB,SP,0,1,1,0,0,0,0,0
74574,53,0.3335926777456268,PAULO MAGALHÃES,PFL,BA,0,1,1,0,0,0,0,0
74574,53,0.3335926777456268,PAULO MAGALHÃES,DEM,BA,0,1,1,0,0,0,0,0
132056,53,0.3335926777456268,PAULO MALUF,PP**,SP,0,1,1,0,0,0,0,0
141519,53,0.3335926777456268,PAULO PIAU,PPS,MG,0,1,1,0,0,0,0,0
141519,53,0.3335926777456268,PAULO PIAU,PMDB,MG,0,1,1,0,0,0,0,0
74400,53,0.3335926777456268,PAULO PIMENTA,PT,RS,0,1,1,0,0,0,0,0
141520,53,0.3335926777456268,PAULO RENATO SOUZA,PSDB,SP,0,1,0,0,0,0,0,0
141521,53,0.3335926777456268,PAULO ROBERTO,PTB,RS,0,1,0,0,0,0,0,0
141521,53,0.3335926777456268,PAULO ROBERTO PEREIRA,PTB,RS,0,1,0,0,0,0,0,0
74082,53,0.3335926777456268,PAULO ROCHA,PT,PA,0,1,1,0,0,0,0,0
74047,53,0.3335926777456268,PAULO RUBEM SANTIAGO,PT,PE,0,1,1,0,0,0,0,0
74047,53,0.3335926777456268,PAULO RUBEM SANTIAGO,PDT,PE,0,1,1,0,0,0,0,0
141488,53,0.3335926777456268,PAULO TEIXEIRA,PT,SP,0,1,1,0,0,0,0,0
74812,53,0.3335926777456268,PEDRO CHAVES,PMDB,GO,0,1,1,0,0,0,0,0
74556,53,0.3335926777456268,PEDRO EUGÊNIO,PT,PE,0,1,1,0,0,0,0,0
74449,53,0.3335926777456268,PEDRO FERNANDES,PTB,MA,0,1,1,0,0,0,0,0
74111,53,0.3335926777456268,PEDRO HENRY,PP**,MT,0,1,0,0,0,0,0,0
74207,53,0.3335926777456268,PEDRO NOVAIS,PMDB,MA,0,1,1,0,0,0,0,0
74102,53,0.3335926777456268,PEDRO VALADARES,PFL,SE,0,1,0,0,0,0,0,0
74102,53,0.3335926777456268,PEDRO VALADARES,DEM,SE,0,1,0,0,0,0,0,0
73673,53,0.3335926777456268,PEDRO WILSON,PT,GO,0,1,1,0,0,0,0,0
141445,53,0.3335926777456268,PEPE VARGAS,PT,RS,0,1,1,0,0,0,0,0
73943,53,4.058710912571794,PERPÉTUA ALMEIDA,PCdoB,AC,1,0,1,0,0,0,0,0
141465,53,0.3335926777456268,PINTO ITAMARATY,PSDB,MA,0,1,1,0,0,0,0,0
73486,53,0.3335926777456268,POMPEO DE MATTOS,PDT,RS,0,1,1,0,0,0,0,0
141538,53,0.3335926777456268,PROFESSOR RUY PAULETTI,PSDB,RS,0,1,0,0,0,0,0,0
141543,53,2.721379747089812,PROFESSOR SETIMO,PMDB,MA,0,1,0,1,1,0,0,0
148134,53,0.3335926777456268,PROFESSOR VICTORIO GALLI,PMDB,MT,0,1,1,0,0,0,0,0
74370,53,4.058710912571794,PROFESSORA RAQUEL TEIXEIRA,PSDB,GO,1,0,1,0,0,0,0,0
159259,53,2.721379747089812,R. SÁ FILHO,PSDB,PI,0,1,0,1,1,0,0,0
74590,53,0.3335926777456268,RAFAEL GUERRA,PSDB,MG,0,1,0,0,0,0,0,0
74216,53,0.3335926777456268,RAIMUNDO GOMES DE MATOS,PSDB,CE,0,1,1,0,0,0,0,0
141403,53,0.3335926777456268,RATINHO JUNIOR,PPS,PR,0,1,1,0,0,0,0,0
141403,53,0.3335926777456268,RATINHO JUNIOR,PSC,PR,0,1,1,0,0,0,0,0
141523,53,0.3335926777456268,RAUL HENRY,PMDB,PE,0,1,1,0,0,0,0,0
74048,53,2.721379747089812,RAUL JUNGMANN,PPS,PE,0,1,0,1,1,0,0,0
141525,53,6.446497981915979,REBECCA GARCIA,PP**,AM,1,0,0,1,1,0,0,0
74161,53,0.3335926777456268,REGINALDO LOPES,PT,MG,0,1,1,0,0,0,0,0
73556,53,0.3335926777456268,REGIS DE OLIVEIRA,PSC,SP,0,1,0,0,0,0,0,0
141526,53,0.3335926777456268,REINALDO NOGUEIRA,PDT,SP,0,1,0,0,0,0,0,0
73786,53,0.3335926777456268,REINHOLD STEPHANES,PMDB,PR,0,1,1,0,0,0,0,0
141528,53,0.3335926777456268,RENATO AMARY,PSDB,SP,0,1,0,0,0,0,0,0
74257,53,0.3335926777456268,RENATO COZZOLINO,PDT,RJ,0,1,0,0,0,0,0,0
141527,53,0.3335926777456268,RENATO MOLLING,PP**,RS,0,1,1,0,0,0,0,0
73801,53,0.3335926777456268,RENILDO CALHEIROS,PCdoB,PE,0,1,1,0,0,0,0,0
73788,53,0.3335926777456268,RICARDO BARROS,PP**,PR,0,1,1,0,0,0,0,0
74793,53,0.3335926777456268,RICARDO BERZOINI,PT,SP,0,1,0,0,0,0,0,0
73557,53,0.3335926777456268,RICARDO IZAR,PTB,SP,0,1,0,0,0,0,0,0
150634,53,2.721379747089812,RICARDO QUIRINO,PR,DF,0,1,0,1,1,0,0,0
141472,53,0.3335926777456268,RICARDO TRIPOLI,PSDB,SP,0,1,1,0,0,0,0,0
73490,53,0.3335926777456268,RICARTE DE FREITAS,PTB,MT,0,1,0,0,0,0,0,0
74777,53,4.058710912571794,RITA CAMATA,PMDB,ES,1,0,0,0,0,0,0,0
74777,53,4.058710912571794,RITA CAMATA,PSDB,ES,1,0,0,0,0,0,0,0
73674,53,0.3335926777456268,ROBERTO BALESTRA,PP**,GO,0,1,1,0,0,0,0,0
141529,53,2.721379747089812,ROBERTO BRITTO,PP**,BA,0,1,0,1,1,0,0,0
74433,53,0.3335926777456268,ROBERTO MAGALHÃES,PFL,PE,0,1,0,0,0,0,0,0
74433,53,0.3335926777456268,ROBERTO MAGALHÃES,DEM,PE,0,1,0,0,0,0,0,0
74209,53,2.721379747089812,ROBERTO ROCHA,PSDB,MA,0,1,0,1,1,0,0,0
141473,53,0.3335926777456268,ROBERTO SANTIAGO,PV,SP,0,1,1,0,0,0,0,0
73558,53,0.3335926777456268,ROBSON TUMA,PFL,SP,0,1,0,0,0,0,0,0
73558,53,0.3335926777456268,ROBSON TUMA,DEM,SP,0,1,0,0,0,0,0,0
141532,53,0.3335926777456268,ROCHA LOURES,PMDB,PR,0,1,1,0,0,0,0,0
141532,53,0.3335926777456268,RODRIGO ROCHA LOURES,PMDB,PR,0,1,1,0,0,0,0,0
141530,53,0.3335926777456268,RODOVALHO,PFL,DF,0,1,0,0,0,0,0,0
141530,53,0.3335926777456268,RODOVALHO,DEM,DF,0,1,0,0,0,0,0,0
141530,53,0.3335926777456268,RODOVALHO,PP**,DF,0,1,0,0,0,0,0,0
152865,53,0.3335926777456268,RODRIGO BETHLEM,PMDB,RJ,0,1,1,0,0,0,0,0
141531,53,0.3335926777456268,RODRIGO DE CASTRO,PSDB,MG,0,1,1,0,0,0,0,0
74693,53,0.3335926777456268,RODRIGO MAIA,PFL,RJ,0,1,1,0,0,0,0,0
74693,53,0.3335926777456268,RODRIGO MAIA,DEM,RJ,0,1,1,0,0,0,0,0
141533,53,0.3335926777456268,RODRIGO ROLLEMBERG,PSB,DF,0,1,1,0,0,0,0,0
141534,53,0.3335926777456268,ROGERIO LISBOA,PFL,RJ,0,1,1,0,0,0,0,0
141534,53,0.3335926777456268,ROGERIO LISBOA,DEM,RJ,0,1,1,0,0,0,0,0
141535,53,2.721379747089812,ROGÉRIO MARINHO,PSB,RN,0,1,0,1,1,0,0,0
141535,53,2.721379747089812,ROGÉRIO MARINHO,PSDB,RN,0,1,0,1,1,0,0,0
160426,53,0.3335926777456268,ROGÉRIO ROSSO,PMDB,DF,0,1,1,0,0,0,0,0
73651,53,0.3335926777456268,ROGERIO SILVA,PP**,MT,0,1,0,0,0,0,0,0
141536,53,0.3335926777456268,RÔMULO GOUVEIA,PSDB,PB,0,1,1,0,0,0,0,0
74813,53,0.3335926777456268,RONALDO CAIADO,PFL,GO,0,1,1,0,0,0,0,0
74813,53,0.3335926777456268,RONALDO CAIADO,DEM,GO,0,1,1,0,0,0,0,0
74042,53,0.3335926777456268,RONALDO CUNHA LIMA,PSDB,PB,0,1,0,0,0,0,0,0
151214,53,0.3335926777456268,RONALDO LEITE,PHS,AM,0,1,0,0,0,0,0,0
73507,53,4.058710912571794,ROSE DE FREITAS,PMDB,ES,1,0,1,0,0,0,0,0
74371,53,0.3335926777456268,RUBENS OTONI,PT,GO,0,1,1,0,0,0,0,0
74341,53,2.721379747089812,SÁ,PR,RR,0,1,0,1,1,0,0,0
141522,53,2.721379747089812,SABINO CASTELO BRANCO,PTB,AM,0,1,0,1,1,0,0,0
160520,53,0.3335926777456268,SALLES,PFL,SP,0,1,1,0,0,0,0,0
160520,53,0.3335926777456268,SALLES,DEM,SP,0,1,1,0,0,0,0,0
74372,53,2.721379747089812,SANDES JÚNIOR,PP**,GO,0,1,0,1,1,0,0,0
74039,53,4.058710912571794,SANDRA ROSADO,PSB,RN,1,0,1,0,0,0,0,0
73676,53,0.3335926777456268,SANDRO MABEL,PR,GO,0,1,0,0,0,0,0,0
74258,53,0.3335926777456268,SANDRO MATOS,PR,RJ,0,1,1,0,0,0,0,0
74762,53,0.3335926777456268,SARAIVA FELIPE,PMDB,MG,0,1,1,0,0,0,0,0
74210,53,0.3335926777456268,SARNEY FILHO,PV,MA,0,1,1,0,0,0,0,0
149293,53,0.3335926777456268,SATURNINO MASSON,PSDB,MT,0,1,1,0,0,0,0,0
141539,53,0.3335926777456268,SEBASTIÃO BALA ROCHA,PDT,AP,0,1,1,0,0,0,0,0
74211,53,2.721379747089812,SEBASTIÃO MADEIRA,PSDB,MA,0,1,0,1,1,0,0,0
74533,53,0.3335926777456268,SÉRGIO BARRADAS CARNEIRO,PT,BA,0,1,1,0,0,0,0,0
73808,53,2.721379747089812,SÉRGIO BRITO,PDT,BA,0,1,0,1,1,0,0,0
73808,53,2.721379747089812,SÉRGIO BRITO,PMDB,BA,0,1,0,1,1,0,0,0
73808,53,2.721379747089812,SÉRGIO BRITO,PDT,BA,0,1,0,1,1,0,0,0
73808,53,2.721379747089812,SÉRGIO BRITO,PSC,BA,0,1,0,1,1,0,0,0
141542,53,0.3335926777456268,SÉRGIO MORAES,PTB,RS,0,1,1,0,0,0,0,0
141541,53,0.3335926777456268,SERGIO PETECÃO,PMN,AC,0,1,1,0,0,0,0,0
74641,53,0.3335926777456268,SEVERIANO ALVES,PDT,BA,0,1,1,0,0,0,0,0
74641,53,0.3335926777456268,SEVERIANO ALVES,PMDB,BA,0,1,1,0,0,0,0,0
74765,53,0.3335926777456268,SILAS BRASILEIRO,PMDB,MG,0,1,1,0,0,0,0,0
74356,53,2.721379747089812,SILAS CÂMARA,PTB,AM,0,1,0,1,1,0,0,0
74356,53,2.721379747089812,SILAS CÂMARA,PAN,AM,0,1,0,1,1,0,0,0
74356,53,2.721379747089812,SILAS CÂMARA,PTB,AM,0,1,0,1,1,0,0,0
74356,53,2.721379747089812,SILAS CÂMARA,PAN,AM,0,1,0,1,1,0,0,0
74356,53,2.721379747089812,SILAS CÂMARA,PTB,AM,0,1,0,1,1,0,0,0
74356,53,2.721379747089812,SILAS CÂMARA,PSC,AM,0,1,0,1,1,0,0,0
141545,53,0.3335926777456268,SILVINHO PECCIOLI,PFL,SP,0,1,1,0,0,0,0,0
141545,53,0.3335926777456268,SILVINHO PECCIOLI,DEM,SP,0,1,1,0,0,0,0,0
4930,53,0.3335926777456268,SILVIO COSTA,PMN,PE,0,1,1,0,0,0,0,0
4930,53,0.3335926777456268,SILVIO COSTA,PTB,PE,0,1,1,0,0,0,0,0
73998,53,0.3335926777456268,SILVIO LOPES,PSDB,RJ,0,1,0,0,0,0,0,0
73560,53,0.3335926777456268,SILVIO TORRES,PSDB,SP,0,1,1,0,0,0,0,0
73424,53,0.3335926777456268,SIMÃO SESSIM,PP**,RJ,0,1,1,0,0,0,0,0
141547,53,4.058710912571794,SOLANGE ALMEIDA,PMDB,RJ,1,0,1,0,0,0,0,0
141546,53,4.058710912571794,SOLANGE AMARAL,PFL,RJ,1,0,1,0,0,0,0,0
141546,53,4.058710912571794,SOLANGE AMARAL,DEM,RJ,1,0,1,0,0,0,0,0
141548,53,4.058710912571794,SUELI VIDIGAL,PDT,ES,1,0,1,0,0,0,0,0
141549,53,4.058710912571794,SUELY,PR,RJ,1,0,0,0,0,0,0,0
74806,53,0.3335926777456268,TADEU FILIPPELLI,PMDB,DF,0,1,1,0,0,0,0,0
74385,53,1.1453348602599855,TAKAYAMA,PMDB,PR,0,1,0,1,0,0,1,0
74385,53,1.1453348602599855,TAKAYAMA,PAN,PR,0,1,0,1,0,0,1,0
74385,53,1.1453348602599855,TAKAYAMA,PTB,PR,0,1,0,1,0,0,1,0
74385,53,1.1453348602599855,TAKAYAMA,PAN,PR,0,1,0,1,0,0,1,0
74385,53,1.1453348602599855,TAKAYAMA,PTB,PR,0,1,0,1,0,0,1,0
74385,53,1.1453348602599855,TAKAYAMA,PSC,PR,0,1,0,1,0,0,1,0
73577,53,0.3335926777456268,TARCÍSIO ZIMMERMANN,PT,RS,0,1,1,0,0,0,0,0
74289,53,0.3335926777456268,TATICO,PTB,GO,0,1,0,0,0,0,0,0
73561,53,4.058710912571794,TELMA DE SOUZA,PT,SP,1,0,1,0,0,0,0,0
74286,53,4.058710912571794,THELMA DE OLIVEIRA,PSDB,MT,1,0,1,0,0,0,0,0
74461,53,0.3335926777456268,THEMISTOCLES SAMPAIO,PMDB,PI,0,1,0,0,0,0,0,0
141382,53,6.446497981915979,TONHA MAGALHÃES,PFL,BA,1,0,0,1,1,0,0,0
141382,53,6.446497981915979,TONHA MAGALHÃES,PR,BA,1,0,0,1,1,0,0,0
73809,53,0.3335926777456268,ULDURICO PINTO,PMN,BA,0,1,0,0,0,0,0,0
73809,53,0.3335926777456268,ULDURICO PINTO,PHS,BA,0,1,0,0,0,0,0,0
141551,53,0.3335926777456268,URZENI ROCHA,PSDB,RR,0,1,1,0,0,0,0,0
73564,53,0.3335926777456268,VADÃO GOMES,PP**,SP,0,1,0,0,0,0,0,0
141384,53,0.3335926777456268,VALADARES FILHO,PSB,SE,0,1,1,0,0,0,0,0
73565,53,0.3335926777456268,VALDEMAR COSTA NETO,PR,SP,0,1,0,0,0,0,0,0
74010,53,0.3335926777456268,VALDIR COLATTO,PMDB,SC,0,1,1,0,0,0,0,0
141552,53,0.3335926777456268,VALTENIR LUIZ PEREIRA,PSB,MT,0,1,1,0,0,0,0,0
141552,53,0.3335926777456268,VALTENIR PEREIRA,PSB,MT,0,1,1,0,0,0,0,0
74376,53,0.3335926777456268,VANDER LOUBET,PT,MS,0,1,1,0,0,0,0,0
141553,53,0.3335926777456268,VANDERLEI MACRIS,PSDB,SP,0,1,1,0,0,0,0,0
74357,53,4.058710912571794,VANESSA GRAZZIOTIN,PCdoB,AM,1,0,1,0,0,0,0,0
141524,53,0.3335926777456268,VELOSO,PMDB,BA,0,1,0,0,0,0,0,0
74087,53,0.3335926777456268,VIC PIRES FRANCO,PFL,PA,0,1,0,0,0,0,0,0
74087,53,0.3335926777456268,VIC PIRES FRANCO,DEM,PA,0,1,0,0,0,0,0,0
74308,53,0.3335926777456268,VICENTE ARRUDA,PSDB,CE,0,1,1,0,0,0,0,0
74308,53,0.3335926777456268,VICENTE ARRUDA,PR,CE,0,1,1,0,0,0,0,0
159258,53,0.3335926777456268,VICENTE SELISTRE,PSB,RS,0,1,1,0,0,0,0,0
74283,53,2.633528861536309,VICENTINHO,PT,SP,0,1,0,1,0,1,0,0
141554,53,2.721379747089812,VICENTINHO ALVES,PR,TO,0,1,0,1,1,0,0,0
159257,53,0.3335926777456268,VIEGAS,PSDB,PB,0,1,1,0,0,0,0,0
141400,53,0.3335926777456268,VIEIRA DA CUNHA,PDT,RS,0,1,1,0,0,0,0,0
74391,53,0.3335926777456268,VIGNATTI,PT,SC,0,1,1,0,0,0,0,0
141870,53,0.3335926777456268,VILSON COVATTI,PP**,RS,0,1,0,0,0,0,0,0
141555,53,0.3335926777456268,VINICIUS CARVALHO,PTdoB,RJ,0,1,1,0,0,0,0,0
74593,53,0.3335926777456268,VIRGÍLIO GUIMARÃES,PT,MG,0,1,1,0,0,0,0,0
141556,53,0.3335926777456268,VITAL DO RÊGO FILHO,PMDB,PB,0,1,1,0,0,0,0,0
141557,53,0.3335926777456268,VITOR PENIDO,PFL,MG,0,1,1,0,0,0,0,0
141557,53,0.3335926777456268,VITOR PENIDO,DEM,MG,0,1,1,0,0,0,0,0
73456,53,0.3335926777456268,WALDEMIR MOKA,PMDB,MS,0,1,1,0,0,0,0,0
141558,53,2.721379747089812,WALDIR MARANHÃO,PSB,MA,0,1,0,1,1,0,0,0
141558,53,2.721379747089812,WALDIR MARANHÃO,PP**,MA,0,1,0,1,1,0,0,0
141559,53,0.3335926777456268,WALDIR NEVES,PSDB,MS,0,1,0,0,0,0,0,0
148295,53,0.3335926777456268,WALTER BRITO NETO,PFL,PB,0,1,1,0,0,0,0,0
148295,53,0.3335926777456268,WALTER BRITO NETO,DEM,PB,0,1,1,0,0,0,0,0
148295,53,0.3335926777456268,WALTER BRITO NETO,PRB,PB,0,1,1,0,0,0,0,0
74284,53,0.3335926777456268,WALTER FELDMAN,PSDB,SP,0,1,0,0,0,0,0,0
141560,53,0.3335926777456268,WALTER IHOSHI,PFL,SP,0,1,1,0,0,0,0,0
141560,53,0.3335926777456268,WALTER IHOSHI,DEM,SP,0,1,1,0,0,0,0,0
74218,53,0.3335926777456268,WALTER PINHEIRO,PT,BA,0,1,0,0,0,0,0,0
141561,53,0.3335926777456268,WANDENKOLK GONÇALVES,PSDB,PA,0,1,1,0,0,0,0,0
74490,53,0.3335926777456268,WASHINGTON LUIZ,PT,MA,0,1,0,0,0,0,0,0
73653,53,0.3335926777456268,WELLINGTON FAGUNDES,PR,MT,0,1,1,0,0,0,0,0
74043,53,2.721379747089812,WELLINGTON ROBERTO,PR,PB,0,1,0,1,1,0,0,0
141563,53,1.1453348602599855,WILLIAM WOO,PSDB,SP,0,1,0,1,0,0,1,0
141563,53,1.1453348602599855,WILLIAM WOO,PPS,SP,0,1,0,1,0,0,1,0
74414,53,0.3335926777456268,WILSON BRAGA,PMDB,PB,0,1,0,0,0,0,0,0
154996,53,0.3335926777456268,WILSON PICLER,PDT,PR,0,1,1,0,0,0,0,0
74044,53,2.721379747089812,WILSON SANTIAGO,PMDB,PB,0,1,0,1,1,0,0,0
73930,53,2.721379747089812,WLADIMIR COSTA,PMDB,PA,0,1,0,1,1,0,0,0
74439,53,0.3335926777456268,WOLNEY QUEIROZ,PDT,PE,0,1,1,0,0,0,0,0
73931,53,0.3335926777456268,ZÉ GERALDO,PT,PA,0,1,1,0,0,0,0,0
74309,53,0.3335926777456268,ZÉ GERARDO,PMDB,CE,0,1,1,0,0,0,0,0
74354,53,0.3335926777456268,ZENALDO COUTINHO,PSDB,PA,0,1,1,0,0,0,0,0
73933,53,0.3335926777456268,ZEQUINHA MARINHO,PMDB,PA,0,1,1,0,0,0,0,0
73933,53,0.3335926777456268,ZEQUINHA MARINHO,PSC,PA,0,1,1,0,0,0,0,0
74145,53,0.3335926777456268,ZEZÉU RIBEIRO,PT,BA,0,1,0,0,0,0,0,0
74392,53,0.3335926777456268,ZONTA,PP**,SC,0,1,1,0,0,0,0,0
141463,54,0.3381243379605668,ABELARDO CAMARINHA,PSB,SP,0,1,1,0,0,0,0,0
73764,54,0.3381243379605668,ABELARDO LUPION,DEM,PR,0,1,0,0,0,0,0,0
161907,54,0.3381243379605668,ACELINO POPÓ,PRB,BA,0,1,1,0,0,0,0,0
133374,54,2.3276453548342824,ADEMIR CAMILO,PDT,MG,0,1,0,1,1,0,0,0
133374,54,2.3276453548342824,ADEMIR CAMILO,PSD,MG,0,1,0,1,1,0,0,0
133374,54,2.3276453548342824,ADEMIR CAMILO,PROS,MG,0,1,0,1,1,0,0,0
160577,54,0.3381243379605668,ADRIAN,PMDB,RJ,0,1,1,0,0,0,0,0
141372,54,0.3381243379605668,AELTON FREITAS,PR,MG,0,1,1,0,0,0,0,0
160508,54,2.3276453548342824,AFONSO FLORENCE,PT,BA,0,1,0,1,1,0,0,0
136811,54,0.3381243379605668,AFONSO HAMM,PP**,RS,0,1,1,0,0,0,0,0
178835,54,0.3381243379605668,AFONSO MOTTA,PDT,RS,0,1,1,0,0,0,0,0
160638,54,0.3381243379605668,AGNOLIN,PDT,TO,0,1,1,0,0,0,0,0
160638,54,0.3381243379605668,ÂNGELO AGNOLIN,PDT,TO,0,1,1,0,0,0,0,0
160527,54,0.3381243379605668,AGUINALDO RIBEIRO,PP**,PB,0,1,1,0,0,0,0,0
173269,54,0.9119964782214178,AKIRA OTSUBO,PMDB,MS,0,1,0,1,0,0,1,0
160582,54,1.7542926840881508,ALBERTO FILHO,PMDB,MA,0,1,0,1,0,1,0,0
74696,54,0.3381243379605668,ALBERTO MOURAO,PSDB,SP,0,1,1,0,0,0,0,0
160559,54,0.3381243379605668,ALCEU MOREIRA,PMDB,RS,0,1,1,0,0,0,0,0
73428,54,2.3276453548342824,ALDO REBELO,PCdoB,SP,0,1,0,1,1,0,0,0
160511,54,0.3381243379605668,ALESSANDRO MOLON,PT,RJ,0,1,1,0,0,0,0,0
73458,54,0.3381243379605668,ALEX CANZIANI,PTB,PR,0,1,1,0,0,0,0,0
74829,54,0.3381243379605668,ALEXANDRE CARDOSO,PSB,RJ,0,1,1,0,0,0,0,0
160545,54,0.3381243379605668,ALEXANDRE LEITE,DEM,SP,0,1,1,0,0,0,0,0
160579,54,0.3381243379605668,ALEXANDRE ROSO,PSB,RS,0,1,1,0,0,0,0,0
74830,54,0.3381243379605668,ALEXANDRE SANTOS,PMDB,RJ,0,1,0,0,0,0,0,0
141374,54,0.3381243379605668,ALEXANDRE SILVEIRA,PPS,MG,0,1,1,0,0,0,0,0
141374,54,0.3381243379605668,ALEXANDRE SILVEIRA,PSD,MG,0,1,1,0,0,0,0,0
169712,54,0.3381243379605668,ALEXANDRE TOLEDO,PSDB,AL,0,1,1,0,0,0,0,0
169712,54,0.3381243379605668,ALEXANDRE TOLEDO,S.PART.,AL,0,1,1,0,0,0,0,0
169712,54,0.3381243379605668,ALEXANDRE TOLEDO,PSB,AL,0,1,1,0,0,0,0,0
141454,54,0.3381243379605668,ALFREDO KAEFER,PSDB,PR,0,1,1,0,0,0,0,0
116663,54,0.3381243379605668,ALFREDO SIRKIS,PV,RJ,0,1,0,0,0,0,0,0
116663,54,0.3381243379605668,ALFREDO SIRKIS,PSB,RJ,0,1,0,0,0,0,0,0
116663,54,0.3381243379605668,SIRKIS,PV,RJ,0,1,0,0,0,0,0,0
116663,54,0.3381243379605668,SIRKIS,PSB,RJ,0,1,0,0,0,0,0,0
74057,54,3.730168911695531,ALICE PORTUGAL,PCdoB,BA,1,0,1,0,0,0,0,0
141375,54,3.730168911695531,ALINE CORRÊA,PP**,SP,1,0,1,0,0,0,0,0
160626,54,2.3276453548342824,ALMEIDA LIMA,PMDB,SE,0,1,0,1,1,0,0,0
160626,54,2.3276453548342824,ALMEIDA LIMA,PPS,SE,0,1,0,1,1,0,0,0
160626,54,2.3276453548342824,ALMEIDA LIMA,S.PART.,SE,0,1,0,1,1,0,0,0
160626,54,2.3276453548342824,ALMEIDA LIMA,PMDB,SE,0,1,0,1,1,0,0,0
160603,54,0.3381243379605668,AMAURI TEIXEIRA,PT,BA,0,1,1,0,0,0,0,0
174861,54,0.3381243379605668,AMIR LANDO,PMDB,RO,0,1,1,0,0,0,0,0
141377,54,3.730168911695531,ANA ARRAES,PSB,PE,1,0,0,0,0,0,0,0
160551,54,0.3381243379605668,ANDERSON FERREIRA,PR,PE,0,1,1,0,0,0,0,0
74471,54,0.3381243379605668,ANDRÉ DE PAULA,DEM,PE,0,1,1,0,0,0,0,0
74471,54,0.3381243379605668,ANDRÉ DE PAULA,PSD,PE,0,1,1,0,0,0,0,0
161905,54,0.3381243379605668,ANDRE DIAS,PSDB,PA,0,1,0,0,0,0,0,0
133439,54,0.3381243379605668,ANDRÉ FIGUEIREDO,PDT,CE,0,1,1,0,0,0,0,0
160543,54,0.3381243379605668,ANDRE MOURA,PSC,SE,0,1,1,0,0,0,0,0
141378,54,0.3381243379605668,ANDRE VARGAS,PT,PR,0,1,0,0,0,0,0,0
141378,54,0.3381243379605668,ANDRE VARGAS,S.PART.,PR,0,1,0,0,0,0,0,0
74377,54,0.3381243379605668,ANDRÉ ZACHAROW,PMDB,PR,0,1,1,0,0,0,0,0
141379,54,5.719689928569246,ANDREIA ZITO,PSDB,RJ,1,0,0,1,1,0,0,0
141381,54,0.3381243379605668,ANGELO VANHONI,PT,PR,0,1,1,0,0,0,0,0
74212,54,2.3276453548342824,ANÍBAL GOMES,PMDB,CE,0,1,0,1,1,0,0,0
73937,54,0.3381243379605668,ANSELMO DE JESUS,PT,RO,0,1,1,0,0,0,0,0
160539,54,0.3381243379605668,ANTHONY GAROTINHO,PR,RJ,0,1,1,0,0,0,0,0
123756,54,3.730168911695531,ANTÔNIA LÚCIA,PSC,AC,1,0,1,0,0,0,0,0
141387,54,0.3381243379605668,ANTÔNIO ANDRADE,PMDB,MG,0,1,1,0,0,0,0,0
74213,54,2.3276453548342824,ANTONIO BALHMANN,PSB,CE,0,1,0,1,1,0,0,0
74213,54,2.3276453548342824,ANTONIO BALHMANN,S.PART.,CE,0,1,0,1,1,0,0,0
74213,54,2.3276453548342824,ANTONIO BALHMANN,PROS,CE,0,1,0,1,1,0,0,0
160553,54,1.7542926840881508,ANTONIO BRITO,PTB,BA,0,1,0,1,0,1,0,0
141383,54,0.3381243379605668,ANTONIO BULHÕES,PRB,SP,0,1,1,0,0,0,0,0
74373,54,0.3381243379605668,ANTONIO CARLOS BIFFI,PT,MS,0,1,1,0,0,0,0,0
74373,54,0.3381243379605668,BIFFI,PT,MS,0,1,1,0,0,0,0,0
74058,54,2.3276453548342824,ANTONIO CARLOS MAGALHÃES NETO,DEM,BA,0,1,0,1,1,0,0,0
73584,54,0.3381243379605668,ANTONIO CARLOS MENDES THAME,PSDB,SP,0,1,1,0,0,0,0,0
160530,54,0.3381243379605668,ANTONIO IMBASSAHY,PSDB,BA,0,1,1,0,0,0,0,0
141390,54,0.3381243379605668,ANTÔNIO ROBERTO,PV,MG,0,1,0,0,0,0,0,0
74648,54,0.3381243379605668,ARACELY DE PAULA,PR,MG,0,1,1,0,0,0,0,0
74103,54,0.3381243379605668,ARIOSTO HOLANDA,PSB,CE,0,1,1,0,0,0,0,0
74103,54,0.3381243379605668,ARIOSTO HOLANDA,PROS,CE,0,1,1,0,0,0,0,0
73433,54,0.3381243379605668,ARLINDO CHINAGLIA,PT,SP,0,1,1,0,0,0,0,0
74405,54,0.3381243379605668,ARMANDO ABÍLIO,PTB,PB,0,1,0,0,0,0,0,0
160546,54,2.3276453548342824,ARMANDO VERGÍLIO,PMN,GO,0,1,0,1,1,0,0,0
160546,54,2.3276453548342824,ARMANDO VERGÍLIO,PSD,GO,0,1,0,1,1,0,0,0
160546,54,2.3276453548342824,ARMANDO VERGÍLIO,SDD,GO,0,1,0,1,1,0,0,0
160546,54,2.3276453548342824,ARMANDO VERGÍLIO,SD,GO,0,1,0,1,1,0,0,0
73434,54,0.3381243379605668,ARNALDO FARIA DE SÁ,PTB,SP,0,1,1,0,0,0,0,0
141391,54,0.3381243379605668,ARNALDO JARDIM,PPS,SP,0,1,1,0,0,0,0,0
160602,54,2.3276453548342824,ARNALDO JORDY,PPS,PA,0,1,0,1,1,0,0,0
74291,54,0.3381243379605668,ARNON BEZERRA,PTB,CE,0,1,1,0,0,0,0,0
74833,54,0.3381243379605668,AROLDE DE OLIVEIRA,DEM,RJ,0,1,1,0,0,0,0,0
74833,54,0.3381243379605668,AROLDE DE OLIVEIRA,PSD,RJ,0,1,1,0,0,0,0,0
160541,54,2.3276453548342824,ARTHUR LIRA,PP**,AL,0,1,0,1,1,0,0,0
160600,54,0.3381243379605668,ARTHUR OLIVEIRA MAIA,PMDB,BA,0,1,1,0,0,0,0,0
160600,54,0.3381243379605668,ARTHUR OLIVEIRA MAIA,SDD,BA,0,1,1,0,0,0,0,0
160600,54,0.3381243379605668,ARTHUR OLIVEIRA MAIA,SD,BA,0,1,1,0,0,0,0,0
160678,54,0.3381243379605668,ARTUR BRUNO,PT,CE,0,1,1,0,0,0,0,0
74222,54,2.3276453548342824,ASDRUBAL BENTES,PMDB,PA,0,1,0,1,1,0,0,0
159237,54,0.3381243379605668,ASSIS CARVALHO,PT,PI,0,1,1,0,0,0,0,0
74378,54,0.3381243379605668,ASSIS DO COUTO,PT,PR,0,1,1,0,0,0,0,0
160581,54,1.7542926840881508,ASSIS MELO,PCdoB,RS,0,1,0,1,0,1,0,0
74090,54,0.3381243379605668,ÁTILA LINS,PMDB,AM,0,1,1,0,0,0,0,0
74090,54,0.3381243379605668,ÁTILA LINS,PSD,AM,0,1,1,0,0,0,0,0
74459,54,0.3381243379605668,ÁTILA LIRA,PSB,PI,0,1,1,0,0,0,0,0
160680,54,2.3276453548342824,AUDIFAX,PSB,ES,0,1,0,1,1,0,0,0
73655,54,0.3381243379605668,AUGUSTO CARVALHO,PPS,DF,0,1,1,0,0,0,0,0
73655,54,0.3381243379605668,AUGUSTO CARVALHO,SDD,DF,0,1,1,0,0,0,0,0
73655,54,0.3381243379605668,AUGUSTO CARVALHO,SD,DF,0,1,1,0,0,0,0,0
160665,54,0.3381243379605668,AUGUSTO COUTINHO,DEM,PE,0,1,1,0,0,0,0,0
160665,54,0.3381243379605668,AUGUSTO COUTINHO,SDD,PE,0,1,1,0,0,0,0,0
160665,54,0.3381243379605668,AUGUSTO COUTINHO,SD,PE,0,1,1,0,0,0,0,0
160512,54,0.3381243379605668,AUREO,PRTB,RJ,0,1,1,0,0,0,0,0
160512,54,0.3381243379605668,AUREO,SDD,RJ,0,1,1,0,0,0,0,0
160512,54,0.3381243379605668,AUREO,SD,RJ,0,1,1,0,0,0,0,0
178834,54,1.7542926840881508,BEBETO GALVÃO,PSB,BA,0,1,0,1,0,1,0,0
73701,54,5.146337257823115,BENEDITA DA SILVA,PT,RJ,1,0,0,1,0,1,0,0
74040,54,2.3276453548342824,BENJAMIN MARANHÃO,PMDB,PB,0,1,0,1,1,0,0,0
74040,54,2.3276453548342824,BENJAMIN MARANHÃO,SDD,PB,0,1,0,1,1,0,0,0
74040,54,2.3276453548342824,BENJAMIN MARANHÃO,SD,PB,0,1,0,1,1,0,0,0
160554,54,0.3381243379605668,BERINHO BANTIM,PSDB,RR,0,1,1,0,0,0,0,0
160554,54,0.3381243379605668,BERINHO BANTIM,PEN,RR,0,1,1,0,0,0,0,0
160554,54,0.3381243379605668,BERINHO BANTIM,SDD,RR,0,1,1,0,0,0,0,0
160554,54,0.3381243379605668,BERINHO BANTIM,SD,RR,0,1,1,0,0,0,0,0
109152,54,2.3276453548342824,BERNARDO SANTANA DE VASCONCELLOS,PR,MG,0,1,0,1,1,0,0,0
74321,54,0.3381243379605668,BETINHO ROSADO,DEM,RN,0,1,1,0,0,0,0,0
74321,54,0.3381243379605668,BETINHO ROSADO,PP**,RN,0,1,1,0,0,0,0,0
73478,54,0.3381243379605668,BETO ALBUQUERQUE,PSB,RS,0,1,1,0,0,0,0,0
141335,54,2.3276453548342824,BETO FARO,PT,PA,0,1,0,1,1,0,0,0
73437,54,0.3381243379605668,BETO MANSUR,PP**,SP,0,1,1,0,0,0,0,0
73437,54,0.3381243379605668,BETO MANSUR,PRB,SP,0,1,1,0,0,0,0,0
141513,54,0.3381243379605668,BILAC PINTO,PR,MG,0,1,1,0,0,0,0,0
160538,54,0.3381243379605668,BOHN GASS,PT,RS,0,1,1,0,0,0,0,0
160538,54,0.3381243379605668,ELVINO BOHN GASS,PT,RS,0,1,1,0,0,0,0,0
74650,54,0.3381243379605668,BONIFÁCIO DE ANDRADA,PSDB,MG,0,1,1,0,0,0,0,0
141399,54,0.3381243379605668,BRIZOLA NETO,PDT,RJ,0,1,1,0,0,0,0,0
160589,54,3.730168911695531,BRUNA FURLAN,PSDB,SP,1,0,1,0,0,0,0,0
141394,54,0.3381243379605668,BRUNO ARAÚJO,PSDB,PE,0,1,1,0,0,0,0,0
141393,54,0.3381243379605668,BRUNO RODRIGUES,PSDB,PE,0,1,0,0,0,0,0,0
168034,54,2.3276453548342824,CABO JULIANO RABELO,PDT,MT,0,1,0,1,1,0,0,0
168034,54,2.3276453548342824,CABO JULIANO RABELO,PSB,MT,0,1,0,1,1,0,0,0
141395,54,0.3381243379605668,CAMILO COLA,PMDB,ES,0,1,1,0,0,0,0,0
141396,54,0.3381243379605668,CÂNDIDO VACCAREZZA,PT,SP,0,1,1,0,0,0,0,0
179379,54,3.730168911695531,CARLA SOUSA,PV,RN,1,0,0,0,0,0,0,0
179379,54,3.730168911695531,ROSY DE SOUSA,PV,RN,1,0,0,0,0,0,0,0
160585,54,0.3381243379605668,CARLAILE PEDROSA,PSDB,MG,0,1,0,0,0,0,0,0
160584,54,0.3381243379605668,CARLINHOS ALMEIDA,PT,SP,0,1,1,0,0,0,0,0
74290,54,2.3276453548342824,CARLOS ALBERTO LERÉIA,PSDB,GO,0,1,0,1,1,0,0,0
141401,54,0.3381243379605668,CARLOS BEZERRA,PMDB,MT,0,1,1,0,0,0,0,0
141402,54,0.3381243379605668,CARLOS BRANDÃO,PSDB,MA,0,1,1,0,0,0,0,0
74474,54,0.3381243379605668,CARLOS EDUARDO CADOCA,PSC,PE,0,1,1,0,0,0,0,0
74474,54,0.3381243379605668,CARLOS EDUARDO CADOCA,PCdoB,PE,0,1,1,0,0,0,0,0
160605,54,2.3276453548342824,CARLOS MAGNO,PP**,RO,0,1,0,1,1,0,0,0
74163,54,0.3381243379605668,CARLOS MANATO,PDT,ES,0,1,1,0,0,0,0,0
74163,54,0.3381243379605668,CARLOS MANATO,SDD,ES,0,1,1,0,0,0,0,0
74163,54,0.3381243379605668,CARLOS MANATO,SD,ES,0,1,1,0,0,0,0,0
74163,54,0.3381243379605668,MANATO,PDT,ES,0,1,1,0,0,0,0,0
74163,54,0.3381243379605668,MANATO,SDD,ES,0,1,1,0,0,0,0,0
74163,54,0.3381243379605668,MANATO,SD,ES,0,1,1,0,0,0,0,0
179381,54,2.3276453548342824,CARLOS MARTINS,PT,PA,0,1,0,1,1,0,0,0
74651,54,0.3381243379605668,CARLOS MELLES,DEM,MG,0,1,1,0,0,0,0,0
165583,54,0.3381243379605668,CARLOS ROBERTO,PSDB,SP,0,1,1,0,0,0,0,0
74262,54,0.3381243379605668,CARLOS SAMPAIO,PSDB,SP,0,1,1,0,0,0,0,0
73934,54,2.3276453548342824,CARLOS SOUZA,PP**,AM,0,1,0,1,1,0,0,0
73934,54,2.3276453548342824,CARLOS SOUZA,PSD,AM,0,1,0,1,1,0,0,0
141398,54,0.3381243379605668,CARLOS ZARATTINI,PT,SP,0,1,1,0,0,0,0,0
164360,54,3.730168911695531,CARMEN ZANOTTO,PPS,SC,1,0,1,0,0,0,0,0
160624,54,3.730168911695531,CELIA ROCHA,PTB,AL,1,0,1,0,0,0,0,0
73568,54,0.3381243379605668,CELSO JACOB,PMDB,RJ,0,1,1,0,0,0,0,0
141405,54,0.3381243379605668,CELSO MALDANER,PMDB,SC,0,1,1,0,0,0,0,0
160664,54,0.3381243379605668,CESAR COLNAGO,PSDB,ES,0,1,1,0,0,0,0,0
160576,54,0.3381243379605668,CÉSAR HALUM,PPS,TO,0,1,1,0,0,0,0,0
160576,54,0.3381243379605668,CÉSAR HALUM,PSD,TO,0,1,1,0,0,0,0,0
160576,54,0.3381243379605668,CÉSAR HALUM,PRB,TO,0,1,1,0,0,0,0,0
74379,54,0.3381243379605668,CEZAR SILVESTRI,PPS,PR,0,1,0,0,0,0,0,0
74171,54,0.3381243379605668,CHICO ALENCAR,PSOL,RJ,0,1,1,0,0,0,0,0
141439,54,0.3381243379605668,CHICO D'ANGELO,PT,RJ,0,1,1,0,0,0,0,0
141439,54,0.3381243379605668,CHICO DANGELO,PT,RJ,0,1,1,0,0,0,0,0
160634,54,0.3381243379605668,CHICO DAS VERDURAS,PRP,RR,0,1,1,0,0,0,0,0
141440,54,1.7542926840881508,CHICO LOPES,PCdoB,CE,0,1,0,1,0,1,0,0
160580,54,3.730168911695531,CIDA BORGHETTI,PP**,PR,1,0,1,0,0,0,0,0
160580,54,3.730168911695531,CIDA BORGHETTI,PROS,PR,1,0,1,0,0,0,0,0
74537,54,0.3381243379605668,CLAUDIO CAJADO,DEM,BA,0,1,1,0,0,0,0,0
160557,54,0.3381243379605668,CLÁUDIO PUTY,PT,PA,0,1,1,0,0,0,0,0
141408,54,0.3381243379605668,CLEBER VERDE,PRB,MA,0,1,1,0,0,0,0,0
74230,54,2.3276453548342824,COLBERT MARTINS,PMDB,BA,0,1,0,1,1,0,0,0
74016,54,2.3276453548342824,COSTA FERREIRA,PSC,MA,0,1,0,1,1,0,0,0
114586,54,0.3381243379605668,CRISTIANO,PTdoB,RJ,0,1,1,0,0,0,0,0
141502,54,5.146337257823115,DALVA FIGUEIREDO,PT,AP,1,0,0,1,0,1,0,0
74467,54,1.7542926840881508,DAMIÃO FELICIANO,PDT,PB,0,1,0,1,0,1,0,0
74060,54,2.3276453548342824,DANIEL ALMEIDA,PCdoB,BA,0,1,0,1,1,0,0,0
160528,54,0.3381243379605668,DANILO CABRAL,PSB,PE,0,1,1,0,0,0,0,0
62881,54,0.3381243379605668,DANILO FORTE,PMDB,CE,0,1,1,0,0,0,0,0
160552,54,0.3381243379605668,DANRLEI DE DEUS HINTERHOLZ,PTB,RS,0,1,1,0,0,0,0,0
160552,54,0.3381243379605668,DANRLEI DE DEUS HINTERHOLZ,PSD,RS,0,1,1,0,0,0,0,0
73891,54,0.3381243379605668,DARCÍSIO PERONDI,PMDB,RS,0,1,1,0,0,0,0,0
73924,54,0.3381243379605668,DAVI ALCOLUMBRE,DEM,AP,0,1,1,0,0,0,0,0
141412,54,0.3381243379605668,DAVI ALVES SILVA JÚNIOR,PR,MA,0,1,1,0,0,0,0,0
141413,54,0.3381243379605668,DÉCIO LIMA,PT,SC,0,1,1,0,0,0,0,0
160606,54,0.3381243379605668,DELEGADO PROTÓGENES,PCdoB,SP,0,1,1,0,0,0,0,0
164359,54,0.3381243379605668,DELEGADO WALDIR,PSDB,GO,0,1,1,0,0,0,0,0
74172,54,0.3381243379605668,DELEY,PSC,RJ,0,1,1,0,0,0,0,0
74172,54,0.3381243379605668,DELEY,PTB,RJ,0,1,1,0,0,0,0,0
174854,54,0.3381243379605668,DENILSON TEIXEIRA,PV,MG,0,1,1,0,0,0,0,0
74264,54,0.3381243379605668,DEVANIR RIBEIRO,PT,SP,0,1,1,0,0,0,0,0
160588,54,0.3381243379605668,DIEGO ANDRADE,PR,MG,0,1,1,0,0,0,0,0
160588,54,0.3381243379605668,DIEGO ANDRADE,PSD,MG,0,1,1,0,0,0,0,0
73768,54,0.3381243379605668,DILCEU SPERAFICO,PP**,PR,0,1,1,0,0,0,0,0
160599,54,0.3381243379605668,DIMAS FABIANO,PP**,MG,0,1,1,0,0,0,0,0
74265,54,0.3381243379605668,DIMAS RAMALHO,PPS,SP,0,1,0,0,0,0,0,0
74197,54,1.7542926840881508,DOMINGOS DUTRA,PT,MA,0,1,0,1,0,1,0,0
74197,54,1.7542926840881508,DOMINGOS DUTRA,SDD,MA,0,1,0,1,0,1,0,0
74197,54,1.7542926840881508,DOMINGOS DUTRA,SD,MA,0,1,0,1,0,1,0,0
143632,54,0.3381243379605668,DOMINGOS NETO,PSB,CE,0,1,1,0,0,0,0,0
143632,54,0.3381243379605668,DOMINGOS NETO,PROS,CE,0,1,1,0,0,0,0,0
160758,54,0.3381243379605668,DOMINGOS SÁVIO,PSDB,MG,0,1,1,0,0,0,0,0
141371,54,0.3381243379605668,DR. ADILSON SOARES,PR,RJ,0,1,0,0,0,0,0,0
160529,54,0.3381243379605668,DR. ALUIZIO,PV,RJ,0,1,1,0,0,0,0,0
118384,54,0.3381243379605668,DR. CARLOS ALBERTO,PMN,RJ,0,1,1,0,0,0,0,0
170489,54,0.3381243379605668,DR. DILSON DRUMOND,PDT,RJ,0,1,1,0,0,0,0,0
165675,54,2.3276453548342824,DR. FRANCISCO ARAÚJO,PSL,RR,0,1,0,1,1,0,0,0
165675,54,2.3276453548342824,DR. FRANCISCO ARAÚJO,PSD,RR,0,1,0,1,1,0,0,0
165675,54,2.3276453548342824,FRANCISCO ARAÚJO,PSL,RR,0,1,0,1,1,0,0,0
165675,54,2.3276453548342824,FRANCISCO ARAÚJO,PSD,RR,0,1,0,1,1,0,0,0
160514,54,0.3381243379605668,DR. GRILO,PSL,MG,0,1,1,0,0,0,0,0
160514,54,0.3381243379605668,DR. GRILO,SDD,MG,0,1,1,0,0,0,0,0
160514,54,0.3381243379605668,DR. GRILO,SD,MG,0,1,1,0,0,0,0,0
160643,54,1.7542926840881508,DR. JORGE SILVA,PDT,ES,0,1,0,1,0,1,0,0
160643,54,1.7542926840881508,DR. JORGE SILVA,PROS,ES,0,1,0,1,0,1,0,0
74094,54,0.3381243379605668,DR. LUIZ FERNANDO,PMN,AM,0,1,1,0,0,0,0,0
74094,54,0.3381243379605668,DR. LUIZ FERNANDO,PSD,AM,0,1,1,0,0,0,0,0
147975,54,0.3381243379605668,DR. PAULO CÉSAR,PR,RJ,0,1,1,0,0,0,0,0
147975,54,0.3381243379605668,DR. PAULO CÉSAR,PSD,RJ,0,1,1,0,0,0,0,0
147975,54,0.3381243379605668,DR. PAULO CÉSAR,PR,RJ,0,1,1,0,0,0,0,0
73459,54,0.3381243379605668,DR. ROSINHA,PT,PR,0,1,1,0,0,0,0,0
178830,54,0.3381243379605668,DR. SINVAL MALHEIROS,PV,SP,0,1,1,0,0,0,0,0
141498,54,0.3381243379605668,DR. UBIALI,PSB,SP,0,1,1,0,0,0,0,0
166727,54,3.730168911695531,DRA. ELAINE ABISSAMRA,PSB,SP,1,0,1,0,0,0,0,0
141385,54,0.3381243379605668,DUARTE NOGUEIRA,PSDB,SP,0,1,1,0,0,0,0,0
161904,54,2.3276453548342824,DUDIMAR PAXIUBA,PSDB,PA,0,1,0,1,1,0,0,0
161904,54,2.3276453548342824,DUDIMAR PAXIUBA,PROS,PA,0,1,0,1,1,0,0,0
177118,54,0.3381243379605668,DUDU LUIZ EDUARDO,PSDC,RJ,0,1,1,0,0,0,0,0
73447,54,0.3381243379605668,EDINHO ARAÚJO,PMDB,SP,0,1,1,0,0,0,0,0
73793,54,0.3381243379605668,EDINHO BEZ,PMDB,SC,0,1,1,0,0,0,0,0
141417,54,2.3276453548342824,EDIO LOPES,PMDB,RR,0,1,0,1,1,0,0,0
160616,54,0.3381243379605668,EDIVALDO HOLANDA JUNIOR,PTC,MA,0,1,1,0,0,0,0,0
160578,54,0.3381243379605668,EDMAR ARRUDA,PSC,PR,0,1,1,0,0,0,0,0
74580,54,0.3381243379605668,EDMAR MOREIRA,PR,MG,0,1,0,0,0,0,0,0
74580,54,0.3381243379605668,EDMAR MOREIRA,PTB,MG,0,1,0,0,0,0,0,0
141418,54,0.3381243379605668,EDSON APARECIDO,PSDB,SP,0,1,1,0,0,0,0,0
74838,54,0.3381243379605668,EDSON EZEQUIEL,PMDB,RJ,0,1,0,0,0,0,0,0
160618,54,0.3381243379605668,EDSON PIMENTA,PCdoB,BA,0,1,1,0,0,0,0,0
160618,54,0.3381243379605668,EDSON PIMENTA,PSD,BA,0,1,1,0,0,0,0,0
141419,54,1.7542926840881508,EDSON SANTOS,PT,RJ,0,1,0,1,0,1,0,0
74106,54,0.3381243379605668,EDSON SILVA,PSB,CE,0,1,1,0,0,0,0,0
74106,54,0.3381243379605668,EDSON SILVA,PROS,CE,0,1,1,0,0,0,0,0
160647,54,0.3381243379605668,EDUARDO AZEREDO,PSDB,MG,0,1,0,0,0,0,0,0
74655,54,0.3381243379605668,EDUARDO BARBOSA,PSDB,MG,0,1,1,0,0,0,0,0
74173,54,0.3381243379605668,EDUARDO CUNHA,PMDB,RJ,0,1,1,0,0,0,0,0
141421,54,0.3381243379605668,EDUARDO DA FONTE,PP**,PE,0,1,1,0,0,0,0,0
73945,54,0.3381243379605668,EDUARDO GOMES,PSDB,TO,0,1,1,0,0,0,0,0
73945,54,0.3381243379605668,EDUARDO GOMES,SDD,TO,0,1,1,0,0,0,0,0
73945,54,0.3381243379605668,EDUARDO GOMES,SD,TO,0,1,1,0,0,0,0,0
74382,54,0.3381243379605668,EDUARDO SCIARRA,DEM,PR,0,1,0,0,0,0,0,0
74382,54,0.3381243379605668,EDUARDO SCIARRA,PSD,PR,0,1,0,0,0,0,0,0
141422,54,0.3381243379605668,EFRAIM FILHO,DEM,PB,0,1,1,0,0,0,0,0
74075,54,3.730168911695531,ELCIONE BARBALHO,PMDB,PA,1,0,1,0,0,0,0,0
154919,54,0.3381243379605668,ELEUSES PAIVA,DEM,SP,0,1,1,0,0,0,0,0
154919,54,0.3381243379605668,ELEUSES PAIVA,PSD,SP,0,1,1,0,0,0,0,0
160532,54,0.3381243379605668,ELI CORREA FILHO,DEM,SP,0,1,1,0,0,0,0,0
162175,54,5.719689928569246,ELIANE ROLIM,PT,RJ,1,0,0,1,1,0,0,0
141423,54,0.3381243379605668,ELIENE LIMA,PP**,MT,0,1,1,0,0,0,0,0
141423,54,0.3381243379605668,ELIENE LIMA,PSD,MT,0,1,1,0,0,0,0,0
73892,54,0.3381243379605668,ELISEU PADILHA,PMDB,RS,0,1,0,0,0,0,0,0
74119,54,0.3381243379605668,EMANUEL FERNANDES,PSDB,SP,0,1,0,0,0,0,0,0
154997,54,0.3381243379605668,EMILIANO JOSÉ,PT,BA,0,1,1,0,0,0,0,0
73893,54,0.3381243379605668,ENIO BACCI,PDT,RS,0,1,1,0,0,0,0,0
160575,54,3.730168911695531,ERIKA KOKAY,PT,DF,1,0,1,0,0,0,0,0
99654,54,2.3276453548342824,ERIVELTON SANTANA,PSC,BA,0,1,0,1,1,0,0,0
171782,54,2.3276453548342824,ERON BEZERRA,PCdoB,AM,0,1,0,1,1,0,0,0
160640,54,0.3381243379605668,EROS BIONDINI,PTB,MG,0,1,1,0,0,0,0,0
160649,54,0.3381243379605668,ESPERIDIÃO AMIN,PP**,SC,0,1,1,0,0,0,0,0
141386,54,1.7542926840881508,EUDES XAVIER,PT,CE,0,1,0,1,0,1,0,0
171621,54,0.3381243379605668,EURICO JÚNIOR,PV,RJ,0,1,1,0,0,0,0,0
74345,54,1.7542926840881508,EVANDRO MILHOMEN,PCdoB,AP,0,1,0,1,0,1,0,0
141428,54,0.3381243379605668,FÁBIO FARIA,PMN,RN,0,1,1,0,0,0,0,0
141428,54,0.3381243379605668,FÁBIO FARIA,PSD,RN,0,1,1,0,0,0,0,0
141427,54,2.3276453548342824,FÁBIO RAMALHO,PV,MG,0,1,0,1,1,0,0,0
171623,54,0.3381243379605668,FABIO REIS,PMDB,SE,0,1,1,0,0,0,0,0
74062,54,2.3276453548342824,FÁBIO SOUTO,DEM,BA,0,1,0,1,1,0,0,0
160587,54,0.3381243379605668,FABIO TRAD,PMDB,MS,0,1,1,0,0,0,0,0
74037,54,5.719689928569246,FÁTIMA BEZERRA,PT,RN,1,0,0,1,1,0,0,0
74065,54,3.730168911695531,FÁTIMA PELAES,PMDB,AP,1,0,1,0,0,0,0,0
141430,54,0.3381243379605668,FELIPE BORNIER,PHS,RJ,0,1,1,0,0,0,0,0
141430,54,0.3381243379605668,FELIPE BORNIER,PSD,RJ,0,1,1,0,0,0,0,0
141429,54,0.3381243379605668,FELIPE MAIA,DEM,RN,0,1,1,0,0,0,0,0
160666,54,0.3381243379605668,FÉLIX JÚNIOR,PDT,BA,0,1,1,0,0,0,0,0
160666,54,0.3381243379605668,FÉLIX MENDONÇA JÚNIOR,PDT,BA,0,1,1,0,0,0,0,0
141431,54,0.3381243379605668,FERNANDO COELHO FILHO,PSB,PE,0,1,1,0,0,0,0,0
74417,54,0.3381243379605668,FERNANDO FERRO,PT,PE,0,1,1,0,0,0,0,0
160646,54,0.3381243379605668,FERNANDO FRANCISCHINI,PSDB,PR,0,1,1,0,0,0,0,0
160646,54,0.3381243379605668,FERNANDO FRANCISCHINI,PEN,PR,0,1,1,0,0,0,0,0
160646,54,0.3381243379605668,FERNANDO FRANCISCHINI,SDD,PR,0,1,1,0,0,0,0,0
160646,54,0.3381243379605668,FERNANDO FRANCISCHINI,SD,PR,0,1,1,0,0,0,0,0
163831,54,0.3381243379605668,FERNANDO JORDÃO,PMDB,RJ,0,1,1,0,0,0,0,0
74843,54,0.3381243379605668,FERNANDO LOPES,PMDB,RJ,0,1,1,0,0,0,0,0
73481,54,0.3381243379605668,FERNANDO MARRONI,PT,RS,0,1,1,0,0,0,0,0
160676,54,2.3276453548342824,FERNANDO TORRES,DEM,BA,0,1,0,1,1,0,0,0
160676,54,2.3276453548342824,FERNANDO TORRES,PSD,BA,0,1,0,1,1,0,0,0
179383,54,0.3381243379605668,FERNANDO ZACHIA,PMDB,RS,0,1,0,0,0,0,0,0
141433,54,0.3381243379605668,FILIPE PEREIRA,PSC,RJ,0,1,1,0,0,0,0,0
160598,54,3.730168911695531,FLÁVIA MORAIS,PDT,GO,1,0,1,0,0,0,0,0
141434,54,0.3381243379605668,FLAVIANO MELO,PMDB,AC,0,1,1,0,0,0,0,0
172029,54,0.3381243379605668,FRANCISCO CHAGAS,PT,SP,0,1,1,0,0,0,0,0
178387,54,0.3381243379605668,FRANCISCO DE ASSIS,PT,SC,0,1,1,0,0,0,0,0
137983,54,2.3276453548342824,FRANCISCO ESCÓRCIO,PMDB,MA,0,1,0,1,1,0,0,0
160677,54,2.3276453548342824,FRANCISCO FLORIANO,PR,RJ,0,1,0,1,1,0,0,0
141438,54,0.3381243379605668,FRANCISCO PRACIANO,PT,AM,0,1,1,0,0,0,0,0
141467,54,0.3381243379605668,FRANCISCO TENÓRIO,PMN,AL,0,1,1,0,0,0,0,0
160537,54,0.3381243379605668,GABRIEL CHALITA,PSB,SP,0,1,1,0,0,0,0,0
160537,54,0.3381243379605668,GABRIEL CHALITA,PMDB,SP,0,1,1,0,0,0,0,0
129037,54,0.3381243379605668,GABRIEL GUIMARÃES,PT,MG,0,1,1,0,0,0,0,0
74200,54,2.3276453548342824,GASTÃO VIEIRA,PMDB,MA,0,1,0,1,1,0,0,0
165429,54,0.3381243379605668,GEAN LOUREIRO,PMDB,SC,0,1,1,0,0,0,0,0
160669,54,2.3276453548342824,GENECIAS NORONHA,PMDB,CE,0,1,0,1,1,0,0,0
160669,54,2.3276453548342824,GENECIAS NORONHA,SDD,CE,0,1,0,1,1,0,0,0
160669,54,2.3276453548342824,GENECIAS NORONHA,SD,CE,0,1,0,1,1,0,0,0
141441,54,2.3276453548342824,GEORGE HILTON,PRB,MG,0,1,0,1,1,0,0,0
145895,54,0.3381243379605668,GERA ARRUDA,PMDB,CE,0,1,1,0,0,0,0,0
74374,54,0.3381243379605668,GERALDO RESENDE,PMDB,MS,0,1,1,0,0,0,0,0
74566,54,0.3381243379605668,GERALDO SIMÕES,PT,BA,0,1,1,0,0,0,0,0
74151,54,0.3381243379605668,GERALDO THADEU,PPS,MG,0,1,1,0,0,0,0,0
74151,54,0.3381243379605668,GERALDO THADEU,PSD,MG,0,1,1,0,0,0,0,0
74383,54,0.3381243379605668,GIACOBO,PR,PR,0,1,1,0,0,0,0,0
179380,54,0.3381243379605668,GILBERTO COUTINHO,PT,AL,0,1,0,0,0,0,0,0
74581,54,1.7542926840881508,GILMAR MACHADO,PT,MG,0,1,0,1,0,1,0,0
160673,54,0.3381243379605668,GIOVANI CHERINI,PDT,RS,0,1,1,0,0,0,0,0
74077,54,0.3381243379605668,GIOVANNI QUEIROZ,PDT,PA,0,1,1,0,0,0,0,0
160562,54,0.3381243379605668,GIROTO,PR,MS,0,1,0,0,0,0,0,0
160562,54,0.3381243379605668,GIROTO,PMDB,MS,0,1,0,0,0,0,0,0
160562,54,0.3381243379605668,GIROTO,PR,MS,0,1,0,0,0,0,0,0
74558,54,0.3381243379605668,GIVALDO CARIMBÃO,PSB,AL,0,1,1,0,0,0,0,0
74558,54,0.3381243379605668,GIVALDO CARIMBÃO,PROS,AL,0,1,1,0,0,0,0,0
141446,54,0.3381243379605668,GLADSON CAMELI,PP**,AC,0,1,1,0,0,0,0,0
152605,54,0.3381243379605668,GLAUBER BRAGA,PSB,RJ,0,1,1,0,0,0,0,0
173802,54,3.730168911695531,GOIACIARA CRUZ,PR,TO,1,0,1,0,0,0,0,0
74419,54,0.3381243379605668,GONZAGA PATRIOTA,PSB,PE,0,1,1,0,0,0,0,0
129618,54,3.730168911695531,GORETE PEREIRA,PR,CE,1,0,1,0,0,0,0,0
141447,54,0.3381243379605668,GUILHERME CAMPOS,DEM,SP,0,1,1,0,0,0,0,0
141447,54,0.3381243379605668,GUILHERME CAMPOS,PSD,SP,0,1,1,0,0,0,0,0
160667,54,0.3381243379605668,GUILHERME MUSSI,PV,SP,0,1,1,0,0,0,0,0
160667,54,0.3381243379605668,GUILHERME MUSSI,PSD,SP,0,1,1,0,0,0,0,0
160667,54,0.3381243379605668,GUILHERME MUSSI,PP**,SP,0,1,1,0,0,0,0,0
176120,54,0.3381243379605668,GUSTAVO PETTA,PCdoB,SP,0,1,1,0,0,0,0,0
175737,54,0.3381243379605668,HELCIO SILVA,PT,SP,0,1,1,0,0,0,0,0
74053,54,0.3381243379605668,HELENO SILVA,PRB,SE,0,1,1,0,0,0,0,0
160590,54,2.3276453548342824,HÉLIO SANTOS,PSDB,MA,0,1,0,1,1,0,0,0
160590,54,2.3276453548342824,HÉLIO SANTOS,PSD,MA,0,1,0,1,1,0,0,0
160590,54,2.3276453548342824,HÉLIO SANTOS,PSDB,MA,0,1,0,1,1,0,0,0
73940,54,0.3381243379605668,HENRIQUE AFONSO,PV,AC,0,1,1,0,0,0,0,0
74324,54,0.3381243379605668,HENRIQUE EDUARDO ALVES,PMDB,RN,0,1,1,0,0,0,0,0
73482,54,0.3381243379605668,HENRIQUE FONTANA,PT,RS,0,1,1,0,0,0,0,0
68731,54,2.3276453548342824,HENRIQUE OLIVEIRA,PR,AM,0,1,0,1,1,0,0,0
68731,54,2.3276453548342824,HENRIQUE OLIVEIRA,SDD,AM,0,1,0,1,1,0,0,0
68731,54,2.3276453548342824,HENRIQUE OLIVEIRA,SD,AM,0,1,0,1,1,0,0,0
73772,54,0.3381243379605668,HERMES PARCIANELLO,PMDB,PR,0,1,1,0,0,0,0,0
160596,54,0.3381243379605668,HEULER CRUVINEL,DEM,GO,0,1,1,0,0,0,0,0
160596,54,0.3381243379605668,HEULER CRUVINEL,PSD,GO,0,1,1,0,0,0,0,0
141448,54,0.3381243379605668,HOMERO PEREIRA,PR,MT,0,1,0,0,0,0,0,0
141448,54,0.3381243379605668,HOMERO PEREIRA,PSD,MT,0,1,0,0,0,0,0,0
141450,54,0.3381243379605668,HUGO LEAL,PSC,RJ,0,1,1,0,0,0,0,0
141450,54,0.3381243379605668,HUGO LEAL,PROS,RJ,0,1,1,0,0,0,0,0
160674,54,0.3381243379605668,HUGO MOTTA,PMDB,PB,0,1,1,0,0,0,0,0
160974,54,0.3381243379605668,HUGO NAPOLEÃO,DEM,PI,0,1,1,0,0,0,0,0
160974,54,0.3381243379605668,HUGO NAPOLEÃO,PSD,PI,0,1,1,0,0,0,0,0
73935,54,0.3381243379605668,HUMBERTO MICHILES,PR,AM,0,1,1,0,0,0,0,0
74662,54,0.3381243379605668,HUMBERTO SOUTO,PPS,MG,0,1,1,0,0,0,0,0
74780,54,3.730168911695531,IARA BERNARDI,PT,SP,1,0,1,0,0,0,0,0
173262,54,1.7542926840881508,ILÁRIO MARQUES,PT,CE,0,1,0,1,0,1,0,0
74421,54,0.3381243379605668,INOCÊNCIO OLIVEIRA,PR,PE,0,1,0,0,0,0,0,0
67138,54,3.730168911695531,IRACEMA PORTELLA,PP**,PI,1,0,1,0,0,0,0,0
81232,54,0.3381243379605668,IRAJÁ ABREU,DEM,TO,0,1,1,0,0,0,0,0
81232,54,0.3381243379605668,IRAJÁ ABREU,PSD,TO,0,1,1,0,0,0,0,0
74162,54,3.730168911695531,IRINY LOPES,PT,ES,1,0,1,0,0,0,0,0
141453,54,3.730168911695531,ÍRIS DE ARAÚJO,PMDB,GO,1,0,1,0,0,0,0,0
74152,54,1.7542926840881508,ISAIAS SILVESTRE,PSB,MG,0,1,0,1,0,1,0,0
73531,54,0.3381243379605668,IVAN VALENTE,PSOL,SP,0,1,1,0,0,0,0,0
4931,54,0.3381243379605668,IZALCI,PR,DF,0,1,1,0,0,0,0,0
4931,54,0.3381243379605668,IZALCI,PSDB,DF,0,1,1,0,0,0,0,0
74665,54,0.3381243379605668,JAIME MARTINS,PR,MG,0,1,1,0,0,0,0,0
74665,54,0.3381243379605668,JAIME MARTINS,PSD,MG,0,1,1,0,0,0,0,0
74847,54,0.3381243379605668,JAIR BOLSONARO,PP**,RJ,0,1,1,0,0,0,0,0
3151,54,0.3381243379605668,JAIRO ATAIDE,DEM,MG,0,1,1,0,0,0,0,0
74848,54,3.730168911695531,JANDIRA FEGHALI,PCdoB,RJ,1,0,1,0,0,0,0,0
73926,54,5.719689928569246,JANETE CAPIBERIBE,PSB,AP,1,0,0,1,1,0,0,0
141455,54,5.146337257823115,JANETE ROCHA PIETÁ,PT,SP,1,0,0,1,0,1,0,0
160675,54,0.3381243379605668,JÂNIO NATAL,PRP,BA,0,1,1,0,0,0,0,0
97822,54,3.730168911695531,JAQUELINE RORIZ,PMN,DF,1,0,1,0,0,0,0,0
160672,54,1.7542926840881508,JEAN WYLLYS,PSOL,RJ,0,1,0,1,0,1,0,0
74273,54,0.3381243379605668,JEFFERSON CAMPOS,PSB,SP,0,1,1,0,0,0,0,0
74273,54,0.3381243379605668,JEFFERSON CAMPOS,PSD,SP,0,1,1,0,0,0,0,0
160570,54,0.3381243379605668,JERONIMO GOERGEN,PP**,RS,0,1,1,0,0,0,0,0
160671,54,0.3381243379605668,JESUS RODRIGUES,PT,PI,0,1,1,0,0,0,0,0
160531,54,2.3276453548342824,JHONATAN DE JESUS,PRB,RR,0,1,0,1,1,0,0,0
141456,54,0.3381243379605668,JILMAR TATTO,PT,SP,0,1,1,0,0,0,0,0
141503,54,5.719689928569246,JÔ MORAES,PCdoB,MG,1,0,0,1,1,0,0,0
160574,54,0.3381243379605668,JOÃO ANANIAS,PCdoB,CE,0,1,1,0,0,0,0,0
160573,54,0.3381243379605668,JOÃO ARRUDA,PMDB,PR,0,1,1,0,0,0,0,0
141457,54,0.3381243379605668,JOÃO BITTAR,DEM,MG,0,1,0,0,0,0,0,0
74559,54,0.3381243379605668,JOÃO CALDAS,PSDB,AL,0,1,1,0,0,0,0,0
74559,54,0.3381243379605668,JOÃO CALDAS,PEN,AL,0,1,1,0,0,0,0,0
74559,54,0.3381243379605668,JOÃO CALDAS,SDD,AL,0,1,1,0,0,0,0,0
74559,54,0.3381243379605668,JOÃO CALDAS,SD,AL,0,1,1,0,0,0,0,0
74366,54,0.3381243379605668,JOÃO CAMPOS,PSDB,GO,0,1,1,0,0,0,0,0
141458,54,0.3381243379605668,JOÃO CARLOS BACELAR,PR,BA,0,1,1,0,0,0,0,0
73682,54,0.3381243379605668,JOÃO DADO,PDT,SP,0,1,1,0,0,0,0,0
73682,54,0.3381243379605668,JOÃO DADO,SDD,SP,0,1,1,0,0,0,0,0
73682,54,0.3381243379605668,JOÃO DADO,SD,SP,0,1,1,0,0,0,0,0
74550,54,0.3381243379605668,JOÃO LEÃO,PP**,BA,0,1,1,0,0,0,0,0
74049,54,0.3381243379605668,JOÃO LYRA,PTB,AL,0,1,1,0,0,0,0,0
74049,54,0.3381243379605668,JOÃO LYRA,PSD,AL,0,1,1,0,0,0,0,0
74120,54,0.3381243379605668,JOÃO MAGALHÃES,PMDB,MG,0,1,1,0,0,0,0,0
141459,54,0.3381243379605668,JOÃO MAIA,PR,RN,0,1,1,0,0,0,0,0
73534,54,0.3381243379605668,JOÃO PAULO CUNHA,PT,SP,0,1,0,0,0,0,0,0
160549,54,2.3276453548342824,JOÃO PAULO LIMA,PT,PE,0,1,0,1,1,0,0,0
73874,54,0.3381243379605668,JOÃO PIZZOLATTI,PP**,SC,0,1,1,0,0,0,0,0
160571,54,0.3381243379605668,JOÃO RODRIGUES,DEM,SC,0,1,1,0,0,0,0,0
160571,54,0.3381243379605668,JOÃO RODRIGUES,PSD,SC,0,1,1,0,0,0,0,0
141461,54,0.3381243379605668,JOAQUIM BELTRÃO,PMDB,AL,0,1,1,0,0,0,0,0
160548,54,0.3381243379605668,JONAS DONIZETTE,PSB,SP,0,1,1,0,0,0,0,0
74686,54,0.3381243379605668,JORGE BITTAR,PT,RJ,0,1,1,0,0,0,0,0
74388,54,0.3381243379605668,JORGE BOEIRA,PT,SC,0,1,1,0,0,0,0,0
74388,54,0.3381243379605668,JORGE BOEIRA,PSD,SC,0,1,1,0,0,0,0,0
74388,54,0.3381243379605668,JORGE BOEIRA,S.PART.,SC,0,1,1,0,0,0,0,0
74388,54,0.3381243379605668,JORGE BOEIRA,PP**,SC,0,1,1,0,0,0,0,0
160572,54,0.3381243379605668,JORGE CORTE REAL,PTB,PE,0,1,1,0,0,0,0,0
73569,54,0.3381243379605668,JORGE PINHEIRO,PRB,GO,0,1,0,0,0,0,0,0
73535,54,0.3381243379605668,JORGE TADEU MUDALEN,DEM,SP,0,1,1,0,0,0,0,0
160509,54,2.3276453548342824,JORGINHO MELLO,PSDB,SC,0,1,0,1,1,0,0,0
160509,54,2.3276453548342824,JORGINHO MELLO,PR,SC,0,1,0,1,1,0,0,0
141464,54,1.7542926840881508,JOSÉ AIRTON,PT,CE,0,1,0,1,0,1,0,0
73536,54,0.3381243379605668,JOSÉ ANÍBAL,PSDB,SP,0,1,1,0,0,0,0,0
160661,54,0.3381243379605668,JOSÉ AUGUSTO MAIA,PTB,PE,0,1,1,0,0,0,0,0
160661,54,0.3381243379605668,JOSÉ AUGUSTO MAIA,PROS,PE,0,1,1,0,0,0,0,0
74140,54,0.3381243379605668,JOSÉ CARLOS ARAÚJO,PDT,BA,0,1,1,0,0,0,0,0
74140,54,0.3381243379605668,JOSÉ CARLOS ARAÚJO,PSD,BA,0,1,1,0,0,0,0,0
73875,54,0.3381243379605668,JOSÉ CARLOS VIEIRA,PR,SC,0,1,0,0,0,0,0,0
73875,54,0.3381243379605668,JOSÉ CARLOS VIEIRA,PSD,SC,0,1,0,0,0,0,0,0
74423,54,0.3381243379605668,JOSÉ CHAVES,PTB,PE,0,1,1,0,0,0,0,0
160560,54,0.3381243379605668,JOSÉ DE FILIPPI,PT,SP,0,1,1,0,0,0,0,0
160560,54,0.3381243379605668,JOSÉ DE FILIPPI JÚNIOR,PT,SP,0,1,1,0,0,0,0,0
73540,54,0.3381243379605668,JOSÉ GENOÍNO,PT,SP,0,1,0,0,0,0,0,0
141470,54,0.3381243379605668,JOSÉ GUIMARÃES,PT,CE,0,1,1,0,0,0,0,0
160396,54,0.3381243379605668,JOSE HUMBERTO,PHS,MG,0,1,1,0,0,0,0,0
160396,54,0.3381243379605668,JOSE HUMBERTO,PSD,MG,0,1,1,0,0,0,0,0
74297,54,0.3381243379605668,JOSÉ LINHARES,PP**,CE,0,1,1,0,0,0,0,0
74275,54,0.3381243379605668,JOSÉ MENTOR,PT,SP,0,1,1,0,0,0,0,0
160619,54,0.3381243379605668,JOSÉ NUNES,DEM,BA,0,1,1,0,0,0,0,0
160619,54,0.3381243379605668,JOSÉ NUNES,PSD,BA,0,1,1,0,0,0,0,0
74395,54,0.3381243379605668,JOSÉ OTÁVIO GERMANO,PP**,RS,0,1,1,0,0,0,0,0
74079,54,0.3381243379605668,JOSÉ PRIANTE,PMDB,PA,0,1,1,0,0,0,0,0
74554,54,0.3381243379605668,JOSÉ ROCHA,PR,BA,0,1,1,0,0,0,0,0
160607,54,0.3381243379605668,JOSE STÉDILE,PSB,RS,0,1,1,0,0,0,0,0
4929,54,0.3381243379605668,JOSEPH BANDEIRA,PT,BA,0,1,1,0,0,0,0,0
4929,54,0.3381243379605668,JOSEPH BANDEIRA,PSB,BA,0,1,1,0,0,0,0,0
74141,54,2.3276453548342824,JOSIAS GOMES,PT,BA,0,1,0,1,1,0,0,0
74351,54,0.3381243379605668,JOSUÉ BENGTSON,PTB,PA,0,1,1,0,0,0,0,0
73666,54,0.3381243379605668,JOVAIR ARANTES,PTB,GO,0,1,1,0,0,0,0,0
160519,54,2.3276453548342824,JÚLIO CAMPOS,DEM,MT,0,1,0,1,1,0,0,0
74317,54,0.3381243379605668,JÚLIO CESAR,DEM,PI,0,1,1,0,0,0,0,0
74317,54,0.3381243379605668,JÚLIO CESAR,PSD,PI,0,1,1,0,0,0,0,0
73586,54,0.3381243379605668,JÚLIO DELGADO,PSB,MG,0,1,1,0,0,0,0,0
74253,54,0.3381243379605668,JULIO LOPES,PP**,RJ,0,1,1,0,0,0,0,0
74783,54,0.3381243379605668,JULIO SEMEGHINI,PSDB,SP,0,1,0,0,0,0,0,0
160648,54,0.3381243379605668,JÚNIOR COIMBRA,PMDB,TO,0,1,1,0,0,0,0,0
160544,54,0.3381243379605668,JUNJI ABE,DEM,SP,0,1,1,0,0,0,0,0
160544,54,0.3381243379605668,JUNJI ABE,PSD,SP,0,1,1,0,0,0,0,0
74570,54,0.3381243379605668,JUTAHY JUNIOR,PSDB,BA,0,1,1,0,0,0,0,0
160659,54,3.730168911695531,KEIKO OTA,PSB,SP,1,0,1,0,0,0,0,0
74742,54,0.3381243379605668,LAEL VARELLA,DEM,MG,0,1,1,0,0,0,0,0
151208,54,0.3381243379605668,LAERCIO OLIVEIRA,PR,SE,0,1,1,0,0,0,0,0
151208,54,0.3381243379605668,LAERCIO OLIVEIRA,SDD,SE,0,1,1,0,0,0,0,0
151208,54,0.3381243379605668,LAERCIO OLIVEIRA,SD,SE,0,1,1,0,0,0,0,0
141479,54,0.3381243379605668,LAUREZ MOREIRA,PSB,TO,0,1,1,0,0,0,0,0
160534,54,3.730168911695531,LAURIETE,PSC,ES,1,0,1,0,0,0,0,0
141480,54,0.3381243379605668,LÁZARO BOTELHO,PP**,TO,0,1,1,0,0,0,0,0
74367,54,0.3381243379605668,LEANDRO VILELA,PMDB,GO,0,1,0,0,0,0,0,0
141562,54,0.3381243379605668,LELO COIMBRA,PMDB,ES,0,1,1,0,0,0,0,0
179385,54,0.3381243379605668,LÉO OLIVEIRA,PMDB,SP,0,1,1,0,0,0,0,0
73716,54,0.3381243379605668,LEOMAR QUINTANILHA,PMDB,TO,0,1,0,0,0,0,0,0
122195,54,2.3276453548342824,LEONARDO GADELHA,PSC,PB,0,1,0,1,1,0,0,0
74156,54,1.7542926840881508,LEONARDO MONTEIRO,PT,MG,0,1,0,1,0,1,0,0
74254,54,0.3381243379605668,LEONARDO PICCIANI,PMDB,RJ,0,1,1,0,0,0,0,0
141482,54,0.3381243379605668,LEONARDO QUINTÃO,PMDB,MG,0,1,1,0,0,0,0,0
74368,54,0.3381243379605668,LEONARDO VILELA,PSDB,GO,0,1,0,0,0,0,0,0
160663,54,0.3381243379605668,LEOPOLDO MEYER,PSB,PR,0,1,1,0,0,0,0,0
160533,54,3.730168911695531,LILIAM SÁ,PR,RJ,1,0,1,0,0,0,0,0
160533,54,3.730168911695531,LILIAM SÁ,PSD,RJ,1,0,1,0,0,0,0,0
160533,54,3.730168911695531,LILIAM SÁ,PR,RJ,1,0,1,0,0,0,0,0
160533,54,3.730168911695531,LILIAM SÁ,PROS,RJ,1,0,1,0,0,0,0,0
74585,54,0.3381243379605668,LINCOLN PORTELA,PR,MG,0,1,1,0,0,0,0,0
141483,54,2.3276453548342824,LINDOMAR GARÇON,PV,RO,0,1,0,1,1,0,0,0
141462,54,0.3381243379605668,LIRA MAIA,DEM,PA,0,1,1,0,0,0,0,0
160555,54,0.3381243379605668,LOURIVAL MENDES,PTdoB,MA,0,1,1,0,0,0,0,0
73474,54,3.730168911695531,LUCI CHOINACKI,PT,SC,1,0,1,0,0,0,0,0
160628,54,5.719689928569246,LUCIANA SANTOS,PCdoB,PE,1,0,0,1,1,0,0,0
73982,54,0.3381243379605668,LUCIANO CASTRO,PR,RR,0,1,1,0,0,0,0,0
160513,54,0.3381243379605668,LUCIANO MOREIRA,PMDB,MA,0,1,0,0,0,0,0,0
73777,54,0.3381243379605668,LUCIANO PIZZATTO,DEM,PR,0,1,1,0,0,0,0,0
141484,54,0.3381243379605668,LÚCIO VALE,PR,PA,0,1,1,0,0,0,0,0
94931,54,0.3381243379605668,LUCIO VIEIRA LIMA,PMDB,BA,0,1,1,0,0,0,0,0
73483,54,0.3381243379605668,LUIS CARLOS HEINZE,PP**,RS,0,1,1,0,0,0,0,0
160510,54,0.3381243379605668,LUIS TIBE,PTdoB,MG,0,1,1,0,0,0,0,0
74133,54,1.7542926840881508,LUIZ ALBERTO,PT,BA,0,1,0,1,0,1,0,0
160547,54,0.3381243379605668,LUIZ ARGÔLO,PP**,BA,0,1,1,0,0,0,0,0
160547,54,0.3381243379605668,LUIZ ARGÔLO,SDD,BA,0,1,1,0,0,0,0,0
160547,54,0.3381243379605668,LUIZ ARGÔLO,SD,BA,0,1,1,0,0,0,0,0
160645,54,0.3381243379605668,LUIZ CARLOS,PSDB,AP,0,1,1,0,0,0,0,0
141485,54,0.3381243379605668,LUIZ CARLOS BUSATO,PTB,RS,0,1,1,0,0,0,0,0
73778,54,0.3381243379605668,LUIZ CARLOS HAULY,PSDB,PR,0,1,1,0,0,0,0,0
141486,54,0.3381243379605668,LUIZ CARLOS SETIM,DEM,PR,0,1,0,0,0,0,0,0
141486,54,0.3381243379605668,SETIM,DEM,PR,0,1,0,0,0,0,0,0
74041,54,0.3381243379605668,LUIZ COUTO,PT,PB,0,1,1,0,0,0,0,0
171618,54,2.3276453548342824,LUIZ DE DEUS,DEM,BA,0,1,0,1,1,0,0,0
141487,54,0.3381243379605668,LUIZ FERNANDO FARIA,PP**,MG,0,1,1,0,0,0,0,0
160662,54,0.3381243379605668,LUIZ FERNANDO MACHADO,PSDB,SP,0,1,1,0,0,0,0,0
162332,54,0.9119964782214178,LUIZ NISHIMORI,PSDB,PR,0,1,0,1,0,0,1,0
162332,54,0.9119964782214178,LUIZ NISHIMORI,PR,PR,0,1,0,1,0,0,1,0
161962,54,0.3381243379605668,LUIZ NOÉ,PSB,RS,0,1,1,0,0,0,0,0
161906,54,0.3381243379605668,LUIZ OTAVIO,PMDB,PA,0,1,1,0,0,0,0,0
160550,54,0.3381243379605668,LUIZ PITIMAN,PMDB,DF,0,1,1,0,0,0,0,0
160550,54,0.3381243379605668,LUIZ PITIMAN,PSDB,DF,0,1,1,0,0,0,0,0
74688,54,0.3381243379605668,LUIZ SÉRGIO,PT,RJ,0,1,1,0,0,0,0,0
74784,54,3.730168911695531,LUIZA ERUNDINA,PSB,SP,1,0,1,0,0,0,0,0
166402,54,3.730168911695531,MAGDA MOFATTO,PTB,GO,1,0,1,0,0,0,0,0
166402,54,3.730168911695531,MAGDA MOFATTO,PR,GO,1,0,1,0,0,0,0,0
74802,54,0.3381243379605668,MAGELA,PT,DF,0,1,1,0,0,0,0,0
149327,54,2.3276453548342824,MAJOR FÁBIO,DEM,PB,0,1,0,1,1,0,0,0
149327,54,2.3276453548342824,MAJOR FÁBIO,PROS,PB,0,1,0,1,1,0,0,0
160633,54,0.3381243379605668,MANDETTA,DEM,MS,0,1,1,0,0,0,0,0
179382,54,0.3381243379605668,MANOEL ANTUNES,PDT,SP,0,1,1,0,0,0,0,0
141490,54,0.3381243379605668,MANOEL JUNIOR,PMDB,PB,0,1,1,0,0,0,0,0
74456,54,0.3381243379605668,MANOEL SALVIANO,PSDB,CE,0,1,0,0,0,0,0,0
74456,54,0.3381243379605668,MANOEL SALVIANO,PSD,CE,0,1,0,0,0,0,0,0
171622,54,0.3381243379605668,MANUEL ROSA NECA,PR,RJ,0,1,0,0,0,0,0,0
141492,54,3.730168911695531,MANUELA D'ÁVILA,PCdoB,RS,1,0,1,0,0,0,0,0
160565,54,3.730168911695531,MARA GABRILLI,PSDB,SP,1,0,1,0,0,0,0,0
74124,54,0.3381243379605668,MARÇAL FILHO,PMDB,MS,0,1,1,0,0,0,0,0
178821,54,1.7542926840881508,MARCELINHO CARIOCA,PSB,SP,0,1,0,1,0,1,0,0
160660,54,0.3381243379605668,MARCELO AGUIAR,PSC,SP,0,1,1,0,0,0,0,0
160660,54,0.3381243379605668,MARCELO AGUIAR,PSD,SP,0,1,1,0,0,0,0,0
160660,54,0.3381243379605668,MARCELO AGUIAR,DEM,SP,0,1,1,0,0,0,0,0
146613,54,0.3381243379605668,MARCELO ALMEIDA,PMDB,PR,0,1,1,0,0,0,0,0
74460,54,0.3381243379605668,MARCELO CASTRO,PMDB,PI,0,1,1,0,0,0,0,0
74143,54,0.3381243379605668,MARCELO GUIMARÃES FILHO,PMDB,BA,0,1,1,0,0,0,0,0
76287,54,0.3381243379605668,MARCELO MATOS,PDT,RJ,0,1,1,0,0,0,0,0
74363,54,0.3381243379605668,MARCIO BITTAR,PSDB,AC,0,1,1,0,0,0,0,0
141497,54,0.3381243379605668,MÁRCIO FRANÇA,PSB,SP,0,1,1,0,0,0,0,0
141496,54,2.3276453548342824,MARCIO JUNQUEIRA,DEM,RR,0,1,0,1,1,0,0,0
141496,54,2.3276453548342824,MARCIO JUNQUEIRA,PP**,RR,0,1,0,1,1,0,0,0
141496,54,2.3276453548342824,MARCIO JUNQUEIRA,PROS,RR,0,1,0,1,1,0,0,0
160542,54,0.3381243379605668,MÁRCIO MACÊDO,PT,SE,0,1,1,0,0,0,0,0
150418,54,1.7542926840881508,MÁRCIO MARINHO,PRB,BA,0,1,0,1,0,1,0,0
74744,54,0.3381243379605668,MARCIO REINALDO MOREIRA,PP**,MG,0,1,1,0,0,0,0,0
133373,54,0.3381243379605668,MARCO MAIA,PT,RS,0,1,1,0,0,0,0,0
160536,54,0.3381243379605668,MARCO TEBALDI,PSDB,SC,0,1,1,0,0,0,0,0
160535,54,0.3381243379605668,MARCON,PT,RS,0,1,1,0,0,0,0,0
74745,54,0.3381243379605668,MARCOS LIMA,PMDB,MG,0,1,0,0,0,0,0,0
74634,54,2.3276453548342824,MARCOS MEDRADO,PDT,BA,0,1,0,1,1,0,0,0
74634,54,2.3276453548342824,MARCOS MEDRADO,SDD,BA,0,1,0,1,1,0,0,0
74634,54,2.3276453548342824,MARCOS MEDRADO,SD,BA,0,1,0,1,1,0,0,0
141500,54,0.3381243379605668,MARCOS MONTES,DEM,MG,0,1,1,0,0,0,0,0
141500,54,0.3381243379605668,MARCOS MONTES,PSD,MG,0,1,1,0,0,0,0,0
167722,54,0.3381243379605668,MARCOS ROGÉRIO,PDT,RO,0,1,1,0,0,0,0,0
159238,54,0.3381243379605668,MARCUS PESTANA,PSDB,MG,0,1,1,0,0,0,0,0
74235,54,0.3381243379605668,MARCUS VICENTE,PP**,ES,0,1,1,0,0,0,0,0
171619,54,3.730168911695531,MARGARIDA SALOMÃO,PT,MG,1,0,1,0,0,0,0,0
74398,54,3.730168911695531,MARIA DO ROSÁRIO,PT,RS,1,0,1,0,0,0,0,0
176794,54,3.730168911695531,MARIA LUCIA PRANDI,PT,SP,1,0,1,0,0,0,0,0
164361,54,3.730168911695531,MARINA SANTANNA,PT,GO,1,0,1,0,0,0,0,0
74177,54,3.730168911695531,MARINHA RAUPP,PMDB,RO,1,0,1,0,0,0,0,0
74747,54,0.3381243379605668,MÁRIO DE OLIVEIRA,PSC,MG,0,1,0,0,0,0,0,0
168447,54,2.3276453548342824,MÁRIO FEITOZA,PMDB,CE,0,1,0,1,1,0,0,0
74158,54,0.3381243379605668,MÁRIO HERINGER,PDT,MG,0,1,1,0,0,0,0,0
74635,54,0.3381243379605668,MÁRIO NEGROMONTE,PP**,BA,0,1,0,0,0,0,0,0
121759,54,0.3381243379605668,MARLLOS SAMPAIO,PMDB,PI,0,1,1,0,0,0,0,0
179880,54,0.3381243379605668,MASSAMI MIKI,PSL,AM,0,1,1,0,0,0,0,0
179386,54,0.3381243379605668,MAURÍCIO ALMEIDA,PSB,MA,0,1,1,0,0,0,0,0
75431,54,0.3381243379605668,MAURÍCIO DZIEDRICKI,PTB,RS,0,1,1,0,0,0,0,0
74050,54,2.3276453548342824,MAURÍCIO QUINTELLA LESSA,PR,AL,0,1,0,1,1,0,0,0
74045,54,0.3381243379605668,MAURÍCIO RANDS,PT,PE,0,1,1,0,0,0,0,0
141506,54,0.3381243379605668,MAURÍCIO TRINDADE,PR,BA,0,1,1,0,0,0,0,0
141506,54,0.3381243379605668,MAURÍCIO TRINDADE,PROS,BA,0,1,1,0,0,0,0,0
73588,54,0.3381243379605668,MAURO BENEVIDES,PMDB,CE,0,1,1,0,0,0,0,0
74749,54,0.3381243379605668,MAURO LOPES,PMDB,MG,0,1,1,0,0,0,0,0
141507,54,0.3381243379605668,MAURO MARIANI,PMDB,SC,0,1,1,0,0,0,0,0
141508,54,0.3381243379605668,MAURO NAZIF,PSB,RO,0,1,1,0,0,0,0,0
178827,54,0.3381243379605668,MAX FILHO,PTB,ES,0,1,1,0,0,0,0,0
73904,54,0.3381243379605668,MENDES RIBEIRO FILHO,PMDB,RS,0,1,0,0,0,0,0,0
74428,54,2.3276453548342824,MENDONÇA FILHO,DEM,PE,0,1,0,1,1,0,0,0
74056,54,2.3276453548342824,MENDONÇA PRADO,DEM,SE,0,1,0,1,1,0,0,0
141509,54,2.3276453548342824,MIGUEL CORRÊA,PT,MG,0,1,0,1,1,0,0,0
74787,54,0.3381243379605668,MILTON MONTI,PR,SP,0,1,1,0,0,0,0,0
160644,54,1.7542926840881508,MIRIQUINHO BATISTA,PT,PA,0,1,0,1,0,1,0,0
74862,54,0.3381243379605668,MIRO TEIXEIRA,PDT,RJ,0,1,1,0,0,0,0,0
74862,54,0.3381243379605668,MIRO TEIXEIRA,PROS,RJ,0,1,1,0,0,0,0,0
160561,54,0.3381243379605668,MISSIONÁRIO JOSÉ OLIMPIO,PP**,SP,0,1,1,0,0,0,0,0
74238,54,0.3381243379605668,MOACIR MICHELETTO,PMDB,PR,0,1,0,0,0,0,0,0
141537,54,0.3381243379605668,MOREIRA MENDES,PPS,RO,0,1,1,0,0,0,0,0
141537,54,0.3381243379605668,MOREIRA MENDES,PSD,RO,0,1,1,0,0,0,0,0
74108,54,0.3381243379605668,NARCIO RODRIGUES,PSDB,MG,0,1,0,0,0,0,0,0
133372,54,0.3381243379605668,NATAN DONADON,PMDB,RO,0,1,0,0,0,0,0,0
133372,54,0.3381243379605668,NATAN DONADON,S.PART.,RO,0,1,0,0,0,0,0,0
74491,54,0.3381243379605668,NAZARENO FONTELES,PT,PI,0,1,0,0,0,0,0,0
141510,54,0.3381243379605668,NEILTON MULIM,PR,RJ,0,1,1,0,0,0,0,0
73416,54,0.3381243379605668,NELSON BORNIER,PMDB,RJ,0,1,1,0,0,0,0,0
160567,54,0.3381243379605668,NELSON MARCHEZAN JUNIOR,PSDB,RS,0,1,1,0,0,0,0,0
73553,54,0.3381243379605668,NELSON MARQUEZELLI,PTB,SP,0,1,1,0,0,0,0,0
73781,54,0.3381243379605668,NELSON MEURER,PP**,PR,0,1,1,0,0,0,0,0
160566,54,0.3381243379605668,NELSON PADOVANI,PSC,PR,0,1,1,0,0,0,0,0
74571,54,2.3276453548342824,NELSON PELLEGRINO,PT,BA,0,1,0,1,1,0,0,0
146307,54,0.3381243379605668,NERI GELLER,PP**,MT,0,1,1,0,0,0,0,0
74750,54,0.3381243379605668,NEWTON CARDOSO,PMDB,MG,0,1,0,0,0,0,0,0
160657,54,0.3381243379605668,NEWTON LIMA,PT,SP,0,1,1,0,0,0,0,0
74447,54,3.730168911695531,NICE LOBÃO,DEM,MA,1,0,0,0,0,0,0,0
74447,54,3.730168911695531,NICE LOBÃO,PSD,MA,1,0,0,0,0,0,0,0
160564,54,3.730168911695531,NILDA GONDIM,PMDB,PB,1,0,1,0,0,0,0,0
73594,54,3.730168911695531,NILMAR RUIZ,PR,TO,1,0,1,0,0,0,0,0
73594,54,3.730168911695531,NILMAR RUIZ,PEN,TO,1,0,1,0,0,0,0,0
74751,54,0.3381243379605668,NILMÁRIO MIRANDA,PT,MG,0,1,1,0,0,0,0,0
166401,54,2.3276453548342824,NILSON LEITÃO,PSDB,MT,0,1,0,1,1,0,0,0
74352,54,2.3276453548342824,NILSON PINTO,PSDB,PA,0,1,0,1,1,0,0,0
74359,54,0.3381243379605668,NILTON CAPIXABA,PTB,RO,0,1,1,0,0,0,0,0
74159,54,0.3381243379605668,ODAIR CUNHA,PT,MG,0,1,1,0,0,0,0,0
73782,54,0.3381243379605668,ODILIO BALBINOTTI,PMDB,PR,0,1,0,0,0,0,0,0
73464,54,0.3381243379605668,OLIVEIRA FILHO,PRB,PR,0,1,1,0,0,0,0,0
160563,54,0.3381243379605668,ONOFRE SANTO AGOSTINI,DEM,SC,0,1,0,0,0,0,0,0
160563,54,0.3381243379605668,ONOFRE SANTO AGOSTINI,PSD,SC,0,1,0,0,0,0,0,0
74399,54,0.3381243379605668,ONYX LORENZONI,DEM,RS,0,1,1,0,0,0,0,0
141514,54,0.3381243379605668,OSMAR JÚNIOR,PCdoB,PI,0,1,1,0,0,0,0,0
73463,54,0.3381243379605668,OSMAR SERRAGLIO,PMDB,PR,0,1,1,0,0,0,0,0
73692,54,0.3381243379605668,OSMAR TERRA,PMDB,RS,0,1,1,0,0,0,0,0
74430,54,0.3381243379605668,OSVALDO COELHO,DEM,PE,0,1,0,0,0,0,0,0
74191,54,0.3381243379605668,OSVALDO REIS,PMDB,TO,0,1,1,0,0,0,0,0
141515,54,0.3381243379605668,OTAVIO LEITE,PSDB,RJ,0,1,1,0,0,0,0,0
160540,54,0.3381243379605668,OTONIEL LIMA,PRB,SP,0,1,1,0,0,0,0,0
160650,54,0.3381243379605668,OZIEL OLIVEIRA,PDT,BA,0,1,1,0,0,0,0,0
160556,54,0.3381243379605668,PADRE JOAO,PT,MG,0,1,1,0,0,0,0,0
160670,54,1.7542926840881508,PADRE TON,PT,RO,0,1,0,1,0,1,0,0
74319,54,0.3381243379605668,PAES LANDIM,PTB,PI,0,1,1,0,0,0,0,0
160642,54,2.3276453548342824,PASTOR EURICO,PSB,PE,0,1,0,1,1,0,0,0
160601,54,0.3381243379605668,PASTOR MARCO FELICIANO,PSC,SP,0,1,1,0,0,0,0,0
74095,54,2.3276453548342824,PAUDERNEY AVELINO,DEM,AM,0,1,0,1,1,0,0,0
171617,54,2.3276453548342824,PAULÃO,PT,AL,0,1,0,1,1,0,0,0
141516,54,0.3381243379605668,PAULO ABI-ACKEL,PSDB,MG,0,1,1,0,0,0,0,0
73883,54,0.3381243379605668,PAULO BORNHAUSEN,DEM,SC,0,1,1,0,0,0,0,0
73883,54,0.3381243379605668,PAULO BORNHAUSEN,PSD,SC,0,1,1,0,0,0,0,0
73883,54,0.3381243379605668,PAULO BORNHAUSEN,PSB,SC,0,1,1,0,0,0,0,0
160668,54,0.3381243379605668,PAULO CESAR QUARTIERO,DEM,RR,0,1,1,0,0,0,0,0
74017,54,0.3381243379605668,PAULO FEIJÓ,PR,RJ,0,1,1,0,0,0,0,0
109372,54,0.3381243379605668,PAULO FERREIRA,PT,RS,0,1,1,0,0,0,0,0
160517,54,0.3381243379605668,PAULO FOLETTO,PSB,ES,0,1,1,0,0,0,0,0
160558,54,0.3381243379605668,PAULO FREIRE,PR,SP,0,1,1,0,0,0,0,0
141517,54,2.3276453548342824,PAULO HENRIQUE LUSTOSA,PMDB,CE,0,1,0,1,1,0,0,0
141517,54,2.3276453548342824,PAULO HENRIQUE LUSTOSA,PP**,CE,0,1,0,1,1,0,0,0
74574,54,0.3381243379605668,PAULO MAGALHÃES,DEM,BA,0,1,1,0,0,0,0,0
74574,54,0.3381243379605668,PAULO MAGALHÃES,PSD,BA,0,1,1,0,0,0,0,0
132056,54,0.3381243379605668,PAULO MALUF,PP**,SP,0,1,1,0,0,0,0,0
128760,54,0.3381243379605668,PAULO MARINHO JUNIOR,PMDB,MA,0,1,1,0,0,0,0,0
141518,54,0.3381243379605668,PAULO PEREIRA DA SILVA,PDT,SP,0,1,1,0,0,0,0,0
141518,54,0.3381243379605668,PAULO PEREIRA DA SILVA,SDD,SP,0,1,1,0,0,0,0,0
141518,54,0.3381243379605668,PAULO PEREIRA DA SILVA,SD,SP,0,1,1,0,0,0,0,0
141519,54,0.3381243379605668,PAULO PIAU,PMDB,MG,0,1,1,0,0,0,0,0
74400,54,0.3381243379605668,PAULO PIMENTA,PT,RS,0,1,1,0,0,0,0,0
74047,54,0.3381243379605668,PAULO RUBEM SANTIAGO,PDT,PE,0,1,1,0,0,0,0,0
160658,54,0.3381243379605668,PAULO TADEU,PT,DF,0,1,0,0,0,0,0,0
141488,54,0.3381243379605668,PAULO TEIXEIRA,PT,SP,0,1,1,0,0,0,0,0
160593,54,0.3381243379605668,PAULO WAGNER,PV,RN,0,1,1,0,0,0,0,0
74812,54,0.3381243379605668,PEDRO CHAVES,PMDB,GO,0,1,1,0,0,0,0,0
74556,54,0.3381243379605668,PEDRO EUGÊNIO,PT,PE,0,1,1,0,0,0,0,0
74449,54,0.3381243379605668,PEDRO FERNANDES,PTB,MA,0,1,1,0,0,0,0,0
174314,54,0.3381243379605668,PEDRO GUERRA,DEM,PR,0,1,1,0,0,0,0,0
174314,54,0.3381243379605668,PEDRO GUERRA,PSD,PR,0,1,1,0,0,0,0,0
74111,54,0.3381243379605668,PEDRO HENRY,PP**,MT,0,1,0,0,0,0,0,0
74207,54,0.3381243379605668,PEDRO NOVAIS,PMDB,MA,0,1,1,0,0,0,0,0
122158,54,0.3381243379605668,PEDRO PAULO,PMDB,RJ,0,1,1,0,0,0,0,0
160604,54,0.3381243379605668,PEDRO UCZAI,PT,SC,0,1,1,0,0,0,0,0
80920,54,0.3381243379605668,PENNA,PV,SP,0,1,1,0,0,0,0,0
141445,54,0.3381243379605668,PEPE VARGAS,PT,RS,0,1,1,0,0,0,0,0
73943,54,3.730168911695531,PERPÉTUA ALMEIDA,PCdoB,AC,1,0,1,0,0,0,0,0
179384,54,0.3381243379605668,PINTO DE LUNA,PT,AL,0,1,1,0,0,0,0,0
141465,54,0.3381243379605668,PINTO ITAMARATY,PSDB,MA,0,1,1,0,0,0,0,0
172711,54,2.3276453548342824,PLÍNIO VALÉRIO,DEM,AM,0,1,0,1,1,0,0,0
172711,54,2.3276453548342824,PLÍNIO VALÉRIO,PSDB,AM,0,1,0,1,1,0,0,0
162174,54,2.3276453548342824,POLICARPO,PT,DF,0,1,0,1,1,0,0,0
170673,54,0.3381243379605668,PROF. SÉRGIO DE OLIVEIRA,PSC,PR,0,1,1,0,0,0,0,0
170673,54,0.3381243379605668,PROFESSOR SÉRGIO DE OLIVEIRA,PSC,PR,0,1,1,0,0,0,0,0
141543,54,2.3276453548342824,PROFESSOR SETIMO,PMDB,MA,0,1,0,1,1,0,0,0
148134,54,0.3381243379605668,PROFESSOR VICTÓRIO GALLI,PMDB,MT,0,1,1,0,0,0,0,0
160639,54,3.730168911695531,PROFESSORA DORINHA SEABRA REZENDE,DEM,TO,1,0,1,0,0,0,0,0
160641,54,5.719689928569246,PROFESSORA MARCIVANIA,PT,AP,1,0,0,1,1,0,0,0
160516,54,0.3381243379605668,RAIMUNDÃO,PMDB,CE,0,1,1,0,0,0,0,0
74216,54,0.3381243379605668,RAIMUNDO GOMES DE MATOS,PSDB,CE,0,1,1,0,0,0,0,0
141403,54,0.3381243379605668,RATINHO JUNIOR,PSC,PR,0,1,1,0,0,0,0,0
141523,54,0.3381243379605668,RAUL HENRY,PMDB,PE,0,1,1,0,0,0,0,0
160656,54,2.3276453548342824,RAUL LIMA,PP**,RR,0,1,0,1,1,0,0,0
160656,54,2.3276453548342824,RAUL LIMA,PSD,RR,0,1,0,1,1,0,0,0
160656,54,2.3276453548342824,RAUL LIMA,PP**,RR,0,1,0,1,1,0,0,0
141525,54,5.719689928569246,REBECCA GARCIA,PP**,AM,1,0,0,1,1,0,0,0
74161,54,0.3381243379605668,REGINALDO LOPES,PT,MG,0,1,1,0,0,0,0,0
89282,54,0.3381243379605668,REGUFFE,PDT,DF,0,1,1,0,0,0,0,0
160615,54,0.3381243379605668,REINALDO AZAMBUJA,PSDB,MS,0,1,1,0,0,0,0,0
73786,54,0.3381243379605668,REINHOLD STEPHANES,PMDB,PR,0,1,1,0,0,0,0,0
73786,54,0.3381243379605668,REINHOLD STEPHANES,PSD,PR,0,1,1,0,0,0,0,0
160623,54,0.3381243379605668,RENAN FILHO,PMDB,AL,0,1,1,0,0,0,0,0
171620,54,0.3381243379605668,RENATO ANDRADE,PP**,MG,0,1,1,0,0,0,0,0
141527,54,0.3381243379605668,RENATO MOLLING,PP**,RS,0,1,1,0,0,0,0,0
175212,54,0.3381243379605668,RENATO SIMÕES,PT,SP,0,1,1,0,0,0,0,0
160654,54,0.3381243379605668,RENZO BRAZ,PP**,MG,0,1,1,0,0,0,0,0
74027,54,2.3276453548342824,RIBAMAR ALVES,PSB,MA,0,1,0,1,1,0,0,0
169553,54,0.3381243379605668,RICARDO ARCHER,PMDB,MA,0,1,1,0,0,0,0,0
172945,54,0.3381243379605668,RICARDO ARRUDA,PSC,PR,0,1,1,0,0,0,0,0
74793,54,0.3381243379605668,RICARDO BERZOINI,PT,SP,0,1,0,0,0,0,0,0
160655,54,0.3381243379605668,RICARDO IZAR,PV,SP,0,1,1,0,0,0,0,0
160655,54,0.3381243379605668,RICARDO IZAR,PSD,SP,0,1,1,0,0,0,0,0
150634,54,2.3276453548342824,RICARDO QUIRINO,PRB,DF,0,1,0,1,1,0,0,0
141472,54,0.3381243379605668,RICARDO TRIPOLI,PSDB,SP,0,1,1,0,0,0,0,0
73674,54,0.3381243379605668,ROBERTO BALESTRA,PP**,GO,0,1,1,0,0,0,0,0
141529,54,2.3276453548342824,ROBERTO BRITTO,PP**,BA,0,1,0,1,1,0,0,0
160653,54,0.3381243379605668,ROBERTO DE LUCENA,PV,SP,0,1,1,0,0,0,0,0
161903,54,0.3381243379605668,ROBERTO DORNER,PP**,MT,0,1,1,0,0,0,0,0
161903,54,0.3381243379605668,ROBERTO DORNER,PSD,MT,0,1,1,0,0,0,0,0
73805,54,0.3381243379605668,ROBERTO FREIRE,PPS,SP,0,1,1,0,0,0,0,0
141473,54,0.3381243379605668,ROBERTO SANTIAGO,PV,SP,0,1,1,0,0,0,0,0
141473,54,0.3381243379605668,ROBERTO SANTIAGO,PSD,SP,0,1,1,0,0,0,0,0
160652,54,2.3276453548342824,ROBERTO TEIXEIRA,PP**,PE,0,1,0,1,1,0,0,0
152865,54,0.3381243379605668,RODRIGO BETHLEM,PMDB,RJ,0,1,1,0,0,0,0,0
141531,54,0.3381243379605668,RODRIGO DE CASTRO,PSDB,MG,0,1,1,0,0,0,0,0
88950,54,0.3381243379605668,RODRIGO GARCIA,DEM,SP,0,1,1,0,0,0,0,0
74693,54,0.3381243379605668,RODRIGO MAIA,DEM,RJ,0,1,1,0,0,0,0,0
160568,54,0.3381243379605668,ROGÉRIO CARVALHO,PT,SE,0,1,1,0,0,0,0,0
141535,54,2.3276453548342824,ROGÉRIO MARINHO,PSDB,RN,0,1,0,1,1,0,0,0
160651,54,0.3381243379605668,ROGÉRIO PENINHA MENDONÇA,PMDB,SC,0,1,1,0,0,0,0,0
167707,54,3.730168911695531,ROMANNA REMOR,DEM,SC,1,0,0,0,0,0,0,0
167707,54,3.730168911695531,ROMANNA REMOR,PMDB,SC,1,0,0,0,0,0,0,0
160597,54,2.3276453548342824,ROMÁRIO,PSB,RJ,0,1,0,1,1,0,0,0
160597,54,2.3276453548342824,ROMÁRIO,S.PART.,RJ,0,1,0,1,1,0,0,0
160597,54,2.3276453548342824,ROMÁRIO,PSB,RJ,0,1,0,1,1,0,0,0
160629,54,0.3381243379605668,ROMERO RODRIGUES,PSDB,PB,0,1,1,0,0,0,0,0
160515,54,0.3381243379605668,RONALDO BENEDET,PMDB,SC,0,1,1,0,0,0,0,0
74813,54,0.3381243379605668,RONALDO CAIADO,DEM,GO,0,1,1,0,0,0,0,0
160637,54,2.3276453548342824,RONALDO FONSECA,PR,DF,0,1,0,1,1,0,0,0
160637,54,2.3276453548342824,RONALDO FONSECA,PROS,DF,0,1,0,1,1,0,0,0
163321,54,0.3381243379605668,RONALDO NOGUEIRA,PTB,RS,0,1,1,0,0,0,0,0
160594,54,0.3381243379605668,RONALDO ZULKE,PT,RS,0,1,1,0,0,0,0,0
160614,54,3.730168911695531,ROSANE FERREIRA,PV,PR,1,0,1,0,0,0,0,0
73507,54,3.730168911695531,ROSE DE FREITAS,PMDB,ES,1,0,1,0,0,0,0,0
146949,54,3.730168911695531,ROSINHA DA ADEFAL,PTdoB,AL,1,0,1,0,0,0,0,0
73466,54,0.3381243379605668,RUBENS BUENO,PPS,PR,0,1,1,0,0,0,0,0
74371,54,0.3381243379605668,RUBENS OTONI,PT,GO,0,1,1,0,0,0,0,0
104254,54,2.3276453548342824,RUI COSTA,PT,BA,0,1,0,1,1,0,0,0
76420,54,0.3381243379605668,RUI PALMEIRA,PSDB,AL,0,1,1,0,0,0,0,0
160635,54,0.3381243379605668,RUY CARNEIRO,PSDB,PB,0,1,1,0,0,0,0,0
141522,54,2.3276453548342824,SABINO CASTELO BRANCO,PTB,AM,0,1,0,1,1,0,0,0
160630,54,0.3381243379605668,SÁGUAS MORAES,PT,MT,0,1,1,0,0,0,0,0
73559,54,0.3381243379605668,SALVADOR ZIMBALDI,PDT,SP,0,1,1,0,0,0,0,0
73559,54,0.3381243379605668,SALVADOR ZIMBALDI,PROS,SP,0,1,1,0,0,0,0,0
74372,54,2.3276453548342824,SANDES JÚNIOR,PP**,GO,0,1,0,1,1,0,0,0
74039,54,3.730168911695531,SANDRA ROSADO,PSB,RN,1,0,1,0,0,0,0,0
160621,54,0.3381243379605668,SANDRO ALEX,PPS,PR,0,1,1,0,0,0,0,0
73676,54,0.3381243379605668,SANDRO MABEL,PR,GO,0,1,0,0,0,0,0,0
73676,54,0.3381243379605668,SANDRO MABEL,PMDB,GO,0,1,0,0,0,0,0,0
74762,54,0.3381243379605668,SARAIVA FELIPE,PMDB,MG,0,1,1,0,0,0,0,0
74210,54,0.3381243379605668,SARNEY FILHO,PV,MA,0,1,1,0,0,0,0,0
141539,54,0.3381243379605668,SEBASTIÃO BALA ROCHA,PDT,AP,0,1,1,0,0,0,0,0
141539,54,0.3381243379605668,SEBASTIÃO BALA ROCHA,SDD,AP,0,1,1,0,0,0,0,0
141539,54,0.3381243379605668,SEBASTIÃO BALA ROCHA,SD,AP,0,1,1,0,0,0,0,0
74533,54,0.3381243379605668,SERGIO BARRADAS CARNEIRO,PT,BA,0,1,1,0,0,0,0,0
73808,54,2.3276453548342824,SÉRGIO BRITO,PSC,BA,0,1,0,1,1,0,0,0
73808,54,2.3276453548342824,SÉRGIO BRITO,PSD,BA,0,1,0,1,1,0,0,0
74435,54,0.3381243379605668,SERGIO GUERRA,PSDB,PE,0,1,0,0,0,0,0,0
141542,54,0.3381243379605668,SÉRGIO MORAES,PTB,RS,0,1,1,0,0,0,0,0
160612,54,0.3381243379605668,SERGIO ZVEITER,PDT,RJ,0,1,1,0,0,0,0,0
160612,54,0.3381243379605668,SERGIO ZVEITER,PSD,RJ,0,1,1,0,0,0,0,0
167614,54,0.3381243379605668,SEVERINO NINHO,PSB,PE,0,1,1,0,0,0,0,0
160613,54,1.7542926840881508,SIBA MACHADO,PT,AC,0,1,0,1,0,1,0,0
74765,54,0.3381243379605668,SILAS BRASILEIRO,PMDB,MG,0,1,1,0,0,0,0,0
74356,54,2.3276453548342824,SILAS CÂMARA,PSC,AM,0,1,0,1,1,0,0,0
74356,54,2.3276453548342824,SILAS CÂMARA,PSD,AM,0,1,0,1,1,0,0,0
4930,54,0.3381243379605668,SILVIO COSTA,PTB,PE,0,1,1,0,0,0,0,0
4930,54,0.3381243379605668,SILVIO COSTA,PSC,PE,0,1,1,0,0,0,0,0
73560,54,0.3381243379605668,SILVIO TORRES,PSDB,SP,0,1,1,0,0,0,0,0
73424,54,0.3381243379605668,SIMÃO SESSIM,PP**,RJ,0,1,1,0,0,0,0,0
168175,54,0.3381243379605668,SIMPLÍCIO ARAÚJO,PPS,MA,0,1,1,0,0,0,0,0
168175,54,0.3381243379605668,SIMPLÍCIO ARAÚJO,SDD,MA,0,1,1,0,0,0,0,0
168175,54,0.3381243379605668,SIMPLÍCIO ARAÚJO,SD,MA,0,1,1,0,0,0,0,0
141547,54,3.730168911695531,SOLANGE ALMEIDA,PMDB,RJ,1,0,1,0,0,0,0,0
92776,54,0.3381243379605668,STEFANO AGUIAR,PSC,MG,0,1,1,0,0,0,0,0
92776,54,0.3381243379605668,STEFANO AGUIAR,PSB,MG,0,1,1,0,0,0,0,0
160627,54,0.3381243379605668,STEPAN NERCESSIAN,PPS,RJ,0,1,1,0,0,0,0,0
177282,54,0.3381243379605668,SUBTENENTE GONZAGA,PV,MG,0,1,1,0,0,0,0,0
177282,54,0.3381243379605668,SUBTENENTE GONZAGA,PDT,MG,0,1,1,0,0,0,0,0
141548,54,3.730168911695531,SUELI VIDIGAL,PDT,ES,1,0,1,0,0,0,0,0
74385,54,0.9119964782214178,TAKAYAMA,PSC,PR,0,1,0,1,0,0,1,0
160679,54,0.3381243379605668,TAUMATURGO,PT,AC,0,1,0,0,0,0,0,0
160679,54,0.3381243379605668,TAUMATURGO LIMA,PT,AC,0,1,0,0,0,0,0,0
169711,54,5.719689928569246,TELMA PINHEIRO,PSDB,MA,1,0,0,1,1,0,0,0
160608,54,5.719689928569246,TERESA SURITA,PMDB,RR,1,0,0,1,1,0,0,0
160617,54,2.3276453548342824,THIAGO PEIXOTO,PMDB,GO,0,1,0,1,1,0,0,0
160617,54,2.3276453548342824,THIAGO PEIXOTO,PSD,GO,0,1,0,1,1,0,0,0
160976,54,2.3276453548342824,TIRIRICA,PR,SP,0,1,0,1,1,0,0,0
160611,54,2.3276453548342824,TONINHO PINHEIRO,PP**,MG,0,1,0,1,1,0,0,0
141551,54,0.3381243379605668,URZENI ROCHA,PSDB,RR,0,1,1,0,0,0,0,0
141551,54,0.3381243379605668,URZENI ROCHA,PSD,RR,0,1,1,0,0,0,0,0
141384,54,0.3381243379605668,VALADARES FILHO,PSB,SE,0,1,1,0,0,0,0,0
73565,54,0.3381243379605668,VALDEMAR COSTA NETO,PR,SP,0,1,0,0,0,0,0,0
74010,54,0.3381243379605668,VALDIR COLATTO,PMDB,SC,0,1,1,0,0,0,0,0
162490,54,0.3381243379605668,VALDIVINO DE OLIVEIRA,PSDB,GO,0,1,1,0,0,0,0,0
160610,54,1.7542926840881508,VALMIR ASSUNÇÃO,PT,BA,0,1,0,1,0,1,0,0
169868,54,2.3276453548342824,VALRY MORAIS,PRP,PA,0,1,0,1,1,0,0,0
141552,54,0.3381243379605668,VALTENIR PEREIRA,PSB,MT,0,1,1,0,0,0,0,0
141552,54,0.3381243379605668,VALTENIR PEREIRA,PROS,MT,0,1,1,0,0,0,0,0
74376,54,0.3381243379605668,VANDER LOUBET,PT,MS,0,1,1,0,0,0,0,0
141553,54,0.3381243379605668,VANDERLEI MACRIS,PSDB,SP,0,1,1,0,0,0,0,0
167617,54,0.3381243379605668,VANDERLEI SIRAQUE,PT,SP,0,1,1,0,0,0,0,0
160595,54,0.3381243379605668,VAZ DE LIMA,PSDB,SP,0,1,1,0,0,0,0,0
74308,54,0.3381243379605668,VICENTE ARRUDA,PR,CE,0,1,1,0,0,0,0,0
74308,54,0.3381243379605668,VICENTE ARRUDA,PROS,CE,0,1,1,0,0,0,0,0
160622,54,1.7542926840881508,VICENTE CANDIDO,PT,SP,0,1,0,1,0,1,0,0
159258,54,0.3381243379605668,VICENTE SELISTRE,PSB,RS,0,1,1,0,0,0,0,0
74283,54,1.7542926840881508,VICENTINHO,PT,SP,0,1,0,1,0,1,0,0
141400,54,0.3381243379605668,VIEIRA DA CUNHA,PDT,RS,0,1,1,0,0,0,0,0
163322,54,2.3276453548342824,VILALBA,PRB,PE,0,1,0,1,1,0,0,0
163322,54,2.3276453548342824,VILALBA,PP**,PE,0,1,0,1,1,0,0,0
73677,54,0.3381243379605668,VILMAR ROCHA,DEM,GO,0,1,1,0,0,0,0,0
73677,54,0.3381243379605668,VILMAR ROCHA,PSD,GO,0,1,1,0,0,0,0,0
141870,54,0.3381243379605668,VILSON COVATTI,PP**,RS,0,1,0,0,0,0,0,0
160591,54,0.3381243379605668,VINICIUS GURGEL,PRTB,AP,0,1,1,0,0,0,0,0
160591,54,0.3381243379605668,VINICIUS GURGEL,S.PART.,AP,0,1,1,0,0,0,0,0
160591,54,0.3381243379605668,VINICIUS GURGEL,PR,AP,0,1,1,0,0,0,0,0
92355,54,1.7542926840881508,VITOR PAULO,PRB,RJ,0,1,0,1,0,1,0,0
141557,54,0.3381243379605668,VITOR PENIDO,DEM,MG,0,1,1,0,0,0,0,0
137853,54,0.3381243379605668,WADSON RIBEIRO,PCdoB,MG,0,1,1,0,0,0,0,0
160569,54,2.3276453548342824,WALDENOR PEREIRA,PT,BA,0,1,0,1,1,0,0,0
141558,54,2.3276453548342824,WALDIR MARANHÃO,PP**,MA,0,1,0,1,1,0,0,0
160631,54,0.3381243379605668,WALNEY ROCHA,PTB,RJ,0,1,1,0,0,0,0,0
74284,54,0.3381243379605668,WALTER FELDMAN,PSDB,SP,0,1,0,0,0,0,0,0
74284,54,0.3381243379605668,WALTER FELDMAN,PSB,SP,0,1,0,0,0,0,0,0
141560,54,0.3381243379605668,WALTER IHOSHI,DEM,SP,0,1,1,0,0,0,0,0
141560,54,0.3381243379605668,WALTER IHOSHI,PSD,SP,0,1,1,0,0,0,0,0
160609,54,2.3276453548342824,WALTER TOSTA,PMN,MG,0,1,0,1,1,0,0,0
160609,54,2.3276453548342824,WALTER TOSTA,PSD,MG,0,1,0,1,1,0,0,0
141561,54,0.3381243379605668,WANDENKOLK GONÇALVES,PSDB,PA,0,1,1,0,0,0,0,0
160620,54,0.3381243379605668,WASHINGTON REIS,PMDB,RJ,0,1,1,0,0,0,0,0
160518,54,0.3381243379605668,WELITON PRADO,PT,MG,0,1,1,0,0,0,0,0
73653,54,0.3381243379605668,WELLINGTON FAGUNDES,PR,MT,0,1,1,0,0,0,0,0
74043,54,2.3276453548342824,WELLINGTON ROBERTO,PR,PB,0,1,0,1,1,0,0,0
179387,54,0.3381243379605668,WELLINGTON SALGADO,PMDB,MG,0,1,0,0,0,0,0,0
167493,54,1.7542926840881508,WEVERTON ROCHA,PDT,MA,0,1,0,1,0,1,0,0
160586,54,0.3381243379605668,WILLIAM DIB,PSDB,SP,0,1,0,0,0,0,0,0
160636,54,0.3381243379605668,WILSON FILHO,PMDB,PB,0,1,1,0,0,0,0,0
160636,54,0.3381243379605668,WILSON FILHO,PTB,PB,0,1,1,0,0,0,0,0
73930,54,2.3276453548342824,WLADIMIR COSTA,PMDB,PA,0,1,0,1,1,0,0,0
73930,54,2.3276453548342824,WLADIMIR COSTA,SDD,PA,0,1,0,1,1,0,0,0
73930,54,2.3276453548342824,WLADIMIR COSTA,SD,PA,0,1,0,1,1,0,0,0
74439,54,0.3381243379605668,WOLNEY QUEIROZ,PDT,PE,0,1,1,0,0,0,0,0
168253,54,2.3276453548342824,ZE CARLOS DA PESCA,PP**,BA,0,1,0,1,1,0,0,0
73931,54,0.3381243379605668,ZÉ GERALDO,PT,PA,0,1,1,0,0,0,0,0
160632,54,0.3381243379605668,ZÉ SILVA,PDT,MG,0,1,1,0,0,0,0,0
160632,54,0.3381243379605668,ZÉ SILVA,SDD,MG,0,1,1,0,0,0,0,0
160632,54,0.3381243379605668,ZÉ SILVA,SD,MG,0,1,1,0,0,0,0,0
152607,54,0.3381243379605668,ZÉ VIEIRA,PR,MA,0,1,1,0,0,0,0,0
152607,54,0.3381243379605668,ZÉ VIEIRA,PROS,MA,0,1,1,0,0,0,0,0
160592,54,0.3381243379605668,ZECA DIRCEU,PT,PR,0,1,1,0,0,0,0,0
74354,54,0.3381243379605668,ZENALDO COUTINHO,PSDB,PA,0,1,1,0,0,0,0,0
73933,54,0.3381243379605668,ZEQUINHA MARINHO,PSC,PA,0,1,1,0,0,0,0,0
74145,54,0.3381243379605668,ZEZÉU RIBEIRO,PT,BA,0,1,0,0,0,0,0,0
160625,54,0.3381243379605668,ZOINHO,PR,RJ,0,1,1,0,0,0,0,0
74392,54,0.3381243379605668,ZONTA,PP**,SC,0,1,1,0,0,0,0,0
178957,55,1.890982798988344,ABEL MESQUITA JR.,PDT,RR,0,1,0,1,1,0,0,0
178957,55,1.890982798988344,ABEL MESQUITA JR.,PMB,RR,0,1,0,1,1,0,0,0
178957,55,1.890982798988344,ABEL MESQUITA JR.,DEM,RR,0,1,0,1,1,0,0,0
178957,55,1.890982798988344,ABEL SALVADOR MESQUITA JUNIOR,PDT,RR,0,1,0,1,1,0,0,0
178957,55,1.890982798988344,ABEL SALVADOR MESQUITA JUNIOR,PMB,RR,0,1,0,1,1,0,0,0
178957,55,1.890982798988344,ABEL SALVADOR MESQUITA JUNIOR,DEM,RR,0,1,0,1,1,0,0,0
178864,55,0.3437549573410029,ADAIL CARNEIRO,PHS,CE,0,1,1,0,0,0,0,0
178864,55,0.3437549573410029,ADAIL CARNEIRO,S.PART.,CE,0,1,1,0,0,0,0,0
178864,55,0.3437549573410029,ADAIL CARNEIRO,PP**,CE,0,1,1,0,0,0,0,0
178864,55,0.3437549573410029,ADAIL CARNEIRO,PODE,CE,0,1,1,0,0,0,0,0
178914,55,0.3437549573410029,ADALBERTO CAVALCANTI,PTB,PE,0,1,1,0,0,0,0,0
178914,55,0.3437549573410029,ADALBERTO CAVALCANTI,PMB,PE,0,1,1,0,0,0,0,0
178914,55,0.3437549573410029,ADALBERTO CAVALCANTI,PTdoB,PE,0,1,1,0,0,0,0,0
178914,55,0.3437549573410029,ADALBERTO CAVALCANTI,PTB,PE,0,1,1,0,0,0,0,0
178914,55,0.3437549573410029,ADALBERTO CAVALCANTI,PTdoB,PE,0,1,1,0,0,0,0,0
178914,55,0.3437549573410029,ADALBERTO CAVALCANTI,AVANTE,PE,0,1,1,0,0,0,0,0
178890,55,0.3437549573410029,ADELMO CARNEIRO LEÃO,PT,MG,0,1,1,0,0,0,0,0
178968,55,1.799495816866339,ADELSON BARRETO,PTB,SE,0,1,0,1,0,1,0,0
178968,55,1.799495816866339,ADELSON BARRETO,PR,SE,0,1,0,1,0,1,0,0
133374,55,1.890982798988344,ADEMIR CAMILO,PROS,MG,0,1,0,1,1,0,0,0
133374,55,1.890982798988344,ADEMIR CAMILO,PTN,MG,0,1,0,1,1,0,0,0
133374,55,1.890982798988344,ADEMIR CAMILO,PODE,MG,0,1,0,1,1,0,0,0
133374,55,1.890982798988344,ADEMIR CAMILO,PMDB,MG,0,1,0,1,1,0,0,0
133374,55,1.890982798988344,ADEMIR CAMILO,MDB,MG,0,1,0,1,1,0,0,0
196359,55,0.3437549573410029,ADÉRMIS MARINI,PSDB,SP,0,1,1,0,0,0,0,0
178903,55,0.3437549573410029,ADILTON SACHETTI,PSB,MT,0,1,1,0,0,0,0,0
178903,55,0.3437549573410029,ADILTON SACHETTI,S.PART.,MT,0,1,1,0,0,0,0,0
178903,55,0.3437549573410029,ADILTON SACHETTI,PRB,MT,0,1,1,0,0,0,0,0
141372,55,0.3437549573410029,AELTON FREITAS,PR,MG,0,1,1,0,0,0,0,0
160508,55,1.890982798988344,AFONSO FLORENCE,PT,BA,0,1,0,1,1,0,0,0
136811,55,0.3437549573410029,AFONSO HAMM,PP**,RS,0,1,1,0,0,0,0,0
136811,55,0.3437549573410029,AFONSO HAMM,PP,RS,0,1,1,0,0,0,0,0
178835,55,0.3437549573410029,AFONSO MOTTA,PDT,RS,0,1,1,0,0,0,0,0
160527,55,0.3437549573410029,AGUINALDO RIBEIRO,PP**,PB,0,1,1,0,0,0,0,0
160527,55,0.3437549573410029,AGUINALDO RIBEIRO,PP,PB,0,1,1,0,0,0,0,0
178836,55,0.3437549573410029,ALAN RICK,PRB,AC,0,1,1,0,0,0,0,0
178836,55,0.3437549573410029,ALAN RICK,DEM,AC,0,1,1,0,0,0,0,0
160582,55,1.799495816866339,ALBERTO FILHO,PMDB,MA,0,1,0,1,0,1,0,0
160582,55,1.799495816866339,ALBERTO FILHO,PP**,MA,0,1,0,1,0,1,0,0
160582,55,1.799495816866339,ALBERTO FILHO,PP**,MA,0,1,0,1,0,1,0,0
160582,55,1.799495816866339,ALBERTO FILHO,PP,MA,0,1,0,1,0,1,0,0
73579,55,0.3437549573410029,ALBERTO FRAGA,DEM,DF,0,1,1,0,0,0,0,0
160559,55,0.3437549573410029,ALCEU MOREIRA,PMDB,RS,0,1,1,0,0,0,0,0
160559,55,0.3437549573410029,ALCEU MOREIRA,MDB,RS,0,1,1,0,0,0,0,0
160511,55,0.3437549573410029,ALESSANDRO MOLON,PT,RJ,0,1,1,0,0,0,0,0
160511,55,0.3437549573410029,ALESSANDRO MOLON,REDE,RJ,0,1,1,0,0,0,0,0
160511,55,0.3437549573410029,ALESSANDRO MOLON,PSB,RJ,0,1,1,0,0,0,0,0
73458,55,0.3437549573410029,ALEX CANZIANI,PTB,PR,0,1,1,0,0,0,0,0
178972,55,0.3437549573410029,ALEX MANENTE,PPS,SP,0,1,1,0,0,0,0,0
178875,55,1.890982798988344,ALEXANDRE BALDY,PSDB,GO,0,1,0,1,1,0,0,0
178875,55,1.890982798988344,ALEXANDRE BALDY,PTN,GO,0,1,0,1,1,0,0,0
178875,55,1.890982798988344,ALEXANDRE BALDY,PODE,GO,0,1,0,1,1,0,0,0
178875,55,1.890982798988344,ALEXANDRE BALDY,PP**,GO,0,1,0,1,1,0,0,0
178875,55,1.890982798988344,ALEXANDRE BALDY,PP,GO,0,1,0,1,1,0,0,0
160545,55,0.3437549573410029,ALEXANDRE LEITE,DEM,SP,0,1,1,0,0,0,0,0
178833,55,0.3437549573410029,ALEXANDRE SERFIOTIS,PSD,RJ,0,1,1,0,0,0,0,0
178833,55,0.3437549573410029,ALEXANDRE SERFIOTIS,PMDB,RJ,0,1,1,0,0,0,0,0
178833,55,0.3437549573410029,ALEXANDRE SERFIOTIS,S.PART.,RJ,0,1,1,0,0,0,0,0
178833,55,0.3437549573410029,ALEXANDRE SERFIOTIS,PSD,RJ,0,1,1,0,0,0,0,0
178936,55,0.3437549573410029,ALEXANDRE VALLE,PRP,RJ,0,1,1,0,0,0,0,0
178936,55,0.3437549573410029,ALEXANDRE VALLE,PMB,RJ,0,1,1,0,0,0,0,0
178936,55,0.3437549573410029,ALEXANDRE VALLE,PR,RJ,0,1,1,0,0,0,0,0
141454,55,0.3437549573410029,ALFREDO KAEFER,PSDB,PR,0,1,1,0,0,0,0,0
141454,55,0.3437549573410029,ALFREDO KAEFER,PSL,PR,0,1,1,0,0,0,0,0
141454,55,0.3437549573410029,ALFREDO KAEFER,PP**,PR,0,1,1,0,0,0,0,0
141454,55,0.3437549573410029,ALFREDO KAEFER,PP,PR,0,1,1,0,0,0,0,0
178846,55,1.890982798988344,ALFREDO NASCIMENTO,PR,AM,0,1,0,1,1,0,0,0
74057,55,3.196921103271327,ALICE PORTUGAL,PCdoB,BA,1,0,1,0,0,0,0,0
178927,55,0.3437549573410029,ALIEL MACHADO,PCdoB,PR,0,1,1,0,0,0,0,0
178927,55,0.3437549573410029,ALIEL MACHADO,REDE,PR,0,1,1,0,0,0,0,0
178927,55,0.3437549573410029,ALIEL MACHADO,PSB,PR,0,1,1,0,0,0,0,0
178937,55,1.890982798988344,ALTINEU CÔRTES,PR,RJ,0,1,0,1,1,0,0,0
178937,55,1.890982798988344,ALTINEU CÔRTES,S.PART.,RJ,0,1,0,1,1,0,0,0
178937,55,1.890982798988344,ALTINEU CÔRTES,PMDB,RJ,0,1,0,1,1,0,0,0
178937,55,1.890982798988344,ALTINEU CÔRTES,PR,RJ,0,1,0,1,1,0,0,0
178881,55,0.3437549573410029,ALUISIO MENDES,PSDC,MA,0,1,1,0,0,0,0,0
178881,55,0.3437549573410029,ALUISIO MENDES,PMB,MA,0,1,1,0,0,0,0,0
178881,55,0.3437549573410029,ALUISIO MENDES,PTN,MA,0,1,1,0,0,0,0,0
178881,55,0.3437549573410029,ALUISIO MENDES,PODE,MA,0,1,1,0,0,0,0,0
178973,55,3.196921103271327,ANA PERUGINI,PT,SP,1,0,1,0,0,0,0,0
160551,55,0.3437549573410029,ANDERSON FERREIRA,PR,PE,0,1,1,0,0,0,0,0
178831,55,1.890982798988344,ANDRÉ ABDON,PRB,AP,0,1,0,1,1,0,0,0
178831,55,1.890982798988344,ANDRÉ ABDON,PP**,AP,0,1,0,1,1,0,0,0
178831,55,1.890982798988344,ANDRÉ ABDON,PP,AP,0,1,0,1,1,0,0,0
195143,55,0.3437549573410029,ANDRÉ AMARAL,PMDB,PB,0,1,1,0,0,0,0,0
195143,55,0.3437549573410029,ANDRÉ AMARAL,PROS,PB,0,1,1,0,0,0,0,0
74471,55,0.3437549573410029,ANDRÉ DE PAULA,PSD,PE,0,1,1,0,0,0,0,0
133439,55,0.3437549573410029,ANDRÉ FIGUEIREDO,PDT,CE,0,1,1,0,0,0,0,0
178882,55,1.890982798988344,ANDRÉ FUFUCA,PEN,MA,0,1,0,1,1,0,0,0
178882,55,1.890982798988344,ANDRÉ FUFUCA,PP**,MA,0,1,0,1,1,0,0,0
178882,55,1.890982798988344,ANDRÉ FUFUCA,PP,MA,0,1,0,1,1,0,0,0
160543,55,0.3437549573410029,ANDRE MOURA,PSC,SE,0,1,1,0,0,0,0,0
141379,55,4.744148944918668,ANDREIA ZITO,PSDB,RJ,1,0,0,1,1,0,0,0
178974,55,0.3437549573410029,ANDRES SANCHEZ,PT,SP,0,1,1,0,0,0,0,0
192120,55,3.196921103271327,ANGELA ALBINO,PCdoB,SC,1,0,1,0,0,0,0,0
178837,55,0.3437549573410029,ANGELIM,PT,AC,0,1,1,0,0,0,0,0
74212,55,1.890982798988344,ANÍBAL GOMES,PMDB,CE,0,1,0,1,1,0,0,0
74212,55,1.890982798988344,ANÍBAL GOMES,DEM,CE,0,1,0,1,1,0,0,0
74213,55,1.890982798988344,ANTONIO BALHMANN,PROS,CE,0,1,0,1,1,0,0,0
74213,55,1.890982798988344,ANTONIO BALHMANN,PDT,CE,0,1,0,1,1,0,0,0
160553,55,1.799495816866339,ANTONIO BRITO,PTB,BA,0,1,0,1,0,1,0,0
160553,55,1.799495816866339,ANTONIO BRITO,PSD,BA,0,1,0,1,0,1,0,0
141383,55,0.3437549573410029,ANTONIO BULHÕES,PRB,SP,0,1,1,0,0,0,0,0
73584,55,0.3437549573410029,ANTONIO CARLOS DE MENDES THAME,PSDB,SP,0,1,1,0,0,0,0,0
73584,55,0.3437549573410029,ANTONIO CARLOS DE MENDES THAME,PV,SP,0,1,1,0,0,0,0,0
73584,55,0.3437549573410029,ANTONIO CARLOS MENDES THAME,PSDB,SP,0,1,1,0,0,0,0,0
73584,55,0.3437549573410029,ANTONIO CARLOS MENDES THAME,PV,SP,0,1,1,0,0,0,0,0
160530,55,0.3437549573410029,ANTONIO IMBASSAHY,PSDB,BA,0,1,1,0,0,0,0,0
178950,55,0.3437549573410029,ANTÔNIO JÁCOME,PMN,RN,0,1,1,0,0,0,0,0
178950,55,0.3437549573410029,ANTÔNIO JÁCOME,PTN,RN,0,1,1,0,0,0,0,0
178950,55,0.3437549573410029,ANTÔNIO JÁCOME,PODE,RN,0,1,1,0,0,0,0,0
74103,55,0.3437549573410029,ARIOSTO HOLANDA,PROS,CE,0,1,1,0,0,0,0,0
74103,55,0.3437549573410029,ARIOSTO HOLANDA,PDT,CE,0,1,1,0,0,0,0,0
73433,55,0.3437549573410029,ARLINDO CHINAGLIA,PT,SP,0,1,1,0,0,0,0,0
73434,55,0.3437549573410029,ARNALDO FARIA DE SÁ,PTB,SP,0,1,1,0,0,0,0,0
73434,55,0.3437549573410029,ARNALDO FARIA DE SÁ,PP**,SP,0,1,1,0,0,0,0,0
73434,55,0.3437549573410029,ARNALDO FARIA DE SÁ,PP,SP,0,1,1,0,0,0,0,0
141391,55,0.3437549573410029,ARNALDO JARDIM,PPS,SP,0,1,1,0,0,0,0,0
160602,55,1.890982798988344,ARNALDO JORDY,PPS,PA,0,1,0,1,1,0,0,0
74291,55,0.3437549573410029,ARNON BEZERRA,PTB,CE,0,1,1,0,0,0,0,0
74833,55,0.3437549573410029,AROLDE DE OLIVEIRA,PSD,RJ,0,1,1,0,0,0,0,0
74833,55,0.3437549573410029,AROLDE DE OLIVEIRA,PSC,RJ,0,1,1,0,0,0,0,0
74833,55,0.3437549573410029,AROLDE DE OLIVEIRA,PSD,RJ,0,1,1,0,0,0,0,0
160541,55,1.890982798988344,ARTHUR LIRA,PP**,AL,0,1,0,1,1,0,0,0
160541,55,1.890982798988344,ARTHUR LIRA,PP,AL,0,1,0,1,1,0,0,0
160600,55,0.3437549573410029,ARTHUR OLIVEIRA MAIA,SD,BA,0,1,1,0,0,0,0,0
160600,55,0.3437549573410029,ARTHUR OLIVEIRA MAIA,PPS,BA,0,1,1,0,0,0,0,0
160600,55,0.3437549573410029,ARTHUR OLIVEIRA MAIA,DEM,BA,0,1,1,0,0,0,0,0
178847,55,0.3437549573410029,ARTHUR VIRGÍLIO BISNETO,PSDB,AM,0,1,1,0,0,0,0,0
159237,55,0.3437549573410029,ASSIS CARVALHO,PT,PI,0,1,1,0,0,0,0,0
74378,55,0.3437549573410029,ASSIS DO COUTO,PT,PR,0,1,1,0,0,0,0,0
74378,55,0.3437549573410029,ASSIS DO COUTO,PMB,PR,0,1,1,0,0,0,0,0
74378,55,0.3437549573410029,ASSIS DO COUTO,PDT,PR,0,1,1,0,0,0,0,0
160581,55,1.799495816866339,ASSIS MELO,PCdoB,RS,0,1,0,1,0,1,0,0
193165,55,0.3437549573410029,ATILA A. NUNES,PSL,RJ,0,1,1,0,0,0,0,0
193165,55,0.3437549573410029,ATILA A. NUNES,PMDB,RJ,0,1,1,0,0,0,0,0
193165,55,0.3437549573410029,ATILA A. NUNES,MDB,RJ,0,1,1,0,0,0,0,0
74090,55,0.3437549573410029,ÁTILA LINS,PSD,AM,0,1,1,0,0,0,0,0
74090,55,0.3437549573410029,ÁTILA LINS,PP**,AM,0,1,1,0,0,0,0,0
74090,55,0.3437549573410029,ÁTILA LINS,PP,AM,0,1,1,0,0,0,0,0
74459,55,0.3437549573410029,ÁTILA LIRA,PSB,PI,0,1,1,0,0,0,0,0
73655,55,0.3437549573410029,AUGUSTO CARVALHO,SD,DF,0,1,1,0,0,0,0,0
73655,55,0.3437549573410029,AUGUSTO CARVALHO,SOLIDARIEDADE,DF,0,1,1,0,0,0,0,0
160665,55,0.3437549573410029,AUGUSTO COUTINHO,SD,PE,0,1,1,0,0,0,0,0
160665,55,0.3437549573410029,AUGUSTO COUTINHO,SOLIDARIEDADE,PE,0,1,1,0,0,0,0,0
160512,55,0.3437549573410029,AUREO,SD,RJ,0,1,1,0,0,0,0,0
160512,55,0.3437549573410029,AUREO,SOLIDARIEDADE,RJ,0,1,1,0,0,0,0,0
69871,55,0.3437549573410029,BACELAR,PTN,BA,0,1,1,0,0,0,0,0
69871,55,0.3437549573410029,BACELAR,PODE,BA,0,1,1,0,0,0,0,0
178975,55,0.3437549573410029,BALEIA ROSSI,PMDB,SP,0,1,1,0,0,0,0,0
178975,55,0.3437549573410029,BALEIA ROSSI,MDB,SP,0,1,1,0,0,0,0,0
178834,55,1.799495816866339,BEBETO,PSB,BA,0,1,0,1,0,1,0,0
73701,55,4.652661962796663,BENEDITA DA SILVA,PT,RJ,1,0,0,1,0,1,0,0
74535,55,0.3437549573410029,BENITO GAMA,PTB,BA,0,1,1,0,0,0,0,0
74040,55,1.890982798988344,BENJAMIN MARANHÃO,SD,PB,0,1,0,1,1,0,0,0
74040,55,1.890982798988344,BENJAMIN MARANHÃO,PMDB,PB,0,1,0,1,1,0,0,0
74040,55,1.890982798988344,BENJAMIN MARANHÃO,MDB,PB,0,1,0,1,1,0,0,0
178915,55,0.3437549573410029,BETINHO GOMES,PSDB,PE,0,1,1,0,0,0,0,0
141335,55,1.890982798988344,BETO FARO,PT,PA,0,1,0,1,1,0,0,0
73437,55,0.3437549573410029,BETO MANSUR,PRB,SP,0,1,1,0,0,0,0,0
73437,55,0.3437549573410029,BETO MANSUR,PMDB,SP,0,1,1,0,0,0,0,0
73437,55,0.3437549573410029,BETO MANSUR,MDB,SP,0,1,1,0,0,0,0,0
178948,55,0.3437549573410029,BETO ROSADO,PP**,RN,0,1,1,0,0,0,0,0
178948,55,0.3437549573410029,BETO ROSADO,PP,RN,0,1,1,0,0,0,0,0
178906,55,1.890982798988344,BETO SALAME,PROS,PA,0,1,0,1,1,0,0,0
178906,55,1.890982798988344,BETO SALAME,S.PART.,PA,0,1,0,1,1,0,0,0
178906,55,1.890982798988344,BETO SALAME,PP**,PA,0,1,0,1,1,0,0,0
178906,55,1.890982798988344,BETO SALAME,PP,PA,0,1,0,1,1,0,0,0
141513,55,0.3437549573410029,BILAC PINTO,PR,MG,0,1,1,0,0,0,0,0
141513,55,0.3437549573410029,BILAC PINTO,DEM,MG,0,1,1,0,0,0,0,0
160538,55,0.3437549573410029,BOHN GASS,PT,RS,0,1,1,0,0,0,0,0
74650,55,0.3437549573410029,BONIFÁCIO DE ANDRADA,PSDB,MG,0,1,1,0,0,0,0,0
74650,55,0.3437549573410029,BONIFÁCIO DE ANDRADA,DEM,MG,0,1,1,0,0,0,0,0
74052,55,1.890982798988344,BOSCO COSTA,PROS,SE,0,1,0,1,1,0,0,0
160589,55,3.196921103271327,BRUNA FURLAN,PSDB,SP,1,0,1,0,0,0,0,0
178999,55,3.196921103271327,BRUNNY,PTC,MG,1,0,1,0,0,0,0,0
178999,55,3.196921103271327,BRUNNY,PMB,MG,1,0,1,0,0,0,0,0
178999,55,3.196921103271327,BRUNNY,PR,MG,1,0,1,0,0,0,0,0
141394,55,0.3437549573410029,BRUNO ARAÚJO,PSDB,PE,0,1,1,0,0,0,0,0
178976,55,0.3437549573410029,BRUNO COVAS,PSDB,SP,0,1,1,0,0,0,0,0
178938,55,1.890982798988344,CABO DACIOLO,PSOL,RJ,0,1,0,1,1,0,0,0
178938,55,1.890982798988344,CABO DACIOLO,S.PART.,RJ,0,1,0,1,1,0,0,0
178938,55,1.890982798988344,CABO DACIOLO,PTdoB,RJ,0,1,0,1,1,0,0,0
178938,55,1.890982798988344,CABO DACIOLO,AVANTE,RJ,0,1,0,1,1,0,0,0
178938,55,1.890982798988344,CABO DACIOLO,PEN,RJ,0,1,0,1,1,0,0,0
178938,55,1.890982798988344,CABO DACIOLO,PATRI,RJ,0,1,0,1,1,0,0,0
178865,55,0.3437549573410029,CABO SABINO,PR,CE,0,1,1,0,0,0,0,0
178865,55,0.3437549573410029,CABO SABINO,AVANTE,CE,0,1,1,0,0,0,0,0
105112,55,1.890982798988344,CABUÇU BORGES,PMDB,AP,0,1,0,1,1,0,0,0
105112,55,1.890982798988344,CABUÇU BORGES,MDB,AP,0,1,0,1,1,0,0,0
93083,55,0.3437549573410029,CACÁ LEÃO,PP**,BA,0,1,1,0,0,0,0,0
93083,55,0.3437549573410029,CACÁ LEÃO,PP,BA,0,1,1,0,0,0,0,0
178853,55,1.890982798988344,CAETANO,PT,BA,0,1,0,1,1,0,0,0
178891,55,0.3437549573410029,CAIO NARCIO,PSDB,MG,0,1,1,0,0,0,0,0
194261,55,0.3437549573410029,CAJAR NARDES,PR,RS,0,1,1,0,0,0,0,0
194261,55,0.3437549573410029,CAJAR NARDES,PODE,RS,0,1,1,0,0,0,0,0
178829,55,0.3437549573410029,CAPITÃO AUGUSTO,PR,SP,0,1,1,0,0,0,0,0
178924,55,1.799495816866339,CAPITÃO FÁBIO ABREU,PTB,PI,0,1,0,1,0,1,0,0
178924,55,1.799495816866339,CAPITÃO FÁBIO ABREU,PR,PI,0,1,0,1,0,1,0,0
205303,55,3.196921103271327,CARLA STEPHANINI,PMDB,MS,1,0,1,0,0,0,0,0
178958,55,1.890982798988344,CARLOS ANDRADE,PHS,RR,0,1,0,1,1,0,0,0
141401,55,0.3437549573410029,CARLOS BEZERRA,PMDB,MT,0,1,1,0,0,0,0,0
141401,55,0.3437549573410029,CARLOS BEZERRA,MDB,MT,0,1,1,0,0,0,0,0
74474,55,0.3437549573410029,CARLOS EDUARDO CADOCA,PCdoB,PE,0,1,1,0,0,0,0,0
74474,55,0.3437549573410029,CARLOS EDUARDO CADOCA,S.PART.,PE,0,1,1,0,0,0,0,0
74474,55,0.3437549573410029,CARLOS EDUARDO CADOCA,PDT,PE,0,1,1,0,0,0,0,0
178962,55,0.3437549573410029,CARLOS GOMES,PRB,RS,0,1,1,0,0,0,0,0
178993,55,1.890982798988344,CARLOS HENRIQUE GAGUIM,PMDB,TO,0,1,0,1,1,0,0,0
178993,55,1.890982798988344,CARLOS HENRIQUE GAGUIM,PMB,TO,0,1,0,1,1,0,0,0
178993,55,1.890982798988344,CARLOS HENRIQUE GAGUIM,PTN,TO,0,1,0,1,1,0,0,0
178993,55,1.890982798988344,CARLOS HENRIQUE GAGUIM,PODE,TO,0,1,0,1,1,0,0,0
178993,55,1.890982798988344,CARLOS HENRIQUE GAGUIM,DEM,TO,0,1,0,1,1,0,0,0
74163,55,0.3437549573410029,CARLOS MANATO,SD,ES,0,1,1,0,0,0,0,0
74163,55,0.3437549573410029,CARLOS MANATO,PSL,ES,0,1,1,0,0,0,0,0
178900,55,0.3437549573410029,CARLOS MARUN,PMDB,MS,0,1,1,0,0,0,0,0
178900,55,0.3437549573410029,CARLOS MARUN,MDB,MS,0,1,1,0,0,0,0,0
74651,55,0.3437549573410029,CARLOS MELLES,DEM,MG,0,1,1,0,0,0,0,0
74262,55,0.3437549573410029,CARLOS SAMPAIO,PSDB,SP,0,1,1,0,0,0,0,0
73934,55,1.890982798988344,CARLOS SOUZA,PSD,AM,0,1,0,1,1,0,0,0
73934,55,1.890982798988344,CARLOS SOUZA,PSDB,AM,0,1,0,1,1,0,0,0
141398,55,0.3437549573410029,CARLOS ZARATTINI,PT,SP,0,1,1,0,0,0,0,0
164360,55,3.196921103271327,CARMEN ZANOTTO,PPS,SC,1,0,1,0,0,0,0,0
178876,55,0.3437549573410029,CÉLIO SILVEIRA,PSDB,GO,0,1,1,0,0,0,0,0
73568,55,0.3437549573410029,CELSO JACOB,PMDB,RJ,0,1,1,0,0,0,0,0
73568,55,0.3437549573410029,CELSO JACOB,MDB,RJ,0,1,1,0,0,0,0,0
141405,55,0.3437549573410029,CELSO MALDANER,PMDB,SC,0,1,1,0,0,0,0,0
141405,55,0.3437549573410029,CELSO MALDANER,MDB,SC,0,1,1,0,0,0,0,0
72912,55,0.3437549573410029,CELSO PANSERA,PMDB,RJ,0,1,1,0,0,0,0,0
72912,55,0.3437549573410029,CELSO PANSERA,S.PART.,RJ,0,1,1,0,0,0,0,0
72912,55,0.3437549573410029,CELSO PANSERA,PT,RJ,0,1,1,0,0,0,0,0
73441,55,0.3437549573410029,CELSO RUSSOMANNO,PRB,SP,0,1,1,0,0,0,0,0
160576,55,0.3437549573410029,CÉSAR HALUM,PRB,TO,0,1,1,0,0,0,0,0
178838,55,0.3437549573410029,CÉSAR MESSIAS,PSB,AC,0,1,1,0,0,0,0,0
73720,55,0.3437549573410029,CESAR SOUZA,PSD,SC,0,1,1,0,0,0,0,0
74171,55,0.3437549573410029,CHICO ALENCAR,PSOL,RJ,0,1,1,0,0,0,0,0
141439,55,0.3437549573410029,CHICO D'ANGELO,PT,RJ,0,1,1,0,0,0,0,0
141439,55,0.3437549573410029,CHICO D'ANGELO,PDT,RJ,0,1,1,0,0,0,0,0
141440,55,1.799495816866339,CHICO LOPES,PCdoB,CE,0,1,0,1,0,1,0,0
178928,55,3.196921103271327,CHRISTIANE DE SOUZA YARED,PTN,PR,1,0,1,0,0,0,0,0
178928,55,3.196921103271327,CHRISTIANE DE SOUZA YARED,PR,PR,1,0,1,0,0,0,0,0
178841,55,1.890982798988344,CÍCERO ALMEIDA,PRTB,AL,0,1,0,1,1,0,0,0
178841,55,1.890982798988344,CÍCERO ALMEIDA,PSD,AL,0,1,0,1,1,0,0,0
178841,55,1.890982798988344,CÍCERO ALMEIDA,PMDB,AL,0,1,0,1,1,0,0,0
178841,55,1.890982798988344,CÍCERO ALMEIDA,PODE,AL,0,1,0,1,1,0,0,0
178841,55,1.890982798988344,CÍCERO ALMEIDA,PHS,AL,0,1,0,1,1,0,0,0
178939,55,3.196921103271327,CLARISSA GAROTINHO,PR,RJ,1,0,1,0,0,0,0,0
178939,55,3.196921103271327,CLARISSA GAROTINHO,S.PART.,RJ,1,0,1,0,0,0,0,0
178939,55,3.196921103271327,CLARISSA GAROTINHO,PRB,RJ,1,0,1,0,0,0,0,0
178939,55,3.196921103271327,CLARISSA GAROTINHO,PROS,RJ,1,0,1,0,0,0,0,0
74537,55,0.3437549573410029,CLAUDIO CAJADO,DEM,BA,0,1,1,0,0,0,0,0
74537,55,0.3437549573410029,CLAUDIO CAJADO,PP**,BA,0,1,1,0,0,0,0,0
74537,55,0.3437549573410029,CLAUDIO CAJADO,PP,BA,0,1,1,0,0,0,0,0
141408,55,0.3437549573410029,CLEBER VERDE,PRB,MA,0,1,1,0,0,0,0,0
178848,55,3.196921103271327,CONCEIÇÃO SAMPAIO,PP**,AM,1,0,1,0,0,0,0,0
178848,55,3.196921103271327,CONCEIÇÃO SAMPAIO,PSDB,AM,1,0,1,0,0,0,0,0
205302,55,0.3437549573410029,CORONEL BITTENCOURT,PRB,MS,0,1,1,0,0,0,0,0
178963,55,0.3437549573410029,COVATTI FILHO,PP**,RS,0,1,1,0,0,0,0,0
178963,55,0.3437549573410029,COVATTI FILHO,PP,RS,0,1,1,0,0,0,0,0
194258,55,3.196921103271327,CREUZA PEREIRA,PSB,PE,1,0,1,0,0,0,0,0
93472,55,3.196921103271327,CRISTIANE BRASIL,PTB,RJ,1,0,1,0,0,0,0,0
141411,55,0.3437549573410029,DAGOBERTO,PDT,MS,0,1,1,0,0,0,0,0
141411,55,0.3437549573410029,DAGOBERTO NOGUEIRA,PDT,MS,0,1,1,0,0,0,0,0
74467,55,1.799495816866339,DAMIÃO FELICIANO,PDT,PB,0,1,0,1,0,1,0,0
178892,55,3.196921103271327,DÂMINA PEREIRA,PMN,MG,1,0,1,0,0,0,0,0
178892,55,3.196921103271327,DÂMINA PEREIRA,PMB,MG,1,0,1,0,0,0,0,0
178892,55,3.196921103271327,DÂMINA PEREIRA,PSL,MG,1,0,1,0,0,0,0,0
178892,55,3.196921103271327,DÂMINA PEREIRA,PODE,MG,1,0,1,0,0,0,0,0
74060,55,1.890982798988344,DANIEL ALMEIDA,PCdoB,BA,0,1,0,1,1,0,0,0
178916,55,0.3437549573410029,DANIEL COELHO,PSDB,PE,0,1,1,0,0,0,0,0
178916,55,0.3437549573410029,DANIEL COELHO,PPS,PE,0,1,1,0,0,0,0,0
144523,55,0.3437549573410029,DANIEL VILELA,PMDB,GO,0,1,1,0,0,0,0,0
144523,55,0.3437549573410029,DANIEL VILELA,MDB,GO,0,1,1,0,0,0,0,0
160528,55,0.3437549573410029,DANILO CABRAL,PSB,PE,0,1,1,0,0,0,0,0
62881,55,0.3437549573410029,DANILO FORTE,PMDB,CE,0,1,1,0,0,0,0,0
62881,55,0.3437549573410029,DANILO FORTE,PSB,CE,0,1,1,0,0,0,0,0
62881,55,0.3437549573410029,DANILO FORTE,S.PART.,CE,0,1,1,0,0,0,0,0
62881,55,0.3437549573410029,DANILO FORTE,DEM,CE,0,1,1,0,0,0,0,0
62881,55,0.3437549573410029,DANILO FORTE,PSDB,CE,0,1,1,0,0,0,0,0
160552,55,0.3437549573410029,DANRLEI DE DEUS HINTERHOLZ,PSD,RS,0,1,1,0,0,0,0,0
73891,55,0.3437549573410029,DARCÍSIO PERONDI,PMDB,RS,0,1,1,0,0,0,0,0
73891,55,0.3437549573410029,DARCÍSIO PERONDI,MDB,RS,0,1,1,0,0,0,0,0
141412,55,0.3437549573410029,DAVI ALVES SILVA JÚNIOR,PR,MA,0,1,1,0,0,0,0,0
101309,55,1.890982798988344,DAVIDSON MAGALHÃES,PCdoB,BA,0,1,0,1,1,0,0,0
141413,55,0.3437549573410029,DÉCIO LIMA,PT,SC,0,1,1,0,0,0,0,0
196357,55,1.799495816866339,DEJORGE PATRÍCIO,PR,RJ,0,1,0,1,0,1,0,0
196357,55,1.799495816866339,DEJORGE PATRÍCIO,PRB,RJ,0,1,0,1,0,1,0,0
178908,55,1.890982798988344,DELEGADO ÉDER MAURO,PSD,PA,0,1,0,1,1,0,0,0
178893,55,1.890982798988344,DELEGADO EDSON MOREIRA,PTN,MG,0,1,0,1,1,0,0,0
178893,55,1.890982798988344,DELEGADO EDSON MOREIRA,PR,MG,0,1,0,1,1,0,0,0
160646,55,0.3437549573410029,DELEGADO FRANCISCHINI,SD,PR,0,1,1,0,0,0,0,0
160646,55,0.3437549573410029,DELEGADO FRANCISCHINI,PSL,PR,0,1,1,0,0,0,0,0
160646,55,0.3437549573410029,FERNANDO FRANCISCHINI,SD,PR,0,1,1,0,0,0,0,0
160646,55,0.3437549573410029,FERNANDO FRANCISCHINI,PSL,PR,0,1,1,0,0,0,0,0
164359,55,0.3437549573410029,DELEGADO WALDIR,PSDB,GO,0,1,1,0,0,0,0,0
164359,55,0.3437549573410029,DELEGADO WALDIR,PR,GO,0,1,1,0,0,0,0,0
164359,55,0.3437549573410029,DELEGADO WALDIR,PSL,GO,0,1,1,0,0,0,0,0
74172,55,0.3437549573410029,DELEY,PTB,RJ,0,1,1,0,0,0,0,0
185500,55,1.890982798988344,DEOCLIDES MACEDO,PDT,MA,0,1,0,1,1,0,0,0
160588,55,0.3437549573410029,DIEGO ANDRADE,PSD,MG,0,1,1,0,0,0,0,0
178929,55,0.3437549573410029,DIEGO GARCIA,PHS,PR,0,1,1,0,0,0,0,0
178929,55,0.3437549573410029,DIEGO GARCIA,S.PART.,PR,0,1,1,0,0,0,0,0
178929,55,0.3437549573410029,DIEGO GARCIA,PODE,PR,0,1,1,0,0,0,0,0
73768,55,0.3437549573410029,DILCEU SPERAFICO,PP**,PR,0,1,1,0,0,0,0,0
73768,55,0.3437549573410029,DILCEU SPERAFICO,PP,PR,0,1,1,0,0,0,0,0
160599,55,0.3437549573410029,DIMAS FABIANO,PP**,MG,0,1,1,0,0,0,0,0
160599,55,0.3437549573410029,DIMAS FABIANO,PP,MG,0,1,1,0,0,0,0,0
143632,55,0.3437549573410029,DOMINGOS NETO,PROS,CE,0,1,1,0,0,0,0,0
143632,55,0.3437549573410029,DOMINGOS NETO,PMB,CE,0,1,1,0,0,0,0,0
143632,55,0.3437549573410029,DOMINGOS NETO,PSD,CE,0,1,1,0,0,0,0,0
160758,55,0.3437549573410029,DOMINGOS SÁVIO,PSDB,MG,0,1,1,0,0,0,0,0
178940,55,1.890982798988344,DR. JOÃO,PR,RJ,0,1,0,1,1,0,0,0
160643,55,1.799495816866339,DR. JORGE SILVA,PROS,ES,0,1,0,1,0,1,0,0
160643,55,1.799495816866339,DR. JORGE SILVA,PHS,ES,0,1,0,1,0,1,0,0
160643,55,1.799495816866339,DR. JORGE SILVA,SD,ES,0,1,0,1,0,1,0,0
160643,55,1.799495816866339,DR. JORGE SILVA,SOLIDARIEDADE,ES,0,1,0,1,0,1,0,0
178830,55,0.3437549573410029,DR. SINVAL MALHEIROS,PV,SP,0,1,1,0,0,0,0,0
178830,55,0.3437549573410029,DR. SINVAL MALHEIROS,PMB,SP,0,1,1,0,0,0,0,0
178830,55,0.3437549573410029,DR. SINVAL MALHEIROS,PTN,SP,0,1,1,0,0,0,0,0
178830,55,0.3437549573410029,DR. SINVAL MALHEIROS,PODE,SP,0,1,1,0,0,0,0,0
141385,55,0.3437549573410029,DUARTE NOGUEIRA,PSDB,SP,0,1,1,0,0,0,0,0
178994,55,3.196921103271327,DULCE MIRANDA,PMDB,TO,1,0,1,0,0,0,0,0
178994,55,3.196921103271327,DULCE MIRANDA,MDB,TO,1,0,1,0,0,0,0,0
73447,55,0.3437549573410029,EDINHO ARAÚJO,PMDB,SP,0,1,1,0,0,0,0,0
73447,55,0.3437549573410029,EDINHO ARAÚJO,MDB,SP,0,1,1,0,0,0,0,0
73793,55,0.3437549573410029,EDINHO BEZ,PMDB,SC,0,1,1,0,0,0,0,0
73793,55,0.3437549573410029,EDINHO BEZ,MDB,SC,0,1,1,0,0,0,0,0
141417,55,1.890982798988344,EDIO LOPES,PMDB,RR,0,1,0,1,1,0,0,0
141417,55,1.890982798988344,EDIO LOPES,PR,RR,0,1,0,1,1,0,0,0
160578,55,0.3437549573410029,EDMAR ARRUDA,PSC,PR,0,1,1,0,0,0,0,0
160578,55,0.3437549573410029,EDMAR ARRUDA,PSD,PR,0,1,1,0,0,0,0,0
134812,55,0.3437549573410029,EDMILSON RODRIGUES,PSOL,PA,0,1,1,0,0,0,0,0
74655,55,0.3437549573410029,EDUARDO BARBOSA,PSDB,MG,0,1,1,0,0,0,0,0
92346,55,0.3437549573410029,EDUARDO BOLSONARO,PSC,SP,0,1,1,0,0,0,0,0
92346,55,0.3437549573410029,EDUARDO BOLSONARO,PSL,SP,0,1,1,0,0,0,0,0
74173,55,0.3437549573410029,EDUARDO CUNHA,PMDB,RJ,0,1,1,0,0,0,0,0
74173,55,0.3437549573410029,EDUARDO CUNHA,MDB,RJ,0,1,1,0,0,0,0,0
178977,55,0.3437549573410029,EDUARDO CURY,PSDB,SP,0,1,1,0,0,0,0,0
141421,55,0.3437549573410029,EDUARDO DA FONTE,PP**,PE,0,1,1,0,0,0,0,0
141421,55,0.3437549573410029,EDUARDO DA FONTE,PP,PE,0,1,1,0,0,0,0,0
141422,55,0.3437549573410029,EFRAIM FILHO,DEM,PB,0,1,1,0,0,0,0,0
74075,55,3.196921103271327,ELCIONE BARBALHO,PMDB,PA,1,0,1,0,0,0,0,0
74075,55,3.196921103271327,ELCIONE BARBALHO,MDB,PA,1,0,1,0,0,0,0,0
160532,55,0.3437549573410029,ELI CORREA FILHO,DEM,SP,0,1,1,0,0,0,0,0
181316,55,0.3437549573410029,ELIZEU DIONIZIO,SD,MS,0,1,1,0,0,0,0,0
181316,55,0.3437549573410029,ELIZEU DIONIZIO,PSDB,MS,0,1,1,0,0,0,0,0
181316,55,0.3437549573410029,ELIZEU DIONIZIO,PSB,MS,0,1,1,0,0,0,0,0
178883,55,4.652661962796663,ELIZIANE GAMA,PPS,MA,1,0,0,1,0,1,0,0
178883,55,4.652661962796663,ELIZIANE GAMA,REDE,MA,1,0,0,1,0,1,0,0
178883,55,4.652661962796663,ELIZIANE GAMA,PPS,MA,1,0,0,1,0,1,0,0
178854,55,0.3437549573410029,ELMAR NASCIMENTO,DEM,BA,0,1,1,0,0,0,0,0
132504,55,0.3437549573410029,ENIO JOSE VERRI,PT,PR,0,1,1,0,0,0,0,0
132504,55,0.3437549573410029,ENIO VERRI,PT,PR,0,1,1,0,0,0,0,0
160575,55,3.196921103271327,ERIKA KOKAY,PT,DF,1,0,1,0,0,0,0,0
99654,55,1.890982798988344,ERIVELTON SANTANA,PSC,BA,0,1,0,1,1,0,0,0
99654,55,1.890982798988344,ERIVELTON SANTANA,PEN,BA,0,1,0,1,1,0,0,0
99654,55,1.890982798988344,ERIVELTON SANTANA,PATRI,BA,0,1,0,1,1,0,0,0
171782,55,1.890982798988344,ERON BEZERRA,PCdoB,AM,0,1,0,1,1,0,0,0
160640,55,0.3437549573410029,EROS BIONDINI,PTB,MG,0,1,1,0,0,0,0,0
160640,55,0.3437549573410029,EROS BIONDINI,PROS,MG,0,1,1,0,0,0,0,0
160649,55,0.3437549573410029,ESPERIDIÃO AMIN,PP**,SC,0,1,1,0,0,0,0,0
160649,55,0.3437549573410029,ESPERIDIÃO AMIN,PP,SC,0,1,1,0,0,0,0,0
202915,55,3.196921103271327,EURICELIA CARDOSO,PP**,AP,1,0,1,0,0,0,0,0
202915,55,3.196921103271327,EURICELIA CARDOSO,PP,AP,1,0,1,0,0,0,0,0
178871,55,0.3437549573410029,EVAIR DE MELO,PV,ES,0,1,1,0,0,0,0,0
178871,55,0.3437549573410029,EVAIR DE MELO,PP**,ES,0,1,1,0,0,0,0,0
178871,55,0.3437549573410029,EVAIR DE MELO,PP,ES,0,1,1,0,0,0,0,0
178871,55,0.3437549573410029,EVAIR VIEIRA DE MELO,PV,ES,0,1,1,0,0,0,0,0
178871,55,0.3437549573410029,EVAIR VIEIRA DE MELO,PP**,ES,0,1,1,0,0,0,0,0
178871,55,0.3437549573410029,EVAIR VIEIRA DE MELO,PP,ES,0,1,1,0,0,0,0,0
178828,55,0.3437549573410029,EVANDRO GUSSI,PV,SP,0,1,1,0,0,0,0,0
178930,55,0.3437549573410029,EVANDRO ROGÉRIO ROMAN,PSD,PR,0,1,1,0,0,0,0,0
178930,55,0.3437549573410029,EVANDRO ROMAN,PSD,PR,0,1,1,0,0,0,0,0
178953,55,1.890982798988344,EXPEDITO NETTO,SD,RO,0,1,0,1,1,0,0,0
178953,55,1.890982798988344,EXPEDITO NETTO,PSD,RO,0,1,0,1,1,0,0,0
178904,55,0.3437549573410029,EZEQUIEL FONSECA,PP**,MT,0,1,1,0,0,0,0,0
178904,55,0.3437549573410029,EZEQUIEL FONSECA,PP,MT,0,1,1,0,0,0,0,0
178941,55,1.890982798988344,EZEQUIEL TEIXEIRA,SD,RJ,0,1,0,1,1,0,0,0
178941,55,1.890982798988344,EZEQUIEL TEIXEIRA,PMB,RJ,0,1,0,1,1,0,0,0
178941,55,1.890982798988344,EZEQUIEL TEIXEIRA,PTN,RJ,0,1,0,1,1,0,0,0
178941,55,1.890982798988344,EZEQUIEL TEIXEIRA,PODE,RJ,0,1,0,1,1,0,0,0
146829,55,0.3437549573410029,FABIANO HORTA,PT,RJ,0,1,1,0,0,0,0,0
146829,55,0.3437549573410029,FABIANO TAQUES HORTA,PT,RJ,0,1,1,0,0,0,0,0
178969,55,0.3437549573410029,FÁBIO CRUZ MITIDIERI,PSD,SE,0,1,1,0,0,0,0,0
178969,55,0.3437549573410029,FÁBIO MITIDIERI,PSD,SE,0,1,1,0,0,0,0,0
141428,55,0.3437549573410029,FÁBIO FARIA,PSD,RN,0,1,1,0,0,0,0,0
178905,55,0.3437549573410029,FABIO GARCIA,PSB,MT,0,1,1,0,0,0,0,0
178905,55,0.3437549573410029,FABIO GARCIA,S.PART.,MT,0,1,1,0,0,0,0,0
178905,55,0.3437549573410029,FABIO GARCIA,DEM,MT,0,1,1,0,0,0,0,0
141427,55,1.890982798988344,FÁBIO RAMALHO,PV,MG,0,1,0,1,1,0,0,0
141427,55,1.890982798988344,FÁBIO RAMALHO,PMB,MG,0,1,0,1,1,0,0,0
141427,55,1.890982798988344,FÁBIO RAMALHO,PMDB,MG,0,1,0,1,1,0,0,0
141427,55,1.890982798988344,FÁBIO RAMALHO,MDB,MG,0,1,0,1,1,0,0,0
171623,55,0.3437549573410029,FABIO REIS,PMDB,SE,0,1,1,0,0,0,0,0
171623,55,0.3437549573410029,FABIO REIS,MDB,SE,0,1,1,0,0,0,0,0
178877,55,0.3437549573410029,FÁBIO SOUSA,PSDB,GO,0,1,1,0,0,0,0,0
160587,55,0.3437549573410029,FÁBIO TRAD,PMDB,MS,0,1,1,0,0,0,0,0
160587,55,0.3437549573410029,FÁBIO TRAD,PSD,MS,0,1,1,0,0,0,0,0
190149,55,0.3437549573410029,FABRICIO OLIVEIRA,PSB,SC,0,1,1,0,0,0,0,0
66828,55,0.3437549573410029,FAUSTO PINATO,PRB,SP,0,1,1,0,0,0,0,0
66828,55,0.3437549573410029,FAUSTO PINATO,PP**,SP,0,1,1,0,0,0,0,0
66828,55,0.3437549573410029,FAUSTO PINATO,PP,SP,0,1,1,0,0,0,0,0
141430,55,0.3437549573410029,FELIPE BORNIER,PSD,RJ,0,1,1,0,0,0,0,0
141430,55,0.3437549573410029,FELIPE BORNIER,PROS,RJ,0,1,1,0,0,0,0,0
72442,55,0.3437549573410029,FELIPE CARRERAS,PSB,PE,0,1,1,0,0,0,0,0
141429,55,0.3437549573410029,FELIPE MAIA,DEM,RN,0,1,1,0,0,0,0,0
205234,55,1.890982798988344,FELIPE SOUZA,PODE,AM,0,1,0,1,1,0,0,0
205234,55,1.890982798988344,FELIPE SOUZA,PHS,AM,0,1,0,1,1,0,0,0
160666,55,0.3437549573410029,FÉLIX MENDONÇA JÚNIOR,PDT,BA,0,1,1,0,0,0,0,0
141431,55,0.3437549573410029,FERNANDO COELHO FILHO,PSB,PE,0,1,1,0,0,0,0,0
141431,55,0.3437549573410029,FERNANDO COELHO FILHO,S.PART.,PE,0,1,1,0,0,0,0,0
141431,55,0.3437549573410029,FERNANDO COELHO FILHO,DEM,PE,0,1,1,0,0,0,0,0
163831,55,0.3437549573410029,FERNANDO JORDÃO,PMDB,RJ,0,1,1,0,0,0,0,0
163831,55,0.3437549573410029,FERNANDO JORDÃO,MDB,RJ,0,1,1,0,0,0,0,0
73481,55,0.3437549573410029,FERNANDO MARRONI,PT,RS,0,1,1,0,0,0,0,0
92699,55,0.3437549573410029,FERNANDO MONTEIRO,PP**,PE,0,1,1,0,0,0,0,0
92699,55,0.3437549573410029,FERNANDO MONTEIRO,PP,PE,0,1,1,0,0,0,0,0
160676,55,1.890982798988344,FERNANDO TORRES,PSD,BA,0,1,0,1,1,0,0,0
160598,55,3.196921103271327,FLÁVIA MORAIS,PDT,GO,1,0,1,0,0,0,0,0
141434,55,0.3437549573410029,FLAVIANO MELO,PMDB,AC,0,1,1,0,0,0,0,0
141434,55,0.3437549573410029,FLAVIANO MELO,MDB,AC,0,1,1,0,0,0,0,0
178978,55,0.3437549573410029,FLAVINHO,PSB,SP,0,1,1,0,0,0,0,0
178978,55,0.3437549573410029,FLAVINHO,PSC,SP,0,1,1,0,0,0,0,0
191923,55,1.890982798988344,FLAVIO NOGUEIRA,PDT,PI,0,1,0,1,1,0,0,0
178979,55,0.3437549573410029,FLORIANO PESARO,PSDB,SP,0,1,1,0,0,0,0,0
178907,55,1.890982798988344,FRANCISCO CHAPADINHA,PSD,PA,0,1,0,1,1,0,0,0
178907,55,1.890982798988344,FRANCISCO CHAPADINHA,PTN,PA,0,1,0,1,1,0,0,0
178907,55,1.890982798988344,FRANCISCO CHAPADINHA,PODE,PA,0,1,0,1,1,0,0,0
160677,55,1.890982798988344,FRANCISCO FLORIANO,PR,RJ,0,1,0,1,1,0,0,0
160677,55,1.890982798988344,FRANCISCO FLORIANO,DEM,RJ,0,1,0,1,1,0,0,0
186775,55,1.890982798988344,FRANKLIN,PTdoB,MG,0,1,0,1,1,0,0,0
186775,55,1.890982798988344,FRANKLIN,PMB,MG,0,1,0,1,1,0,0,0
186775,55,1.890982798988344,FRANKLIN,PTdoB,MG,0,1,0,1,1,0,0,0
186775,55,1.890982798988344,FRANKLIN,PP**,MG,0,1,0,1,1,0,0,0
186775,55,1.890982798988344,FRANKLIN,PP,MG,0,1,0,1,1,0,0,0
186775,55,1.890982798988344,FRANKLIN LIMA,PTdoB,MG,0,1,0,1,1,0,0,0
186775,55,1.890982798988344,FRANKLIN LIMA,PMB,MG,0,1,0,1,1,0,0,0
186775,55,1.890982798988344,FRANKLIN LIMA,PTdoB,MG,0,1,0,1,1,0,0,0
186775,55,1.890982798988344,FRANKLIN LIMA,PP**,MG,0,1,0,1,1,0,0,0
186775,55,1.890982798988344,FRANKLIN LIMA,PP,MG,0,1,0,1,1,0,0,0
186775,55,1.890982798988344,PASTOR FRANKLIN,PTdoB,MG,0,1,0,1,1,0,0,0
186775,55,1.890982798988344,PASTOR FRANKLIN,PMB,MG,0,1,0,1,1,0,0,0
186775,55,1.890982798988344,PASTOR FRANKLIN,PTdoB,MG,0,1,0,1,1,0,0,0
186775,55,1.890982798988344,PASTOR FRANKLIN,PP**,MG,0,1,0,1,1,0,0,0
186775,55,1.890982798988344,PASTOR FRANKLIN,PP,MG,0,1,0,1,1,0,0,0
74189,55,0.3437549573410029,FREIRE JÚNIOR,PV,TO,0,1,1,0,0,0,0,0
74189,55,0.3437549573410029,FREIRE JÚNIOR,MDB,TO,0,1,1,0,0,0,0,0
204651,55,0.3437549573410029,FREITAS DO PT,PT,TO,0,1,1,0,0,0,0,0
129037,55,0.3437549573410029,GABRIEL GUIMARÃES,PT,MG,0,1,1,0,0,0,0,0
160669,55,1.890982798988344,GENECIAS NORONHA,SD,CE,0,1,0,1,1,0,0,0
160669,55,1.890982798988344,GENECIAS NORONHA,SOLIDARIEDADE,CE,0,1,0,1,1,0,0,0
141441,55,1.890982798988344,GEORGE HILTON,PRB,MG,0,1,0,1,1,0,0,0
141441,55,1.890982798988344,GEORGE HILTON,PROS,MG,0,1,0,1,1,0,0,0
141441,55,1.890982798988344,GEORGE HILTON,PSB,MG,0,1,0,1,1,0,0,0
141441,55,1.890982798988344,GEORGE HILTON,PSC,MG,0,1,0,1,1,0,0,0
178966,55,3.196921103271327,GEOVANIA DE SÁ,PSDB,SC,1,0,1,0,0,0,0,0
74374,55,0.3437549573410029,GERALDO RESENDE,PMDB,MS,0,1,1,0,0,0,0,0
74374,55,0.3437549573410029,GERALDO RESENDE,PSDB,MS,0,1,1,0,0,0,0,0
74383,55,0.3437549573410029,GIACOBO,PR,PR,0,1,1,0,0,0,0,0
74270,55,0.3437549573410029,GILBERTO NASCIMENTO,PSC,SP,0,1,1,0,0,0,0,0
160673,55,0.3437549573410029,GIOVANI CHERINI,PDT,RS,0,1,1,0,0,0,0,0
160673,55,0.3437549573410029,GIOVANI CHERINI,S.PART.,RS,0,1,1,0,0,0,0,0
160673,55,0.3437549573410029,GIOVANI CHERINI,PR,RS,0,1,1,0,0,0,0,0
178996,55,0.3437549573410029,GIOVANI FELTES,PMDB,RS,0,1,1,0,0,0,0,0
178996,55,0.3437549573410029,GIOVANI FELTES,MDB,RS,0,1,1,0,0,0,0,0
74077,55,0.3437549573410029,GIOVANNI QUEIROZ,PDT,PA,0,1,1,0,0,0,0,0
178878,55,0.3437549573410029,GIUSEPPE VECCI,PSDB,GO,0,1,1,0,0,0,0,0
74558,55,0.3437549573410029,GIVALDO CARIMBÃO,PROS,AL,0,1,1,0,0,0,0,0
74558,55,0.3437549573410029,GIVALDO CARIMBÃO,PHS,AL,0,1,1,0,0,0,0,0
74558,55,0.3437549573410029,GIVALDO CARIMBÃO,AVANTE,AL,0,1,1,0,0,0,0,0
178872,55,0.3437549573410029,GIVALDO VIEIRA,PT,ES,0,1,1,0,0,0,0,0
178872,55,0.3437549573410029,GIVALDO VIEIRA,PCdoB,ES,0,1,1,0,0,0,0,0
152605,55,0.3437549573410029,GLAUBER BRAGA,PSB,RJ,0,1,1,0,0,0,0,0
152605,55,0.3437549573410029,GLAUBER BRAGA,PSOL,RJ,0,1,1,0,0,0,0,0
74419,55,0.3437549573410029,GONZAGA PATRIOTA,PSB,PE,0,1,1,0,0,0,0,0
129618,55,3.196921103271327,GORETE PEREIRA,PR,CE,1,0,1,0,0,0,0,0
178980,55,0.3437549573410029,GOULART,PSD,SP,0,1,1,0,0,0,0,0
194259,55,0.3437549573410029,GUILHERME COELHO,PSDB,PE,0,1,1,0,0,0,0,0
160667,55,0.3437549573410029,GUILHERME MUSSI,PP**,SP,0,1,1,0,0,0,0,0
160667,55,0.3437549573410029,GUILHERME MUSSI,PP,SP,0,1,1,0,0,0,0,0
205298,55,1.890982798988344,GUSTAVO MITRE,PHS,MG,0,1,0,1,1,0,0,0
178964,55,0.3437549573410029,HEITOR SCHUCH,PSB,RS,0,1,1,0,0,0,0,0
178873,55,0.3437549573410029,HELDER SALOMÃO,PT,ES,0,1,1,0,0,0,0,0
178909,55,1.890982798988344,HÉLIO LEITE,DEM,PA,0,1,0,1,1,0,0,0
73482,55,0.3437549573410029,HENRIQUE FONTANA,PT,RS,0,1,1,0,0,0,0,0
97707,55,0.3437549573410029,HERÁCLITO FORTES,PSB,PI,0,1,1,0,0,0,0,0
97707,55,0.3437549573410029,HERÁCLITO FORTES,DEM,PI,0,1,1,0,0,0,0,0
178981,55,0.3437549573410029,HERCULANO PASSOS,PSD,SP,0,1,1,0,0,0,0,0
178981,55,0.3437549573410029,HERCULANO PASSOS,PMDB,SP,0,1,1,0,0,0,0,0
178981,55,0.3437549573410029,HERCULANO PASSOS,MDB,SP,0,1,1,0,0,0,0,0
73772,55,0.3437549573410029,HERMES PARCIANELLO,PMDB,PR,0,1,1,0,0,0,0,0
73772,55,0.3437549573410029,HERMES PARCIANELLO,MDB,PR,0,1,1,0,0,0,0,0
160596,55,0.3437549573410029,HEULER CRUVINEL,PSD,GO,0,1,1,0,0,0,0,0
160596,55,0.3437549573410029,HEULER CRUVINEL,PP**,GO,0,1,1,0,0,0,0,0
160596,55,0.3437549573410029,HEULER CRUVINEL,PP,GO,0,1,1,0,0,0,0,0
178884,55,0.3437549573410029,HILDO ROCHA,PMDB,MA,0,1,1,0,0,0,0,0
178884,55,0.3437549573410029,HILDO ROCHA,MDB,MA,0,1,1,0,0,0,0,0
178959,55,1.890982798988344,HIRAN GONÇALVES,PMN,RR,0,1,0,1,1,0,0,0
178959,55,1.890982798988344,HIRAN GONÇALVES,PMB,RR,0,1,0,1,1,0,0,0
178959,55,1.890982798988344,HIRAN GONÇALVES,S.PART.,RR,0,1,0,1,1,0,0,0
178959,55,1.890982798988344,HIRAN GONÇALVES,PP**,RR,0,1,0,1,1,0,0,0
178959,55,1.890982798988344,HIRAN GONÇALVES,PP,RR,0,1,0,1,1,0,0,0
178849,55,0.3437549573410029,HISSA ABRAHÃO,PPS,AM,0,1,1,0,0,0,0,0
178849,55,0.3437549573410029,HISSA ABRAHÃO,PDT,AM,0,1,1,0,0,0,0,0
141450,55,0.3437549573410029,HUGO LEAL,PROS,RJ,0,1,1,0,0,0,0,0
141450,55,0.3437549573410029,HUGO LEAL,PSB,RJ,0,1,1,0,0,0,0,0
141450,55,0.3437549573410029,HUGO LEAL,S.PART.,RJ,0,1,1,0,0,0,0,0
141450,55,0.3437549573410029,HUGO LEAL,PSD,RJ,0,1,1,0,0,0,0,0
160674,55,0.3437549573410029,HUGO MOTTA,PMDB,PB,0,1,1,0,0,0,0,0
160674,55,0.3437549573410029,HUGO MOTTA,PRB,PB,0,1,1,0,0,0,0,0
194592,55,0.3437549573410029,ILDON MARQUES,PMN,MA,0,1,1,0,0,0,0,0
194592,55,0.3437549573410029,ILDON MARQUES,PSB,MA,0,1,1,0,0,0,0,0
141389,55,0.3437549573410029,INDIO DA COSTA,PSD,RJ,0,1,1,0,0,0,0,0
67138,55,3.196921103271327,IRACEMA PORTELLA,PP**,PI,1,0,1,0,0,0,0,0
67138,55,3.196921103271327,IRACEMA PORTELLA,PP,PI,1,0,1,0,0,0,0,0
81232,55,0.3437549573410029,IRAJÁ ABREU,PSD,TO,0,1,1,0,0,0,0,0
178855,55,1.799495816866339,IRMÃO LAZARO,PSC,BA,0,1,0,1,0,1,0,0
73531,55,0.3437549573410029,IVAN VALENTE,PSOL,SP,0,1,1,0,0,0,0,0
4931,55,0.3437549573410029,IZALCI,PSDB,DF,0,1,1,0,0,0,0,0
4931,55,0.3437549573410029,IZALCI LUCAS,PSDB,DF,0,1,1,0,0,0,0,0
196378,55,1.890982798988344,IZAQUE SILVA,PSDB,SP,0,1,0,1,1,0,0,0
74665,55,0.3437549573410029,JAIME MARTINS,PSD,MG,0,1,1,0,0,0,0,0
74665,55,0.3437549573410029,JAIME MARTINS,PROS,MG,0,1,1,0,0,0,0,0
74847,55,0.3437549573410029,JAIR BOLSONARO,PP**,RJ,0,1,1,0,0,0,0,0
74847,55,0.3437549573410029,JAIR BOLSONARO,PSC,RJ,0,1,1,0,0,0,0,0
74847,55,0.3437549573410029,JAIR BOLSONARO,PSL,RJ,0,1,1,0,0,0,0,0
74848,55,3.196921103271327,JANDIRA FEGHALI,PCdoB,RJ,1,0,1,0,0,0,0,0
73926,55,4.744148944918668,JANETE CAPIBERIBE,PSB,AP,1,0,0,1,1,0,0,0
131943,55,0.3437549573410029,JARBAS VASCONCELOS,PMDB,PE,0,1,1,0,0,0,0,0
131943,55,0.3437549573410029,JARBAS VASCONCELOS,MDB,PE,0,1,1,0,0,0,0,0
160672,55,1.799495816866339,JEAN WYLLYS,PSOL,RJ,0,1,0,1,0,1,0,0
74273,55,0.3437549573410029,JEFFERSON CAMPOS,PSD,SP,0,1,1,0,0,0,0,0
74273,55,0.3437549573410029,JEFFERSON CAMPOS,PSB,SP,0,1,1,0,0,0,0,0
160570,55,0.3437549573410029,JERÔNIMO GOERGEN,PP**,RS,0,1,1,0,0,0,0,0
160570,55,0.3437549573410029,JERÔNIMO GOERGEN,PP,RS,0,1,1,0,0,0,0,0
178839,55,4.744148944918668,JÉSSICA SALES,PMDB,AC,1,0,0,1,1,0,0,0
178839,55,4.744148944918668,JÉSSICA SALES,MDB,AC,1,0,0,1,1,0,0,0
178842,55,1.890982798988344,JHC,SD,AL,0,1,0,1,1,0,0,0
178842,55,1.890982798988344,JHC,PSB,AL,0,1,0,1,1,0,0,0
160531,55,1.890982798988344,JHONATAN DE JESUS,PRB,RR,0,1,0,1,1,0,0,0
141503,55,4.744148944918668,JÔ MORAES,PCdoB,MG,1,0,0,1,1,0,0,0
160573,55,0.3437549573410029,JOÃO ARRUDA,PMDB,PR,0,1,1,0,0,0,0,0
160573,55,0.3437549573410029,JOÃO ARRUDA,MDB,PR,0,1,1,0,0,0,0,0
74366,55,0.3437549573410029,JOÃO CAMPOS,PSDB,GO,0,1,1,0,0,0,0,0
74366,55,0.3437549573410029,JOÃO CAMPOS,PRB,GO,0,1,1,0,0,0,0,0
141458,55,0.3437549573410029,JOÃO CARLOS BACELAR,PR,BA,0,1,1,0,0,0,0,0
74445,55,0.3437549573410029,JOÃO CASTELO,PSDB,MA,0,1,1,0,0,0,0,0
178970,55,0.3437549573410029,JOÃO DANIEL,PT,SE,0,1,1,0,0,0,0,0
178970,55,0.3437549573410029,JOAO SOMARIVA DANIEL,PT,SE,0,1,1,0,0,0,0,0
178965,55,0.3437549573410029,JOÃO DERLY,PCdoB,RS,0,1,1,0,0,0,0,0
178965,55,0.3437549573410029,JOÃO DERLY,REDE,RS,0,1,1,0,0,0,0,0
178917,55,0.3437549573410029,JOÃO FERNANDO COUTINHO,PSB,PE,0,1,1,0,0,0,0,0
178917,55,0.3437549573410029,JOÃO FERNANDO COUTINHO,PROS,PE,0,1,1,0,0,0,0,0
178856,55,1.890982798988344,JOÃO GUALBERTO,PSDB,BA,0,1,0,1,1,0,0,0
112437,55,0.3437549573410029,JOÃO MARCELO,PMDB,MA,0,1,1,0,0,0,0,0
112437,55,0.3437549573410029,JOÃO MARCELO,MDB,MA,0,1,1,0,0,0,0,0
112437,55,0.3437549573410029,JOÃO MARCELO SOUZA,PMDB,MA,0,1,1,0,0,0,0,0
112437,55,0.3437549573410029,JOÃO MARCELO SOUZA,MDB,MA,0,1,1,0,0,0,0,0
178967,55,0.3437549573410029,JOÃO PAULO KLEINÜBING,PSD,SC,0,1,1,0,0,0,0,0
178967,55,0.3437549573410029,JOÃO PAULO KLEINÜBING,DEM,SC,0,1,1,0,0,0,0,0
178988,55,0.3437549573410029,JOÃO PAULO PAPA,PSDB,SP,0,1,1,0,0,0,0,0
160571,55,0.3437549573410029,JOÃO RODRIGUES,PSD,SC,0,1,1,0,0,0,0,0
178910,55,1.890982798988344,JOAQUIM PASSARINHO,PSD,PA,0,1,0,1,1,0,0,0
194262,55,0.3437549573410029,JONES MARTINS,PMDB,RS,0,1,1,0,0,0,0,0
194262,55,0.3437549573410029,JONES MARTINS,MDB,RS,0,1,1,0,0,0,0,0
178971,55,0.3437549573410029,JONY MARCOS,PRB,SE,0,1,1,0,0,0,0,0
74388,55,0.3437549573410029,JORGE BOEIRA,PP**,SC,0,1,1,0,0,0,0,0
74388,55,0.3437549573410029,JORGE BOEIRA,PP,SC,0,1,1,0,0,0,0,0
160572,55,0.3437549573410029,JORGE CÔRTE REAL,PTB,PE,0,1,1,0,0,0,0,0
178857,55,1.890982798988344,JORGE SOLLA,PT,BA,0,1,0,1,1,0,0,0
73535,55,0.3437549573410029,JORGE TADEU MUDALEN,DEM,SP,0,1,1,0,0,0,0,0
160509,55,1.890982798988344,JORGINHO MELLO,PR,SC,0,1,0,1,1,0,0,0
141464,55,1.799495816866339,JOSE AIRTON CIRILO,PT,CE,0,1,0,1,0,1,0,0
73831,55,0.3437549573410029,JOSÉ AUGUSTO CURVO,PDT,MT,0,1,1,0,0,0,0,0
73831,55,0.3437549573410029,JOSÉ AUGUSTO CURVO,PSD,MT,0,1,1,0,0,0,0,0
73831,55,0.3437549573410029,TAMPINHA,PDT,MT,0,1,1,0,0,0,0,0
73831,55,0.3437549573410029,TAMPINHA,PSD,MT,0,1,1,0,0,0,0,0
74553,55,0.3437549573410029,JOSÉ CARLOS ALELUIA,DEM,BA,0,1,1,0,0,0,0,0
74140,55,0.3437549573410029,JOSÉ CARLOS ARAÚJO,PSD,BA,0,1,1,0,0,0,0,0
74140,55,0.3437549573410029,JOSÉ CARLOS ARAÚJO,PR,BA,0,1,1,0,0,0,0,0
131966,55,0.3437549573410029,JOSÉ FOGAÇA,PMDB,RS,0,1,1,0,0,0,0,0
131966,55,0.3437549573410029,JOSÉ FOGAÇA,MDB,RS,0,1,1,0,0,0,0,0
141470,55,0.3437549573410029,JOSÉ GUIMARÃES,PT,CE,0,1,1,0,0,0,0,0
151965,55,1.890982798988344,JOSÉ MAIA FILHO,SD,PI,0,1,0,1,1,0,0,0
151965,55,1.890982798988344,JOSÉ MAIA FILHO,PP**,PI,0,1,0,1,1,0,0,0
151965,55,1.890982798988344,JOSÉ MAIA FILHO,PP,PI,0,1,0,1,1,0,0,0
151965,55,1.890982798988344,MAIA FILHO,SD,PI,0,1,0,1,1,0,0,0
151965,55,1.890982798988344,MAIA FILHO,PP**,PI,0,1,0,1,1,0,0,0
151965,55,1.890982798988344,MAIA FILHO,PP,PI,0,1,0,1,1,0,0,0
151965,55,1.890982798988344,MAINHA,SD,PI,0,1,0,1,1,0,0,0
151965,55,1.890982798988344,MAINHA,PP**,PI,0,1,0,1,1,0,0,0
151965,55,1.890982798988344,MAINHA,PP,PI,0,1,0,1,1,0,0,0
74275,55,0.3437549573410029,JOSÉ MENTOR,PT,SP,0,1,1,0,0,0,0,0
160619,55,0.3437549573410029,JOSÉ NUNES,PSD,BA,0,1,1,0,0,0,0,0
74395,55,0.3437549573410029,JOSÉ OTÁVIO GERMANO,PP**,RS,0,1,1,0,0,0,0,0
74395,55,0.3437549573410029,JOSÉ OTÁVIO GERMANO,PP,RS,0,1,1,0,0,0,0,0
74079,55,0.3437549573410029,JOSÉ PRIANTE,PMDB,PA,0,1,1,0,0,0,0,0
74079,55,0.3437549573410029,JOSÉ PRIANTE,MDB,PA,0,1,1,0,0,0,0,0
73714,55,0.3437549573410029,JOSÉ REINALDO,PSB,MA,0,1,1,0,0,0,0,0
73714,55,0.3437549573410029,JOSÉ REINALDO,S.PART.,MA,0,1,1,0,0,0,0,0
73714,55,0.3437549573410029,JOSÉ REINALDO,PSDB,MA,0,1,1,0,0,0,0,0
74554,55,0.3437549573410029,JOSÉ ROCHA,PR,BA,0,1,1,0,0,0,0,0
160607,55,0.3437549573410029,JOSE STÉDILE,PSB,RS,0,1,1,0,0,0,0,0
114941,55,4.744148944918668,JOSI NUNES,PMDB,TO,1,0,0,1,1,0,0,0
114941,55,4.744148944918668,JOSI NUNES,PROS,TO,1,0,0,1,1,0,0,0
74141,55,1.890982798988344,JOSIAS GOMES,PT,BA,0,1,0,1,1,0,0,0
74351,55,0.3437549573410029,JOSUÉ BENGTSON,PTB,PA,0,1,1,0,0,0,0,0
73666,55,0.3437549573410029,JOVAIR ARANTES,PTB,GO,0,1,1,0,0,0,0,0
178851,55,4.744148944918668,JOZI ARAÚJO,PTB,AP,1,0,0,1,1,0,0,0
178851,55,4.744148944918668,JOZI ARAÚJO,PTN,AP,1,0,0,1,1,0,0,0
178851,55,4.744148944918668,JOZI ARAÚJO,PODE,AP,1,0,0,1,1,0,0,0
178851,55,4.744148944918668,JOZI ROCHA,PTB,AP,1,0,0,1,1,0,0,0
178851,55,4.744148944918668,JOZI ROCHA,PTN,AP,1,0,0,1,1,0,0,0
178851,55,4.744148944918668,JOZI ROCHA,PODE,AP,1,0,0,1,1,0,0,0
67312,55,4.744148944918668,JÚLIA MARINHO,PSC,PA,1,0,0,1,1,0,0,0
141474,55,0.3437549573410029,JULIÃO AMIN,PDT,MA,0,1,1,0,0,0,0,0
74317,55,0.3437549573410029,JÚLIO CESAR,PSD,PI,0,1,1,0,0,0,0,0
73586,55,0.3437549573410029,JÚLIO DELGADO,PSB,MG,0,1,1,0,0,0,0,0
74253,55,0.3437549573410029,JULIO LOPES,PP**,RJ,0,1,1,0,0,0,0,0
74253,55,0.3437549573410029,JULIO LOPES,PP,RJ,0,1,1,0,0,0,0,0
201357,55,1.799495816866339,JUNIOR CORINGA,PSD,MS,0,1,0,1,0,1,0,0
178885,55,0.3437549573410029,JUNIOR MARRECA,PEN,MA,0,1,1,0,0,0,0,0
178885,55,0.3437549573410029,JUNIOR MARRECA,PATRI,MA,0,1,1,0,0,0,0,0
160544,55,0.3437549573410029,JUNJI ABE,PSD,SP,0,1,1,0,0,0,0,0
160544,55,0.3437549573410029,JUNJI ABE,PMDB,SP,0,1,1,0,0,0,0,0
160544,55,0.3437549573410029,JUNJI ABE,MDB,SP,0,1,1,0,0,0,0,0
178886,55,0.3437549573410029,JUSCELINO FILHO,PRP,MA,0,1,1,0,0,0,0,0
178886,55,0.3437549573410029,JUSCELINO FILHO,PMB,MA,0,1,1,0,0,0,0,0
178886,55,0.3437549573410029,JUSCELINO FILHO,DEM,MA,0,1,1,0,0,0,0,0
178886,55,0.3437549573410029,JUSCELINO REZENDE FILHO,PRP,MA,0,1,1,0,0,0,0,0
178886,55,0.3437549573410029,JUSCELINO REZENDE FILHO,PMB,MA,0,1,1,0,0,0,0,0
178886,55,0.3437549573410029,JUSCELINO REZENDE FILHO,DEM,MA,0,1,1,0,0,0,0,0
74570,55,0.3437549573410029,JUTAHY JUNIOR,PSDB,BA,0,1,1,0,0,0,0,0
178918,55,0.3437549573410029,KAIO MANIÇOBA,PHS,PE,0,1,1,0,0,0,0,0
178918,55,0.3437549573410029,KAIO MANIÇOBA,PMDB,PE,0,1,1,0,0,0,0,0
178918,55,0.3437549573410029,KAIO MANIÇOBA,SD,PE,0,1,1,0,0,0,0,0
178918,55,0.3437549573410029,KAIO MANIÇOBA,SOLIDARIEDADE,PE,0,1,1,0,0,0,0,0
160659,55,3.196921103271327,KEIKO OTA,PSB,SP,1,0,1,0,0,0,0,0
151208,55,0.3437549573410029,LAERCIO OLIVEIRA,SD,SE,0,1,1,0,0,0,0,0
151208,55,0.3437549573410029,LAERCIO OLIVEIRA,PP**,SE,0,1,1,0,0,0,0,0
151208,55,0.3437549573410029,LAERCIO OLIVEIRA,PP,SE,0,1,1,0,0,0,0,0
141478,55,0.3437549573410029,LAERTE BESSA,PR,DF,0,1,1,0,0,0,0,0
141478,55,0.3437549573410029,LAERTE RODRIGUES DE BESSA,PR,DF,0,1,1,0,0,0,0,0
178894,55,0.3437549573410029,LAUDIVIO CARVALHO,PMDB,MG,0,1,1,0,0,0,0,0
178894,55,0.3437549573410029,LAUDIVIO CARVALHO,SD,MG,0,1,1,0,0,0,0,0
178894,55,0.3437549573410029,LAUDIVIO CARVALHO,PODE,MG,0,1,1,0,0,0,0,0
74856,55,4.744148944918668,LAURA CARNEIRO,PTB,RJ,1,0,0,1,1,0,0,0
74856,55,4.744148944918668,LAURA CARNEIRO,PMDB,RJ,1,0,0,1,1,0,0,0
74856,55,4.744148944918668,LAURA CARNEIRO,S.PART.,RJ,1,0,0,1,1,0,0,0
74856,55,4.744148944918668,LAURA CARNEIRO,DEM,RJ,1,0,0,1,1,0,0,0
141480,55,0.3437549573410029,LÁZARO BOTELHO,PP**,TO,0,1,1,0,0,0,0,0
141480,55,0.3437549573410029,LÁZARO BOTELHO,PP,TO,0,1,1,0,0,0,0,0
178832,55,3.196921103271327,LEANDRE,PV,PR,1,0,1,0,0,0,0,0
141562,55,0.3437549573410029,LELO COIMBRA,PMDB,ES,0,1,1,0,0,0,0,0
141562,55,0.3437549573410029,LELO COIMBRA,MDB,ES,0,1,1,0,0,0,0,0
178825,55,1.890982798988344,LEO DE BRITO,PT,AC,0,1,0,1,1,0,0,0
74156,55,1.799495816866339,LEONARDO MONTEIRO,PT,MG,0,1,0,1,0,1,0,0
74254,55,0.3437549573410029,LEONARDO PICCIANI,PMDB,RJ,0,1,1,0,0,0,0,0
74254,55,0.3437549573410029,LEONARDO PICCIANI,MDB,RJ,0,1,1,0,0,0,0,0
141482,55,0.3437549573410029,LEONARDO QUINTÃO,PMDB,MG,0,1,1,0,0,0,0,0
141482,55,0.3437549573410029,LEONARDO QUINTÃO,MDB,MG,0,1,1,0,0,0,0,0
74299,55,0.3437549573410029,LEÔNIDAS CRISTINO,PROS,CE,0,1,1,0,0,0,0,0
74299,55,0.3437549573410029,LEÔNIDAS CRISTINO,PDT,CE,0,1,1,0,0,0,0,0
160663,55,0.3437549573410029,LEOPOLDO MEYER,PSB,PR,0,1,1,0,0,0,0,0
74585,55,0.3437549573410029,LINCOLN PORTELA,PR,MG,0,1,1,0,0,0,0,0
74585,55,0.3437549573410029,LINCOLN PORTELA,PRB,MG,0,1,1,0,0,0,0,0
74585,55,0.3437549573410029,LINCOLN PORTELA,PR,MG,0,1,1,0,0,0,0,0
141483,55,1.890982798988344,LINDOMAR GARÇON,PMDB,RO,0,1,0,1,1,0,0,0
141483,55,1.890982798988344,LINDOMAR GARÇON,PRB,RO,0,1,0,1,1,0,0,0
74277,55,0.3437549573410029,LOBBE NETO,PSDB,SP,0,1,1,0,0,0,0,0
196358,55,1.890982798988344,LOURIVAL GOMES,PSDC,RJ,0,1,0,1,1,0,0,0
196358,55,1.890982798988344,LOURIVAL GOMES,PTN,RJ,0,1,0,1,1,0,0,0
196358,55,1.890982798988344,LOURIVAL GOMES,PODE,RJ,0,1,0,1,1,0,0,0
81366,55,3.196921103271327,LUANA COSTA,PSB,MA,1,0,1,0,0,0,0,0
81366,55,3.196921103271327,LUANA COSTA,PSC,MA,1,0,1,0,0,0,0,0
178879,55,0.3437549573410029,LUCAS VERGILIO,SD,GO,0,1,1,0,0,0,0,0
178879,55,0.3437549573410029,LUCAS VERGILIO,SOLIDARIEDADE,GO,0,1,1,0,0,0,0,0
160628,55,4.744148944918668,LUCIANA SANTOS,PCdoB,PE,1,0,0,1,1,0,0,0
74478,55,0.3437549573410029,LUCIANO BIVAR,PSL,PE,0,1,1,0,0,0,0,0
178931,55,0.3437549573410029,LUCIANO DUCCI,PSB,PR,0,1,1,0,0,0,0,0
178954,55,1.890982798988344,LUCIO MOSQUINI,PMDB,RO,0,1,0,1,1,0,0,0
178954,55,1.890982798988344,LUCIO MOSQUINI,MDB,RO,0,1,0,1,1,0,0,0
141484,55,0.3437549573410029,LÚCIO VALE,PR,PA,0,1,1,0,0,0,0,0
94931,55,0.3437549573410029,LUCIO VIEIRA LIMA,PMDB,BA,0,1,1,0,0,0,0,0
94931,55,0.3437549573410029,LUCIO VIEIRA LIMA,MDB,BA,0,1,1,0,0,0,0,0
73483,55,0.3437549573410029,LUIS CARLOS HEINZE,PP**,RS,0,1,1,0,0,0,0,0
73483,55,0.3437549573410029,LUIS CARLOS HEINZE,PP,RS,0,1,1,0,0,0,0,0
160510,55,0.3437549573410029,LUIS TIBÉ,PTdoB,MG,0,1,1,0,0,0,0,0
160510,55,0.3437549573410029,LUIS TIBÉ,AVANTE,MG,0,1,1,0,0,0,0,0
141485,55,0.3437549573410029,LUIZ CARLOS BUSATO,PTB,RS,0,1,1,0,0,0,0,0
73778,55,0.3437549573410029,LUIZ CARLOS HAULY,PSDB,PR,0,1,1,0,0,0,0,0
178802,55,1.890982798988344,LUIZ CARLOS RAMOS,PSDC,RJ,0,1,0,1,1,0,0,0
178802,55,1.890982798988344,LUIZ CARLOS RAMOS,PMB,RJ,0,1,0,1,1,0,0,0
178802,55,1.890982798988344,LUIZ CARLOS RAMOS,PTN,RJ,0,1,0,1,1,0,0,0
178802,55,1.890982798988344,LUIZ CARLOS RAMOS,PODE,RJ,0,1,0,1,1,0,0,0
178802,55,1.890982798988344,LUIZ CARLOS RAMOS,PR,RJ,0,1,0,1,1,0,0,0
178955,55,0.3437549573410029,LUIZ CLÁUDIO,PR,RO,0,1,1,0,0,0,0,0
74041,55,0.3437549573410029,LUIZ COUTO,PT,PB,0,1,1,0,0,0,0,0
141487,55,0.3437549573410029,LUIZ FERNANDO FARIA,PP**,MG,0,1,1,0,0,0,0,0
141487,55,0.3437549573410029,LUIZ FERNANDO FARIA,PP,MG,0,1,1,0,0,0,0,0
178982,55,0.3437549573410029,LUIZ LAURO FILHO,PSB,SP,0,1,1,0,0,0,0,0
162332,55,0.8765751412195573,LUIZ NISHIMORI,PR,PR,0,1,0,1,0,0,1,0
74688,55,0.3437549573410029,LUIZ SÉRGIO,PT,RJ,0,1,1,0,0,0,0,0
74784,55,3.196921103271327,LUIZA ERUNDINA,PSB,SP,1,0,1,0,0,0,0,0
74784,55,3.196921103271327,LUIZA ERUNDINA,PSOL,SP,1,0,1,0,0,0,0,0
178866,55,3.196921103271327,LUIZIANNE LINS,PT,CE,1,0,1,0,0,0,0,0
198198,55,3.196921103271327,LUZIA FERREIRA,PPS,MG,1,0,1,0,0,0,0,0
178867,55,1.890982798988344,MACEDO,PSL,CE,0,1,0,1,1,0,0,0
178867,55,1.890982798988344,MACEDO,PMB,CE,0,1,0,1,1,0,0,0
178867,55,1.890982798988344,MACEDO,PSL,CE,0,1,0,1,1,0,0,0
178867,55,1.890982798988344,MACEDO,PP**,CE,0,1,0,1,1,0,0,0
178867,55,1.890982798988344,MACEDO,PP,CE,0,1,0,1,1,0,0,0
166402,55,3.196921103271327,MAGDA MOFATTO,PR,GO,1,0,1,0,0,0,0,0
178826,55,1.890982798988344,MAJOR OLIMPIO,PDT,SP,0,1,0,1,1,0,0,0
178826,55,1.890982798988344,MAJOR OLIMPIO,PMB,SP,0,1,0,1,1,0,0,0
178826,55,1.890982798988344,MAJOR OLIMPIO,S.PART.,SP,0,1,0,1,1,0,0,0
178826,55,1.890982798988344,MAJOR OLIMPIO,SD,SP,0,1,0,1,1,0,0,0
178826,55,1.890982798988344,MAJOR OLIMPIO,PSL,SP,0,1,0,1,1,0,0,0
178826,55,1.890982798988344,MAJOR OLIMPIO GOMES,PDT,SP,0,1,0,1,1,0,0,0
178826,55,1.890982798988344,MAJOR OLIMPIO GOMES,PMB,SP,0,1,0,1,1,0,0,0
178826,55,1.890982798988344,MAJOR OLIMPIO GOMES,S.PART.,SP,0,1,0,1,1,0,0,0
178826,55,1.890982798988344,MAJOR OLIMPIO GOMES,SD,SP,0,1,0,1,1,0,0,0
178826,55,1.890982798988344,MAJOR OLIMPIO GOMES,PSL,SP,0,1,0,1,1,0,0,0
160633,55,0.3437549573410029,MANDETTA,DEM,MS,0,1,1,0,0,0,0,0
141490,55,0.3437549573410029,MANOEL JUNIOR,PMDB,PB,0,1,1,0,0,0,0,0
141490,55,0.3437549573410029,MANOEL JUNIOR,MDB,PB,0,1,1,0,0,0,0,0
160565,55,3.196921103271327,MARA GABRILLI,PSDB,SP,1,0,1,0,0,0,0,0
160660,55,0.3437549573410029,MARCELO AGUIAR,DEM,SP,0,1,1,0,0,0,0,0
179000,55,0.3437549573410029,MARCELO ÁLVARO ANTÔNIO,PRP,MG,0,1,1,0,0,0,0,0
179000,55,0.3437549573410029,MARCELO ÁLVARO ANTÔNIO,PMB,MG,0,1,1,0,0,0,0,0
179000,55,0.3437549573410029,MARCELO ÁLVARO ANTÔNIO,PR,MG,0,1,1,0,0,0,0,0
179000,55,0.3437549573410029,MARCELO ÁLVARO ANTÔNIO,PSL,MG,0,1,1,0,0,0,0,0
146788,55,0.3437549573410029,MARCELO ARO,PHS,MG,0,1,1,0,0,0,0,0
178932,55,0.3437549573410029,MARCELO BELINATI,PP**,PR,0,1,1,0,0,0,0,0
178932,55,0.3437549573410029,MARCELO BELINATI,PP,PR,0,1,1,0,0,0,0,0
74460,55,0.3437549573410029,MARCELO CASTRO,PMDB,PI,0,1,1,0,0,0,0,0
74460,55,0.3437549573410029,MARCELO CASTRO,MDB,PI,0,1,1,0,0,0,0,0
195826,55,0.3437549573410029,MARCELO DELAROLI,PR,RJ,0,1,1,0,0,0,0,0
76287,55,0.3437549573410029,MARCELO MATOS,PDT,RJ,0,1,1,0,0,0,0,0
76287,55,0.3437549573410029,MARCELO MATOS,PHS,RJ,0,1,1,0,0,0,0,0
76287,55,0.3437549573410029,MARCELO MATOS,PSD,RJ,0,1,1,0,0,0,0,0
74278,55,0.3437549573410029,MARCELO ORTIZ,PSL,SP,0,1,1,0,0,0,0,0
74278,55,0.3437549573410029,MARCELO ORTIZ,PODE,SP,0,1,1,0,0,0,0,0
118594,55,0.3437549573410029,MARCELO SQUASSONI,PRB,SP,0,1,1,0,0,0,0,0
178983,55,0.3437549573410029,MARCIO ALVINO,PR,SP,0,1,1,0,0,0,0,0
179001,55,0.3437549573410029,MÁRCIO BIOLCHI,PMDB,RS,0,1,1,0,0,0,0,0
179001,55,0.3437549573410029,MÁRCIO BIOLCHI,MDB,RS,0,1,1,0,0,0,0,0
150418,55,1.799495816866339,MÁRCIO MARINHO,PRB,BA,0,1,0,1,0,1,0,0
178899,55,0.3437549573410029,MARCIO MONTEIRO,PSDB,MS,0,1,1,0,0,0,0,0
178899,55,0.3437549573410029,MARCIO MONTEIRO,S.PART.,MS,0,1,1,0,0,0,0,0
178942,55,0.3437549573410029,MARCO ANTÔNIO CABRAL,PMDB,RJ,0,1,1,0,0,0,0,0
178942,55,0.3437549573410029,MARCO ANTÔNIO CABRAL,MDB,RJ,0,1,1,0,0,0,0,0
133373,55,0.3437549573410029,MARCO MAIA,PT,RS,0,1,1,0,0,0,0,0
160536,55,0.3437549573410029,MARCO TEBALDI,PSDB,SC,0,1,1,0,0,0,0,0
160535,55,0.3437549573410029,MARCON,PT,RS,0,1,1,0,0,0,0,0
74470,55,0.3437549573410029,MARCONDES GADELHA,PSC,PB,0,1,1,0,0,0,0,0
178880,55,0.3437549573410029,MARCOS ABRÃO,PPS,GO,0,1,1,0,0,0,0,0
74634,55,1.890982798988344,MARCOS MEDRADO,SD,BA,0,1,0,1,1,0,0,0
74634,55,1.890982798988344,MARCOS MEDRADO,PODE,BA,0,1,0,1,1,0,0,0
141500,55,0.3437549573410029,MARCOS MONTES,PSD,MG,0,1,1,0,0,0,0,0
178852,55,0.3437549573410029,MARCOS REATEGUI,PSC,AP,0,1,1,0,0,0,0,0
178852,55,0.3437549573410029,MARCOS REATEGUI,PSD,AP,0,1,1,0,0,0,0,0
167722,55,0.3437549573410029,MARCOS ROGÉRIO,PDT,RO,0,1,1,0,0,0,0,0
167722,55,0.3437549573410029,MARCOS ROGÉRIO,DEM,RO,0,1,1,0,0,0,0,0
178850,55,0.3437549573410029,MARCOS ROTTA,PMDB,AM,0,1,1,0,0,0,0,0
178850,55,0.3437549573410029,MARCOS ROTTA,MDB,AM,0,1,1,0,0,0,0,0
178943,55,0.3437549573410029,MARCOS SOARES,PR,RJ,0,1,1,0,0,0,0,0
178943,55,0.3437549573410029,MARCOS SOARES,DEM,RJ,0,1,1,0,0,0,0,0
159238,55,0.3437549573410029,MARCUS PESTANA,PSDB,MG,0,1,1,0,0,0,0,0
74235,55,0.3437549573410029,MARCUS VICENTE,PP**,ES,0,1,1,0,0,0,0,0
74235,55,0.3437549573410029,MARCUS VICENTE,PP,ES,0,1,1,0,0,0,0,0
205297,55,4.744148944918668,MARFIZA GALVÃO,PSD,AC,1,0,0,1,1,0,0,0
171619,55,3.196921103271327,MARGARIDA SALOMÃO,PT,MG,1,0,1,0,0,0,0,0
74398,55,3.196921103271327,MARIA DO ROSÁRIO,PT,RS,1,0,1,0,0,0,0,0
64960,55,3.196921103271327,MARIA HELENA,PSB,RR,1,0,1,0,0,0,0,0
64960,55,3.196921103271327,MARIA HELENA,PSB,RR,1,0,1,0,0,0,0,0
64960,55,3.196921103271327,MARIA HELENA,S.PART.,RR,1,0,1,0,0,0,0,0
64960,55,3.196921103271327,MARIA HELENA,PMDB,RR,1,0,1,0,0,0,0,0
64960,55,3.196921103271327,MARIA HELENA,MDB,RR,1,0,1,0,0,0,0,0
178956,55,4.744148944918668,MARIANA CARVALHO,PSDB,RO,1,0,0,1,1,0,0,0
178919,55,0.3437549573410029,MARINALDO ROSENDO,PSB,PE,0,1,1,0,0,0,0,0
178919,55,0.3437549573410029,MARINALDO ROSENDO,PP**,PE,0,1,1,0,0,0,0,0
178919,55,0.3437549573410029,MARINALDO ROSENDO,PP,PE,0,1,1,0,0,0,0,0
74177,55,3.196921103271327,MARINHA RAUPP,PMDB,RO,1,0,1,0,0,0,0,0
74177,55,3.196921103271327,MARINHA RAUPP,MDB,RO,1,0,1,0,0,0,0,0
74158,55,0.3437549573410029,MÁRIO HERINGER,PDT,MG,0,1,1,0,0,0,0,0
178858,55,0.3437549573410029,MÁRIO NEGROMONTE JR.,PP**,BA,0,1,1,0,0,0,0,0
178858,55,0.3437549573410029,MÁRIO NEGROMONTE JR.,PP,BA,0,1,1,0,0,0,0,0
178858,55,0.3437549573410029,MARIO NEGROMONTE JUNIOR,PP**,BA,0,1,1,0,0,0,0,0
178858,55,0.3437549573410029,MARIO NEGROMONTE JUNIOR,PP,BA,0,1,1,0,0,0,0,0
181315,55,0.3437549573410029,MARQUINHO MENDES,PMDB,RJ,0,1,1,0,0,0,0,0
181315,55,0.3437549573410029,MARQUINHO MENDES,MDB,RJ,0,1,1,0,0,0,0,0
178843,55,0.3437549573410029,MARX BELTRÃO,PMDB,AL,0,1,1,0,0,0,0,0
178843,55,0.3437549573410029,MARX BELTRÃO,PSD,AL,0,1,1,0,0,0,0,0
74050,55,1.890982798988344,MAURÍCIO QUINTELLA LESSA,PR,AL,0,1,0,1,1,0,0,0
73588,55,0.3437549573410029,MAURO BENEVIDES,PMDB,CE,0,1,1,0,0,0,0,0
73588,55,0.3437549573410029,MAURO BENEVIDES,MDB,CE,0,1,1,0,0,0,0,0
74749,55,0.3437549573410029,MAURO LOPES,PMDB,MG,0,1,1,0,0,0,0,0
74749,55,0.3437549573410029,MAURO LOPES,MDB,MG,0,1,1,0,0,0,0,0
141507,55,0.3437549573410029,MAURO MARIANI,PMDB,SC,0,1,1,0,0,0,0,0
141507,55,0.3437549573410029,MAURO MARIANI,MDB,SC,0,1,1,0,0,0,0,0
124411,55,0.3437549573410029,MAURO PEREIRA,PMDB,RS,0,1,1,0,0,0,0,0
124411,55,0.3437549573410029,MAURO PEREIRA,MDB,RS,0,1,1,0,0,0,0,0
178827,55,0.3437549573410029,MAX FILHO,PSDB,ES,0,1,1,0,0,0,0,0
74428,55,1.890982798988344,MENDONÇA FILHO,DEM,PE,0,1,0,1,1,0,0,0
188097,55,0.3437549573410029,MERLONG SOLANO,PT,PI,0,1,1,0,0,0,0,0
141509,55,1.890982798988344,MIGUEL CORRÊA,PT,MG,0,1,0,1,1,0,0,0
178984,55,0.3437549573410029,MIGUEL HADDAD,PSDB,SP,0,1,1,0,0,0,0,0
178985,55,0.3437549573410029,MIGUEL LOMBARDI,PR,SP,0,1,1,0,0,0,0,0
74787,55,0.3437549573410029,MILTON MONTI,PR,SP,0,1,1,0,0,0,0,0
74862,55,0.3437549573410029,MIRO TEIXEIRA,PROS,RJ,0,1,1,0,0,0,0,0
74862,55,0.3437549573410029,MIRO TEIXEIRA,REDE,RJ,0,1,1,0,0,0,0,0
178895,55,0.3437549573410029,MISAEL VARELLA,DEM,MG,0,1,1,0,0,0,0,0
178895,55,0.3437549573410029,MISAEL VARELLA,PSD,MG,0,1,1,0,0,0,0,0
160561,55,0.3437549573410029,MISSIONÁRIO JOSÉ OLIMPIO,PP**,SP,0,1,1,0,0,0,0,0
160561,55,0.3437549573410029,MISSIONÁRIO JOSÉ OLIMPIO,DEM,SP,0,1,1,0,0,0,0,0
178859,55,4.652661962796663,MOEMA GRAMACHO,PT,BA,1,0,0,1,0,1,0,0
195278,55,1.890982798988344,MOISÉS DINIZ,PCdoB,AC,0,1,0,1,1,0,0,0
74457,55,0.3437549573410029,MORONI TORGAN,DEM,CE,0,1,1,0,0,0,0,0
178997,55,0.3437549573410029,MOSES RODRIGUES,PPS,CE,0,1,1,0,0,0,0,0
178997,55,0.3437549573410029,MOSES RODRIGUES,PMDB,CE,0,1,1,0,0,0,0,0
178997,55,0.3437549573410029,MOSES RODRIGUES,MDB,CE,0,1,1,0,0,0,0,0
160567,55,0.3437549573410029,NELSON MARCHEZAN JUNIOR,PSDB,RS,0,1,1,0,0,0,0,0
73553,55,0.3437549573410029,NELSON MARQUEZELLI,PTB,SP,0,1,1,0,0,0,0,0
73781,55,0.3437549573410029,NELSON MEURER,PP**,PR,0,1,1,0,0,0,0,0
73781,55,0.3437549573410029,NELSON MEURER,PP,PR,0,1,1,0,0,0,0,0
193069,55,0.3437549573410029,NELSON NAHIM,PSD,RJ,0,1,1,0,0,0,0,0
160566,55,0.3437549573410029,NELSON PADOVANI,PSC,PR,0,1,1,0,0,0,0,0
160566,55,0.3437549573410029,NELSON PADOVANI,PSDB,PR,0,1,1,0,0,0,0,0
74571,55,1.890982798988344,NELSON PELLEGRINO,PT,BA,0,1,0,1,1,0,0,0
178896,55,0.3437549573410029,NEWTON CARDOSO JR,PMDB,MG,0,1,1,0,0,0,0,0
178896,55,0.3437549573410029,NEWTON CARDOSO JR,MDB,MG,0,1,1,0,0,0,0,0
74751,55,0.3437549573410029,NILMÁRIO MIRANDA,PT,MG,0,1,1,0,0,0,0,0
166401,55,1.890982798988344,NILSON LEITÃO,PSDB,MT,0,1,0,1,1,0,0,0
74352,55,1.890982798988344,NILSON PINTO,PSDB,PA,0,1,0,1,1,0,0,0
178986,55,0.3437549573410029,NILTO TATTO,PT,SP,0,1,1,0,0,0,0,0
74359,55,0.3437549573410029,NILTON CAPIXABA,PTB,RO,0,1,1,0,0,0,0,0
194260,55,0.3437549573410029,NIVALDO ALBUQUERQUE,PRP,AL,0,1,1,0,0,0,0,0
194260,55,0.3437549573410029,NIVALDO ALBUQUERQUE,PTB,AL,0,1,1,0,0,0,0,0
66179,55,3.196921103271327,NORMA AYUB,DEM,ES,1,0,1,0,0,0,0,0
74159,55,0.3437549573410029,ODAIR CUNHA,PT,MG,0,1,1,0,0,0,0,0
74752,55,0.3437549573410029,ODELMO LEÃO,PP**,MG,0,1,1,0,0,0,0,0
74752,55,0.3437549573410029,ODELMO LEÃO,PP,MG,0,1,1,0,0,0,0,0
178868,55,0.3437549573410029,ODORICO MONTEIRO,PT,CE,0,1,1,0,0,0,0,0
178868,55,0.3437549573410029,ODORICO MONTEIRO,PROS,CE,0,1,1,0,0,0,0,0
178868,55,0.3437549573410029,ODORICO MONTEIRO,PSB,CE,0,1,1,0,0,0,0,0
74399,55,0.3437549573410029,ONYX LORENZONI,DEM,RS,0,1,1,0,0,0,0,0
178987,55,1.799495816866339,ORLANDO SILVA,PCdoB,SP,0,1,0,1,0,1,0,0
180545,55,0.3437549573410029,OSMAR BERTOLDI,DEM,PR,0,1,1,0,0,0,0,0
73463,55,0.3437549573410029,OSMAR SERRAGLIO,PMDB,PR,0,1,1,0,0,0,0,0
73463,55,0.3437549573410029,OSMAR SERRAGLIO,PP**,PR,0,1,1,0,0,0,0,0
73463,55,0.3437549573410029,OSMAR SERRAGLIO,PP,PR,0,1,1,0,0,0,0,0
73692,55,0.3437549573410029,OSMAR TERRA,PMDB,RS,0,1,1,0,0,0,0,0
73692,55,0.3437549573410029,OSMAR TERRA,MDB,RS,0,1,1,0,0,0,0,0
202063,55,0.3437549573410029,OSVALDO MAFRA,SD,SC,0,1,1,0,0,0,0,0
202063,55,0.3437549573410029,OSVALDO MAFRA,SOLIDARIEDADE,SC,0,1,1,0,0,0,0,0
141515,55,0.3437549573410029,OTAVIO LEITE,PSDB,RJ,0,1,1,0,0,0,0,0
160556,55,0.3437549573410029,PADRE JOÃO,PT,MG,0,1,1,0,0,0,0,0
74319,55,0.3437549573410029,PAES LANDIM,PTB,PI,0,1,1,0,0,0,0,0
160642,55,1.890982798988344,PASTOR EURICO,PSB,PE,0,1,0,1,1,0,0,0
160642,55,1.890982798988344,PASTOR EURICO,PHS,PE,0,1,0,1,1,0,0,0
160642,55,1.890982798988344,PASTOR EURICO,PEN,PE,0,1,0,1,1,0,0,0
160642,55,1.890982798988344,PASTOR EURICO,PATRI,PE,0,1,0,1,1,0,0,0
193982,55,1.890982798988344,PASTOR LUCIANO BRAGA,DEM,BA,0,1,0,1,1,0,0,0
193982,55,1.890982798988344,PASTOR LUCIANO BRAGA,PMB,BA,0,1,0,1,1,0,0,0
193982,55,1.890982798988344,PASTOR LUCIANO BRAGA,PRB,BA,0,1,0,1,1,0,0,0
74160,55,0.3437549573410029,PATRUS ANANIAS,PT,MG,0,1,1,0,0,0,0,0
74095,55,1.890982798988344,PAUDERNEY AVELINO,DEM,AM,0,1,0,1,1,0,0,0
171617,55,1.890982798988344,PAULÃO,PT,AL,0,1,0,1,1,0,0,0
141516,55,0.3437549573410029,PAULO ABI-ACKEL,PSDB,MG,0,1,1,0,0,0,0,0
178860,55,0.3437549573410029,PAULO AZI,DEM,BA,0,1,1,0,0,0,0,0
74017,55,0.3437549573410029,PAULO FEIJÓ,PR,RJ,0,1,1,0,0,0,0,0
160517,55,0.3437549573410029,PAULO FOLETTO,PSB,ES,0,1,1,0,0,0,0,0
160558,55,0.3437549573410029,PAULO FREIRE,PR,SP,0,1,1,0,0,0,0,0
160558,55,0.3437549573410029,PAULO FREIRE COSTA,PR,SP,0,1,1,0,0,0,0,0
141517,55,1.890982798988344,PAULO HENRIQUE LUSTOSA,PP**,CE,0,1,0,1,1,0,0,0
141517,55,1.890982798988344,PAULO HENRIQUE LUSTOSA,PP,CE,0,1,0,1,1,0,0,0
74574,55,0.3437549573410029,PAULO MAGALHÃES,PSD,BA,0,1,1,0,0,0,0,0
132056,55,0.3437549573410029,PAULO MALUF,PP**,SP,0,1,1,0,0,0,0,0
132056,55,0.3437549573410029,PAULO MALUF,PP,SP,0,1,1,0,0,0,0,0
193726,55,1.890982798988344,PAULO MARTINS,PSC,PR,0,1,0,1,1,0,0,0
193726,55,1.890982798988344,PAULO MARTINS,PSDB,PR,0,1,0,1,1,0,0,0
141518,55,0.3437549573410029,PAULO PEREIRA DA SILVA,SD,SP,0,1,1,0,0,0,0,0
141518,55,0.3437549573410029,PAULO PEREIRA DA SILVA,SOLIDARIEDADE,SP,0,1,1,0,0,0,0,0
74400,55,0.3437549573410029,PAULO PIMENTA,PT,RS,0,1,1,0,0,0,0,0
141488,55,0.3437549573410029,PAULO TEIXEIRA,PT,SP,0,1,1,0,0,0,0,0
74812,55,0.3437549573410029,PEDRO CHAVES,PMDB,GO,0,1,1,0,0,0,0,0
74812,55,0.3437549573410029,PEDRO CHAVES,MDB,GO,0,1,1,0,0,0,0,0
178912,55,0.3437549573410029,PEDRO CUNHA LIMA,PSDB,PB,0,1,1,0,0,0,0,0
74449,55,0.3437549573410029,PEDRO FERNANDES,PTB,MA,0,1,1,0,0,0,0,0
122158,55,0.3437549573410029,PEDRO PAULO,PMDB,RJ,0,1,1,0,0,0,0,0
122158,55,0.3437549573410029,PEDRO PAULO,DEM,RJ,0,1,1,0,0,0,0,0
160604,55,0.3437549573410029,PEDRO UCZAI,PT,SC,0,1,1,0,0,0,0,0
178844,55,0.3437549573410029,PEDRO VILELA,PSDB,AL,0,1,1,0,0,0,0,0
80920,55,0.3437549573410029,PENNA,PV,SP,0,1,1,0,0,0,0,0
141445,55,0.3437549573410029,PEPE VARGAS,PT,RS,0,1,1,0,0,0,0,0
195997,55,3.196921103271327,POLLYANA GAMA,PPS,SP,1,0,1,0,0,0,0,0
73486,55,0.3437549573410029,POMPEO DE MATTOS,PDT,RS,0,1,1,0,0,0,0,0
160601,55,0.3437549573410029,PR. MARCO FELICIANO,PSC,SP,0,1,1,0,0,0,0,0
160601,55,0.3437549573410029,PR. MARCO FELICIANO,PODE,SP,0,1,1,0,0,0,0,0
200153,55,0.3437549573410029,PROF. GEDEÃO AMORIM,PMDB,AM,0,1,1,0,0,0,0,0
200153,55,0.3437549573410029,PROF. GEDEÃO AMORIM,MDB,AM,0,1,1,0,0,0,0,0
204011,55,1.890982798988344,PROFESSOR PACCO,PSB,DF,0,1,0,1,1,0,0,0
204011,55,1.890982798988344,PROFESSOR PACCO,PODE,DF,0,1,0,1,1,0,0,0
170673,55,0.3437549573410029,PROFESSOR SÉRGIO DE OLIVEIRA,PSC,PR,0,1,1,0,0,0,0,0
170673,55,0.3437549573410029,PROFESSOR SÉRGIO DE OLIVEIRA,PSD,PR,0,1,1,0,0,0,0,0
148134,55,0.3437549573410029,PROFESSOR VICTÓRIO GALLI,PSC,MT,0,1,1,0,0,0,0,0
148134,55,0.3437549573410029,PROFESSOR VICTÓRIO GALLI,PSL,MT,0,1,1,0,0,0,0,0
160639,55,3.196921103271327,PROFESSORA DORINHA SEABRA REZENDE,DEM,TO,1,0,1,0,0,0,0,0
160641,55,4.744148944918668,PROFESSORA MARCIVANIA,PT,AP,1,0,0,1,1,0,0,0
160641,55,4.744148944918668,PROFESSORA MARCIVANIA,PCdoB,AP,1,0,0,1,1,0,0,0
178951,55,0.3437549573410029,RAFAEL MOTTA,PROS,RN,0,1,1,0,0,0,0,0
178951,55,0.3437549573410029,RAFAEL MOTTA,S.PART.,RN,0,1,1,0,0,0,0,0
178951,55,0.3437549573410029,RAFAEL MOTTA,PSB,RN,0,1,1,0,0,0,0,0
74216,55,0.3437549573410029,RAIMUNDO GOMES DE MATOS,PSDB,CE,0,1,1,0,0,0,0,0
178998,55,3.196921103271327,RAQUEL MUNIZ,PSC,MG,1,0,1,0,0,0,0,0
178998,55,3.196921103271327,RAQUEL MUNIZ,PSD,MG,1,0,1,0,0,0,0,0
74048,55,1.890982798988344,RAUL JUNGMANN,PPS,PE,0,1,0,1,1,0,0,0
74161,55,0.3437549573410029,REGINALDO LOPES,PT,MG,0,1,1,0,0,0,0,0
73786,55,0.3437549573410029,REINHOLD STEPHANES,PSD,PR,0,1,1,0,0,0,0,0
178925,55,3.196921103271327,REJANE DIAS,PT,PI,1,0,1,0,0,0,0,0
178960,55,0.3437549573410029,REMÍDIO MONAI,PR,RR,0,1,1,0,0,0,0,0
178989,55,3.196921103271327,RENATA ABREU,PTN,SP,1,0,1,0,0,0,0,0
178989,55,3.196921103271327,RENATA ABREU,PODE,SP,1,0,1,0,0,0,0,0
171620,55,0.3437549573410029,RENATO ANDRADE,PP**,MG,0,1,1,0,0,0,0,0
171620,55,0.3437549573410029,RENATO ANDRADE,PP,MG,0,1,1,0,0,0,0,0
141527,55,0.3437549573410029,RENATO MOLLING,PP**,RS,0,1,1,0,0,0,0,0
141527,55,0.3437549573410029,RENATO MOLLING,PP,RS,0,1,1,0,0,0,0,0
160654,55,0.3437549573410029,RENZO BRAZ,PP**,MG,0,1,1,0,0,0,0,0
160654,55,0.3437549573410029,RENZO BRAZ,PP,MG,0,1,1,0,0,0,0,0
73788,55,0.3437549573410029,RICARDO BARROS,PP**,PR,0,1,1,0,0,0,0,0
73788,55,0.3437549573410029,RICARDO BARROS,PP,PR,0,1,1,0,0,0,0,0
195581,55,0.3437549573410029,RICARDO BENTINHO,PRB,SP,0,1,1,0,0,0,0,0
160655,55,0.3437549573410029,RICARDO IZAR,PSD,SP,0,1,1,0,0,0,0,0
160655,55,0.3437549573410029,RICARDO IZAR,PP**,SP,0,1,1,0,0,0,0,0
160655,55,0.3437549573410029,RICARDO IZAR,PP,SP,0,1,1,0,0,0,0,0
178920,55,1.890982798988344,RICARDO TEOBALDO,PTB,PE,0,1,0,1,1,0,0,0
178920,55,1.890982798988344,RICARDO TEOBALDO,PMB,PE,0,1,0,1,1,0,0,0
178920,55,1.890982798988344,RICARDO TEOBALDO,PTN,PE,0,1,0,1,1,0,0,0
178920,55,1.890982798988344,RICARDO TEOBALDO,PODE,PE,0,1,0,1,1,0,0,0
141472,55,0.3437549573410029,RICARDO TRIPOLI,PSDB,SP,0,1,1,0,0,0,0,0
152610,55,0.3437549573410029,ROBERTO ALVES,PRB,SP,0,1,1,0,0,0,0,0
73674,55,0.3437549573410029,ROBERTO BALESTRA,PP**,GO,0,1,1,0,0,0,0,0
73674,55,0.3437549573410029,ROBERTO BALESTRA,PP,GO,0,1,1,0,0,0,0,0
141529,55,1.890982798988344,ROBERTO BRITTO,PP**,BA,0,1,0,1,1,0,0,0
141529,55,1.890982798988344,ROBERTO BRITTO,PP,BA,0,1,0,1,1,0,0,0
160653,55,0.3437549573410029,ROBERTO DE LUCENA,PV,SP,0,1,1,0,0,0,0,0
160653,55,0.3437549573410029,ROBERTO DE LUCENA,PODE,SP,0,1,1,0,0,0,0,0
73805,55,0.3437549573410029,ROBERTO FREIRE,PPS,SP,0,1,1,0,0,0,0,0
178995,55,1.890982798988344,ROBERTO GÓES,PDT,AP,0,1,0,1,1,0,0,0
178944,55,1.890982798988344,ROBERTO SALES,PRB,RJ,0,1,0,1,1,0,0,0
178944,55,1.890982798988344,ROBERTO SALES,DEM,RJ,0,1,0,1,1,0,0,0
160652,55,1.890982798988344,ROBERTO TEIXEIRA,PP**,PE,0,1,0,1,1,0,0,0
160652,55,1.890982798988344,ROBERTO TEIXEIRA,PP,PE,0,1,0,1,1,0,0,0
91208,55,0.3437549573410029,ROBINSON ALMEIDA,PT,BA,0,1,1,0,0,0,0,0
178840,55,0.3437549573410029,ROCHA,PSDB,AC,0,1,1,0,0,0,0,0
178840,55,0.3437549573410029,WHERLES ROCHA,PSDB,AC,0,1,1,0,0,0,0,0
141532,55,0.3437549573410029,ROCHA LOURES,PMDB,PR,0,1,1,0,0,0,0,0
141532,55,0.3437549573410029,ROCHA LOURES,MDB,PR,0,1,1,0,0,0,0,0
141531,55,0.3437549573410029,RODRIGO DE CASTRO,PSDB,MG,0,1,1,0,0,0,0,0
88950,55,0.3437549573410029,RODRIGO GARCIA,DEM,SP,0,1,1,0,0,0,0,0
74693,55,0.3437549573410029,RODRIGO MAIA,DEM,RJ,0,1,1,0,0,0,0,0
178926,55,0.3437549573410029,RODRIGO MARTINS,PSB,PI,0,1,1,0,0,0,0,0
178897,55,0.3437549573410029,RODRIGO PACHECO,PMDB,MG,0,1,1,0,0,0,0,0
178897,55,0.3437549573410029,RODRIGO PACHECO,DEM,MG,0,1,1,0,0,0,0,0
141535,55,1.890982798988344,ROGÉRIO MARINHO,PSDB,RN,0,1,0,1,1,0,0,0
160651,55,0.3437549573410029,ROGÉRIO PENINHA MENDONÇA,PMDB,SC,0,1,1,0,0,0,0,0
160651,55,0.3437549573410029,ROGÉRIO PENINHA MENDONÇA,MDB,SC,0,1,1,0,0,0,0,0
160426,55,0.3437549573410029,ROGÉRIO ROSSO,PSD,DF,0,1,1,0,0,0,0,0
198963,55,1.890982798988344,ROGÉRIO SILVA,PROS,MT,0,1,0,1,1,0,0,0
198963,55,1.890982798988344,ROGÉRIO SILVA,PMDB,MT,0,1,0,1,1,0,0,0
198963,55,1.890982798988344,ROGÉRIO SILVA,MDB,MT,0,1,0,1,1,0,0,0
141536,55,0.3437549573410029,RÔMULO GOUVEIA,PSD,PB,0,1,1,0,0,0,0,0
160515,55,0.3437549573410029,RONALDO BENEDET,PMDB,SC,0,1,1,0,0,0,0,0
160515,55,0.3437549573410029,RONALDO BENEDET,MDB,SC,0,1,1,0,0,0,0,0
178861,55,0.3437549573410029,RONALDO CARLETTO,PP**,BA,0,1,1,0,0,0,0,0
178861,55,0.3437549573410029,RONALDO CARLETTO,PP,BA,0,1,1,0,0,0,0,0
160637,55,1.890982798988344,RONALDO FONSECA,PROS,DF,0,1,0,1,1,0,0,0
160637,55,1.890982798988344,RONALDO FONSECA,PODE,DF,0,1,0,1,1,0,0,0
178845,55,0.3437549573410029,RONALDO LESSA,PDT,AL,0,1,1,0,0,0,0,0
122466,55,0.3437549573410029,RONALDO MARTINS,PRB,CE,0,1,1,0,0,0,0,0
163321,55,0.3437549573410029,RONALDO NOGUEIRA,PTB,RS,0,1,1,0,0,0,0,0
178870,55,0.3437549573410029,RONEY NEMER,PMDB,DF,0,1,1,0,0,0,0,0
178870,55,0.3437549573410029,RONEY NEMER,PP**,DF,0,1,1,0,0,0,0,0
178870,55,0.3437549573410029,RONEY NEMER,PP,DF,0,1,1,0,0,0,0,0
191684,55,4.744148944918668,ROSÂNGELA CURADO,PDT,MA,1,0,0,1,1,0,0,0
178945,55,4.652661962796663,ROSANGELA GOMES,PRB,RJ,1,0,0,1,0,1,0,0
146949,55,3.196921103271327,ROSINHA DA ADEFAL,PTdoB,AL,1,0,1,0,0,0,0,0
146949,55,3.196921103271327,ROSINHA DA ADEFAL,AVANTE,AL,1,0,1,0,0,0,0,0
178935,55,0.3437549573410029,ROSSONI,PSDB,PR,0,1,1,0,0,0,0,0
73466,55,0.3437549573410029,RUBENS BUENO,PPS,PR,0,1,1,0,0,0,0,0
74371,55,0.3437549573410029,RUBENS OTONI,PT,GO,0,1,1,0,0,0,0,0
178887,55,0.3437549573410029,RUBENS PEREIRA JÚNIOR,PCdoB,MA,0,1,1,0,0,0,0,0
141522,55,1.890982798988344,SABINO CASTELO BRANCO,PTB,AM,0,1,0,1,1,0,0,0
160630,55,0.3437549573410029,SÁGUAS MORAES,PT,MT,0,1,1,0,0,0,0,0
178990,55,0.3437549573410029,SAMUEL MOREIRA,PSDB,SP,0,1,1,0,0,0,0,0
74372,55,1.890982798988344,SANDES JÚNIOR,PP**,GO,0,1,0,1,1,0,0,0
74372,55,1.890982798988344,SANDES JÚNIOR,PP,GO,0,1,0,1,1,0,0,0
160621,55,0.3437549573410029,SANDRO ALEX,PPS,PR,0,1,1,0,0,0,0,0
160621,55,0.3437549573410029,SANDRO ALEX,PSD,PR,0,1,1,0,0,0,0,0
74762,55,0.3437549573410029,SARAIVA FELIPE,PMDB,MG,0,1,1,0,0,0,0,0
74762,55,0.3437549573410029,SARAIVA FELIPE,MDB,MG,0,1,1,0,0,0,0,0
74210,55,0.3437549573410029,SARNEY FILHO,PV,MA,0,1,1,0,0,0,0,0
178921,55,0.3437549573410029,SEBASTIÃO OLIVEIRA,PR,PE,0,1,1,0,0,0,0,0
73808,55,1.890982798988344,SÉRGIO BRITO,PSD,BA,0,1,0,1,1,0,0,0
141542,55,0.3437549573410029,SÉRGIO MORAES,PTB,RS,0,1,1,0,0,0,0,0
178991,55,0.3437549573410029,SÉRGIO REIS,PRB,SP,0,1,1,0,0,0,0,0
178933,55,0.3437549573410029,SERGIO SOUZA,PMDB,PR,0,1,1,0,0,0,0,0
178933,55,0.3437549573410029,SERGIO SOUZA,MDB,PR,0,1,1,0,0,0,0,0
178874,55,1.890982798988344,SERGIO VIDIGAL,PDT,ES,0,1,0,1,1,0,0,0
160612,55,0.3437549573410029,SERGIO ZVEITER,PSD,RJ,0,1,1,0,0,0,0,0
160612,55,0.3437549573410029,SERGIO ZVEITER,PMDB,RJ,0,1,1,0,0,0,0,0
160612,55,0.3437549573410029,SERGIO ZVEITER,PODE,RJ,0,1,1,0,0,0,0,0
160612,55,0.3437549573410029,SERGIO ZVEITER,DEM,RJ,0,1,1,0,0,0,0,0
167614,55,0.3437549573410029,SEVERINO NINHO,PSB,PE,0,1,1,0,0,0,0,0
178961,55,3.196921103271327,SHÉRIDAN,PSDB,RR,1,0,1,0,0,0,0,0
160613,55,1.799495816866339,SIBÁ MACHADO,PT,AC,0,1,0,1,0,1,0,0
74765,55,0.3437549573410029,SILAS BRASILEIRO,PMDB,MG,0,1,1,0,0,0,0,0
74765,55,0.3437549573410029,SILAS BRASILEIRO,MDB,MG,0,1,1,0,0,0,0,0
74356,55,1.890982798988344,SILAS CÂMARA,PSD,AM,0,1,0,1,1,0,0,0
74356,55,1.890982798988344,SILAS CÂMARA,PRB,AM,0,1,0,1,1,0,0,0
187008,55,0.3437549573410029,SILAS FREIRE,PR,PI,0,1,1,0,0,0,0,0
187008,55,0.3437549573410029,SILAS FREIRE,PODE,PI,0,1,1,0,0,0,0,0
4930,55,0.3437549573410029,SILVIO COSTA,PSC,PE,0,1,1,0,0,0,0,0
4930,55,0.3437549573410029,SILVIO COSTA,PTdoB,PE,0,1,1,0,0,0,0,0
4930,55,0.3437549573410029,SILVIO COSTA,AVANTE,PE,0,1,1,0,0,0,0,0
73560,55,0.3437549573410029,SILVIO TORRES,PSDB,SP,0,1,1,0,0,0,0,0
73424,55,0.3437549573410029,SIMÃO SESSIM,PP**,RJ,0,1,1,0,0,0,0,0
73424,55,0.3437549573410029,SIMÃO SESSIM,PP,RJ,0,1,1,0,0,0,0,0
178911,55,4.744148944918668,SIMONE MORGADO,PMDB,PA,1,0,0,1,1,0,0,0
178911,55,4.744148944918668,SIMONE MORGADO,MDB,PA,1,0,0,1,1,0,0,0
178946,55,3.196921103271327,SORAYA SANTOS,PMDB,RJ,1,0,1,0,0,0,0,0
178946,55,3.196921103271327,SORAYA SANTOS,PR,RJ,1,0,1,0,0,0,0,0
178947,55,0.3437549573410029,SÓSTENES CAVALCANTE,PSD,RJ,0,1,1,0,0,0,0,0
178947,55,0.3437549573410029,SÓSTENES CAVALCANTE,DEM,RJ,0,1,1,0,0,0,0,0
92776,55,0.3437549573410029,STEFANO AGUIAR,PSB,MG,0,1,1,0,0,0,0,0
92776,55,0.3437549573410029,STEFANO AGUIAR,PSD,MG,0,1,1,0,0,0,0,0
177282,55,0.3437549573410029,SUBTENENTE GONZAGA,PDT,MG,0,1,1,0,0,0,0,0
178922,55,0.3437549573410029,TADEU ALENCAR,PSB,PE,0,1,1,0,0,0,0,0
74385,55,0.8765751412195573,TAKAYAMA,PSC,PR,0,1,0,1,0,0,1,0
178898,55,0.3437549573410029,TENENTE LÚCIO,PSB,MG,0,1,1,0,0,0,0,0
178898,55,0.3437549573410029,TENENTE LÚCIO,PR,MG,0,1,1,0,0,0,0,0
178901,55,3.196921103271327,TEREZA CRISTINA,PSB,MS,1,0,1,0,0,0,0,0
178901,55,3.196921103271327,TEREZA CRISTINA,S.PART.,MS,1,0,1,0,0,0,0,0
178901,55,3.196921103271327,TEREZA CRISTINA,DEM,MS,1,0,1,0,0,0,0,0
160617,55,1.890982798988344,THIAGO PEIXOTO,PSD,GO,0,1,0,1,1,0,0,0
178862,55,4.652661962796663,TIA ERON,PRB,BA,1,0,0,1,0,1,0,0
160976,55,1.890982798988344,TIRIRICA,PR,SP,0,1,0,1,1,0,0,0
160611,55,1.890982798988344,TONINHO PINHEIRO,PP**,MG,0,1,0,1,1,0,0,0
160611,55,1.890982798988344,TONINHO PINHEIRO,PP,MG,0,1,0,1,1,0,0,0
178934,55,0.3437549573410029,TONINHO WANDSCHEER,PT,PR,0,1,1,0,0,0,0,0
178934,55,0.3437549573410029,TONINHO WANDSCHEER,PMB,PR,0,1,1,0,0,0,0,0
178934,55,0.3437549573410029,TONINHO WANDSCHEER,PROS,PR,0,1,1,0,0,0,0,0
178863,55,0.3437549573410029,ULDURICO JUNIOR,PTC,BA,0,1,1,0,0,0,0,0
178863,55,0.3437549573410029,ULDURICO JUNIOR,PV,BA,0,1,1,0,0,0,0,0
178863,55,0.3437549573410029,ULDURICO JUNIOR,PPL,BA,0,1,1,0,0,0,0,0
195866,55,1.890982798988344,VAIDON OLIVEIRA,PSDC,CE,0,1,0,1,1,0,0,0
195866,55,1.890982798988344,VAIDON OLIVEIRA,DEM,CE,0,1,0,1,1,0,0,0
195866,55,1.890982798988344,VAIDON OLIVEIRA,PROS,CE,0,1,0,1,1,0,0,0
194340,55,0.3437549573410029,VAL AMÉLIO,PRTB,AL,0,1,1,0,0,0,0,0
141384,55,0.3437549573410029,VALADARES FILHO,PSB,SE,0,1,1,0,0,0,0,0
74010,55,0.3437549573410029,VALDIR COLATTO,PMDB,SC,0,1,1,0,0,0,0,0
74010,55,0.3437549573410029,VALDIR COLATTO,MDB,SC,0,1,1,0,0,0,0,0
160610,55,1.799495816866339,VALMIR ASSUNÇÃO,PT,BA,0,1,0,1,0,1,0,0
113247,55,0.3437549573410029,VALMIR PRASCIDELLI,PT,SP,0,1,1,0,0,0,0,0
141552,55,0.3437549573410029,VALTENIR PEREIRA,PROS,MT,0,1,1,0,0,0,0,0
141552,55,0.3437549573410029,VALTENIR PEREIRA,PMB,MT,0,1,1,0,0,0,0,0
141552,55,0.3437549573410029,VALTENIR PEREIRA,PMDB,MT,0,1,1,0,0,0,0,0
141552,55,0.3437549573410029,VALTENIR PEREIRA,PSB,MT,0,1,1,0,0,0,0,0
141552,55,0.3437549573410029,VALTENIR PEREIRA,PMDB,MT,0,1,1,0,0,0,0,0
141552,55,0.3437549573410029,VALTENIR PEREIRA,MDB,MT,0,1,1,0,0,0,0,0
74376,55,0.3437549573410029,VANDER LOUBET,PT,MS,0,1,1,0,0,0,0,0
141553,55,0.3437549573410029,VANDERLEI MACRIS,PSDB,SP,0,1,1,0,0,0,0,0
178913,55,0.3437549573410029,VENEZIANO VITAL DO RÊGO,PMDB,PB,0,1,1,0,0,0,0,0
178913,55,0.3437549573410029,VENEZIANO VITAL DO RÊGO,PSB,PB,0,1,1,0,0,0,0,0
74308,55,0.3437549573410029,VICENTE ARRUDA,PROS,CE,0,1,1,0,0,0,0,0
74308,55,0.3437549573410029,VICENTE ARRUDA,PDT,CE,0,1,1,0,0,0,0,0
74308,55,0.3437549573410029,VICENTE ARRUDA,PR,CE,0,1,1,0,0,0,0,0
160622,55,1.799495816866339,VICENTE CANDIDO,PT,SP,0,1,0,1,0,1,0,0
74283,55,1.799495816866339,VICENTINHO,PT,SP,0,1,0,1,0,1,0,0
137070,55,1.890982798988344,VICENTINHO JÚNIOR,PSB,TO,0,1,0,1,1,0,0,0
137070,55,1.890982798988344,VICENTINHO JÚNIOR,PR,TO,0,1,0,1,1,0,0,0
178888,55,0.3437549573410029,VICTOR MENDES,PV,MA,0,1,1,0,0,0,0,0
178888,55,0.3437549573410029,VICTOR MENDES,PMB,MA,0,1,1,0,0,0,0,0
178888,55,0.3437549573410029,VICTOR MENDES,PSD,MA,0,1,1,0,0,0,0,0
178888,55,0.3437549573410029,VICTOR MENDES,PMDB,MA,0,1,1,0,0,0,0,0
178888,55,0.3437549573410029,VICTOR MENDES,MDB,MA,0,1,1,0,0,0,0,0
141555,55,0.3437549573410029,VINICIUS CARVALHO,PRB,SP,0,1,1,0,0,0,0,0
160591,55,0.3437549573410029,VINICIUS GURGEL,PR,AP,0,1,1,0,0,0,0,0
178992,55,0.3437549573410029,VITOR LIPPI,PSDB,SP,0,1,1,0,0,0,0,0
92355,55,1.799495816866339,VITOR PAULO,PRB,DF,0,1,0,1,0,1,0,0
178869,55,1.890982798988344,VITOR VALIM,PMDB,CE,0,1,0,1,1,0,0,0
178869,55,1.890982798988344,VITOR VALIM,PROS,CE,0,1,0,1,1,0,0,0
189593,55,0.3437549573410029,WADIH DAMOUS,PT,RJ,0,1,1,0,0,0,0,0
137853,55,0.3437549573410029,WADSON NATHANIEL RIBEIRO,PCdoB,MG,0,1,1,0,0,0,0,0
137853,55,0.3437549573410029,WADSON RIBEIRO,PCdoB,MG,0,1,1,0,0,0,0,0
160569,55,1.890982798988344,WALDENOR PEREIRA,PT,BA,0,1,0,1,1,0,0,0
141558,55,1.890982798988344,WALDIR MARANHÃO,PP**,MA,0,1,0,1,1,0,0,0
141558,55,1.890982798988344,WALDIR MARANHÃO,PTdoB,MA,0,1,0,1,1,0,0,0
141558,55,1.890982798988344,WALDIR MARANHÃO,AVANTE,MA,0,1,0,1,1,0,0,0
141558,55,1.890982798988344,WALDIR MARANHÃO,PSDB,MA,0,1,0,1,1,0,0,0
160631,55,0.3437549573410029,WALNEY ROCHA,PTB,RJ,0,1,1,0,0,0,0,0
160631,55,0.3437549573410029,WALNEY ROCHA,PEN,RJ,0,1,1,0,0,0,0,0
160631,55,0.3437549573410029,WALNEY ROCHA,PATRI,RJ,0,1,1,0,0,0,0,0
178952,55,0.3437549573410029,WALTER ALVES,PMDB,RN,0,1,1,0,0,0,0,0
178952,55,0.3437549573410029,WALTER ALVES,MDB,RN,0,1,1,0,0,0,0,0
141560,55,0.3437549573410029,WALTER IHOSHI,PSD,SP,0,1,1,0,0,0,0,0
141560,55,0.3437549573410029,WALTER IIHOSHI,PSD,SP,0,1,1,0,0,0,0,0
204760,55,1.890982798988344,WASHINGTON CORAÇÃO VALENTE,PDT,RS,0,1,0,1,1,0,0,0
160620,55,0.3437549573410029,WASHINGTON REIS,PMDB,RJ,0,1,1,0,0,0,0,0
160620,55,0.3437549573410029,WASHINGTON REIS,MDB,RJ,0,1,1,0,0,0,0,0
160518,55,0.3437549573410029,WELITON PRADO,PT,MG,0,1,1,0,0,0,0,0
160518,55,0.3437549573410029,WELITON PRADO,PMB,MG,0,1,1,0,0,0,0,0
160518,55,0.3437549573410029,WELITON PRADO,PROS,MG,0,1,1,0,0,0,0,0
74043,55,1.890982798988344,WELLINGTON ROBERTO,PR,PB,0,1,0,1,1,0,0,0
167493,55,1.799495816866339,WEVERTON ROCHA,PDT,MA,0,1,0,1,0,1,0,0
141563,55,0.8765751412195573,WILLIAM WOO,PV,SP,0,1,0,1,0,0,1,0
141563,55,0.8765751412195573,WILLIAM WOO,PP**,SP,0,1,0,1,0,0,1,0
141563,55,0.8765751412195573,WILLIAM WOO,PP,SP,0,1,0,1,0,0,1,0
193066,55,0.3437549573410029,WILSON BESERRA,PMDB,RJ,0,1,1,0,0,0,0,0
193066,55,0.3437549573410029,WILSON BESERRA,MDB,RJ,0,1,1,0,0,0,0,0
160636,55,0.3437549573410029,WILSON FILHO,PTB,PB,0,1,1,0,0,0,0,0
73930,55,1.890982798988344,WLADIMIR COSTA,SD,PA,0,1,0,1,1,0,0,0
73930,55,1.890982798988344,WLADIMIR COSTA,SOLIDARIEDADE,PA,0,1,0,1,1,0,0,0
74439,55,0.3437549573410029,WOLNEY QUEIROZ,PDT,PE,0,1,1,0,0,0,0,0
199809,55,0.3437549573410029,XUXU DAL MOLIN,PDT,MT,0,1,1,0,0,0,0,0
199809,55,0.3437549573410029,XUXU DAL MOLIN,PSC,MT,0,1,1,0,0,0,0,0
73992,55,3.196921103271327,YEDA CRUSIUS,PSDB,RS,1,0,1,0,0,0,0,0
191945,55,0.3437549573410029,ZÉ AUGUSTO NALIN,PMDB,RJ,0,1,1,0,0,0,0,0
191945,55,0.3437549573410029,ZÉ AUGUSTO NALIN,DEM,RJ,0,1,1,0,0,0,0,0
178889,55,1.890982798988344,ZÉ CARLOS,PT,MA,0,1,0,1,1,0,0,0
73931,55,0.3437549573410029,ZÉ GERALDO,PT,PA,0,1,1,0,0,0,0,0
160632,55,0.3437549573410029,ZÉ SILVA,SD,MG,0,1,1,0,0,0,0,0
160632,55,0.3437549573410029,ZÉ SILVA,SOLIDARIEDADE,MG,0,1,1,0,0,0,0,0
178923,55,0.3437549573410029,ZECA CAVALCANTI,PTB,PE,0,1,1,0,0,0,0,0
160592,55,0.3437549573410029,ZECA DIRCEU,PT,PR,0,1,1,0,0,0,0,0
178902,55,0.3437549573410029,ZECA DO PT,PT,MS,0,1,1,0,0,0,0,0
178949,55,3.196921103271327,ZENAIDE MAIA,PR,RN,1,0,1,0,0,0,0,0
178949,55,3.196921103271327,ZENAIDE MAIA,PHS,RN,1,0,1,0,0,0,0,0
204554,56,1.8375596290346632,Abílio Santana,PHS,BA,0,1,0,1,0,1,0,0
204554,56,1.8375596290346632,Abílio Santana,PR,BA,0,1,0,1,0,1,0,0
204554,56,1.8375596290346632,Abílio Santana,PL,BA,0,1,0,1,0,1,0,0
204554,56,1.8375596290346632,Abílio Santana,PSC,BA,0,1,0,1,0,1,0,0
204521,56,0.3597180350475687,Abou Anni,PSL,SP,0,1,1,0,0,0,0,0
204521,56,0.3597180350475687,Abou Anni,UNIÃO,SP,0,1,1,0,0,0,0,0
204379,56,0.3597180350475687,Acácio Favacho,PROS,AP,0,1,1,0,0,0,0,0
204379,56,0.3597180350475687,Acácio Favacho,MDB,AP,0,1,1,0,0,0,0,0
204560,56,0.3597180350475687,Adolfo Viana,PSDB,BA,0,1,1,0,0,0,0,0
204528,56,2.2353906463670343,Adriana Ventura,NOVO,SP,1,0,1,0,0,0,0,0
121948,56,0.3597180350475687,ADRIANO DO BALDY,PP,GO,0,1,1,0,0,0,0,0
74646,56,0.3597180350475687,Aécio Neves,PSDB,MG,0,1,1,0,0,0,0,0
141372,56,0.3597180350475687,Aelton Freitas,PR,MG,0,1,1,0,0,0,0,0
141372,56,0.3597180350475687,Aelton Freitas,PL,MG,0,1,1,0,0,0,0,0
141372,56,0.3597180350475687,Aelton Freitas,PP,MG,0,1,1,0,0,0,0,0
160508,56,1.824268394475227,Afonso Florence,PT,BA,0,1,0,1,1,0,0,0
136811,56,0.3597180350475687,Afonso Hamm,PP,RS,0,1,1,0,0,0,0,0
178835,56,0.3597180350475687,Afonso Motta,PDT,RS,0,1,1,0,0,0,0,0
160527,56,0.3597180350475687,Aguinaldo Ribeiro,PP,PB,0,1,1,0,0,0,0,0
204495,56,0.3597180350475687,AIRTON FALEIRO,PT,PA,0,1,1,0,0,0,0,0
204495,56,0.3597180350475687,AIRTON LUIZ FALEIRO,PT,PA,0,1,1,0,0,0,0,0
204549,56,0.3597180350475687,AJ Albuquerque,PP,CE,0,1,1,0,0,0,0,0
178836,56,0.3597180350475687,Alan Rick,DEM,AC,0,1,1,0,0,0,0,0
178836,56,0.3597180350475687,Alan Rick,UNIÃO,AC,0,1,1,0,0,0,0,0
160559,56,0.3597180350475687,Alceu Moreira,MDB,RS,0,1,1,0,0,0,0,0
204413,56,0.3597180350475687,Alcides Rodrigues,PRP,GO,0,1,1,0,0,0,0,0
204413,56,0.3597180350475687,Alcides Rodrigues,PATRI,GO,0,1,1,0,0,0,0,0
204413,56,0.3597180350475687,Alcides Rodrigues,PATRIOTA,GO,0,1,1,0,0,0,0,0
204545,56,2.2353906463670343,Alê Silva,PSL,MG,1,0,1,0,0,0,0,0
204545,56,2.2353906463670343,Alê Silva,UNIÃO,MG,1,0,1,0,0,0,0,0
204545,56,2.2353906463670343,Alê Silva,REPUBLICANOS,MG,1,0,1,0,0,0,0,0
204501,56,0.3597180350475687,Alencar Santana,PT,SP,0,1,1,0,0,0,0,0
204501,56,0.3597180350475687,Alencar Santana Braga,PT,SP,0,1,1,0,0,0,0,0
160511,56,0.3597180350475687,Alessandro Molon,PSB,RJ,0,1,1,0,0,0,0,0
178972,56,0.3597180350475687,Alex Manente,PPS,SP,0,1,1,0,0,0,0,0
178972,56,0.3597180350475687,Alex Manente,CIDADANIA,SP,0,1,1,0,0,0,0,0
204571,56,0.3597180350475687,Alex Santana,PDT,BA,0,1,1,0,0,0,0,0
204571,56,0.3597180350475687,Alex Santana,REPUBLICANOS,BA,0,1,1,0,0,0,0,0
105534,56,0.3597180350475687,Alexandre Figueiredo,MDB,SE,0,1,1,0,0,0,0,0
105534,56,0.3597180350475687,Alexandre Figueiredo,PSD,SE,0,1,1,0,0,0,0,0
204544,56,0.3597180350475687,Alexandre Frota,PSL,SP,0,1,1,0,0,0,0,0
204544,56,0.3597180350475687,Alexandre Frota,S.PART.,SP,0,1,1,0,0,0,0,0
204544,56,0.3597180350475687,Alexandre Frota,PSDB,SP,0,1,1,0,0,0,0,0
204544,56,0.3597180350475687,Alexandre Frota,PROS,SP,0,1,1,0,0,0,0,0
160545,56,0.3597180350475687,Alexandre Leite,DEM,SP,0,1,1,0,0,0,0,0
160545,56,0.3597180350475687,Alexandre Leite,UNIÃO,SP,0,1,1,0,0,0,0,0
204503,56,0.3597180350475687,Alexandre Padilha,PT,SP,0,1,1,0,0,0,0,0
178833,56,0.3597180350475687,Alexandre Serfiotis,PSD,RJ,0,1,1,0,0,0,0,0
204516,56,0.3597180350475687,Alexis Fonteyne,NOVO,SP,0,1,1,0,0,0,0,0
221148,56,1.8375596290346632,Alfredinho,PT,SP,0,1,0,1,0,1,0,0
74057,56,2.2353906463670343,Alice Portugal,PCdoB,BA,1,0,1,0,0,0,0,0
178927,56,0.3597180350475687,Aliel Machado,PSB,PR,0,1,1,0,0,0,0,0
178927,56,0.3597180350475687,Aliel Machado,PV,PR,0,1,1,0,0,0,0,0
204353,56,2.2353906463670343,Aline Gurgel,PRB,AP,1,0,1,0,0,0,0,0
204353,56,2.2353906463670343,Aline Gurgel,REPUBLICANOS,AP,1,0,1,0,0,0,0,0
204400,56,2.2353906463670343,Aline Sleutjes,PSL,PR,1,0,1,0,0,0,0,0
204400,56,2.2353906463670343,Aline Sleutjes,UNIÃO,PR,1,0,1,0,0,0,0,0
204400,56,2.2353906463670343,Aline Sleutjes,PROS,PR,1,0,1,0,0,0,0,0
178937,56,1.824268394475227,Altineu Côrtes,PR,RJ,0,1,0,1,1,0,0,0
178937,56,1.824268394475227,Altineu Côrtes,PL,RJ,0,1,0,1,1,0,0,0
178881,56,0.3597180350475687,Aluisio Mendes,PODE,MA,0,1,1,0,0,0,0,0
178881,56,0.3597180350475687,Aluisio Mendes,PSC,MA,0,1,1,0,0,0,0,0
178881,56,0.3597180350475687,Aluisio Mendes,REPUBLICANOS,MA,0,1,1,0,0,0,0,0
204356,56,0.3597180350475687,Amaro Neto,PRB,ES,0,1,1,0,0,0,0,0
204356,56,0.3597180350475687,Amaro Neto,REPUBLICANOS,ES,0,1,1,0,0,0,0,0
178831,56,1.824268394475227,André Abdon,PP,AP,0,1,0,1,1,0,0,0
74471,56,0.3597180350475687,André de Paula,PSD,PE,0,1,1,0,0,0,0,0
204423,56,0.3597180350475687,André Ferreira,PSC,PE,0,1,1,0,0,0,0,0
204423,56,0.3597180350475687,André Ferreira,PL,PE,0,1,1,0,0,0,0,0
133439,56,0.3597180350475687,André Figueiredo,PDT,CE,0,1,1,0,0,0,0,0
178882,56,1.824268394475227,André Fufuca,PP,MA,0,1,0,1,1,0,0,0
204515,56,0.3597180350475687,André Janones,AVANTE,MG,0,1,1,0,0,0,0,0
141379,56,3.699941005794692,Andreia Zito,PSD,RJ,1,0,0,1,1,0,0,0
73696,56,2.2353906463670343,Angela Amin,PP,SC,1,0,1,0,0,0,0,0
74212,56,1.824268394475227,Aníbal Gomes,DEM,CE,0,1,0,1,1,0,0,0
74212,56,1.824268394475227,Aníbal Gomes,UNIÃO,CE,0,1,0,1,1,0,0,0
123756,56,2.2353906463670343,Antônia Lúcia,PR,AC,1,0,1,0,0,0,0,0
123756,56,2.2353906463670343,Antônia Lúcia,PL,AC,1,0,1,0,0,0,0,0
123756,56,2.2353906463670343,Antônia Lúcia,REPUBLICANOS,AC,1,0,1,0,0,0,0,0
160553,56,1.8375596290346632,Antonio Brito,PSD,BA,0,1,0,1,0,1,0,0
73433,56,0.3597180350475687,Arlindo Chinaglia,PT,SP,0,1,1,0,0,0,0,0
141391,56,0.3597180350475687,Arnaldo Jardim,PPS,SP,0,1,1,0,0,0,0,0
141391,56,0.3597180350475687,Arnaldo Jardim,CIDADANIA,SP,0,1,1,0,0,0,0,0
204414,56,0.3597180350475687,Aroldo Martins,PRB,PR,0,1,1,0,0,0,0,0
204414,56,0.3597180350475687,Aroldo Martins,REPUBLICANOS,PR,0,1,1,0,0,0,0,0
160541,56,1.824268394475227,Arthur Lira,PP,AL,0,1,0,1,1,0,0,0
160600,56,0.3597180350475687,Arthur Oliveira Maia,DEM,BA,0,1,1,0,0,0,0,0
160600,56,0.3597180350475687,Arthur Oliveira Maia,UNIÃO,BA,0,1,1,0,0,0,0,0
159237,56,0.3597180350475687,Assis Carvalho,PT,PI,0,1,1,0,0,0,0,0
74090,56,0.3597180350475687,Átila Lins,PP,AM,0,1,1,0,0,0,0,0
74090,56,0.3597180350475687,Átila Lins,PSD,AM,0,1,1,0,0,0,0,0
74459,56,0.3597180350475687,Átila Lira,PSB,PI,0,1,1,0,0,0,0,0
74459,56,0.3597180350475687,Átila Lira,PP,PI,0,1,1,0,0,0,0,0
160665,56,0.3597180350475687,Augusto Coutinho,SOLIDARIEDADE,PE,0,1,1,0,0,0,0,0
160665,56,0.3597180350475687,Augusto Coutinho,REPUBLICANOS,PE,0,1,1,0,0,0,0,0
204509,56,3.699941005794692,Áurea Carolina,PSOL,MG,1,0,0,1,1,0,0,0
160512,56,0.3597180350475687,AUREO,SOLIDARIEDADE,RJ,0,1,1,0,0,0,0,0
160512,56,0.3597180350475687,AUREO RIBEIRO,SOLIDARIEDADE,RJ,0,1,1,0,0,0,0,0
69871,56,0.3597180350475687,Bacelar,PODE,BA,0,1,1,0,0,0,0,0
69871,56,0.3597180350475687,Bacelar,PV,BA,0,1,1,0,0,0,0,0
178975,56,0.3597180350475687,Baleia Rossi,MDB,SP,0,1,1,0,0,0,0,0
73701,56,3.713232240354129,Benedita da Silva,PT,RJ,1,0,0,1,0,1,0,0
109429,56,0.3597180350475687,Benes Leocádio,PTC,RN,0,1,1,0,0,0,0,0
109429,56,0.3597180350475687,Benes Leocádio,PRB,RN,0,1,1,0,0,0,0,0
109429,56,0.3597180350475687,Benes Leocádio,REPUBLICANOS,RN,0,1,1,0,0,0,0,0
109429,56,0.3597180350475687,Benes Leocádio,UNIÃO,RN,0,1,1,0,0,0,0,0
141335,56,1.824268394475227,Beto Faro,PT,PA,0,1,0,1,1,0,0,0
204358,56,1.824268394475227,Beto Pereira,PSDB,MS,0,1,0,1,1,0,0,0
178948,56,0.3597180350475687,Beto Rosado,PP,RN,0,1,1,0,0,0,0,0
207176,56,2.2353906463670343,Bia Cavassa,PSDB,MS,1,0,1,0,0,0,0,0
204374,56,2.2353906463670343,Bia Kicis,PRP,DF,1,0,1,0,0,0,0,0
204374,56,2.2353906463670343,Bia Kicis,PSL,DF,1,0,1,0,0,0,0,0
204374,56,2.2353906463670343,Bia Kicis,UNIÃO,DF,1,0,1,0,0,0,0,0
204374,56,2.2353906463670343,Bia Kicis,PL,DF,1,0,1,0,0,0,0,0
204388,56,0.3597180350475687,Bibo Nunes,PSL,RS,0,1,1,0,0,0,0,0
204388,56,0.3597180350475687,Bibo Nunes,UNIÃO,RS,0,1,1,0,0,0,0,0
204388,56,0.3597180350475687,Bibo Nunes,PL,RS,0,1,1,0,0,0,0,0
141513,56,0.3597180350475687,Bilac Pinto,DEM,MG,0,1,1,0,0,0,0,0
141513,56,0.3597180350475687,Bilac Pinto,UNIÃO,MG,0,1,1,0,0,0,0,0
204561,56,1.8375596290346632,Bira do Pindaré,PSB,MA,0,1,0,1,0,1,0,0
204397,56,0.3597180350475687,Boca Aberta,PROS,PR,0,1,1,0,0,0,0,0
160538,56,0.3597180350475687,Bohn Gass,PT,RS,0,1,1,0,0,0,0,0
74052,56,1.824268394475227,Bosco Costa,PR,SE,0,1,0,1,1,0,0,0
74052,56,1.824268394475227,Bosco Costa,PL,SE,0,1,0,1,1,0,0,0
204551,56,1.824268394475227,Bosco Saraiva,SOLIDARIEDADE,AM,0,1,0,1,1,0,0,0
204502,56,0.3597180350475687,BOZZELLA,PSL,SP,0,1,1,0,0,0,0,0
204502,56,0.3597180350475687,BOZZELLA,UNIÃO,SP,0,1,1,0,0,0,0,0
204502,56,0.3597180350475687,Júnior Bozzella,PSL,SP,0,1,1,0,0,0,0,0
204502,56,0.3597180350475687,Júnior Bozzella,UNIÃO,SP,0,1,1,0,0,0,0,0
160589,56,2.2353906463670343,Bruna Furlan,PSDB,SP,1,0,1,0,0,0,0,0
204520,56,0.3597180350475687,CABO JUNIO AMARAL,PSL,MG,0,1,1,0,0,0,0,0
204520,56,0.3597180350475687,CABO JUNIO AMARAL,UNIÃO,MG,0,1,1,0,0,0,0,0
204520,56,0.3597180350475687,CABO JUNIO AMARAL,PL,MG,0,1,1,0,0,0,0,0
204520,56,0.3597180350475687,JUNIO AMARAL,PSL,MG,0,1,1,0,0,0,0,0
204520,56,0.3597180350475687,JUNIO AMARAL,UNIÃO,MG,0,1,1,0,0,0,0,0
204520,56,0.3597180350475687,JUNIO AMARAL,PL,MG,0,1,1,0,0,0,0,0
93083,56,0.3597180350475687,Cacá Leão,PP,BA,0,1,1,0,0,0,0,0
204352,56,1.824268394475227,Camilo Capiberibe,PSB,AP,0,1,0,1,1,0,0,0
204572,56,0.3597180350475687,Capitão Alberto Neto,PRB,AM,0,1,1,0,0,0,0,0
204572,56,0.3597180350475687,Capitão Alberto Neto,REPUBLICANOS,AM,0,1,1,0,0,0,0,0
204572,56,0.3597180350475687,Capitão Alberto Neto,PL,AM,0,1,1,0,0,0,0,0
178829,56,0.3597180350475687,Capitão Augusto,PR,SP,0,1,1,0,0,0,0,0
178829,56,0.3597180350475687,Capitão Augusto,PL,SP,0,1,1,0,0,0,0,0
204531,56,0.3597180350475687,Capitão Derrite,PP,SP,0,1,1,0,0,0,0,0
204531,56,0.3597180350475687,Capitão Derrite,PL,SP,0,1,1,0,0,0,0,0
204531,56,0.3597180350475687,GUILHERME DERRITE,PP,SP,0,1,1,0,0,0,0,0
204531,56,0.3597180350475687,GUILHERME DERRITE,PL,SP,0,1,1,0,0,0,0,0
178924,56,1.8375596290346632,Capitão Fábio Abreu,PR,PI,0,1,0,1,0,1,0,0
178924,56,1.8375596290346632,Capitão Fábio Abreu,PL,PI,0,1,0,1,0,1,0,0
178924,56,1.8375596290346632,Capitão Fábio Abreu,PSD,PI,0,1,0,1,0,1,0,0
204487,56,0.3597180350475687,Capitão Wagner,PROS,CE,0,1,1,0,0,0,0,0
204487,56,0.3597180350475687,Capitão Wagner,UNIÃO,CE,0,1,1,0,0,0,0,0
213762,56,2.2353906463670343,Carla Dickson,PROS,RN,1,0,1,0,0,0,0,0
213762,56,2.2353906463670343,Carla Dickson,UNIÃO,RN,1,0,1,0,0,0,0,0
204507,56,2.2353906463670343,Carla Zambelli,PSL,SP,1,0,1,0,0,0,0,0
204507,56,2.2353906463670343,Carla Zambelli,UNIÃO,SP,1,0,1,0,0,0,0,0
204507,56,2.2353906463670343,Carla Zambelli,PL,SP,1,0,1,0,0,0,0,0
141401,56,0.3597180350475687,Carlos Bezerra,MDB,MT,0,1,1,0,0,0,0,0
204361,56,0.3597180350475687,Carlos Chiodini,MDB,SC,0,1,1,0,0,0,0,0
178962,56,0.3597180350475687,Carlos Gomes,PRB,RS,0,1,1,0,0,0,0,0
178962,56,0.3597180350475687,Carlos Gomes,REPUBLICANOS,RS,0,1,1,0,0,0,0,0
178993,56,1.824268394475227,Carlos Henrique Gaguim,DEM,TO,0,1,0,1,1,0,0,0
178993,56,1.824268394475227,Carlos Henrique Gaguim,UNIÃO,TO,0,1,0,1,1,0,0,0
178993,56,1.824268394475227,Carlos Henrique Gaguim,REPUBLICANOS,TO,0,1,0,1,1,0,0,0
178993,56,1.824268394475227,Carlos Henrique Gaguim,UNIÃO,TO,0,1,0,1,1,0,0,0
204460,56,0.3597180350475687,Carlos Jordy,PSL,RJ,0,1,1,0,0,0,0,0
204460,56,0.3597180350475687,Carlos Jordy,UNIÃO,RJ,0,1,1,0,0,0,0,0
204460,56,0.3597180350475687,Carlos Jordy,PL,RJ,0,1,1,0,0,0,0,0
74262,56,0.3597180350475687,Carlos Sampaio,PSDB,SP,0,1,1,0,0,0,0,0
204426,56,0.3597180350475687,Carlos Veras,PT,PE,0,1,1,0,0,0,0,0
141398,56,0.3597180350475687,Carlos Zarattini,PT,SP,0,1,1,0,0,0,0,0
164360,56,2.2353906463670343,Carmen Zanotto,PPS,SC,1,0,1,0,0,0,0,0
164360,56,2.2353906463670343,Carmen Zanotto,CIDADANIA,SC,1,0,1,0,0,0,0,0
204369,56,2.2353906463670343,Caroline de Toni,PSL,SC,1,0,1,0,0,0,0,0
204369,56,2.2353906463670343,Caroline de Toni,UNIÃO,SC,1,0,1,0,0,0,0,0
204369,56,2.2353906463670343,Caroline de Toni,PL,SC,1,0,1,0,0,0,0,0
204499,56,1.824268394475227,Cássio Andrade,PSB,PA,0,1,0,1,1,0,0,0
204380,56,2.2353906463670343,Celina Leão,PP,DF,1,0,1,0,0,0,0,0
204370,56,0.3597180350475687,Célio Moura,PT,TO,0,1,1,0,0,0,0,0
178876,56,0.3597180350475687,Célio Silveira,PSDB,GO,0,1,1,0,0,0,0,0
178876,56,0.3597180350475687,Célio Silveira,MDB,GO,0,1,1,0,0,0,0,0
204488,56,0.3597180350475687,Célio Studart,PV,CE,0,1,1,0,0,0,0,0
204488,56,0.3597180350475687,Célio Studart,PSD,CE,0,1,1,0,0,0,0,0
141405,56,0.3597180350475687,Celso Maldaner,MDB,SC,0,1,1,0,0,0,0,0
73441,56,0.3597180350475687,Celso Russomanno,PRB,SP,0,1,1,0,0,0,0,0
73441,56,0.3597180350475687,Celso Russomanno,REPUBLICANOS,SP,0,1,1,0,0,0,0,0
204496,56,0.3597180350475687,Celso Sabino,PSDB,PA,0,1,1,0,0,0,0,0
204496,56,0.3597180350475687,Celso Sabino,S.PART.,PA,0,1,1,0,0,0,0,0
204496,56,0.3597180350475687,Celso Sabino,PSL,PA,0,1,1,0,0,0,0,0
204496,56,0.3597180350475687,Celso Sabino,UNIÃO,PA,0,1,1,0,0,0,0,0
204504,56,0.3597180350475687,Cezinha de Madureira,PSD,SP,0,1,1,0,0,0,0,0
205476,56,1.824268394475227,Charles Fernandes,PSD,BA,0,1,0,1,1,0,0,0
204490,56,0.3597180350475687,Charlles Evangelista,PSL,MG,0,1,1,0,0,0,0,0
204490,56,0.3597180350475687,Charlles Evangelista,UNIÃO,MG,0,1,1,0,0,0,0,0
204490,56,0.3597180350475687,Charlles Evangelista,PP,MG,0,1,1,0,0,0,0,0
141439,56,0.3597180350475687,Chico D'Angelo,PDT,RJ,0,1,1,0,0,0,0,0
204476,56,0.3597180350475687,Chiquinho Brazão,AVANTE,RJ,0,1,1,0,0,0,0,0
204476,56,0.3597180350475687,Chiquinho Brazão,UNIÃO,RJ,0,1,1,0,0,0,0,0
204462,56,3.699941005794692,Chris Tonietto,PSL,RJ,1,0,0,1,1,0,0,0
204462,56,3.699941005794692,Chris Tonietto,UNIÃO,RJ,1,0,0,1,1,0,0,0
204462,56,3.699941005794692,Chris Tonietto,PL,RJ,1,0,0,1,1,0,0,0
178928,56,2.2353906463670343,Christiane de Souza Yared,PR,PR,1,0,1,0,0,0,0,0
178928,56,2.2353906463670343,Christiane de Souza Yared,PL,PR,1,0,1,0,0,0,0,0
178928,56,2.2353906463670343,Christiane de Souza Yared,PP,PR,1,0,1,0,0,0,0,0
204440,56,0.3597180350475687,Christino Aureo,PP,RJ,0,1,1,0,0,0,0,0
178939,56,2.2353906463670343,Clarissa Garotinho,PROS,RJ,1,0,1,0,0,0,0,0
178939,56,2.2353906463670343,Clarissa Garotinho,UNIÃO,RJ,1,0,1,0,0,0,0,0
74537,56,0.3597180350475687,Claudio Cajado,PP,BA,0,1,1,0,0,0,0,0
141408,56,0.3597180350475687,Cleber Verde,PRB,MA,0,1,1,0,0,0,0,0
141408,56,0.3597180350475687,Cleber Verde,REPUBLICANOS,MA,0,1,1,0,0,0,0,0
204376,56,0.3597180350475687,Coronel Armando,PSL,SC,0,1,1,0,0,0,0,0
204376,56,0.3597180350475687,Coronel Armando,UNIÃO,SC,0,1,1,0,0,0,0,0
204376,56,0.3597180350475687,Coronel Armando,PL,SC,0,1,1,0,0,0,0,0
204378,56,1.824268394475227,Coronel Chrisóstomo,PSL,RO,0,1,0,1,1,0,0,0
204378,56,1.824268394475227,Coronel Chrisóstomo,UNIÃO,RO,0,1,0,1,1,0,0,0
204378,56,1.824268394475227,Coronel Chrisóstomo,PL,RO,0,1,0,1,1,0,0,0
204514,56,0.3597180350475687,Coronel Tadeu,PSL,SP,0,1,1,0,0,0,0,0
204514,56,0.3597180350475687,Coronel Tadeu,UNIÃO,SP,0,1,1,0,0,0,0,0
204514,56,0.3597180350475687,Coronel Tadeu,PL,SP,0,1,1,0,0,0,0,0
178963,56,0.3597180350475687,Covatti Filho,PP,RS,0,1,1,0,0,0,0,0
135054,56,0.3597180350475687,Cristiano Vale,PR,PA,0,1,1,0,0,0,0,0
135054,56,0.3597180350475687,Cristiano Vale,PL,PA,0,1,1,0,0,0,0,0
135054,56,0.3597180350475687,Cristiano Vale,PP,PA,0,1,1,0,0,0,0,0
204355,56,0.3597180350475687,Da Vitoria,PPS,ES,0,1,1,0,0,0,0,0
204355,56,0.3597180350475687,Da Vitoria,CIDADANIA,ES,0,1,1,0,0,0,0,0
204355,56,0.3597180350475687,Da Vitoria,PP,ES,0,1,1,0,0,0,0,0
141411,56,0.3597180350475687,Dagoberto Nogueira,PDT,MS,0,1,1,0,0,0,0,0
141411,56,0.3597180350475687,Dagoberto Nogueira,PSDB,MS,0,1,1,0,0,0,0,0
217330,56,1.824268394475227,DaLua do Rota,PSC,AP,0,1,0,1,1,0,0,0
217330,56,1.824268394475227,Pedro Dalua,PSC,AP,0,1,0,1,1,0,0,0
74467,56,1.8375596290346632,Damião Feliciano,PDT,PB,0,1,0,1,0,1,0,0
74467,56,1.8375596290346632,Damião Feliciano,UNIÃO,PB,0,1,0,1,0,1,0,0
74060,56,1.824268394475227,Daniel Almeida,PCdoB,BA,0,1,0,1,1,0,0,0
178916,56,0.3597180350475687,Daniel Coelho,PPS,PE,0,1,1,0,0,0,0,0
178916,56,0.3597180350475687,Daniel Coelho,CIDADANIA,PE,0,1,1,0,0,0,0,0
204367,56,0.3597180350475687,Daniel Freitas,PSL,SC,0,1,1,0,0,0,0,0
204367,56,0.3597180350475687,Daniel Freitas,UNIÃO,SC,0,1,1,0,0,0,0,0
204367,56,0.3597180350475687,Daniel Freitas,PL,SC,0,1,1,0,0,0,0,0
204454,56,0.3597180350475687,Daniel Silveira,PSL,RJ,0,1,1,0,0,0,0,0
204454,56,0.3597180350475687,Daniel Silveira,UNIÃO,RJ,0,1,1,0,0,0,0,0
204454,56,0.3597180350475687,Daniel Silveira,PTB,RJ,0,1,1,0,0,0,0,0
204409,56,0.3597180350475687,Daniel Trzeciak,PSDB,RS,0,1,1,0,0,0,0,0
204459,56,2.2353906463670343,Daniela do Waguinho,MDB,RJ,1,0,1,0,0,0,0,0
204459,56,2.2353906463670343,Daniela do Waguinho,UNIÃO,RJ,1,0,1,0,0,0,0,0
160528,56,0.3597180350475687,Danilo Cabral,PSB,PE,0,1,1,0,0,0,0,0
62881,56,0.3597180350475687,Danilo Forte,PSDB,CE,0,1,1,0,0,0,0,0
62881,56,0.3597180350475687,Danilo Forte,UNIÃO,CE,0,1,1,0,0,0,0,0
160552,56,0.3597180350475687,Danrlei de Deus Hinterholz,PSD,RS,0,1,1,0,0,0,0,0
116379,56,0.3597180350475687,Darci de Matos,PSD,SC,0,1,1,0,0,0,0,0
73891,56,0.3597180350475687,Darcísio Perondi,MDB,RS,0,1,1,0,0,0,0,0
205548,56,1.8375596290346632,David Miranda,PSOL,RJ,0,1,0,1,0,1,0,0
205548,56,1.8375596290346632,David Miranda,PDT,RJ,0,1,0,1,0,1,0,0
204511,56,0.3597180350475687,David Soares,DEM,SP,0,1,1,0,0,0,0,0
204511,56,0.3597180350475687,David Soares,UNIÃO,SP,0,1,1,0,0,0,0,0
204451,56,0.3597180350475687,Delegado Antônio Furtado,PSL,RJ,0,1,1,0,0,0,0,0
204451,56,0.3597180350475687,Delegado Antônio Furtado,UNIÃO,RJ,0,1,1,0,0,0,0,0
178908,56,1.824268394475227,Delegado Éder Mauro,PSD,PA,0,1,0,1,1,0,0,0
178908,56,1.824268394475227,Delegado Éder Mauro,PL,PA,0,1,0,1,1,0,0,0
204512,56,0.3597180350475687,Delegado Marcelo Freitas,PSL,MG,0,1,1,0,0,0,0,0
204512,56,0.3597180350475687,Delegado Marcelo Freitas,UNIÃO,MG,0,1,1,0,0,0,0,0
204569,56,1.824268394475227,Delegado Pablo,PSL,AM,0,1,0,1,1,0,0,0
204569,56,1.824268394475227,Delegado Pablo,UNIÃO,AM,0,1,0,1,1,0,0,0
164359,56,0.3597180350475687,Delegado Waldir,PSL,GO,0,1,1,0,0,0,0,0
164359,56,0.3597180350475687,Delegado Waldir,UNIÃO,GO,0,1,1,0,0,0,0,0
204542,56,0.3597180350475687,Denis Bezerra,PSB,CE,0,1,1,0,0,0,0,0
213856,56,1.824268394475227,Deuzinho Filho,PROS,CE,0,1,0,1,1,0,0,0
213856,56,1.824268394475227,Deuzinho Filho,REPUBLICANOS,CE,0,1,0,1,1,0,0,0
160588,56,0.3597180350475687,Diego Andrade,PSD,MG,0,1,1,0,0,0,0,0
178929,56,0.3597180350475687,Diego Garcia,PODE,PR,0,1,1,0,0,0,0,0
178929,56,0.3597180350475687,Diego Garcia,REPUBLICANOS,PR,0,1,1,0,0,0,0,0
160599,56,0.3597180350475687,Dimas Fabiano,PP,MG,0,1,1,0,0,0,0,0
143632,56,0.3597180350475687,Domingos Neto,PSD,CE,0,1,1,0,0,0,0,0
160758,56,0.3597180350475687,Domingos Sávio,PSDB,MG,0,1,1,0,0,0,0,0
160758,56,0.3597180350475687,Domingos Sávio,PL,MG,0,1,1,0,0,0,0,0
204450,56,0.3597180350475687,Doutor Luizinho,PP,RJ,0,1,1,0,0,0,0,0
204450,56,0.3597180350475687,Dr. Luiz Antonio Teixeira Jr.,PP,RJ,0,1,1,0,0,0,0,0
213854,56,0.3597180350475687,Dr. Agripino Magalhães,PROS,CE,0,1,1,0,0,0,0,0
213854,56,0.3597180350475687,Dr. Agripino Magalhães,UNIÃO,CE,0,1,1,0,0,0,0,0
204518,56,0.3597180350475687,DR. FREDERICO,PATRI,MG,0,1,1,0,0,0,0,0
204518,56,0.3597180350475687,DR. FREDERICO,PATRIOTA,MG,0,1,1,0,0,0,0,0
212625,56,0.3597180350475687,Dr. Gonçalo,AVANTE,MA,0,1,1,0,0,0,0,0
212625,56,0.3597180350475687,Dr. Gonçalo,REPUBLICANOS,MA,0,1,1,0,0,0,0,0
204481,56,0.3597180350475687,Dr. Jaziel,PR,CE,0,1,1,0,0,0,0,0
204481,56,0.3597180350475687,Dr. Jaziel,PL,CE,0,1,1,0,0,0,0,0
213679,56,1.824268394475227,Dr. João,PROS,BA,0,1,0,1,1,0,0,0
204439,56,0.3597180350475687,Dr. Leonardo,SOLIDARIEDADE,MT,0,1,1,0,0,0,0,0
204439,56,0.3597180350475687,Dr. Leonardo,REPUBLICANOS,MT,0,1,1,0,0,0,0,0
204351,56,0.3597180350475687,Dr. Luiz Ovando,PSL,MS,0,1,1,0,0,0,0,0
204351,56,0.3597180350475687,Dr. Luiz Ovando,UNIÃO,MS,0,1,1,0,0,0,0,0
204351,56,0.3597180350475687,Dr. Luiz Ovando,PP,MS,0,1,1,0,0,0,0,0
178830,56,0.3597180350475687,DR. SINVAL MALHEIROS,PODE,SP,0,1,1,0,0,0,0,0
204412,56,0.3597180350475687,Dr. Zacharias Calil,DEM,GO,0,1,1,0,0,0,0,0
204412,56,0.3597180350475687,Dr. Zacharias Calil,UNIÃO,GO,0,1,1,0,0,0,0,0
81297,56,2.2353906463670343,Dra. Soraya Manato,PSL,ES,1,0,1,0,0,0,0,0
81297,56,2.2353906463670343,Dra. Soraya Manato,UNIÃO,ES,1,0,1,0,0,0,0,0
81297,56,2.2353906463670343,Dra. Soraya Manato,PTB,ES,1,0,1,0,0,0,0,0
204434,56,2.2353906463670343,Dra. Vanda Milani,SOLIDARIEDADE,AC,1,0,1,0,0,0,0,0
204434,56,2.2353906463670343,Dra. Vanda Milani,PROS,AC,1,0,1,0,0,0,0,0
178994,56,2.2353906463670343,Dulce Miranda,MDB,TO,1,0,1,0,0,0,0,0
204562,56,1.824268394475227,Edilázio Júnior,PSD,MA,0,1,0,1,1,0,0,0
141417,56,1.824268394475227,Edio Lopes,PR,RR,0,1,0,1,1,0,0,0
141417,56,1.824268394475227,Edio Lopes,PL,RR,0,1,0,1,1,0,0,0
134812,56,0.3597180350475687,Edmilson Rodrigues,PSOL,PA,0,1,1,0,0,0,0,0
204421,56,3.699941005794692,Edna Henrique,PSDB,PB,1,0,0,1,1,0,0,0
204421,56,3.699941005794692,Edna Henrique,REPUBLICANOS,PB,1,0,0,1,1,0,0,0
74655,56,0.3597180350475687,Eduardo Barbosa,PSDB,MG,0,1,1,0,0,0,0,0
204541,56,0.3597180350475687,Eduardo Bismarck,PDT,CE,0,1,1,0,0,0,0,0
92346,56,0.3597180350475687,Eduardo Bolsonaro,PSL,SP,0,1,1,0,0,0,0,0
92346,56,0.3597180350475687,Eduardo Bolsonaro,UNIÃO,SP,0,1,1,0,0,0,0,0
92346,56,0.3597180350475687,Eduardo Bolsonaro,PL,SP,0,1,1,0,0,0,0,0
204552,56,0.3597180350475687,Eduardo Braide,PMN,MA,0,1,1,0,0,0,0,0
204552,56,0.3597180350475687,Eduardo Braide,PODE,MA,0,1,1,0,0,0,0,0
204500,56,0.3597180350475687,Eduardo Costa,PTB,PA,0,1,1,0,0,0,0,0
204500,56,0.3597180350475687,Eduardo Costa,PSD,PA,0,1,1,0,0,0,0,0
178977,56,0.3597180350475687,Eduardo Cury,PSDB,SP,0,1,1,0,0,0,0,0
141421,56,0.3597180350475687,Eduardo da Fonte,PP,PE,0,1,1,0,0,0,0,0
141422,56,0.3597180350475687,Efraim Filho,DEM,PB,0,1,1,0,0,0,0,0
141422,56,0.3597180350475687,Efraim Filho,UNIÃO,PB,0,1,1,0,0,0,0,0
74075,56,2.2353906463670343,Elcione Barbalho,MDB,PA,1,0,1,0,0,0,0,0
154919,56,0.3597180350475687,Eleuses Paiva,PSD,SP,0,1,1,0,0,0,0,0
204364,56,1.824268394475227,Eli Borges,SOLIDARIEDADE,TO,0,1,0,1,1,0,0,0
204364,56,1.824268394475227,Eli Borges,PL,TO,0,1,0,1,1,0,0,0
160532,56,0.3597180350475687,Eli Corrêa Filho,DEM,SP,0,1,1,0,0,0,0,0
160532,56,0.3597180350475687,Eli Corrêa Filho,UNIÃO,SP,0,1,1,0,0,0,0,0
204389,56,0.3597180350475687,Elias Vaz,PSB,GO,0,1,1,0,0,0,0,0
220008,56,2.2353906463670343,Eliza Virgínia,PP,PB,1,0,1,0,0,0,0,0
178854,56,0.3597180350475687,Elmar Nascimento,DEM,BA,0,1,1,0,0,0,0,0
178854,56,0.3597180350475687,Elmar Nascimento,UNIÃO,BA,0,1,1,0,0,0,0,0
221149,56,0.3597180350475687,Elói Pietá,PT,SP,0,1,1,0,0,0,0,0
218086,56,3.699941005794692,Ely Santos,PRB,SP,1,0,0,1,1,0,0,0
218086,56,3.699941005794692,Ely Santos,REPUBLICANOS,SP,1,0,0,1,1,0,0,0
198783,56,0.3597180350475687,Emanuel Pinheiro Neto,PTB,MT,0,1,1,0,0,0,0,0
198783,56,0.3597180350475687,Emanuel Pinheiro Neto,MDB,MT,0,1,1,0,0,0,0,0
161550,56,0.3597180350475687,Emidinho Madeira,PSB,MG,0,1,1,0,0,0,0,0
161550,56,0.3597180350475687,Emidinho Madeira,PL,MG,0,1,1,0,0,0,0,0
207309,56,0.3597180350475687,Enéias Reis,PSL,MG,0,1,1,0,0,0,0,0
207309,56,0.3597180350475687,Enéias Reis,UNIÃO,MG,0,1,1,0,0,0,0,0
132504,56,0.3597180350475687,Enio Verri,PT,PR,0,1,1,0,0,0,0,0
204537,56,0.3597180350475687,Enrico Misasi,PV,SP,0,1,1,0,0,0,0,0
204537,56,0.3597180350475687,Enrico Misasi,MDB,SP,0,1,1,0,0,0,0,0
160575,56,2.2353906463670343,Erika Kokay,PT,DF,1,0,1,0,0,0,0,0
160640,56,0.3597180350475687,Eros Biondini,PROS,MG,0,1,1,0,0,0,0,0
160640,56,0.3597180350475687,Eros Biondini,PL,MG,0,1,1,0,0,0,0,0
204482,56,0.3597180350475687,Euclydes Pettersen,PSC,MG,0,1,1,0,0,0,0,0
178871,56,0.3597180350475687,Evair Vieira de Melo,PP,ES,0,1,1,0,0,0,0,0
178930,56,0.3597180350475687,EVANDRO ROMAN,PSD,PR,0,1,1,0,0,0,0,0
178930,56,0.3597180350475687,EVANDRO ROMAN,PATRIOTA,PR,0,1,1,0,0,0,0,0
178930,56,0.3597180350475687,EVANDRO ROMAN,PP,PR,0,1,1,0,0,0,0,0
178930,56,0.3597180350475687,ROMAN,PSD,PR,0,1,1,0,0,0,0,0
178930,56,0.3597180350475687,ROMAN,PATRIOTA,PR,0,1,1,0,0,0,0,0
178930,56,0.3597180350475687,ROMAN,PP,PR,0,1,1,0,0,0,0,0
178953,56,1.824268394475227,Expedito Netto,PSD,RO,0,1,0,1,1,0,0,0
211866,56,0.3597180350475687,FABIANO GALLETTI TOLENTINO,PPS,MG,0,1,1,0,0,0,0,0
211866,56,0.3597180350475687,FABIANO GALLETTI TOLENTINO,CIDADANIA,MG,0,1,1,0,0,0,0,0
211866,56,0.3597180350475687,FABIANO TOLENTINO,PPS,MG,0,1,1,0,0,0,0,0
211866,56,0.3597180350475687,FABIANO TOLENTINO,CIDADANIA,MG,0,1,1,0,0,0,0,0
219920,56,1.824268394475227,Fabio Barros,PSB,PE,0,1,0,1,1,0,0,0
141428,56,0.3597180350475687,Fábio Faria,PSD,RN,0,1,1,0,0,0,0,0
141428,56,0.3597180350475687,Fábio Faria,PP,RN,0,1,1,0,0,0,0,0
68720,56,0.3597180350475687,Fábio Henrique,PDT,SE,0,1,1,0,0,0,0,0
68720,56,0.3597180350475687,Fábio Henrique,UNIÃO,SE,0,1,1,0,0,0,0,0
178969,56,0.3597180350475687,Fábio Mitidieri,PSD,SE,0,1,1,0,0,0,0,0
141427,56,1.824268394475227,Fábio Ramalho,MDB,MG,0,1,0,1,1,0,0,0
171623,56,0.3597180350475687,Fabio Reis,MDB,SE,0,1,1,0,0,0,0,0
171623,56,0.3597180350475687,Fabio Reis,PSD,SE,0,1,1,0,0,0,0,0
204368,56,0.3597180350475687,Fabio Schiochet,PSL,SC,0,1,1,0,0,0,0,0
204368,56,0.3597180350475687,Fabio Schiochet,UNIÃO,SC,0,1,1,0,0,0,0,0
160587,56,0.3597180350475687,Fábio Trad,PSD,MS,0,1,1,0,0,0,0,0
66828,56,0.3597180350475687,Fausto Pinato,PP,SP,0,1,1,0,0,0,0,0
204477,56,0.3597180350475687,Felício Laterça,PSL,RJ,0,1,1,0,0,0,0,0
204477,56,0.3597180350475687,Felício Laterça,UNIÃO,RJ,0,1,1,0,0,0,0,0
204477,56,0.3597180350475687,Felício Laterça,PP,RJ,0,1,1,0,0,0,0,0
72442,56,0.3597180350475687,Felipe Carreras,PSB,PE,0,1,1,0,0,0,0,0
204398,56,0.3597180350475687,Felipe Francischini,PSL,PR,0,1,1,0,0,0,0,0
204398,56,0.3597180350475687,Felipe Francischini,UNIÃO,PR,0,1,1,0,0,0,0,0
204371,56,0.3597180350475687,Felipe Rigoni,PSB,ES,0,1,1,0,0,0,0,0
204371,56,0.3597180350475687,Felipe Rigoni,PSL,ES,0,1,1,0,0,0,0,0
204371,56,0.3597180350475687,Felipe Rigoni,UNIÃO,ES,0,1,1,0,0,0,0,0
160666,56,0.3597180350475687,Félix Mendonça Júnior,PDT,BA,0,1,1,0,0,0,0,0
204407,56,2.2353906463670343,Fernanda Melchionna,PSOL,RS,1,0,1,0,0,0,0,0
212504,56,0.3597180350475687,Fernando Borja,AVANTE,MG,0,1,1,0,0,0,0,0
141431,56,0.3597180350475687,Fernando Coelho Filho,DEM,PE,0,1,1,0,0,0,0,0
141431,56,0.3597180350475687,Fernando Coelho Filho,UNIÃO,PE,0,1,1,0,0,0,0,0
92699,56,0.3597180350475687,Fernando Monteiro,PP,PE,0,1,1,0,0,0,0,0
204427,56,1.824268394475227,Fernando Rodolfo,PHS,PE,0,1,0,1,1,0,0,0
204427,56,1.824268394475227,Fernando Rodolfo,PR,PE,0,1,0,1,1,0,0,0
204427,56,1.824268394475227,Fernando Rodolfo,PL,PE,0,1,0,1,1,0,0,0
204411,56,0.3597180350475687,Filipe Barros,PSL,PR,0,1,1,0,0,0,0,0
204411,56,0.3597180350475687,Filipe Barros,UNIÃO,PR,0,1,1,0,0,0,0,0
204411,56,0.3597180350475687,Filipe Barros,PL,PR,0,1,1,0,0,0,0,0
204354,56,3.699941005794692,Flávia Arruda,PR,DF,1,0,0,1,1,0,0,0
204354,56,3.699941005794692,Flávia Arruda,PL,DF,1,0,0,1,1,0,0,0
160598,56,2.2353906463670343,Flávia Morais,PDT,GO,1,0,1,0,0,0,0,0
141434,56,0.3597180350475687,Flaviano Melo,MDB,AC,0,1,1,0,0,0,0,0
191923,56,1.824268394475227,FLAVIO NOGUEIRA,PDT,PI,0,1,0,1,1,0,0,0
191923,56,1.824268394475227,FLAVIO NOGUEIRA,S.PART.,PI,0,1,0,1,1,0,0,0
191923,56,1.824268394475227,FLAVIO NOGUEIRA,PT,PI,0,1,0,1,1,0,0,0
204447,56,2.2353906463670343,Flordelis,PSD,RJ,1,0,1,0,0,0,0,0
204392,56,0.3597180350475687,Francisco Jr.,PSD,GO,0,1,1,0,0,0,0,0
204510,56,0.3597180350475687,Franco Cartafina,PHS,MG,0,1,1,0,0,0,0,0
204510,56,0.3597180350475687,Franco Cartafina,PP,MG,0,1,1,0,0,0,0,0
204494,56,0.3597180350475687,FRED COSTA,PATRI,MG,0,1,1,0,0,0,0,0
204494,56,0.3597180350475687,FRED COSTA,PATRIOTA,MG,0,1,1,0,0,0,0,0
204494,56,0.3597180350475687,FREDERICO BORGES DA COSTA,PATRI,MG,0,1,1,0,0,0,0,0
204494,56,0.3597180350475687,FREDERICO BORGES DA COSTA,PATRIOTA,MG,0,1,1,0,0,0,0,0
204393,56,0.3597180350475687,Frei Anastacio Ribeiro,PT,PB,0,1,1,0,0,0,0,0
74200,56,1.824268394475227,Gastão Vieira,PROS,MA,0,1,0,1,1,0,0,0
115746,56,0.3597180350475687,Gelson Azevedo,PHS,RJ,0,1,1,0,0,0,0,0
115746,56,0.3597180350475687,Gelson Azevedo,PR,RJ,0,1,1,0,0,0,0,0
115746,56,0.3597180350475687,Gelson Azevedo,PL,RJ,0,1,1,0,0,0,0,0
160669,56,1.824268394475227,Genecias Noronha,SOLIDARIEDADE,CE,0,1,0,1,1,0,0,0
160669,56,1.824268394475227,Genecias Noronha,PL,CE,0,1,0,1,1,0,0,0
204473,56,0.3597180350475687,General Girão,PSL,RN,0,1,1,0,0,0,0,0
204473,56,0.3597180350475687,General Girão,UNIÃO,RN,0,1,1,0,0,0,0,0
204473,56,0.3597180350475687,General Girão,PL,RN,0,1,1,0,0,0,0,0
204484,56,0.3597180350475687,General Peternelli,PSL,SP,0,1,1,0,0,0,0,0
204484,56,0.3597180350475687,General Peternelli,UNIÃO,SP,0,1,1,0,0,0,0,0
204527,56,0.3597180350475687,Geninho Zuliani,DEM,SP,0,1,1,0,0,0,0,0
204527,56,0.3597180350475687,Geninho Zuliani,UNIÃO,SP,0,1,1,0,0,0,0,0
178966,56,2.2353906463670343,Geovania de Sá,PSDB,SC,1,0,1,0,0,0,0,0
74374,56,0.3597180350475687,Geraldo Resende,PSDB,MS,0,1,1,0,0,0,0,0
204394,56,1.824268394475227,Gervásio Maia,PSB,PB,0,1,0,1,1,0,0,0
74383,56,0.3597180350475687,Giacobo,PR,PR,0,1,1,0,0,0,0,0
74383,56,0.3597180350475687,Giacobo,PL,PR,0,1,1,0,0,0,0,0
204575,56,0.3597180350475687,Gil Cutrim,PDT,MA,0,1,1,0,0,0,0,0
204575,56,0.3597180350475687,Gil Cutrim,REPUBLICANOS,MA,0,1,1,0,0,0,0,0
204491,56,0.3597180350475687,Gilberto Abramo,PRB,MG,0,1,1,0,0,0,0,0
204491,56,0.3597180350475687,Gilberto Abramo,REPUBLICANOS,MG,0,1,1,0,0,0,0,0
74270,56,0.3597180350475687,Gilberto Nascimento,PSC,SP,0,1,1,0,0,0,0,0
204570,56,1.824268394475227,GILDENEMYR,PMN,MA,0,1,0,1,1,0,0,0
204570,56,1.824268394475227,GILDENEMYR,PL,MA,0,1,0,1,1,0,0,0
204570,56,1.824268394475227,Pastor Gil,PMN,MA,0,1,0,1,1,0,0,0
204570,56,1.824268394475227,Pastor Gil,PL,MA,0,1,0,1,1,0,0,0
204570,56,1.824268394475227,PASTOR GILDENEMYR,PMN,MA,0,1,0,1,1,0,0,0
204570,56,1.824268394475227,PASTOR GILDENEMYR,PL,MA,0,1,0,1,1,0,0,0
204365,56,0.3597180350475687,Gilson Marques,NOVO,SC,0,1,1,0,0,0,0,0
160673,56,0.3597180350475687,Giovani Cherini,PR,RS,0,1,1,0,0,0,0,0
160673,56,0.3597180350475687,Giovani Cherini,PL,RS,0,1,1,0,0,0,0,0
178996,56,0.3597180350475687,Giovani Feltes,MDB,RS,0,1,1,0,0,0,0,0
152605,56,0.3597180350475687,Glauber Braga,PSOL,RJ,0,1,1,0,0,0,0,0
204419,56,0.3597180350475687,Glaustin da Fokus,PSC,GO,0,1,1,0,0,0,0,0
204419,56,0.3597180350475687,Glaustin Fokus,PSC,GO,0,1,1,0,0,0,0,0
107283,56,2.2353906463670343,Gleisi Hoffmann,PT,PR,1,0,1,0,0,0,0,0
74419,56,0.3597180350475687,Gonzaga Patriota,PSB,PE,0,1,1,0,0,0,0,0
129618,56,2.2353906463670343,Gorete Pereira,PR,CE,1,0,1,0,0,0,0,0
129618,56,2.2353906463670343,Gorete Pereira,PL,CE,1,0,1,0,0,0,0,0
198197,56,2.2353906463670343,Greyce Elias,AVANTE,MG,1,0,1,0,0,0,0,0
204513,56,0.3597180350475687,Guiga Peixoto,PSL,SP,0,1,1,0,0,0,0,0
204513,56,0.3597180350475687,Guiga Peixoto,UNIÃO,SP,0,1,1,0,0,0,0,0
204513,56,0.3597180350475687,Guiga Peixoto,PSC,SP,0,1,1,0,0,0,0,0
160667,56,0.3597180350475687,Guilherme Mussi,PP,SP,0,1,1,0,0,0,0,0
204442,56,1.824268394475227,GURGEL,PSL,RJ,0,1,0,1,1,0,0,0
204442,56,1.824268394475227,GURGEL,UNIÃO,RJ,0,1,0,1,1,0,0,0
204442,56,1.824268394475227,GURGEL,PL,RJ,0,1,0,1,1,0,0,0
73460,56,0.3597180350475687,Gustavo Fruet,PDT,PR,0,1,1,0,0,0,0,0
204408,56,0.3597180350475687,Gustinho Ribeiro,SOLIDARIEDADE,SE,0,1,1,0,0,0,0,0
204408,56,0.3597180350475687,Gustinho Ribeiro,REPUBLICANOS,SE,0,1,1,0,0,0,0,0
204456,56,0.3597180350475687,Gutemberg Reis,MDB,RJ,0,1,1,0,0,0,0,0
204465,56,0.3597180350475687,Haroldo Cathedral,PSD,RR,0,1,1,0,0,0,0,0
204548,56,1.824268394475227,Heitor Freire,PSL,CE,0,1,0,1,1,0,0,0
204548,56,1.824268394475227,Heitor Freire,UNIÃO,CE,0,1,0,1,1,0,0,0
178964,56,0.3597180350475687,Heitor Schuch,PSB,RS,0,1,1,0,0,0,0,0
178873,56,0.3597180350475687,Helder Salomão,PT,ES,0,1,1,0,0,0,0,0
204373,56,1.8375596290346632,Hélio Costa,PRB,SC,0,1,0,1,0,1,0,0
204373,56,1.8375596290346632,Hélio Costa,REPUBLICANOS,SC,0,1,0,1,0,1,0,0
204373,56,1.8375596290346632,Hélio Costa,PSD,SC,0,1,0,1,0,1,0,0
178909,56,1.824268394475227,Hélio Leite,DEM,PA,0,1,0,1,1,0,0,0
178909,56,1.824268394475227,Hélio Leite,UNIÃO,PA,0,1,0,1,1,0,0,0
204444,56,1.8375596290346632,Helio Lopes,PSL,RJ,0,1,0,1,0,1,0,0
204444,56,1.8375596290346632,Helio Lopes,UNIÃO,RJ,0,1,0,1,0,1,0,0
204444,56,1.8375596290346632,Helio Lopes,PL,RJ,0,1,0,1,0,1,0,0
217036,56,0.3597180350475687,Henrique do Paraíso,PRB,SP,0,1,1,0,0,0,0,0
217036,56,0.3597180350475687,Henrique do Paraíso,REPUBLICANOS,SP,0,1,1,0,0,0,0,0
73482,56,0.3597180350475687,Henrique Fontana,PT,RS,0,1,1,0,0,0,0,0
204539,56,1.824268394475227,Hercílio Coelho Diniz,MDB,MG,0,1,0,1,1,0,0,0
178981,56,0.3597180350475687,Herculano Passos,MDB,SP,0,1,1,0,0,0,0,0
178981,56,0.3597180350475687,Herculano Passos,REPUBLICANOS,SP,0,1,1,0,0,0,0,0
73772,56,0.3597180350475687,Hermes Parcianello,MDB,PR,0,1,1,0,0,0,0,0
178884,56,0.3597180350475687,Hildo Rocha,MDB,MA,0,1,1,0,0,0,0,0
178959,56,1.824268394475227,Hiran Gonçalves,PP,RR,0,1,0,1,1,0,0,0
141450,56,0.3597180350475687,Hugo Leal,PSD,RJ,0,1,1,0,0,0,0,0
160674,56,0.3597180350475687,Hugo Motta,PRB,PB,0,1,1,0,0,0,0,0
160674,56,0.3597180350475687,Hugo Motta,REPUBLICANOS,PB,0,1,1,0,0,0,0,0
204533,56,0.3597180350475687,Idilvan Alencar,PDT,CE,0,1,1,0,0,0,0,0
204564,56,1.824268394475227,Igor Kannário,PHS,BA,0,1,0,1,1,0,0,0
204564,56,1.824268394475227,Igor Kannário,DEM,BA,0,1,0,1,1,0,0,0
204564,56,1.824268394475227,Igor Kannário,UNIÃO,BA,0,1,0,1,1,0,0,0
204508,56,1.824268394475227,Igor Timo,PODE,MG,0,1,0,1,1,0,0,0
67138,56,2.2353906463670343,Iracema Portella,PP,PI,1,0,1,0,0,0,0,0
204436,56,0.3597180350475687,Isnaldo Bulhões Jr.,MDB,AL,0,1,1,0,0,0,0,0
73531,56,0.3597180350475687,Ivan Valente,PSOL,SP,0,1,1,0,0,0,0,0
74848,56,2.2353906463670343,Jandira Feghali,PCdoB,RJ,1,0,1,0,0,0,0,0
108338,56,2.2353906463670343,Jaqueline Cassol,PP,RO,1,0,1,0,0,0,0,0
74273,56,0.3597180350475687,Jefferson Campos,PSB,SP,0,1,1,0,0,0,0,0
74273,56,0.3597180350475687,Jefferson Campos,PL,SP,0,1,1,0,0,0,0,0
160570,56,0.3597180350475687,Jerônimo Goergen,PP,RS,0,1,1,0,0,0,0,0
178839,56,3.699941005794692,Jéssica Sales,MDB,AC,1,0,0,1,1,0,0,0
204435,56,1.824268394475227,Jesus Sérgio,PDT,AC,0,1,0,1,1,0,0,0
178842,56,1.824268394475227,Jhc,PSB,AL,0,1,0,1,1,0,0,0
160531,56,1.824268394475227,Jhonatan de Jesus,PRB,RR,0,1,0,1,1,0,0,0
160531,56,1.824268394475227,Jhonatan de Jesus,REPUBLICANOS,RR,0,1,0,1,1,0,0,0
74366,56,0.3597180350475687,João Campos,PRB,GO,0,1,1,0,0,0,0,0
74366,56,0.3597180350475687,João Campos,REPUBLICANOS,GO,0,1,1,0,0,0,0,0
141458,56,0.3597180350475687,João Carlos Bacelar,PR,BA,0,1,1,0,0,0,0,0
141458,56,0.3597180350475687,João Carlos Bacelar,PL,BA,0,1,1,0,0,0,0,0
178970,56,0.3597180350475687,João Daniel,PT,SE,0,1,1,0,0,0,0,0
204429,56,0.3597180350475687,João H. Campos,PSB,PE,0,1,1,0,0,0,0,0
141459,56,0.3597180350475687,João Maia,PR,RN,0,1,1,0,0,0,0,0
141459,56,0.3597180350475687,João Maia,PL,RN,0,1,1,0,0,0,0,0
112437,56,0.3597180350475687,João Marcelo Souza,MDB,MA,0,1,1,0,0,0,0,0
204576,56,0.3597180350475687,João Roma,PRB,BA,0,1,1,0,0,0,0,0
204576,56,0.3597180350475687,João Roma,REPUBLICANOS,BA,0,1,1,0,0,0,0,0
204576,56,0.3597180350475687,João Roma,PL,BA,0,1,1,0,0,0,0,0
178910,56,1.824268394475227,Joaquim Passarinho,PSD,PA,0,1,0,1,1,0,0,0
178910,56,1.824268394475227,Joaquim Passarinho,PL,PA,0,1,0,1,1,0,0,0
214865,56,1.8375596290346632,Joceval Rodrigues,PPS,BA,0,1,0,1,0,1,0,0
214865,56,1.8375596290346632,Joceval Rodrigues,CIDADANIA,BA,0,1,0,1,0,1,0,0
204468,56,5.364937551280882,Joenia Wapichana,REDE,RR,1,0,0,1,0,0,0,1
204546,56,2.2353906463670343,Joice Hasselmann,PSL,SP,1,0,1,0,0,0,0,0
204546,56,2.2353906463670343,Joice Hasselmann,UNIÃO,SP,1,0,1,0,0,0,0,0
204546,56,2.2353906463670343,Joice Hasselmann,PSDB,SP,1,0,1,0,0,0,0,0
217480,56,1.824268394475227,Jones Moura,PSD,RJ,0,1,0,1,1,0,0,0
205550,56,1.824268394475227,Jorge Braz,PRB,RJ,0,1,0,1,1,0,0,0
205550,56,1.824268394475227,Jorge Braz,REPUBLICANOS,RJ,0,1,0,1,1,0,0,0
214694,56,0.3597180350475687,Jorge Goetten,PR,SC,0,1,1,0,0,0,0,0
214694,56,0.3597180350475687,Jorge Goetten,PL,SC,0,1,1,0,0,0,0,0
178857,56,1.824268394475227,Jorge Solla,PT,BA,0,1,0,1,1,0,0,0
218245,56,0.3597180350475687,Jorielson,PR,AP,0,1,1,0,0,0,0,0
218245,56,0.3597180350475687,Jorielson,PL,AP,0,1,1,0,0,0,0,0
141464,56,1.8375596290346632,José Airton Félix Cirilo,PT,CE,0,1,0,1,0,1,0,0
141470,56,0.3597180350475687,José Guimarães,PT,CE,0,1,1,0,0,0,0,0
204386,56,0.3597180350475687,Jose Mario Schreiner,DEM,GO,0,1,1,0,0,0,0,0
204386,56,0.3597180350475687,Jose Mario Schreiner,UNIÃO,GO,0,1,1,0,0,0,0,0
204386,56,0.3597180350475687,Jose Mario Schreiner,MDB,GO,0,1,1,0,0,0,0,0
204472,56,0.3597180350475687,José Medeiros,PODE,MT,0,1,1,0,0,0,0,0
204472,56,0.3597180350475687,José Medeiros,PL,MT,0,1,1,0,0,0,0,0
204391,56,0.3597180350475687,José Nelto,PODE,GO,0,1,1,0,0,0,0,0
204391,56,0.3597180350475687,José Nelto,PP,GO,0,1,1,0,0,0,0,0
160619,56,0.3597180350475687,José Nunes,PSD,BA,0,1,1,0,0,0,0,0
74079,56,0.3597180350475687,José Priante,MDB,PA,0,1,1,0,0,0,0,0
204555,56,0.3597180350475687,José Ricardo,PT,AM,0,1,1,0,0,0,0,0
74554,56,0.3597180350475687,José Rocha,PR,BA,0,1,1,0,0,0,0,0
74554,56,0.3597180350475687,José Rocha,PL,BA,0,1,1,0,0,0,0,0
74554,56,0.3597180350475687,José Rocha,UNIÃO,BA,0,1,1,0,0,0,0,0
209189,56,1.824268394475227,Joseildo Ramos,PT,BA,0,1,0,1,1,0,0,0
74141,56,1.824268394475227,Josias Gomes,PT,BA,0,1,0,1,1,0,0,0
204563,56,1.824268394475227,Josimar Maranhãozinho,PR,MA,0,1,0,1,1,0,0,0
204563,56,1.824268394475227,Josimar Maranhãozinho,PL,MA,0,1,0,1,1,0,0,0
215043,56,1.8375596290346632,Josivaldo JP,PHS,MA,0,1,0,1,0,1,0,0
215043,56,1.8375596290346632,Josivaldo JP,PODE,MA,0,1,0,1,0,1,0,0
215043,56,1.8375596290346632,Josivaldo JP,PSD,MA,0,1,0,1,0,1,0,0
204474,56,1.824268394475227,Juarez Costa,MDB,MT,0,1,0,1,1,0,0,0
204420,56,1.824268394475227,Julian Lemos,PSL,PB,0,1,0,1,1,0,0,0
204420,56,1.824268394475227,Julian Lemos,UNIÃO,PB,0,1,0,1,1,0,0,0
74317,56,0.3597180350475687,Júlio Cesar,PSD,PI,0,1,1,0,0,0,0,0
204372,56,0.3597180350475687,Julio Cesar Ribeiro,PRB,DF,0,1,1,0,0,0,0,0
204372,56,0.3597180350475687,Julio Cesar Ribeiro,REPUBLICANOS,DF,0,1,1,0,0,0,0,0
73586,56,0.3597180350475687,Júlio Delgado,PSB,MG,0,1,1,0,0,0,0,0
73586,56,0.3597180350475687,Júlio Delgado,PV,MG,0,1,1,0,0,0,0,0
74253,56,0.3597180350475687,Julio Lopes,PP,RJ,0,1,1,0,0,0,0,0
204457,56,0.3597180350475687,Juninho do Pneu,DEM,RJ,0,1,1,0,0,0,0,0
204457,56,0.3597180350475687,Juninho do Pneu,UNIÃO,RJ,0,1,1,0,0,0,0,0
204497,56,1.824268394475227,Júnior Ferrari,PSD,PA,0,1,0,1,1,0,0,0
204574,56,1.824268394475227,Junior Lourenço,PR,MA,0,1,0,1,1,0,0,0
204574,56,1.824268394475227,Junior Lourenço,PL,MA,0,1,0,1,1,0,0,0
204550,56,1.824268394475227,Júnior Mano,PATRI,CE,0,1,0,1,1,0,0,0
204550,56,1.824268394475227,Júnior Mano,PR,CE,0,1,0,1,1,0,0,0
204550,56,1.824268394475227,Júnior Mano,PL,CE,0,1,0,1,1,0,0,0
178886,56,0.3597180350475687,Juscelino Filho,DEM,MA,0,1,1,0,0,0,0,0
178886,56,0.3597180350475687,Juscelino Filho,UNIÃO,MA,0,1,1,0,0,0,0,0
204536,56,1.1421047612760309,Kim Kataguiri,DEM,SP,0,1,0,1,0,0,1,0
204536,56,1.1421047612760309,Kim Kataguiri,UNIÃO,SP,0,1,0,1,0,0,1,0
151208,56,0.3597180350475687,Laercio Oliveira,PP,SE,0,1,1,0,0,0,0,0
141478,56,0.3597180350475687,Laerte Bessa,PR,DF,0,1,1,0,0,0,0,0
141478,56,0.3597180350475687,Laerte Bessa,PL,DF,0,1,1,0,0,0,0,0
98057,56,0.3597180350475687,Lafayette de Andrada,PRB,MG,0,1,1,0,0,0,0,0
98057,56,0.3597180350475687,Lafayette de Andrada,REPUBLICANOS,MG,0,1,1,0,0,0,0,0
74856,56,3.699941005794692,Laura Carneiro,DEM,RJ,1,0,0,1,1,0,0,0
74856,56,3.699941005794692,Laura Carneiro,UNIÃO,RJ,1,0,0,1,1,0,0,0
160534,56,2.2353906463670343,Lauriete,PR,ES,1,0,1,0,0,0,0,0
160534,56,2.2353906463670343,Lauriete,PL,ES,1,0,1,0,0,0,0,0
160534,56,2.2353906463670343,Lauriete,PSC,ES,1,0,1,0,0,0,0,0
141480,56,0.3597180350475687,Lázaro Botelho,PP,TO,0,1,1,0,0,0,0,0
178832,56,2.2353906463670343,Leandre,PV,PR,1,0,1,0,0,0,0,0
178832,56,2.2353906463670343,Leandre,PSD,PR,1,0,1,0,0,0,0,0
204375,56,3.699941005794692,Leda Sadala,AVANTE,AP,1,0,0,1,1,0,0,0
204375,56,3.699941005794692,Leda Sadala,PP,AP,1,0,0,1,1,0,0,0
178825,56,1.824268394475227,LEO DE BRITO,PT,AC,0,1,0,1,1,0,0,0
204359,56,0.3597180350475687,Léo Moraes,PODE,RO,0,1,1,0,0,0,0,0
204547,56,1.8375596290346632,Léo Motta,PSL,MG,0,1,0,1,0,1,0,0
204547,56,1.8375596290346632,Léo Motta,UNIÃO,MG,0,1,0,1,0,1,0,0
204547,56,1.8375596290346632,Léo Motta,PL,MG,0,1,0,1,0,1,0,0
204547,56,1.8375596290346632,Léo Motta,REPUBLICANOS,MG,0,1,0,1,0,1,0,0
122195,56,1.824268394475227,Leonardo Gadelha,PSC,PB,0,1,0,1,1,0,0,0
74156,56,1.8375596290346632,Leonardo Monteiro,PT,MG,0,1,0,1,0,1,0,0
74254,56,0.3597180350475687,Leonardo Picciani,MDB,RJ,0,1,1,0,0,0,0,0
74299,56,0.3597180350475687,Leônidas Cristino,PDT,CE,0,1,1,0,0,0,0,0
92102,56,1.824268394475227,Leur Lomanto Júnior,DEM,BA,0,1,0,1,1,0,0,0
92102,56,1.824268394475227,Leur Lomanto Júnior,UNIÃO,BA,0,1,0,1,1,0,0,0
139285,56,3.699941005794692,Lídice da Mata,PSB,BA,1,0,0,1,1,0,0,0
74585,56,0.3597180350475687,Lincoln Portela,PR,MG,0,1,1,0,0,0,0,0
74585,56,0.3597180350475687,Lincoln Portela,PL,MG,0,1,1,0,0,0,0,0
204405,56,2.2353906463670343,Liziane Bayer,PSB,RS,1,0,1,0,0,0,0,0
204405,56,2.2353906463670343,Liziane Bayer,REPUBLICANOS,RS,1,0,1,0,0,0,0,0
204382,56,1.824268394475227,Loester Trutis,PSL,MS,0,1,0,1,1,0,0,0
204382,56,1.824268394475227,Loester Trutis,UNIÃO,MS,0,1,0,1,1,0,0,0
204382,56,1.824268394475227,Loester Trutis,PL,MS,0,1,0,1,1,0,0,0
196358,56,1.824268394475227,Lourival Gomes,PSL,RJ,0,1,0,1,1,0,0,0
196358,56,1.824268394475227,Lourival Gomes,UNIÃO,RJ,0,1,0,1,1,0,0,0
196358,56,1.824268394475227,Lourival Gomes,PP,RJ,0,1,0,1,1,0,0,0
219592,56,0.3597180350475687,Lucas Follador,DEM,RO,0,1,1,0,0,0,0,0
219592,56,0.3597180350475687,Lucas Follador,UNIÃO,RO,0,1,1,0,0,0,0,0
219592,56,0.3597180350475687,Lucas Follador,PSC,RO,0,1,1,0,0,0,0,0
204523,56,0.3597180350475687,Lucas Gonzalez,NOVO,MG,0,1,1,0,0,0,0,0
204404,56,0.3597180350475687,Lucas Redecker,PSDB,RS,0,1,1,0,0,0,0,0
178879,56,0.3597180350475687,Lucas Vergilio,SOLIDARIEDADE,GO,0,1,1,0,0,0,0,0
74478,56,0.3597180350475687,Luciano Bivar,PSL,PE,0,1,1,0,0,0,0,0
74478,56,0.3597180350475687,Luciano Bivar,UNIÃO,PE,0,1,1,0,0,0,0,0
178931,56,0.3597180350475687,Luciano Ducci,PSB,PR,0,1,1,0,0,0,0,0
178954,56,1.824268394475227,Lucio Mosquini,MDB,RO,0,1,0,1,1,0,0,0
204381,56,0.3597180350475687,Luis Miranda,DEM,DF,0,1,1,0,0,0,0,0
204381,56,0.3597180350475687,Luis Miranda,UNIÃO,DF,0,1,1,0,0,0,0,0
204381,56,0.3597180350475687,Luis Miranda,REPUBLICANOS,DF,0,1,1,0,0,0,0,0
160510,56,0.3597180350475687,Luis Tibé,AVANTE,MG,0,1,1,0,0,0,0,0
204410,56,2.2353906463670343,Luisa Canziani,PTB,PR,1,0,1,0,0,0,0,0
204410,56,2.2353906463670343,Luisa Canziani,PSD,PR,1,0,1,0,0,0,0,0
204448,56,0.3597180350475687,Luiz Antônio Corrêa,DC,RJ,0,1,1,0,0,0,0,0
204448,56,0.3597180350475687,Luiz Antônio Corrêa,S.PART.,RJ,0,1,1,0,0,0,0,0
204448,56,0.3597180350475687,Luiz Antônio Corrêa,PL,RJ,0,1,1,0,0,0,0,0
204448,56,0.3597180350475687,Luiz Antônio Corrêa,PP,RJ,0,1,1,0,0,0,0,0
160645,56,0.3597180350475687,Luiz Carlos,PSDB,AP,0,1,1,0,0,0,0,0
204485,56,0.3597180350475687,Luiz Carlos Motta,PR,SP,0,1,1,0,0,0,0,0
204485,56,0.3597180350475687,Luiz Carlos Motta,PL,SP,0,1,1,0,0,0,0,0
204543,56,1.824268394475227,LUIZ FLÁVIO GOMES,PSB,SP,0,1,0,1,1,0,0,0
204543,56,1.824268394475227,PROFESSOR LUIZ FLÁVIO GOMES,PSB,SP,0,1,0,1,1,0,0,0
178982,56,0.3597180350475687,Luiz Lauro Filho,PSB,SP,0,1,1,0,0,0,0,0
178982,56,0.3597180350475687,Luiz Lauro Filho,PSDB,SP,0,1,1,0,0,0,0,0
204455,56,0.3597180350475687,Luiz Lima,PSL,RJ,0,1,1,0,0,0,0,0
204455,56,0.3597180350475687,Luiz Lima,UNIÃO,RJ,0,1,1,0,0,0,0,0
204455,56,0.3597180350475687,Luiz Lima,S.PART.,RJ,0,1,1,0,0,0,0,0
204455,56,0.3597180350475687,Luiz Lima,PL,RJ,0,1,1,0,0,0,0,0
162332,56,1.1421047612760309,Luiz Nishimori,PR,PR,0,1,0,1,0,0,1,0
162332,56,1.1421047612760309,Luiz Nishimori,PL,PR,0,1,0,1,0,0,1,0
162332,56,1.1421047612760309,Luiz Nishimori,PSD,PR,0,1,0,1,0,0,1,0
204526,56,0.3597180350475687,Luiz Philippe de Orleans e Bragança,PSL,SP,0,1,1,0,0,0,0,0
204526,56,0.3597180350475687,Luiz Philippe de Orleans e Bragança,UNIÃO,SP,0,1,1,0,0,0,0,0
204526,56,0.3597180350475687,Luiz Philippe de Orleans e Bragança,PL,SP,0,1,1,0,0,0,0,0
74784,56,2.2353906463670343,Luiza Erundina,PSOL,SP,1,0,1,0,0,0,0,0
204418,56,0.3597180350475687,LUIZÃO GOULART,PRB,PR,0,1,1,0,0,0,0,0
204418,56,0.3597180350475687,LUIZÃO GOULART,REPUBLICANOS,PR,0,1,1,0,0,0,0,0
204418,56,0.3597180350475687,LUIZÃO GOULART,SOLIDARIEDADE,PR,0,1,1,0,0,0,0,0
204418,56,0.3597180350475687,PROFESSOR LUIZÃO GOULART,PRB,PR,0,1,1,0,0,0,0,0
204418,56,0.3597180350475687,PROFESSOR LUIZÃO GOULART,REPUBLICANOS,PR,0,1,1,0,0,0,0,0
204418,56,0.3597180350475687,PROFESSOR LUIZÃO GOULART,SOLIDARIEDADE,PR,0,1,1,0,0,0,0,0
178866,56,2.2353906463670343,Luizianne Lins,PT,CE,1,0,1,0,0,0,0,0
166402,56,2.2353906463670343,Magda Mofatto,PR,GO,1,0,1,0,0,0,0,0
166402,56,2.2353906463670343,Magda Mofatto,PL,GO,1,0,1,0,0,0,0,0
151965,56,1.824268394475227,Maia Filho,PP,PI,0,1,0,1,1,0,0,0
204458,56,2.2353906463670343,Major Fabiana,PSL,RJ,1,0,1,0,0,0,0,0
204458,56,2.2353906463670343,Major Fabiana,UNIÃO,RJ,1,0,1,0,0,0,0,0
204458,56,2.2353906463670343,Major Fabiana,PL,RJ,1,0,1,0,0,0,0,0
179587,56,1.824268394475227,MAJOR VITOR HUGO,PSL,GO,0,1,0,1,1,0,0,0
179587,56,1.824268394475227,MAJOR VITOR HUGO,UNIÃO,GO,0,1,0,1,1,0,0,0
179587,56,1.824268394475227,MAJOR VITOR HUGO,PL,GO,0,1,0,1,1,0,0,0
179587,56,1.824268394475227,VITOR HUGO,PSL,GO,0,1,0,1,1,0,0,0
179587,56,1.824268394475227,VITOR HUGO,UNIÃO,GO,0,1,0,1,1,0,0,0
179587,56,1.824268394475227,VITOR HUGO,PL,GO,0,1,0,1,1,0,0,0
204469,56,1.824268394475227,Manuel Marcos,PRB,AC,0,1,0,1,1,0,0,0
204469,56,1.824268394475227,Manuel Marcos,REPUBLICANOS,AC,0,1,0,1,1,0,0,0
204471,56,2.2353906463670343,Mara Rocha,PSDB,AC,1,0,1,0,0,0,0,0
204471,56,2.2353906463670343,Mara Rocha,MDB,AC,1,0,1,0,0,0,0,0
204471,56,2.2353906463670343,Mara Rocha,MDB,AC,1,0,1,0,0,0,0,0
212749,56,0.3597180350475687,Marcão Gomes,PR,RJ,0,1,1,0,0,0,0,0
212749,56,0.3597180350475687,Marcão Gomes,PL,RJ,0,1,1,0,0,0,0,0
156190,56,0.3597180350475687,Marcel van Hattem,NOVO,RS,0,1,1,0,0,0,0,0
179000,56,0.3597180350475687,Marcelo Álvaro Antônio,PSL,MG,0,1,1,0,0,0,0,0
179000,56,0.3597180350475687,Marcelo Álvaro Antônio,UNIÃO,MG,0,1,1,0,0,0,0,0
179000,56,0.3597180350475687,Marcelo Álvaro Antônio,PL,MG,0,1,1,0,0,0,0,0
146788,56,0.3597180350475687,Marcelo Aro,PHS,MG,0,1,1,0,0,0,0,0
146788,56,0.3597180350475687,Marcelo Aro,PP,MG,0,1,1,0,0,0,0,0
205863,56,0.3597180350475687,Marcelo Brum,PSL,RS,0,1,1,0,0,0,0,0
205863,56,0.3597180350475687,Marcelo Brum,UNIÃO,RS,0,1,1,0,0,0,0,0
205863,56,0.3597180350475687,Marcelo Brum,REPUBLICANOS,RS,0,1,1,0,0,0,0,0
204433,56,0.3597180350475687,Marcelo Calero,PPS,RJ,0,1,1,0,0,0,0,0
204433,56,0.3597180350475687,Marcelo Calero,CIDADANIA,RJ,0,1,1,0,0,0,0,0
204433,56,0.3597180350475687,Marcelo Calero,PSD,RJ,0,1,1,0,0,0,0,0
204433,56,0.3597180350475687,Marcelo Calero,PSD,RJ,0,1,1,0,0,0,0,0
76874,56,0.3597180350475687,Marcelo Freixo,PSOL,RJ,0,1,1,0,0,0,0,0
76874,56,0.3597180350475687,Marcelo Freixo,PSB,RJ,0,1,1,0,0,0,0,0
133810,56,0.3597180350475687,Marcelo Moraes,PTB,RS,0,1,1,0,0,0,0,0
133810,56,0.3597180350475687,Marcelo Moraes,PL,RS,0,1,1,0,0,0,0,0
204558,56,0.3597180350475687,Marcelo Nilo,PSB,BA,0,1,1,0,0,0,0,0
204558,56,0.3597180350475687,Marcelo Nilo,REPUBLICANOS,BA,0,1,1,0,0,0,0,0
204556,56,1.824268394475227,Marcelo Ramos,PR,AM,0,1,0,1,1,0,0,0
204556,56,1.824268394475227,Marcelo Ramos,PL,AM,0,1,0,1,1,0,0,0
204556,56,1.824268394475227,Marcelo Ramos,PSD,AM,0,1,0,1,1,0,0,0
118594,56,0.3597180350475687,Marcelo Squassoni,PRB,SP,0,1,1,0,0,0,0,0
118594,56,0.3597180350475687,Marcelo Squassoni,REPUBLICANOS,SP,0,1,1,0,0,0,0,0
221147,56,2.2353906463670343,Marcia Scherer,MDB,RS,1,0,1,0,0,0,0,0
178983,56,0.3597180350475687,Marcio Alvino,PR,SP,0,1,1,0,0,0,0,0
178983,56,0.3597180350475687,Marcio Alvino,PL,SP,0,1,1,0,0,0,0,0
179001,56,0.3597180350475687,Márcio Biolchi,MDB,RS,0,1,1,0,0,0,0,0
221183,56,1.824268394475227,Márcio Dória,PCdoB,SE,0,1,0,1,1,0,0,0
81055,56,1.824268394475227,Márcio Jerry,PCdoB,MA,0,1,0,1,1,0,0,0
204452,56,1.824268394475227,Márcio Labre,PSL,RJ,0,1,0,1,1,0,0,0
204452,56,1.824268394475227,Márcio Labre,UNIÃO,RJ,0,1,0,1,1,0,0,0
204452,56,1.824268394475227,Márcio Labre,S.PART.,RJ,0,1,0,1,1,0,0,0
204452,56,1.824268394475227,Márcio Labre,PL,RJ,0,1,0,1,1,0,0,0
160542,56,0.3597180350475687,Márcio Macêdo,PT,SE,0,1,1,0,0,0,0,0
150418,56,1.8375596290346632,Márcio Marinho,PRB,BA,0,1,0,1,0,1,0,0
150418,56,1.8375596290346632,Márcio Marinho,REPUBLICANOS,BA,0,1,0,1,0,1,0,0
204522,56,0.3597180350475687,Marco Bertaiolli,PSD,SP,0,1,1,0,0,0,0,0
219585,56,0.3597180350475687,Marco Brasil,PP,PR,0,1,1,0,0,0,0,0
133373,56,0.3597180350475687,Marco Maia,PT,RS,0,1,1,0,0,0,0,0
160535,56,0.3597180350475687,Marcon,PT,RS,0,1,1,0,0,0,0,0
204431,56,0.3597180350475687,Marcos Aurélio Sampaio,MDB,PI,0,1,1,0,0,0,0,0
204431,56,0.3597180350475687,Marcos Aurélio Sampaio,PSD,PI,0,1,1,0,0,0,0,0
204011,56,1.824268394475227,Marcos Pacco,PODE,DF,0,1,0,1,1,0,0,0
204506,56,0.3597180350475687,Marcos Pereira,PRB,SP,0,1,1,0,0,0,0,0
204506,56,0.3597180350475687,Marcos Pereira,REPUBLICANOS,SP,0,1,1,0,0,0,0,0
178943,56,0.3597180350475687,Marcos Soares,DEM,RJ,0,1,1,0,0,0,0,0
178943,56,0.3597180350475687,Marcos Soares,UNIÃO,RJ,0,1,1,0,0,0,0,0
204430,56,2.2353906463670343,Margarete Coelho,PP,PI,1,0,1,0,0,0,0,0
171619,56,2.2353906463670343,Margarida Salomão,PT,MG,1,0,1,0,0,0,0,0
74398,56,2.2353906463670343,Maria do Rosário,PT,RS,1,0,1,0,0,0,0,0
204540,56,2.2353906463670343,Maria Rosas,PRB,SP,1,0,1,0,0,0,0,0
204540,56,2.2353906463670343,Maria Rosas,REPUBLICANOS,SP,1,0,1,0,0,0,0,0
178956,56,3.699941005794692,Mariana Carvalho,PSDB,RO,1,0,0,1,1,0,0,0
178956,56,3.699941005794692,Mariana Carvalho,REPUBLICANOS,RO,1,0,0,1,1,0,0,0
204428,56,2.2353906463670343,Marília Arraes,PT,PE,1,0,1,0,0,0,0,0
204428,56,2.2353906463670343,Marília Arraes,SOLIDARIEDADE,PE,1,0,1,0,0,0,0,0
204432,56,2.2353906463670343,Marina Santos,PTC,PI,1,0,1,0,0,0,0,0
204432,56,2.2353906463670343,Marina Santos,SOLIDARIEDADE,PI,1,0,1,0,0,0,0,0
204432,56,2.2353906463670343,Marina Santos,PL,PI,1,0,1,0,0,0,0,0
204432,56,2.2353906463670343,Marina Santos,REPUBLICANOS,PI,1,0,1,0,0,0,0,0
74158,56,0.3597180350475687,Mário Heringer,PDT,MG,0,1,1,0,0,0,0,0
178858,56,0.3597180350475687,Mário Negromonte Jr.,PP,BA,0,1,1,0,0,0,0,0
204403,56,0.3597180350475687,Marlon Santos,PDT,RS,0,1,1,0,0,0,0,0
204403,56,0.3597180350475687,Marlon Santos,PL,RS,0,1,1,0,0,0,0,0
204566,56,0.3597180350475687,Marreca Filho,PATRI,MA,0,1,1,0,0,0,0,0
204566,56,0.3597180350475687,Marreca Filho,PATRIOTA,MA,0,1,1,0,0,0,0,0
178843,56,0.3597180350475687,Marx Beltrão,PSD,AL,0,1,1,0,0,0,0,0
178843,56,0.3597180350475687,Marx Beltrão,PP,AL,0,1,1,0,0,0,0,0
75431,56,0.3597180350475687,Maurício Dziedricki,PTB,RS,0,1,1,0,0,0,0,0
75431,56,0.3597180350475687,Maurício Dziedricki,PODE,RS,0,1,1,0,0,0,0,0
204486,56,1.824268394475227,Mauro Benevides Filho,PDT,CE,0,1,0,1,1,0,0,0
74749,56,0.3597180350475687,Mauro Lopes,MDB,MG,0,1,1,0,0,0,0,0
74749,56,0.3597180350475687,Mauro Lopes,PP,MG,0,1,1,0,0,0,0,0
141508,56,0.3597180350475687,Mauro Nazif,PSB,RO,0,1,1,0,0,0,0,0
188097,56,0.3597180350475687,Merlong Solano,PT,PI,0,1,1,0,0,0,0,0
178984,56,0.3597180350475687,Miguel Haddad,PSDB,SP,0,1,1,0,0,0,0,0
178985,56,0.3597180350475687,Miguel Lombardi,PR,SP,0,1,1,0,0,0,0,0
178985,56,0.3597180350475687,Miguel Lombardi,PL,SP,0,1,1,0,0,0,0,0
92172,56,0.3597180350475687,Milton Coelho,PSB,PE,0,1,1,0,0,0,0,0
154178,56,0.3597180350475687,Milton Vieira,PRB,SP,0,1,1,0,0,0,0,0
154178,56,0.3597180350475687,Milton Vieira,REPUBLICANOS,SP,0,1,1,0,0,0,0,0
178895,56,0.3597180350475687,Misael Varella,PSD,MG,0,1,1,0,0,0,0,0
178997,56,0.3597180350475687,Moses Rodrigues,MDB,CE,0,1,1,0,0,0,0,0
178997,56,0.3597180350475687,Moses Rodrigues,UNIÃO,CE,0,1,1,0,0,0,0,0
204453,56,2.2353906463670343,Natália Bonavides,PT,RN,1,0,1,0,0,0,0,0
218879,56,1.824268394475227,Nelho Bezerra,PROS,CE,0,1,0,1,1,0,0,0
218879,56,1.824268394475227,Nelho Bezerra,UNIÃO,CE,0,1,0,1,1,0,0,0
204449,56,0.3597180350475687,Nelson Barbudo,PSL,MT,0,1,1,0,0,0,0,0
204449,56,0.3597180350475687,Nelson Barbudo,UNIÃO,MT,0,1,1,0,0,0,0,0
204449,56,0.3597180350475687,Nelson Barbudo,PL,MT,0,1,1,0,0,0,0,0
74571,56,1.824268394475227,Nelson Pellegrino,PT,BA,0,1,0,1,1,0,0,0
204415,56,0.3597180350475687,Nereu Crispim,PSL,RS,0,1,1,0,0,0,0,0
204415,56,0.3597180350475687,Nereu Crispim,UNIÃO,RS,0,1,1,0,0,0,0,0
204415,56,0.3597180350475687,Nereu Crispim,PSD,RS,0,1,1,0,0,0,0,0
146307,56,0.3597180350475687,Neri Geller,PP,MT,0,1,1,0,0,0,0,0
74165,56,1.824268394475227,Neucimar Fraga,PSD,ES,0,1,0,1,1,0,0,0
74165,56,1.824268394475227,Neucimar Fraga,PP,ES,0,1,0,1,1,0,0,0
178896,56,0.3597180350475687,Newton Cardoso Jr,MDB,MG,0,1,1,0,0,0,0,0
204384,56,0.3597180350475687,Ney Leprevost,PSD,PR,0,1,1,0,0,0,0,0
204384,56,0.3597180350475687,Ney Leprevost,UNIÃO,PR,0,1,1,0,0,0,0,0
204479,56,0.3597180350475687,Nicoletti,PSL,RR,0,1,1,0,0,0,0,0
204479,56,0.3597180350475687,Nicoletti,UNIÃO,RR,0,1,1,0,0,0,0,0
214445,56,0.3597180350475687,Nilson F. Stainsack,PP,SC,0,1,1,0,0,0,0,0
74352,56,1.824268394475227,Nilson Pinto,PSDB,PA,0,1,0,1,1,0,0,0
178986,56,0.3597180350475687,Nilto Tatto,PT,SP,0,1,1,0,0,0,0,0
194260,56,0.3597180350475687,Nivaldo Albuquerque,PTB,AL,0,1,1,0,0,0,0,0
194260,56,0.3597180350475687,Nivaldo Albuquerque,REPUBLICANOS,AL,0,1,1,0,0,0,0,0
66179,56,2.2353906463670343,Norma Ayub,DEM,ES,1,0,1,0,0,0,0,0
66179,56,2.2353906463670343,Norma Ayub,UNIÃO,ES,1,0,1,0,0,0,0,0
66179,56,2.2353906463670343,Norma Ayub,PP,ES,1,0,1,0,0,0,0,0
216198,56,2.2353906463670343,Norma Pereira,PSDB,SC,1,0,1,0,0,0,0,0
74159,56,0.3597180350475687,Odair Cunha,PT,MG,0,1,1,0,0,0,0,0
178868,56,0.3597180350475687,Odorico Monteiro,PSB,CE,0,1,1,0,0,0,0,0
204498,56,1.824268394475227,Olival Marques,DEM,PA,0,1,0,1,1,0,0,0
204498,56,1.824268394475227,Olival Marques,UNIÃO,PA,0,1,0,1,1,0,0,0
204498,56,1.824268394475227,Olival Marques,MDB,PA,0,1,0,1,1,0,0,0
74399,56,0.3597180350475687,Onyx Lorenzoni,DEM,RS,0,1,1,0,0,0,0,0
74399,56,0.3597180350475687,Onyx Lorenzoni,UNIÃO,RS,0,1,1,0,0,0,0,0
74399,56,0.3597180350475687,Onyx Lorenzoni,PL,RS,0,1,1,0,0,0,0,0
178987,56,1.8375596290346632,Orlando Silva,PCdoB,SP,0,1,0,1,0,1,0,0
204363,56,1.824268394475227,Osires Damaso,PSC,TO,0,1,0,1,1,0,0,0
73463,56,0.3597180350475687,Osmar Serraglio,PP,PR,0,1,1,0,0,0,0,0
73692,56,0.3597180350475687,Osmar Terra,MDB,RS,0,1,1,0,0,0,0,0
204422,56,1.8375596290346632,Ossesio Silva,PRB,PE,0,1,0,1,0,1,0,0
204422,56,1.8375596290346632,Ossesio Silva,REPUBLICANOS,PE,0,1,0,1,0,1,0,0
204475,56,0.3597180350475687,Otaci Nascimento,SOLIDARIEDADE,RR,0,1,1,0,0,0,0,0
204475,56,0.3597180350475687,OTTACI NASCIMENTO,SOLIDARIEDADE,RR,0,1,1,0,0,0,0,0
141515,56,0.3597180350475687,Otavio Leite,PSDB,RJ,0,1,1,0,0,0,0,0
204441,56,1.824268394475227,Otoni de Paula,PSC,RJ,0,1,0,1,1,0,0,0
204441,56,1.824268394475227,Otoni de Paula,MDB,RJ,0,1,0,1,1,0,0,0
204573,56,0.3597180350475687,Otto Alencar Filho,PSD,BA,0,1,1,0,0,0,0,0
160556,56,0.3597180350475687,Padre João,PT,MG,0,1,1,0,0,0,0,0
74319,56,0.3597180350475687,Paes Landim,PTB,PI,0,1,1,0,0,0,0,0
74319,56,0.3597180350475687,Paes Landim,UNIÃO,PI,0,1,1,0,0,0,0,0
160642,56,1.824268394475227,Pastor Eurico,PATRI,PE,0,1,0,1,1,0,0,0
160642,56,1.824268394475227,Pastor Eurico,PATRIOTA,PE,0,1,0,1,1,0,0,0
160642,56,1.824268394475227,Pastor Eurico,PL,PE,0,1,0,1,1,0,0,0
204553,56,1.8375596290346632,Pastor Sargento Isidório,AVANTE,BA,0,1,0,1,0,1,0,0
205535,56,3.699941005794692,Patricia Ferraz,PR,AP,1,0,0,1,1,0,0,0
205535,56,3.699941005794692,Patricia Ferraz,PL,AP,1,0,0,1,1,0,0,0
205535,56,3.699941005794692,Patricia Ferraz,PODE,AP,1,0,0,1,1,0,0,0
205535,56,3.699941005794692,Patricia Ferraz,PL,AP,1,0,0,1,1,0,0,0
218741,56,0.3597180350475687,Patrick Dorneles,PSDB,PB,0,1,1,0,0,0,0,0
218741,56,0.3597180350475687,Patrick Dorneles,PSD,PB,0,1,1,0,0,0,0,0
74160,56,0.3597180350475687,Patrus Ananias,PT,MG,0,1,1,0,0,0,0,0
204377,56,2.2353906463670343,Paula Belmonte,PPS,DF,1,0,1,0,0,0,0,0
204377,56,2.2353906463670343,Paula Belmonte,CIDADANIA,DF,1,0,1,0,0,0,0,0
171617,56,1.824268394475227,Paulão,PT,AL,0,1,0,1,1,0,0,0
141518,56,0.3597180350475687,Paulinho da Força,SOLIDARIEDADE,SP,0,1,1,0,0,0,0,0
141518,56,0.3597180350475687,Paulo Pereira da Silva,SOLIDARIEDADE,SP,0,1,1,0,0,0,0,0
141516,56,0.3597180350475687,Paulo Abi-Ackel,PSDB,MG,0,1,1,0,0,0,0,0
178860,56,0.3597180350475687,Paulo Azi,DEM,BA,0,1,1,0,0,0,0,0
178860,56,0.3597180350475687,Paulo Azi,UNIÃO,BA,0,1,1,0,0,0,0,0
204538,56,0.3597180350475687,Paulo Bengtson,PTB,PA,0,1,1,0,0,0,0,0
193726,56,1.824268394475227,PAULO EDUARDO MARTINS,PSC,PR,0,1,0,1,1,0,0,0
193726,56,1.824268394475227,PAULO EDUARDO MARTINS,PL,PR,0,1,0,1,1,0,0,0
160517,56,0.3597180350475687,Paulo Foletto,PSB,ES,0,1,1,0,0,0,0,0
160558,56,0.3597180350475687,PAULO FREIRE COSTA,PR,SP,0,1,1,0,0,0,0,0
160558,56,0.3597180350475687,PAULO FREIRE COSTA,PL,SP,0,1,1,0,0,0,0,0
204461,56,0.3597180350475687,Paulo Ganime,NOVO,RJ,0,1,1,0,0,0,0,0
204492,56,1.824268394475227,Paulo Guedes,PT,MG,0,1,0,1,1,0,0,0
74574,56,0.3597180350475687,Paulo Magalhães,PSD,BA,0,1,1,0,0,0,0,0
128760,56,0.3597180350475687,Paulo Marinho Jr,PP,MA,0,1,1,0,0,0,0,0
128760,56,0.3597180350475687,Paulo Marinho Jr,PL,MA,0,1,1,0,0,0,0,0
74400,56,0.3597180350475687,Paulo Pimenta,PT,RS,0,1,1,0,0,0,0,0
133968,56,0.3597180350475687,Paulo Ramos,PDT,RJ,0,1,1,0,0,0,0,0
141488,56,0.3597180350475687,Paulo Teixeira,PT,SP,0,1,1,0,0,0,0,0
216544,56,0.3597180350475687,Paulo Vicente Caleffi,PSD,RS,0,1,1,0,0,0,0,0
215045,56,0.3597180350475687,Pedro Augusto,PSD,RJ,0,1,1,0,0,0,0,0
215045,56,0.3597180350475687,Pedro Augusto,PP,RJ,0,1,1,0,0,0,0,0
215045,56,0.3597180350475687,Pedro Augusto Palareti,PSD,RJ,0,1,1,0,0,0,0,0
215045,56,0.3597180350475687,Pedro Augusto Palareti,PP,RJ,0,1,1,0,0,0,0,0
90201,56,0.3597180350475687,PEDRO AUGUSTO BEZERRA,PTB,CE,0,1,1,0,0,0,0,0
90201,56,0.3597180350475687,PEDRO AUGUSTO BEZERRA,PDT,CE,0,1,1,0,0,0,0,0
178912,56,0.3597180350475687,Pedro Cunha Lima,PSDB,PB,0,1,1,0,0,0,0,0
122974,56,1.824268394475227,Pedro Lucas Fernandes,PTB,MA,0,1,0,1,1,0,0,0
122974,56,1.824268394475227,Pedro Lucas Fernandes,UNIÃO,MA,0,1,0,1,1,0,0,0
204395,56,0.3597180350475687,Pedro Lupion,DEM,PR,0,1,1,0,0,0,0,0
204395,56,0.3597180350475687,Pedro Lupion,UNIÃO,PR,0,1,1,0,0,0,0,0
204395,56,0.3597180350475687,Pedro Lupion,PP,PR,0,1,1,0,0,0,0,0
122158,56,0.3597180350475687,Pedro Paulo,DEM,RJ,0,1,1,0,0,0,0,0
122158,56,0.3597180350475687,Pedro Paulo,UNIÃO,RJ,0,1,1,0,0,0,0,0
122158,56,0.3597180350475687,Pedro Paulo,PSD,RJ,0,1,1,0,0,0,0,0
160604,56,0.3597180350475687,Pedro Uczai,PT,SC,0,1,1,0,0,0,0,0
178844,56,0.3597180350475687,Pedro Vilela,PSDB,AL,0,1,1,0,0,0,0,0
204406,56,0.3597180350475687,Pedro Westphalen,PP,RS,0,1,1,0,0,0,0,0
73943,56,2.2353906463670343,PERPÉTUA ALMEIDA,PCdoB,AC,1,0,1,0,0,0,0,0
204524,56,0.3597180350475687,Pinheirinho,PP,MG,0,1,1,0,0,0,0,0
204529,56,2.2353906463670343,Policial Katia Sastre,PR,SP,1,0,1,0,0,0,0,0
204529,56,2.2353906463670343,Policial Katia Sastre,PL,SP,1,0,1,0,0,0,0,0
73486,56,0.3597180350475687,Pompeo de Mattos,PDT,RS,0,1,1,0,0,0,0,0
160601,56,0.3597180350475687,Pr. Marco Feliciano,PODE,SP,0,1,1,0,0,0,0,0
160601,56,0.3597180350475687,Pr. Marco Feliciano,REPUBLICANOS,SP,0,1,1,0,0,0,0,0
160601,56,0.3597180350475687,Pr. Marco Feliciano,PL,SP,0,1,1,0,0,0,0,0
160639,56,2.2353906463670343,Prof Dorinha Seabra Rezende,DEM,TO,1,0,1,0,0,0,0,0
160639,56,2.2353906463670343,Prof Dorinha Seabra Rezende,UNIÃO,TO,1,0,1,0,0,0,0,0
160639,56,2.2353906463670343,Professora Dorinha Seabra Rezende,DEM,TO,1,0,1,0,0,0,0,0
160639,56,2.2353906463670343,Professora Dorinha Seabra Rezende,UNIÃO,TO,1,0,1,0,0,0,0,0
204390,56,1.824268394475227,Professor Alcides,PP,GO,0,1,0,1,1,0,0,0
204390,56,1.824268394475227,Professor Alcides,PL,GO,0,1,0,1,1,0,0,0
204383,56,0.3597180350475687,Professor Israel Batista,PV,DF,0,1,1,0,0,0,0,0
204383,56,0.3597180350475687,Professor Israel Batista,PSB,DF,0,1,1,0,0,0,0,0
204446,56,1.8375596290346632,Professor Joziel,PSL,RJ,0,1,0,1,0,1,0,0
204446,56,1.8375596290346632,Professor Joziel,UNIÃO,RJ,0,1,0,1,0,1,0,0
204446,56,1.8375596290346632,Professor Joziel,PATRIOTA,RJ,0,1,0,1,0,1,0,0
204565,56,2.2353906463670343,Professora Dayane Pimentel,PSL,BA,1,0,1,0,0,0,0,0
204565,56,2.2353906463670343,Professora Dayane Pimentel,UNIÃO,BA,1,0,1,0,0,0,0,0
160641,56,3.699941005794692,Professora Marcivania,PCdoB,AP,1,0,0,1,1,0,0,0
204467,56,2.2353906463670343,Professora Rosa Neide,PT,MT,1,0,1,0,0,0,0,0
215361,56,2.2353906463670343,Rachel Marques,PT,CE,1,0,1,0,0,0,0,0
178951,56,0.3597180350475687,Rafael Motta,PSB,RN,0,1,1,0,0,0,0,0
216313,56,1.824268394475227,Rafafá,PSDB,PB,0,1,0,1,1,0,0,0
204567,56,1.824268394475227,Raimundo Costa,PRP,BA,0,1,0,1,1,0,0,0
204567,56,1.824268394475227,Raimundo Costa,PR,BA,0,1,0,1,1,0,0,0
204567,56,1.824268394475227,Raimundo Costa,PL,BA,0,1,0,1,1,0,0,0
204567,56,1.824268394475227,Raimundo Costa,PODE,BA,0,1,0,1,1,0,0,0
141523,56,0.3597180350475687,Raul Henry,MDB,PE,0,1,1,0,0,0,0,0
74161,56,0.3597180350475687,Reginaldo Lopes,PT,MG,0,1,1,0,0,0,0,0
205865,56,0.3597180350475687,Reinhold Stephanes Junior,PSD,PR,0,1,1,0,0,0,0,0
178925,56,2.2353906463670343,Rejane Dias,PT,PI,1,0,1,0,0,0,0,0
178989,56,2.2353906463670343,Renata Abreu,PODE,SP,1,0,1,0,0,0,0,0
214477,56,0.3597180350475687,Renato Queiroz,MDB,RR,0,1,1,0,0,0,0,0
214477,56,0.3597180350475687,Renato Queiroz,PSD,RR,0,1,1,0,0,0,0,0
214477,56,0.3597180350475687,RRenato Queiroz,MDB,RR,0,1,1,0,0,0,0,0
214477,56,0.3597180350475687,RRenato Queiroz,PSD,RR,0,1,1,0,0,0,0,0
211498,56,1.824268394475227,Renato Santana,PSD,DF,0,1,0,1,1,0,0,0
73801,56,0.3597180350475687,Renildo Calheiros,PCdoB,PE,0,1,1,0,0,0,0,0
73788,56,0.3597180350475687,Ricardo Barros,PP,PR,0,1,1,0,0,0,0,0
215042,56,1.824268394475227,Ricardo da Karol,PATRI,RJ,0,1,0,1,1,0,0,0
215042,56,1.824268394475227,Ricardo da Karol,PATRIOTA,RJ,0,1,0,1,1,0,0,0
215042,56,1.824268394475227,Ricardo da Karol,PSC,RJ,0,1,0,1,1,0,0,0
215042,56,1.824268394475227,Ricardo da Karol,PDT,RJ,0,1,0,1,1,0,0,0
204362,56,0.3597180350475687,Ricardo Guidi,PSD,SC,0,1,1,0,0,0,0,0
160655,56,0.3597180350475687,Ricardo Izar,PP,SP,0,1,1,0,0,0,0,0
160655,56,0.3597180350475687,Ricardo Izar,REPUBLICANOS,SP,0,1,1,0,0,0,0,0
211649,56,0.3597180350475687,Ricardo Pericar,PSL,RJ,0,1,1,0,0,0,0,0
211649,56,0.3597180350475687,Ricardo Pericar,UNIÃO,RJ,0,1,1,0,0,0,0,0
213274,56,0.3597180350475687,Ricardo Silva,PSB,SP,0,1,1,0,0,0,0,0
213274,56,0.3597180350475687,Ricardo Silva,PSD,SP,0,1,1,0,0,0,0,0
178920,56,1.824268394475227,Ricardo Teobaldo,PODE,PE,0,1,0,1,1,0,0,0
204489,56,1.824268394475227,Robério Monteiro,PDT,CE,0,1,0,1,1,0,0,0
152610,56,0.3597180350475687,Roberto Alves,PRB,SP,0,1,1,0,0,0,0,0
152610,56,0.3597180350475687,Roberto Alves,REPUBLICANOS,SP,0,1,1,0,0,0,0,0
160653,56,0.3597180350475687,Roberto de Lucena,PODE,SP,0,1,1,0,0,0,0,0
160653,56,0.3597180350475687,Roberto de Lucena,REPUBLICANOS,SP,0,1,1,0,0,0,0,0
74305,56,0.3597180350475687,Roberto Pessoa,PSDB,CE,0,1,1,0,0,0,0,0
204530,56,0.3597180350475687,Rodrigo Agostinho,PSB,SP,0,1,1,0,0,0,0,0
204366,56,0.3597180350475687,Rodrigo Coelho,PSB,SC,0,1,1,0,0,0,0,0
204366,56,0.3597180350475687,Rodrigo Coelho,PODE,SC,0,1,1,0,0,0,0,0
141531,56,0.3597180350475687,Rodrigo de Castro,PSDB,MG,0,1,1,0,0,0,0,0
141531,56,0.3597180350475687,Rodrigo de Castro,UNIÃO,MG,0,1,1,0,0,0,0,0
74693,56,0.3597180350475687,Rodrigo Maia,DEM,RJ,0,1,1,0,0,0,0,0
74693,56,0.3597180350475687,Rodrigo Maia,S.PART.,RJ,0,1,1,0,0,0,0,0
74693,56,0.3597180350475687,Rodrigo Maia,PSDB,RJ,0,1,1,0,0,0,0,0
204480,56,0.3597180350475687,Rogério Correia,PT,MG,0,1,1,0,0,0,0,0
160651,56,0.3597180350475687,Rogério Peninha Mendonça,MDB,SC,0,1,1,0,0,0,0,0
178861,56,0.3597180350475687,Ronaldo Carletto,PP,BA,0,1,1,0,0,0,0,0
122466,56,0.3597180350475687,Ronaldo Martins,PRB,CE,0,1,1,0,0,0,0,0
122466,56,0.3597180350475687,Ronaldo Martins,REPUBLICANOS,CE,0,1,1,0,0,0,0,0
204525,56,2.2353906463670343,Rosana Valle,PSB,SP,1,0,1,0,0,0,0,0
204525,56,2.2353906463670343,Rosana Valle,PL,SP,1,0,1,0,0,0,0,0
178945,56,3.713232240354129,Rosangela Gomes,PRB,RJ,1,0,0,1,0,1,0,0
178945,56,3.713232240354129,Rosangela Gomes,REPUBLICANOS,RJ,1,0,0,1,0,1,0,0
204357,56,2.2353906463670343,Rose Modesto,PSDB,MS,1,0,1,0,0,0,0,0
204357,56,2.2353906463670343,Rose Modesto,UNIÃO,MS,1,0,1,0,0,0,0,0
178935,56,0.3597180350475687,Rossoni,PSDB,PR,0,1,1,0,0,0,0,0
73466,56,0.3597180350475687,Rubens Bueno,PPS,PR,0,1,1,0,0,0,0,0
73466,56,0.3597180350475687,Rubens Bueno,CIDADANIA,PR,0,1,1,0,0,0,0,0
74371,56,0.3597180350475687,Rubens Otoni,PT,GO,0,1,1,0,0,0,0,0
178887,56,0.3597180350475687,Rubens Pereira Júnior,PCdoB,MA,0,1,1,0,0,0,0,0
178887,56,0.3597180350475687,Rubens Pereira Júnior,PT,MA,0,1,1,0,0,0,0,0
73604,56,0.3597180350475687,Rui Falcão,PT,SP,0,1,1,0,0,0,0,0
221157,56,1.824268394475227,Rui Godinho,PSL,SC,0,1,0,1,1,0,0,0
221157,56,1.824268394475227,Rui Godinho,UNIÃO,SC,0,1,0,1,1,0,0,0
160635,56,0.3597180350475687,Ruy Carneiro,PSDB,PB,0,1,1,0,0,0,0,0
160635,56,0.3597180350475687,Ruy Carneiro,PSC,PB,0,1,1,0,0,0,0,0
204535,56,2.2353906463670343,Sâmia Bomfim,PSOL,SP,1,0,1,0,0,0,0,0
178990,56,0.3597180350475687,Samuel Moreira,PSDB,SP,0,1,1,0,0,0,0,0
204416,56,0.3597180350475687,SANDERSON,PSL,RS,0,1,1,0,0,0,0,0
204416,56,0.3597180350475687,SANDERSON,UNIÃO,RS,0,1,1,0,0,0,0,0
204416,56,0.3597180350475687,SANDERSON,PL,RS,0,1,1,0,0,0,0,0
204416,56,0.3597180350475687,UBIRATAN SANDERSON,PSL,RS,0,1,1,0,0,0,0,0
204416,56,0.3597180350475687,UBIRATAN SANDERSON,UNIÃO,RS,0,1,1,0,0,0,0,0
204416,56,0.3597180350475687,UBIRATAN SANDERSON,PL,RS,0,1,1,0,0,0,0,0
160621,56,0.3597180350475687,Sandro Alex,PSD,PR,0,1,1,0,0,0,0,0
90842,56,0.3597180350475687,Santini,PTB,RS,0,1,1,0,0,0,0,0
219599,56,0.3597180350475687,Sargento Alexandre,PODE,SP,0,1,1,0,0,0,0,0
204387,56,0.3597180350475687,Sargento Fahur,PSD,PR,0,1,1,0,0,0,0,0
204399,56,0.3597180350475687,Schiavinato,PP,PR,0,1,1,0,0,0,0,0
178921,56,0.3597180350475687,Sebastião Oliveira,PR,PE,0,1,1,0,0,0,0,0
178921,56,0.3597180350475687,Sebastião Oliveira,PL,PE,0,1,1,0,0,0,0,0
178921,56,0.3597180350475687,Sebastião Oliveira,AVANTE,PE,0,1,1,0,0,0,0,0
73808,56,1.824268394475227,Sérgio Brito,PSD,BA,0,1,0,1,1,0,0,0
178933,56,0.3597180350475687,Sergio Souza,MDB,PR,0,1,1,0,0,0,0,0
204438,56,0.3597180350475687,Sergio Toledo,PR,AL,0,1,1,0,0,0,0,0
204438,56,0.3597180350475687,Sergio Toledo,PL,AL,0,1,1,0,0,0,0,0
204438,56,0.3597180350475687,Sergio Toledo,PV,AL,0,1,1,0,0,0,0,0
178874,56,1.824268394475227,Sergio Vidigal,PDT,ES,0,1,0,1,1,0,0,0
167614,56,0.3597180350475687,Severino Ninho,PSB,PE,0,1,1,0,0,0,0,0
204437,56,1.824268394475227,Severino Pessoa,PRB,AL,0,1,0,1,1,0,0,0
204437,56,1.824268394475227,Severino Pessoa,REPUBLICANOS,AL,0,1,0,1,1,0,0,0
204437,56,1.824268394475227,Severino Pessoa,MDB,AL,0,1,0,1,1,0,0,0
178961,56,2.2353906463670343,Shéridan,PSDB,RR,1,0,1,0,0,0,0,0
204557,56,1.824268394475227,Sidney Leite,PSD,AM,0,1,0,1,1,0,0,0
74356,56,1.824268394475227,Silas Câmara,PRB,AM,0,1,0,1,1,0,0,0
74356,56,1.824268394475227,Silas Câmara,REPUBLICANOS,AM,0,1,0,1,1,0,0,0
204360,56,3.713232240354129,Silvia Cristina,PDT,RO,1,0,0,1,0,1,0,0
204360,56,3.713232240354129,Silvia Cristina,PL,RO,1,0,0,1,0,1,0,0
204425,56,0.3597180350475687,Silvio Costa Filho,PRB,PE,0,1,1,0,0,0,0,0
204425,56,0.3597180350475687,Silvio Costa Filho,REPUBLICANOS,PE,0,1,1,0,0,0,0,0
168175,56,0.3597180350475687,Simplício Araújo,SOLIDARIEDADE,MA,0,1,1,0,0,0,0,0
178946,56,2.2353906463670343,Soraya Santos,PR,RJ,1,0,1,0,0,0,0,0
178946,56,2.2353906463670343,Soraya Santos,PL,RJ,1,0,1,0,0,0,0,0
178947,56,0.3597180350475687,Sóstenes Cavalcante,DEM,RJ,0,1,1,0,0,0,0,0
178947,56,0.3597180350475687,Sóstenes Cavalcante,UNIÃO,RJ,0,1,1,0,0,0,0,0
178947,56,0.3597180350475687,Sóstenes Cavalcante,PL,RJ,0,1,1,0,0,0,0,0
92776,56,0.3597180350475687,Stefano Aguiar,PSD,MG,0,1,1,0,0,0,0,0
177282,56,0.3597180350475687,Subtenente Gonzaga,PDT,MG,0,1,1,0,0,0,0,0
177282,56,0.3597180350475687,Subtenente Gonzaga,PSD,MG,0,1,1,0,0,0,0,0
204534,56,2.2353906463670343,Tabata Amaral,PDT,SP,1,0,1,0,0,0,0,0
204534,56,2.2353906463670343,Tabata Amaral,PSB,SP,1,0,1,0,0,0,0,0
178922,56,0.3597180350475687,Tadeu Alencar,PSB,PE,0,1,1,0,0,0,0,0
74806,56,0.3597180350475687,Tadeu Filippelli,MDB,DF,0,1,1,0,0,0,0,0
204464,56,3.713232240354129,Talíria Petrone,PSOL,RJ,1,0,0,1,0,1,0,0
206231,56,0.3597180350475687,Ted Conti,PSB,ES,0,1,1,0,0,0,0,0
178901,56,2.2353906463670343,Tereza Cristina,DEM,MS,1,0,1,0,0,0,0,0
178901,56,2.2353906463670343,Tereza Cristina,UNIÃO,MS,1,0,1,0,0,0,0,0
178901,56,2.2353906463670343,Tereza Cristina,PP,MS,1,0,1,0,0,0,0,0
204466,56,2.2353906463670343,Tereza Nelma,PSDB,AL,1,0,1,0,0,0,0,0
204466,56,2.2353906463670343,Tereza Nelma,PSD,AL,1,0,1,0,0,0,0,0
180018,56,0.3597180350475687,Thiago Cartaxo,PODE,RN,0,1,1,0,0,0,0,0
178862,56,3.713232240354129,Tia Eron,PRB,BA,1,0,0,1,0,1,0,0
178862,56,3.713232240354129,Tia Eron,REPUBLICANOS,BA,1,0,0,1,0,1,0,0
219568,56,1.824268394475227,Tiago Andrino,PSB,TO,0,1,0,1,1,0,0,0
143084,56,0.3597180350475687,Tiago Dimas,SOLIDARIEDADE,TO,0,1,1,0,0,0,0,0
143084,56,0.3597180350475687,Tiago Dimas,PODE,TO,0,1,1,0,0,0,0,0
204519,56,0.3597180350475687,Tiago Mitraud,NOVO,MG,0,1,1,0,0,0,0,0
160976,56,1.824268394475227,Tiririca,PR,SP,0,1,0,1,1,0,0,0
160976,56,1.824268394475227,Tiririca,PL,SP,0,1,0,1,1,0,0,0
197438,56,1.824268394475227,Tito,AVANTE,BA,0,1,0,1,1,0,0,0
178934,56,0.3597180350475687,Toninho Wandscheer,PROS,PR,0,1,1,0,0,0,0,0
178934,56,0.3597180350475687,Toninho Wandscheer,PP,PR,0,1,1,0,0,0,0,0
216545,56,0.3597180350475687,Totonho Lopes,PDT,CE,0,1,1,0,0,0,0,0
157130,56,0.3597180350475687,Túlio Gadêlha,PDT,PE,0,1,1,0,0,0,0,0
157130,56,0.3597180350475687,Túlio Gadêlha,REDE,PE,0,1,1,0,0,0,0,0
178863,56,0.3597180350475687,Uldurico Junior,PPL,BA,0,1,1,0,0,0,0,0
178863,56,0.3597180350475687,Uldurico Junior,PROS,BA,0,1,1,0,0,0,0,0
178863,56,0.3597180350475687,Uldurico Junior,MDB,BA,0,1,1,0,0,0,0,0
195866,56,1.824268394475227,Vaidon Oliveira,PROS,CE,0,1,0,1,1,0,0,0
195866,56,1.824268394475227,Vaidon Oliveira,UNIÃO,CE,0,1,0,1,1,0,0,0
204385,56,1.824268394475227,Valdevan Noventa,PSC,SE,0,1,0,1,1,0,0,0
204385,56,1.824268394475227,Valdevan Noventa,PL,SE,0,1,0,1,1,0,0,0
160610,56,1.8375596290346632,Valmir Assunção,PT,BA,0,1,0,1,0,1,0,0
141552,56,0.3597180350475687,Valtenir Pereira,MDB,MT,0,1,1,0,0,0,0,0
74376,56,0.3597180350475687,Vander Loubet,PT,MS,0,1,1,0,0,0,0,0
141553,56,0.3597180350475687,Vanderlei Macris,PSDB,SP,0,1,1,0,0,0,0,0
204505,56,0.3597180350475687,VAVÁ MARTINS,PRB,PA,0,1,1,0,0,0,0,0
204505,56,0.3597180350475687,VAVÁ MARTINS,REPUBLICANOS,PA,0,1,1,0,0,0,0,0
204505,56,0.3597180350475687,WAGNER BACH MARTINS,PRB,PA,0,1,1,0,0,0,0,0
204505,56,0.3597180350475687,WAGNER BACH MARTINS,REPUBLICANOS,PA,0,1,1,0,0,0,0,0
204396,56,0.3597180350475687,VERMELHO,PSD,PR,0,1,1,0,0,0,0,0
204396,56,0.3597180350475687,VERMELHO,PL,PR,0,1,1,0,0,0,0,0
74283,56,1.8375596290346632,Vicentinho,PT,SP,0,1,0,1,0,1,0,0
137070,56,1.824268394475227,Vicentinho Júnior,PR,TO,0,1,0,1,1,0,0,0
137070,56,1.824268394475227,Vicentinho Júnior,PL,TO,0,1,0,1,1,0,0,0
137070,56,1.824268394475227,Vicentinho Júnior,PP,TO,0,1,0,1,1,0,0,0
178888,56,0.3597180350475687,Victor Mendes,MDB,MA,0,1,1,0,0,0,0,0
204483,56,0.3597180350475687,Vilson da Fetaemg,PSB,MG,0,1,1,0,0,0,0,0
141555,56,0.3597180350475687,Vinicius Carvalho,PRB,SP,0,1,1,0,0,0,0,0
141555,56,0.3597180350475687,Vinicius Carvalho,REPUBLICANOS,SP,0,1,1,0,0,0,0,0
204478,56,0.3597180350475687,Vinicius Farah,MDB,RJ,0,1,1,0,0,0,0,0
204478,56,0.3597180350475687,Vinicius Farah,UNIÃO,RJ,0,1,1,0,0,0,0,0
160591,56,0.3597180350475687,Vinicius Gurgel,PR,AP,0,1,1,0,0,0,0,0
160591,56,0.3597180350475687,Vinicius Gurgel,PL,AP,0,1,1,0,0,0,0,0
204532,56,0.3597180350475687,Vinicius Poit,NOVO,SP,0,1,1,0,0,0,0,0
178992,56,0.3597180350475687,Vitor Lippi,PSDB,SP,0,1,1,0,0,0,0,0
215044,56,3.713232240354129,Vivi Reis,PSOL,PA,1,0,0,1,0,1,0,0
160569,56,1.824268394475227,Waldenor Pereira,PT,BA,0,1,0,1,1,0,0,0
178952,56,0.3597180350475687,Walter Alves,MDB,RN,0,1,1,0,0,0,0,0
160518,56,0.3597180350475687,Weliton Prado,PROS,MG,0,1,1,0,0,0,0,0
74043,56,1.824268394475227,Wellington Roberto,PR,PB,0,1,0,1,1,0,0,0
74043,56,1.824268394475227,Wellington Roberto,PL,PB,0,1,0,1,1,0,0,0
74044,56,1.824268394475227,Wilson Santiago,PTB,PB,0,1,0,1,1,0,0,0
74044,56,1.824268394475227,Wilson Santiago,REPUBLICANOS,PB,0,1,0,1,1,0,0,0
204463,56,0.3597180350475687,Wladimir Garotinho,PRP,RJ,0,1,1,0,0,0,0,0
204463,56,0.3597180350475687,Wladimir Garotinho,PSD,RJ,0,1,1,0,0,0,0,0
182146,56,1.824268394475227,Wolmer Araújo,PV,MA,0,1,0,1,1,0,0,0
74439,56,0.3597180350475687,Wolney Queiroz,PDT,PE,0,1,1,0,0,0,0,0
191945,56,0.3597180350475687,Zé Augusto Nalin,DEM,RJ,0,1,1,0,0,0,0,0
191945,56,0.3597180350475687,Zé Augusto Nalin,UNIÃO,RJ,0,1,1,0,0,0,0,0
178889,56,1.824268394475227,Zé Carlos,PT,MA,0,1,0,1,1,0,0,0
204559,56,1.824268394475227,Zé Neto,PT,BA,0,1,0,1,1,0,0,0
160632,56,0.3597180350475687,Zé Silva,SOLIDARIEDADE,MG,0,1,1,0,0,0,0,0
204517,56,0.3597180350475687,Zé Vitor,PMN,MG,0,1,1,0,0,0,0,0
204517,56,0.3597180350475687,Zé Vitor,PR,MG,0,1,1,0,0,0,0,0
204517,56,0.3597180350475687,Zé Vitor,PL,MG,0,1,1,0,0,0,0,0
178923,56,0.3597180350475687,Zeca Cavalcanti,PTB,PE,0,1,1,0,0,0,0,0
160592,56,0.3597180350475687,Zeca Dirceu,PT,PR,0,1,1,0,0,0,0,0
220593,57,0.3742486525869151,Abilio Brunini,PL,MT,0,1,1,0,0,0,0,0
204379,57,0.3742486525869151,Acácio Favacho,MDB,AP,0,1,1,0,0,0,0,0
220714,57,1.707636402842922,Adail Filho,REPUBLICANOS,AM,0,1,0,1,1,0,0,0
221328,57,0.3742486525869151,Adilson Barroso,PL,SP,0,1,1,0,0,0,0,0
204560,57,0.3742486525869151,Adolfo Viana,PSDB,BA,0,1,1,0,0,0,0,0
204528,57,1.82821621877142,Adriana Ventura,NOVO,SP,1,0,1,0,0,0,0,0
121948,57,0.3742486525869151,Adriano do Baldy,PP,GO,0,1,1,0,0,0,0,0
74646,57,0.3742486525869151,Aécio Neves,PSDB,MG,0,1,1,0,0,0,0,0
160508,57,1.707636402842922,Afonso Florence,PT,BA,0,1,0,1,1,0,0,0
136811,57,0.3742486525869151,Afonso Hamm,PP,RS,0,1,1,0,0,0,0,0
178835,57,0.3742486525869151,Afonso Motta,PDT,RS,0,1,1,0,0,0,0,0
160527,57,0.3742486525869151,Aguinaldo Ribeiro,PP,PB,0,1,1,0,0,0,0,0
204495,57,0.3742486525869151,Airton Faleiro,PT,PA,0,1,1,0,0,0,0,0
204549,57,0.3742486525869151,AJ Albuquerque,PP,CE,0,1,1,0,0,0,0,0
73579,57,0.3742486525869151,Alberto Fraga,PL,DF,0,1,1,0,0,0,0,0
74696,57,0.3742486525869151,Alberto Mourão,MDB,SP,0,1,1,0,0,0,0,0
220538,57,0.3742486525869151,Albuquerque,REPUBLICANOS,RR,0,1,1,0,0,0,0,0
160559,57,0.3742486525869151,Alceu Moreira,MDB,RS,0,1,1,0,0,0,0,0
204501,57,0.3742486525869151,Alencar Santana,PT,SP,0,1,1,0,0,0,0,0
178972,57,0.3742486525869151,Alex Manente,CIDADANIA,SP,0,1,1,0,0,0,0,0
204571,57,0.3742486525869151,Alex Santana,REPUBLICANOS,BA,0,1,1,0,0,0,0,0
220542,57,0.3742486525869151,Alexandre Guimarães,REPUBLICANOS,TO,0,1,1,0,0,0,0,0
220542,57,0.3742486525869151,Alexandre Guimarães,MDB,TO,0,1,1,0,0,0,0,0
160545,57,0.3742486525869151,Alexandre Leite,UNIÃO,SP,0,1,1,0,0,0,0,0
220554,57,0.3742486525869151,Alexandre Lindenmeyer,PT,RS,0,1,1,0,0,0,0,0
204503,57,0.3742486525869151,Alexandre Padilha,PT,SP,0,1,1,0,0,0,0,0
221148,57,1.5845629474178018,Alfredinho,PT,SP,0,1,0,1,0,1,0,0
220576,57,0.3742486525869151,Alfredo Gaspar,UNIÃO,AL,0,1,1,0,0,0,0,0
74057,57,1.82821621877142,Alice Portugal,PCdoB,BA,1,0,1,0,0,0,0,0
178927,57,0.3742486525869151,Aliel Machado,PV,PR,0,1,1,0,0,0,0,0
226708,57,1.5845629474178018,Allan Garcês,PP,MA,0,1,0,1,0,1,0,0
226708,57,1.5845629474178018,Dr. Allan Garcês,PP,MA,0,1,0,1,0,1,0,0
178937,57,1.707636402842922,Altineu Côrtes,PL,RJ,0,1,0,1,1,0,0,0
178881,57,0.3742486525869151,Aluisio Mendes,PSC,MA,0,1,1,0,0,0,0,0
178881,57,0.3742486525869151,Aluisio Mendes,REPUBLICANOS,MA,0,1,1,0,0,0,0,0
220596,57,1.82821621877142,Amália Barros,PL,MT,1,0,1,0,0,0,0,0
220707,57,3.1616039690274267,Amanda Gentil,PP,MA,1,0,0,1,1,0,0,0
204356,57,0.3742486525869151,Amaro Neto,REPUBLICANOS,ES,0,1,1,0,0,0,0,0
220715,57,1.707636402842922,Amom Mandel,CIDADANIA,AM,0,1,0,1,1,0,0,0
107970,57,1.82821621877142,Ana Paula Leão,PP,MG,1,0,1,0,0,0,0,0
220556,57,1.82821621877142,Ana Paula Lima,PT,SC,1,0,1,0,0,0,0,0
220632,57,1.82821621877142,Ana Pimentel,PT,MG,1,0,1,0,0,0,0,0
220657,57,1.707636402842922,André Fernandes,PL,CE,0,1,0,1,1,0,0,0
204423,57,0.3742486525869151,André Ferreira,PL,PE,0,1,1,0,0,0,0,0
133439,57,0.3742486525869151,André Figueiredo,PDT,CE,0,1,1,0,0,0,0,0
178882,57,1.707636402842922,André Fufuca,PP,MA,0,1,0,1,1,0,0,0
204515,57,0.3742486525869151,André Janones,AVANTE,MG,0,1,1,0,0,0,0,0
220676,57,3.1616039690274267,Andreia Siqueira,MDB,PA,1,0,0,1,1,0,0,0
123756,57,1.82821621877142,Antônia Lúcia,REPUBLICANOS,AC,1,0,1,0,0,0,0,0
220544,57,1.707636402842922,Antonio Andrade,REPUBLICANOS,TO,0,1,0,1,1,0,0,0
160553,57,1.5845629474178018,Antonio Brito,PSD,BA,0,1,0,1,0,1,0,0
220638,57,0.3742486525869151,Antonio Carlos Rodrigues,PL,SP,0,1,1,0,0,0,0,0
220675,57,0.3742486525869151,Antônio Doido,MDB,PA,0,1,1,0,0,0,0,0
220549,57,1.82821621877142,Any Ortiz,CIDADANIA,RS,1,0,1,0,0,0,0,0
73433,57,0.3742486525869151,Arlindo Chinaglia,PT,SP,0,1,1,0,0,0,0,0
141391,57,0.3742486525869151,Arnaldo Jardim,CIDADANIA,SP,0,1,1,0,0,0,0,0
160541,57,1.707636402842922,Arthur Lira,PP,AL,0,1,0,1,1,0,0,0
160600,57,0.3742486525869151,Arthur Oliveira Maia,UNIÃO,BA,0,1,1,0,0,0,0,0
74090,57,0.3742486525869151,Átila Lins,PSD,AM,0,1,1,0,0,0,0,0
123086,57,0.3742486525869151,Átila Lira,PP,PI,0,1,1,0,0,0,0,0
160665,57,0.3742486525869151,Augusto Coutinho,REPUBLICANOS,PE,0,1,1,0,0,0,0,0
220577,57,0.3742486525869151,Augusto Pupio,MDB,AP,0,1,1,0,0,0,0,0
220577,57,0.3742486525869151,Augusto Puppio,MDB,AP,0,1,1,0,0,0,0,0
160512,57,0.3742486525869151,Aureo Ribeiro,SOLIDARIEDADE,RJ,0,1,1,0,0,0,0,0
69871,57,0.3742486525869151,Bacelar,PV,BA,0,1,1,0,0,0,0,0
178975,57,0.3742486525869151,Baleia Rossi,MDB,SP,0,1,1,0,0,0,0,0
220605,57,0.3742486525869151,Bandeira de Mello,PSB,RJ,0,1,1,0,0,0,0,0
220612,57,0.3742486525869151,Bebeto,PTB,RJ,0,1,1,0,0,0,0,0
220612,57,0.3742486525869151,Bebeto,PP,RJ,0,1,1,0,0,0,0,0
73701,57,3.038530513602306,Benedita da Silva,PT,RJ,1,0,0,1,0,1,0,0
109429,57,0.3742486525869151,Benes Leocádio,UNIÃO,RN,0,1,1,0,0,0,0,0
204358,57,1.707636402842922,Beto Pereira,PSDB,MS,0,1,0,1,1,0,0,0
220698,57,0.3742486525869151,Beto Preto,PSD,PR,0,1,1,0,0,0,0,0
220683,57,0.3742486525869151,Beto Richa,PSDB,PR,0,1,1,0,0,0,0,0
204374,57,1.82821621877142,Bia Kicis,PL,DF,1,0,1,0,0,0,0,0
204388,57,0.3742486525869151,Bibo Nunes,PL,RS,0,1,1,0,0,0,0,0
160538,57,0.3742486525869151,Bohn Gass,PT,RS,0,1,1,0,0,0,0,0
74052,57,1.707636402842922,Bosco Costa,PL,SE,0,1,0,1,1,0,0,0
210989,57,0.3742486525869151,Bruno Farias,AVANTE,MG,0,1,1,0,0,0,0,0
220635,57,0.3742486525869151,Bruno Ganem,PODE,SP,0,1,1,0,0,0,0,0
220574,57,1.707636402842922,Cabo Gilberto Silva,PL,PB,0,1,0,1,1,0,0,0
143942,57,0.3742486525869151,Caio Vianna,PSD,RJ,0,1,1,0,0,0,0,0
220548,57,1.82821621877142,Camila Jara,PT,MS,1,0,1,0,0,0,0,0
204572,57,0.3742486525869151,Capitão Alberto Neto,PL,AM,0,1,1,0,0,0,0,0
220690,57,1.707636402842922,Capitão Alden,PL,BA,0,1,0,1,1,0,0,0
178829,57,0.3742486525869151,Capitão Augusto,PL,SP,0,1,1,0,0,0,0,0
229069,57,1.707636402842922,Capitão Samuel,PP,SE,0,1,0,1,1,0,0,0
229106,57,1.82821621877142,Carla Ayres,PT,SC,1,0,1,0,0,0,0,0
204507,57,1.82821621877142,Carla Zambelli,PL,SP,1,0,1,0,0,0,0,0
204361,57,0.3742486525869151,Carlos Chiodini,MDB,SC,0,1,1,0,0,0,0,0
178962,57,0.3742486525869151,Carlos Gomes,REPUBLICANOS,RS,0,1,1,0,0,0,0,0
178993,57,1.707636402842922,Carlos Henrique Gaguim,UNIÃO,TO,0,1,0,1,1,0,0,0
204460,57,0.3742486525869151,Carlos Jordy,PL,RJ,0,1,1,0,0,0,0,0
74262,57,0.3742486525869151,Carlos Sampaio,PSDB,SP,0,1,1,0,0,0,0,0
74262,57,0.3742486525869151,Carlos Sampaio,PSD,SP,0,1,1,0,0,0,0,0
204426,57,0.3742486525869151,Carlos Veras,PT,PE,0,1,1,0,0,0,0,0
141398,57,0.3742486525869151,Carlos Zarattini,PT,SP,0,1,1,0,0,0,0,0
164360,57,1.82821621877142,Carmen Zanotto,CIDADANIA,SC,1,0,1,0,0,0,0,0
220704,57,3.038530513602306,Carol Dartora,PT,PR,1,0,0,1,0,1,0,0
204369,57,1.82821621877142,Caroline de Toni,PL,SC,1,0,1,0,0,0,0,0
220699,57,0.3742486525869151,Castro Neto,PSD,PI,0,1,1,0,0,0,0,0
206018,57,2.5876291096457016,Célia Xakriabá,PSOL,MG,1,0,0,1,0,0,0,1
178876,57,0.3742486525869151,Célio Silveira,MDB,GO,0,1,1,0,0,0,0,0
204488,57,0.3742486525869151,Célio Studart,PSD,CE,0,1,1,0,0,0,0,0
73441,57,0.3742486525869151,Celso Russomanno,REPUBLICANOS,SP,0,1,1,0,0,0,0,0
204496,57,0.3742486525869151,Celso Sabino,UNIÃO,PA,0,1,1,0,0,0,0,0
204504,57,0.3742486525869151,Cezinha de Madureira,PSD,SP,0,1,1,0,0,0,0,0
205476,57,1.707636402842922,Charles Fernandes,PSD,BA,0,1,0,1,1,0,0,0
74171,57,0.3742486525869151,Chico Alencar,PSOL,RJ,0,1,1,0,0,0,0,0
204476,57,0.3742486525869151,Chiquinho Brazão,UNIÃO,RJ,0,1,1,0,0,0,0,0
204476,57,0.3742486525869151,Chiquinho Brazão,S.PART.,RJ,0,1,1,0,0,0,0,0
204462,57,3.1616039690274267,Chris Tonietto,PL,RJ,1,0,0,1,1,0,0,0
220665,57,1.82821621877142,Clarissa Tércio,PP,PE,1,0,1,0,0,0,0,0
74537,57,0.3742486525869151,Claudio Cajado,PP,BA,0,1,1,0,0,0,0,0
141408,57,0.3742486525869151,Cleber Verde,REPUBLICANOS,MA,0,1,1,0,0,0,0,0
141408,57,0.3742486525869151,Cleber Verde,MDB,MA,0,1,1,0,0,0,0,0
88256,57,0.3742486525869151,Clodoaldo Magalhães,PV,PE,0,1,1,0,0,0,0,0
98148,57,0.3742486525869151,Cobalchini,MDB,SC,0,1,1,0,0,0,0,0
220594,57,1.707636402842922,Coronel Assis,UNIÃO,MT,0,1,0,1,1,0,0,0
204378,57,1.707636402842922,Coronel Chrisóstomo,PL,RO,0,1,0,1,1,0,0,0
220595,57,1.82821621877142,Coronel Fernanda,PL,MT,1,0,1,0,0,0,0,0
220666,57,0.3742486525869151,Coronel Meira,PL,PE,0,1,1,0,0,0,0,0
222142,57,0.3742486525869151,Coronel Telhada,PP,SP,0,1,1,0,0,0,0,0
220590,57,1.707636402842922,Coronel Ulysses,UNIÃO,AC,0,1,0,1,1,0,0,0
178963,57,0.3742486525869151,Covatti Filho,PP,RS,0,1,1,0,0,0,0,0
220608,57,3.1616039690274267,Cristiane Lopes,UNIÃO,RO,1,0,0,1,1,0,0,0
204355,57,0.3742486525869151,Da Vitoria,PP,ES,0,1,1,0,0,0,0,0
141411,57,0.3742486525869151,Dagoberto Nogueira,PSDB,MS,0,1,1,0,0,0,0,0
220555,57,3.038530513602306,Daiana Santos,PCdoB,RS,1,0,0,1,0,1,0,0
220692,57,1.707636402842922,Dal Barreto,UNIÃO,BA,0,1,0,1,1,0,0,0
74467,57,1.5845629474178018,Damião Feliciano,UNIÃO,PB,0,1,0,1,0,1,0,0
220629,57,3.038530513602306,Dandara,PT,MG,1,0,0,1,0,1,0,0
220603,57,1.82821621877142,Dani Cunha,UNIÃO,RJ,1,0,1,0,0,0,0,0
220571,57,0.3742486525869151,Daniel Agrobom,PL,GO,0,1,1,0,0,0,0,0
74060,57,1.707636402842922,Daniel Almeida,PCdoB,BA,0,1,0,1,1,0,0,0
220582,57,0.3742486525869151,Daniel Barbosa,PP,AL,0,1,1,0,0,0,0,0
204367,57,0.3742486525869151,Daniel Freitas,PL,SC,0,1,1,0,0,0,0,0
228941,57,0.3742486525869151,Daniel José,PODE,SP,0,1,1,0,0,0,0,0
220614,57,0.3742486525869151,Daniel Soranz,PSD,RJ,0,1,1,0,0,0,0,0
220614,57,0.3742486525869151,Dr. Daniel Soranz,PSD,RJ,0,1,1,0,0,0,0,0
204409,57,0.3742486525869151,Daniel Trzeciak,PSDB,RS,0,1,1,0,0,0,0,0
204459,57,1.82821621877142,Daniela do Waguinho,UNIÃO,RJ,1,0,1,0,0,0,0,0
220557,57,1.82821621877142,Daniela Reinehr,PL,SC,1,0,1,0,0,0,0,0
62881,57,0.3742486525869151,Danilo Forte,UNIÃO,CE,0,1,1,0,0,0,0,0
160552,57,0.3742486525869151,Danrlei de Deus Hinterholz,PSD,RS,0,1,1,0,0,0,0,0
116379,57,0.3742486525869151,Darci de Matos,PSD,SC,0,1,1,0,0,0,0,0
204511,57,0.3742486525869151,David Soares,UNIÃO,SP,0,1,1,0,0,0,0,0
220659,57,3.038530513602306,Dayany Bittencourt,UNIÃO,CE,1,0,0,1,0,1,0,0
220659,57,3.038530513602306,Dayany do Capitão,UNIÃO,CE,1,0,0,1,0,1,0,0
220539,57,1.707636402842922,Defensor Stélio Dener,REPUBLICANOS,RR,0,1,0,1,1,0,0,0
220565,57,1.82821621877142,Delegada Adriana Accorsi,PT,GO,1,0,1,0,0,0,0,0
220625,57,1.82821621877142,Delegada Ione,AVANTE,MG,1,0,1,0,0,0,0,0
220561,57,1.82821621877142,Delegada Katarina,PSD,SE,1,0,1,0,0,0,0,0
220642,57,0.3742486525869151,Delegado Bruno Lima,PP,SP,0,1,1,0,0,0,0,0
220673,57,0.3742486525869151,Delegado Caveira,PL,PA,0,1,1,0,0,0,0,0
220649,57,1.5845629474178018,Delegado da Cunha,PP,SP,0,1,0,1,0,1,0,0
178908,57,1.707636402842922,Delegado Éder Mauro,PL,PA,0,1,0,1,1,0,0,0
220583,57,1.707636402842922,Delegado Fabio Costa,PP,AL,0,1,0,1,1,0,0,0
204512,57,0.3742486525869151,Delegado Marcelo Freitas,UNIÃO,MG,0,1,1,0,0,0,0,0
220701,57,0.3742486525869151,Delegado Matheus Laiola,UNIÃO,PR,0,1,1,0,0,0,0,0
220652,57,0.3742486525869151,Delegado Palumbo,MDB,SP,0,1,1,0,0,0,0,0
220654,57,0.3742486525869151,Delegado Paulo Bilynskyj,PL,SP,0,1,1,0,0,0,0,0
220619,57,0.3742486525869151,Delegado Ramagem,PL,RJ,0,1,1,0,0,0,0,0
228272,57,0.3742486525869151,Délio Pinheiro,PDT,MG,0,1,1,0,0,0,0,0
220705,57,0.3742486525869151,Deltan Dallagnol,PODE,PR,0,1,1,0,0,0,0,0
220553,57,3.038530513602306,Denise Pessôa,PT,RS,1,0,0,1,0,1,0,0
220689,57,1.82821621877142,Detinha,PL,MA,1,0,1,0,0,0,0,0
160588,57,0.3742486525869151,Diego Andrade,PSD,MG,0,1,1,0,0,0,0,0
220691,57,0.3742486525869151,Diego Coronel,PSD,BA,0,1,1,0,0,0,0,0
178929,57,0.3742486525869151,Diego Garcia,REPUBLICANOS,PR,0,1,1,0,0,0,0,0
73768,57,0.3742486525869151,Dilceu Sperafico,PP,PR,0,1,1,0,0,0,0,0
220671,57,3.1616039690274267,Dilvanda Faro,PT,PA,1,0,0,1,1,0,0,0
160599,57,0.3742486525869151,Dimas Fabiano,PP,MG,0,1,1,0,0,0,0,0
220602,57,0.3742486525869151,Dimas Gadelha,PT,RJ,0,1,1,0,0,0,0,0
143632,57,0.3742486525869151,Domingos Neto,PSD,CE,0,1,1,0,0,0,0,0
160758,57,0.3742486525869151,Domingos Sávio,PL,MG,0,1,1,0,0,0,0,0
220573,57,1.707636402842922,Dorinaldo Malafaia,PDT,AP,0,1,0,1,1,0,0,0
227433,57,1.707636402842922,Douglas Viegas,UNIÃO,SP,0,1,0,1,1,0,0,0
204450,57,0.3742486525869151,Doutor Luizinho,PP,RJ,0,1,1,0,0,0,0,0
221339,57,0.3742486525869151,Dr Benjamim,UNIÃO,MA,0,1,1,0,0,0,0,0
221339,57,0.3742486525869151,Dr. Benjamim,UNIÃO,MA,0,1,1,0,0,0,0,0
227401,57,0.3742486525869151,Dr Fabio Rueda,UNIÃO,AC,0,1,1,0,0,0,0,0
227991,57,1.707636402842922,Dr Flávio,PL,RJ,0,1,0,1,1,0,0,0
220610,57,0.3742486525869151,Dr. Fernando Máximo,UNIÃO,RO,0,1,1,0,0,0,0,0
220688,57,1.5845629474178018,Dr. Francisco,PT,PI,0,1,0,1,0,1,0,0
204518,57,0.3742486525869151,Dr. Frederico,PATRIOTA,MG,0,1,1,0,0,0,0,0
204518,57,0.3742486525869151,Dr. Frederico,PRD,MG,0,1,1,0,0,0,0,0
212625,57,0.3742486525869151,Dr. Gonçalo,PODE,MA,0,1,1,0,0,0,0,0
204481,57,0.3742486525869151,Dr. Jaziel,PL,CE,0,1,1,0,0,0,0,0
204351,57,0.3742486525869151,Dr. Luiz Ovando,PP,MS,0,1,1,0,0,0,0,0
228616,57,0.3742486525869151,Dr. Remy Soares,PP,MA,0,1,1,0,0,0,0,0
220528,57,0.3742486525869151,Dr. Victor Linhalis,PODE,ES,0,1,1,0,0,0,0,0
204412,57,0.3742486525869151,Dr. Zacharias Calil,UNIÃO,GO,0,1,1,0,0,0,0,0
220674,57,1.82821621877142,Dra. Alessandra Haber,MDB,PA,1,0,1,0,0,0,0,0
220686,57,1.707636402842922,Duarte,PSB,MA,0,1,0,1,1,0,0,0
220686,57,1.707636402842922,Duarte Jr.,PSB,MA,0,1,0,1,1,0,0,0
227800,57,0.3742486525869151,Duarte Gonçalves Jr,PSC,MG,0,1,1,0,0,0,0,0
227800,57,0.3742486525869151,Duarte Gonçalves Jr,PODE,MG,0,1,1,0,0,0,0,0
227800,57,0.3742486525869151,Duarte Gonçalves Jr,REPUBLICANOS,MG,0,1,1,0,0,0,0,0
220540,57,0.3742486525869151,Duda Ramos,MDB,RR,0,1,1,0,0,0,0,0
220623,57,1.82821621877142,Duda Salabert,PDT,MG,1,0,1,0,0,0,0,0
204541,57,0.3742486525869151,Eduardo Bismarck,PDT,CE,0,1,1,0,0,0,0,0
92346,57,0.3742486525869151,Eduardo Bolsonaro,PL,SP,0,1,1,0,0,0,0,0
141421,57,0.3742486525869151,Eduardo da Fonte,PP,PE,0,1,1,0,0,0,0,0
220589,57,0.3742486525869151,Eduardo Velloso,UNIÃO,AC,0,1,1,0,0,0,0,0
74075,57,1.82821621877142,Elcione Barbalho,MDB,PA,1,0,1,0,0,0,0,0
204364,57,1.707636402842922,Eli Borges,PL,TO,0,1,0,1,1,0,0,0
226553,57,3.1616039690274267,Eliane Braz,PSD,CE,1,0,0,1,1,0,0,0
229585,57,3.1616039690274267,Elisangela Araujo,PT,BA,1,0,0,1,1,0,0,0
220008,57,1.82821621877142,Eliza Virgínia,PP,PB,1,0,1,0,0,0,0,0
178854,57,0.3742486525869151,Elmar Nascimento,UNIÃO,BA,0,1,1,0,0,0,0,0
218086,57,3.1616039690274267,Ely Santos,REPUBLICANOS,SP,1,0,0,1,1,0,0,0
198783,57,0.3742486525869151,Emanuel Pinheiro Neto,MDB,MT,0,1,1,0,0,0,0,0
161550,57,0.3742486525869151,Emidinho Madeira,PL,MG,0,1,1,0,0,0,0,0
225730,57,1.82821621877142,Enfermeira Ana Paula,PDT,CE,1,0,1,0,0,0,0,0
132504,57,0.3742486525869151,Enio Verri,PT,PR,0,1,1,0,0,0,0,0
220663,57,0.3742486525869151,Eriberto Medeiros,PSB,PE,0,1,1,0,0,0,0,0
220645,57,3.038530513602306,Erika Hilton,PSOL,SP,1,0,0,1,0,1,0,0
160575,57,1.82821621877142,Erika Kokay,PT,DF,1,0,1,0,0,0,0,0
160640,57,0.3742486525869151,Eros Biondini,PL,MG,0,1,1,0,0,0,0,0
204482,57,0.3742486525869151,Euclydes Pettersen,PSC,MG,0,1,1,0,0,0,0,0
204482,57,0.3742486525869151,Euclydes Pettersen,REPUBLICANOS,MG,0,1,1,0,0,0,0,0
74454,57,1.707636402842922,Eunício Oliveira,MDB,CE,0,1,0,1,1,0,0,0
178871,57,0.3742486525869151,Evair Vieira de Melo,PP,ES,0,1,1,0,0,0,0,0
178905,57,0.3742486525869151,Fabio Garcia,UNIÃO,MT,0,1,1,0,0,0,0,0
68720,57,0.3742486525869151,Fábio Henrique,UNIÃO,SE,0,1,1,0,0,0,0,0
220681,57,0.3742486525869151,Fábio Macedo,PODE,MA,0,1,1,0,0,0,0,0
171623,57,0.3742486525869151,Fabio Reis,PSD,SE,0,1,1,0,0,0,0,0
204368,57,0.3742486525869151,Fabio Schiochet,UNIÃO,SC,0,1,1,0,0,0,0,0
220653,57,0.3742486525869151,Fábio Teruel,MDB,SP,0,1,1,0,0,0,0,0
66828,57,0.3742486525869151,Fausto Pinato,PP,SP,0,1,1,0,0,0,0,0
220712,57,0.3742486525869151,Fausto Santos Jr.,UNIÃO,AM,0,1,1,0,0,0,0,0
220646,57,0.3742486525869151,Felipe Becari,UNIÃO,SP,0,1,1,0,0,0,0,0
72442,57,0.3742486525869151,Felipe Carreras,PSB,PE,0,1,1,0,0,0,0,0
204398,57,0.3742486525869151,Felipe Francischini,UNIÃO,PR,0,1,1,0,0,0,0,0
227370,57,0.3742486525869151,Felipe Saliba,PATRIOTA,MG,0,1,1,0,0,0,0,0
227370,57,0.3742486525869151,Felipe Saliba,PRD,MG,0,1,1,0,0,0,0,0
160666,57,0.3742486525869151,Félix Mendonça Júnior,PDT,BA,0,1,1,0,0,0,0,0
204407,57,1.82821621877142,Fernanda Melchionna,PSOL,RS,1,0,1,0,0,0,0,0
220656,57,1.82821621877142,Fernanda Pessoa,UNIÃO,CE,1,0,1,0,0,0,0,0
141431,57,0.3742486525869151,Fernando Coelho Filho,UNIÃO,PE,0,1,1,0,0,0,0,0
204445,57,1.707636402842922,Fernando Mineiro,PT,RN,0,1,0,1,1,0,0,0
92699,57,0.3742486525869151,Fernando Monteiro,PP,PE,0,1,1,0,0,0,0,0
204427,57,1.707636402842922,Fernando Rodolfo,PL,PE,0,1,0,1,1,0,0,0
204411,57,0.3742486525869151,Filipe Barros,PL,PR,0,1,1,0,0,0,0,0
220545,57,1.707636402842922,Filipe Martins,PL,TO,0,1,0,1,1,0,0,0
160598,57,1.82821621877142,Flávia Morais,PDT,GO,1,0,1,0,0,0,0,0
225727,57,1.82821621877142,Flavinha,MDB,MT,1,0,1,0,0,0,0,0
191923,57,1.707636402842922,Flávio Nogueira,PT,PI,0,1,0,1,1,0,0,0
220700,57,0.3742486525869151,Florentino Neto,PT,PI,0,1,1,0,0,0,0,0
220551,57,1.82821621877142,Franciane Bayer,REPUBLICANOS,RS,1,0,1,0,0,0,0,0
204494,57,0.3742486525869151,Fred Costa,PATRIOTA,MG,0,1,1,0,0,0,0,0
204494,57,0.3742486525869151,Fred Costa,PRD,MG,0,1,1,0,0,0,0,0
220534,57,1.707636402842922,Fred Linhares,REPUBLICANOS,DF,0,1,0,1,1,0,0,0
224117,57,0.3742486525869151,Gabriel Mota,REPUBLICANOS,RR,0,1,1,0,0,0,0,0
220708,57,0.3742486525869151,Gabriel Nunes,PSD,BA,0,1,1,0,0,0,0,0
204473,57,0.3742486525869151,General Girão,PL,RN,0,1,1,0,0,0,0,0
220611,57,0.3742486525869151,General Pazuello,PL,RJ,0,1,1,0,0,0,0,0
178966,57,1.82821621877142,Geovania de Sá,PSDB,SC,1,0,1,0,0,0,0,0
220702,57,0.3742486525869151,Geraldo Mendes,UNIÃO,PR,0,1,1,0,0,0,0,0
74374,57,0.3742486525869151,Geraldo Resende,PSDB,MS,0,1,1,0,0,0,0,0
220587,57,0.3742486525869151,Gerlen Diniz,PP,AC,0,1,1,0,0,0,0,0
204394,57,1.707636402842922,Gervásio Maia,PSB,PB,0,1,0,1,1,0,0,0
74383,57,0.3742486525869151,Giacobo,PL,PR,0,1,1,0,0,0,0,0
204491,57,0.3742486525869151,Gilberto Abramo,REPUBLICANOS,MG,0,1,1,0,0,0,0,0
74270,57,0.3742486525869151,Gilberto Nascimento,PSC,SP,0,1,1,0,0,0,0,0
74270,57,0.3742486525869151,Gilberto Nascimento,PSD,SP,0,1,1,0,0,0,0,0
220529,57,1.707636402842922,Gilson Daniel,PODE,ES,0,1,0,1,1,0,0,0
204365,57,0.3742486525869151,Gilson Marques,NOVO,SC,0,1,1,0,0,0,0,0
220526,57,0.3742486525869151,Gilvan da Federal,PL,ES,0,1,1,0,0,0,0,0
220531,57,1.707636402842922,Gilvan Maximo,REPUBLICANOS,DF,0,1,0,1,1,0,0,0
160673,57,0.3742486525869151,Giovani Cherini,PL,RS,0,1,1,0,0,0,0,0
226179,57,3.038530513602306,Gisela Simona,UNIÃO,MT,1,0,0,1,0,1,0,0
152605,57,0.3742486525869151,Glauber Braga,PSOL,RJ,0,1,1,0,0,0,0,0
229333,57,1.82821621877142,Gláucia Santiago,PL,MG,1,0,1,0,0,0,0,0
204419,57,0.3742486525869151,Glaustin da Fokus,PSC,GO,0,1,1,0,0,0,0,0
204419,57,0.3742486525869151,Glaustin da Fokus,PODE,GO,0,1,1,0,0,0,0,0
107283,57,1.82821621877142,Gleisi Hoffmann,PT,PR,1,0,1,0,0,0,0,0
198197,57,1.82821621877142,Greyce Elias,AVANTE,MG,1,0,1,0,0,0,0,0
220639,57,0.3742486525869151,Guilherme Boulos,PSOL,SP,0,1,1,0,0,0,0,0
204531,57,0.3742486525869151,Guilherme Derrite,PL,SP,0,1,1,0,0,0,0,0
220664,57,0.3742486525869151,Guilherme Uchoa,PSB,PE,0,1,1,0,0,0,0,0
220568,57,1.707636402842922,Gustavo Gayer,PL,GO,0,1,0,1,1,0,0,0
204408,57,0.3742486525869151,Gustinho Ribeiro,REPUBLICANOS,SE,0,1,1,0,0,0,0,0
204456,57,0.3742486525869151,Gutemberg Reis,MDB,RJ,0,1,1,0,0,0,0,0
178964,57,0.3742486525869151,Heitor Schuch,PSB,RS,0,1,1,0,0,0,0,0
178873,57,0.3742486525869151,Helder Salomão,PT,ES,0,1,1,0,0,0,0,0
220537,57,3.1616039690274267,Helena Lima,MDB,RR,1,0,0,1,1,0,0,0
178909,57,1.707636402842922,Hélio Leite,UNIÃO,PA,0,1,0,1,1,0,0,0
204444,57,1.5845629474178018,Helio Lopes,PL,RJ,0,1,0,1,0,1,0,0
220672,57,1.707636402842922,Henderson Pinto,MDB,PA,0,1,0,1,1,0,0,0
227324,57,1.707636402842922,Henrique Júnior,PL,MA,0,1,0,1,1,0,0,0
204539,57,1.707636402842922,Hercílio Coelho Diniz,MDB,MG,0,1,0,1,1,0,0,0
100689,57,0.3742486525869151,Hildo do Candango,REPUBLICANOS,GO,0,1,1,0,0,0,0,0
178884,57,0.3742486525869151,Hildo Rocha,MDB,MA,0,1,1,0,0,0,0,0
141450,57,0.3742486525869151,Hugo Leal,PSD,RJ,0,1,1,0,0,0,0,0
160674,57,0.3742486525869151,Hugo Motta,REPUBLICANOS,PB,0,1,1,0,0,0,0,0
220563,57,1.707636402842922,Icaro de Valmir,PL,SE,0,1,0,1,1,0,0,0
204533,57,0.3742486525869151,Idilvan Alencar,PDT,CE,0,1,1,0,0,0,0,0
204508,57,1.707636402842922,Igor Timo,PODE,MG,0,1,0,1,1,0,0,0
98615,57,0.3742486525869151,Ismael,PSD,SC,0,1,1,0,0,0,0,0
220570,57,0.3742486525869151,Ismael Alexandrino,PSD,GO,0,1,1,0,0,0,0,0
204436,57,0.3742486525869151,Isnaldo Bulhões Jr.,MDB,AL,0,1,1,0,0,0,0,0
73531,57,0.3742486525869151,Ivan Valente,PSOL,SP,0,1,1,0,0,0,0,0
220696,57,3.1616039690274267,Ivoneide Caetano,PT,BA,1,0,0,1,1,0,0,0
220670,57,1.82821621877142,Iza Arruda,MDB,PE,1,0,1,0,0,0,0,0
220527,57,3.038530513602306,Jack Rocha,PT,ES,1,0,0,1,0,1,0,0
220697,57,1.707636402842922,Jadyel Alencar,PV,PI,0,1,0,1,1,0,0,0
220697,57,1.707636402842922,Jadyel Alencar,REPUBLICANOS,PI,0,1,0,1,1,0,0,0
74848,57,1.82821621877142,Jandira Feghali,PCdoB,RJ,1,0,1,0,0,0,0,0
220567,57,1.707636402842922,Jeferson Rodrigues,REPUBLICANOS,GO,0,1,0,1,1,0,0,0
74273,57,0.3742486525869151,Jefferson Campos,PL,SP,0,1,1,0,0,0,0,0
160531,57,1.707636402842922,Jhonatan de Jesus,REPUBLICANOS,RR,0,1,0,1,1,0,0,0
141456,57,0.3742486525869151,Jilmar Tatto,PT,SP,0,1,1,0,0,0,0,0
141458,57,0.3742486525869151,João Carlos Bacelar,PL,BA,0,1,1,0,0,0,0,0
178970,57,0.3742486525869151,João Daniel,PT,SE,0,1,1,0,0,0,0,0
74550,57,0.3742486525869151,João Leão,PP,BA,0,1,1,0,0,0,0,0
141459,57,0.3742486525869151,João Maia,PL,RN,0,1,1,0,0,0,0,0
141459,57,0.3742486525869151,João Maia,PP,RN,0,1,1,0,0,0,0,0
178910,57,1.707636402842922,Joaquim Passarinho,PL,PA,0,1,0,1,1,0,0,0
160548,57,0.3742486525869151,Jonas Donizette,PSB,SP,0,1,1,0,0,0,0,0
217480,57,1.707636402842922,Jones Moura,PSD,RJ,0,1,0,1,1,0,0,0
205550,57,1.707636402842922,Jorge Braz,REPUBLICANOS,RJ,0,1,0,1,1,0,0,0
214694,57,0.3742486525869151,Jorge Goetten,PL,SC,0,1,1,0,0,0,0,0
214694,57,0.3742486525869151,Jorge Goetten,REPUBLICANOS,SC,0,1,1,0,0,0,0,0
178857,57,1.707636402842922,Jorge Solla,PT,BA,0,1,0,1,1,0,0,0
141464,57,1.5845629474178018,José Airton Félix Cirilo,PT,CE,0,1,0,1,0,1,0,0
141470,57,0.3742486525869151,José Guimarães,PT,CE,0,1,1,0,0,0,0,0
204472,57,0.3742486525869151,José Medeiros,PL,MT,0,1,1,0,0,0,0,0
204391,57,0.3742486525869151,José Nelto,PP,GO,0,1,1,0,0,0,0,0
204391,57,0.3742486525869151,José Nelto,UNIÃO,GO,0,1,1,0,0,0,0,0
74079,57,0.3742486525869151,José Priante,MDB,PA,0,1,1,0,0,0,0,0
74554,57,0.3742486525869151,José Rocha,UNIÃO,BA,0,1,1,0,0,0,0,0
209189,57,1.707636402842922,Joseildo Ramos,PT,BA,0,1,0,1,1,0,0,0
220578,57,1.707636402842922,Josenildo,PDT,AP,0,1,0,1,1,0,0,0
74141,57,1.707636402842922,Josias Gomes,PT,BA,0,1,0,1,1,0,0,0
204563,57,1.707636402842922,Josimar Maranhãozinho,PL,MA,0,1,0,1,1,0,0,0
215043,57,1.5845629474178018,Josivaldo JP,PSD,MA,0,1,0,1,0,1,0,0
204474,57,1.707636402842922,Juarez Costa,MDB,MT,0,1,0,1,1,0,0,0
220559,57,1.82821621877142,Julia Zanatta,PL,SC,1,0,1,0,0,0,0,0
220640,57,2.5876291096457016,Juliana Cardoso,PT,SP,1,0,0,1,0,0,0,1
228837,57,1.82821621877142,Juliana Kolankiewicz,MDB,MT,1,0,1,0,0,0,0,0
66385,57,1.707636402842922,Julio Arcoverde,PP,PI,0,1,0,1,1,0,0,0
74317,57,0.3742486525869151,Júlio Cesar,PSD,PI,0,1,1,0,0,0,0,0
204372,57,0.3742486525869151,Julio Cesar Ribeiro,REPUBLICANOS,DF,0,1,1,0,0,0,0,0
74253,57,0.3742486525869151,Julio Lopes,PP,RJ,0,1,1,0,0,0,0,0
228797,57,0.3742486525869151,Júlio Oliveira,PP,TO,0,1,1,0,0,0,0,0
204457,57,0.3742486525869151,Juninho do Pneu,UNIÃO,RJ,0,1,1,0,0,0,0,0
204520,57,0.3742486525869151,Junio Amaral,PL,MG,0,1,1,0,0,0,0,0
204497,57,1.707636402842922,Júnior Ferrari,PSD,PA,0,1,0,1,1,0,0,0
204574,57,1.707636402842922,Junior Lourenço,PL,MA,0,1,0,1,1,0,0,0
204550,57,1.707636402842922,Júnior Mano,PL,CE,0,1,0,1,1,0,0,0
178886,57,0.3742486525869151,Juscelino Filho,UNIÃO,MA,0,1,1,0,0,0,0,0
220677,57,0.3742486525869151,Keniston Braga,MDB,PA,0,1,1,0,0,0,0,0
162067,57,0.3742486525869151,Kiko Celeguim,PT,SP,0,1,1,0,0,0,0,0
204536,57,0.8805239131697697,Kim Kataguiri,UNIÃO,SP,0,1,0,1,0,0,1,0
98057,57,0.3742486525869151,Lafayette de Andrada,REPUBLICANOS,MG,0,1,1,0,0,0,0,0
74856,57,3.1616039690274267,Laura Carneiro,PSD,RJ,1,0,0,1,1,0,0,0
141480,57,0.3742486525869151,Lázaro Botelho,PP,TO,0,1,1,0,0,0,0,0
178832,57,1.82821621877142,Leandre,PSD,PR,1,0,1,0,0,0,0,0
220600,57,0.3742486525869151,Lebrão,UNIÃO,RO,0,1,1,0,0,0,0,0
220566,57,1.82821621877142,Lêda Borges,PSDB,GO,1,0,1,0,0,0,0,0
80815,57,1.707636402842922,Leo Prates,PDT,BA,0,1,0,1,1,0,0,0
122195,57,1.707636402842922,Leonardo Gadelha,PSC,PB,0,1,0,1,1,0,0,0
122195,57,1.707636402842922,Leonardo Gadelha,PODE,PB,0,1,0,1,1,0,0,0
74156,57,1.5845629474178018,Leonardo Monteiro,PT,MG,0,1,0,1,0,1,0,0
74299,57,0.3742486525869151,Leônidas Cristino,PDT,CE,0,1,1,0,0,0,0,0
92102,57,1.707636402842922,Leur Lomanto Júnior,UNIÃO,BA,0,1,0,1,1,0,0,0
139285,57,3.1616039690274267,Lídice da Mata,PSB,BA,1,0,0,1,1,0,0,0
74585,57,0.3742486525869151,Lincoln Portela,PL,MG,0,1,1,0,0,0,0,0
74858,57,0.3742486525869151,Lindbergh Farias,PT,RJ,0,1,1,0,0,0,0,0
171139,57,1.82821621877142,Loreny,SOLIDARIEDADE,SP,1,0,1,0,0,0,0,0
220662,57,0.3742486525869151,Lucas Ramos,PSB,PE,0,1,1,0,0,0,0,0
204404,57,0.3742486525869151,Lucas Redecker,PSDB,RS,0,1,1,0,0,0,0,0
138286,57,1.5845629474178018,Luciano Alves,PSD,PR,0,1,0,1,0,1,0,0
220581,57,0.3742486525869151,Luciano Amaral,PV,AL,0,1,1,0,0,0,0,0
103758,57,0.3742486525869151,Luciano Azevedo,PSD,RS,0,1,1,0,0,0,0,0
74478,57,0.3742486525869151,Luciano Bivar,UNIÃO,PE,0,1,1,0,0,0,0,0
178931,57,0.3742486525869151,Luciano Ducci,PSB,PR,0,1,1,0,0,0,0,0
227323,57,0.3742486525869151,Luciano Galego,PL,MA,0,1,1,0,0,0,0,0
220616,57,0.3742486525869151,Luciano Vieira,PL,RJ,0,1,1,0,0,0,0,0
220616,57,0.3742486525869151,Luciano Vieira,REPUBLICANOS,RJ,0,1,1,0,0,0,0,0
178954,57,1.707636402842922,Lucio Mosquini,MDB,RO,0,1,0,1,1,0,0,0
229082,57,1.82821621877142,Lucyana Genésio,PDT,MA,1,0,1,0,0,0,0,0
222429,57,1.707636402842922,Luis Carlos Gomes,REPUBLICANOS,RJ,0,1,0,1,1,0,0,0
160510,57,0.3742486525869151,Luis Tibé,AVANTE,MG,0,1,1,0,0,0,0,0
204410,57,1.82821621877142,Luisa Canziani,PSD,PR,1,0,1,0,0,0,0,0
204448,57,0.3742486525869151,Luiz Antonio Corrêa,PP,RJ,0,1,1,0,0,0,0,0
141485,57,0.3742486525869151,Luiz Carlos Busato,UNIÃO,RS,0,1,1,0,0,0,0,0
73778,57,0.3742486525869151,Luiz Carlos Hauly,PODE,PR,0,1,1,0,0,0,0,0
204485,57,0.3742486525869151,Luiz Carlos Motta,PL,SP,0,1,1,0,0,0,0,0
74041,57,0.3742486525869151,Luiz Couto,PT,PB,0,1,1,0,0,0,0,0
141487,57,0.3742486525869151,Luiz Fernando Faria,PSD,MG,0,1,1,0,0,0,0,0
229432,57,0.3742486525869151,Luiz Fernando Vampiro,MDB,SC,0,1,1,0,0,0,0,0
220658,57,0.3742486525869151,Luiz Gastão,PSD,CE,0,1,1,0,0,0,0,0
204455,57,0.3742486525869151,Luiz Lima,PL,RJ,0,1,1,0,0,0,0,0
220636,57,0.3742486525869151,Luiz Marinho,PT,SP,0,1,1,0,0,0,0,0
162332,57,0.8805239131697697,Luiz Nishimori,PSD,PR,0,1,0,1,0,0,1,0
204526,57,0.3742486525869151,Luiz Philippe de Orleans e Bragança,PL,SP,0,1,1,0,0,0,0,0
74784,57,1.82821621877142,Luiza Erundina,PSOL,SP,1,0,1,0,0,0,0,0
178866,57,1.82821621877142,Luizianne Lins,PT,CE,1,0,1,0,0,0,0,0
220669,57,0.3742486525869151,Lula da Fonte,PP,PE,0,1,1,0,0,0,0,0
166402,57,1.82821621877142,Magda Mofatto,PL,GO,1,0,1,0,0,0,0,0
166402,57,1.82821621877142,Magda Mofatto,PATRIOTA,GO,1,0,1,0,0,0,0,0
166402,57,1.82821621877142,Magda Mofatto,PRD,GO,1,0,1,0,0,0,0,0
220648,57,0.3742486525869151,Marangoni,UNIÃO,SP,0,1,1,0,0,0,0,0
156190,57,0.3742486525869151,Marcel van Hattem,NOVO,RS,0,1,1,0,0,0,0,0
179000,57,0.3742486525869151,Marcelo Álvaro Antônio,PL,MG,0,1,1,0,0,0,0,0
204433,57,0.3742486525869151,Marcelo Calero,PSD,RJ,0,1,1,0,0,0,0,0
220599,57,0.3742486525869151,Marcelo Crivella,REPUBLICANOS,RJ,0,1,1,0,0,0,0,0
220634,57,1.707636402842922,Marcelo Lima,SOLIDARIEDADE,SP,0,1,0,1,1,0,0,0
220634,57,1.707636402842922,Marcelo Lima,S.PART.,SP,0,1,0,1,1,0,0,0
220634,57,1.707636402842922,Marcelo Lima,PSB,SP,0,1,0,1,1,0,0,0
133810,57,0.3742486525869151,Marcelo Moraes,PL,RS,0,1,1,0,0,0,0,0
160161,57,0.3742486525869151,Marcelo Queiroz,PP,RJ,0,1,1,0,0,0,0,0
178983,57,0.3742486525869151,Marcio Alvino,PL,SP,0,1,1,0,0,0,0,0
179001,57,0.3742486525869151,Márcio Biolchi,MDB,RS,0,1,1,0,0,0,0,0
226410,57,0.3742486525869151,Márcio Correa,MDB,GO,0,1,1,0,0,0,0,0
220687,57,0.3742486525869151,Márcio Honaiser,PDT,MA,0,1,1,0,0,0,0,0
81055,57,1.707636402842922,Márcio Jerry,PCdoB,MA,0,1,0,1,1,0,0,0
150418,57,1.5845629474178018,Márcio Marinho,REPUBLICANOS,BA,0,1,0,1,0,1,0,0
204522,57,0.3742486525869151,Marco Bertaiolli,PSD,SP,0,1,1,0,0,0,0,0
219585,57,0.3742486525869151,Marco Brasil,PP,PR,0,1,1,0,0,0,0,0
160535,57,0.3742486525869151,Marcon,PT,RS,0,1,1,0,0,0,0,0
204431,57,0.3742486525869151,Marcos Aurélio Sampaio,PSD,PI,0,1,1,0,0,0,0,0
204506,57,0.3742486525869151,Marcos Pereira,REPUBLICANOS,SP,0,1,1,0,0,0,0,0
220547,57,0.3742486525869151,Marcos Pollon,PL,MS,0,1,1,0,0,0,0,0
178943,57,0.3742486525869151,Marcos Soares,UNIÃO,RJ,0,1,1,0,0,0,0,0
220604,57,0.3742486525869151,Marcos Tavares,PDT,RJ,0,1,1,0,0,0,0,0
220668,57,1.82821621877142,Maria Arraes,SOLIDARIEDADE,PE,1,0,1,0,0,0,0,0
74398,57,1.82821621877142,Maria do Rosário,PT,RS,1,0,1,0,0,0,0,0
204540,57,1.82821621877142,Maria Rosas,REPUBLICANOS,SP,1,0,1,0,0,0,0,0
227275,57,3.1616039690274267,Mariana Carvalho,PSC,MA,1,0,0,1,1,0,0,0
227275,57,3.1616039690274267,Mariana Carvalho,PODE,MA,1,0,0,1,1,0,0,0
227275,57,3.1616039690274267,Mariana Carvalho,REPUBLICANOS,MA,1,0,0,1,1,0,0,0
220637,57,3.038530513602306,Marina Silva,REDE,SP,1,0,0,1,0,1,0,0
220655,57,0.3742486525869151,Mario Frias,PL,SP,0,1,1,0,0,0,0,0
74158,57,0.3742486525869151,Mário Heringer,PDT,MG,0,1,1,0,0,0,0,0
178858,57,0.3742486525869151,Mário Negromonte Jr.,PP,BA,0,1,1,0,0,0,0,0
204566,57,0.3742486525869151,Marreca Filho,PATRIOTA,MA,0,1,1,0,0,0,0,0
204566,57,0.3742486525869151,Marreca Filho,PRD,MA,0,1,1,0,0,0,0,0
220572,57,1.82821621877142,Marussa Boldrin,MDB,GO,1,0,1,0,0,0,0,0
178843,57,0.3742486525869151,Marx Beltrão,PP,AL,0,1,1,0,0,0,0,0
220661,57,1.707636402842922,Matheus Noronha,PL,CE,0,1,0,1,1,0,0,0
220609,57,0.3742486525869151,Maurício Carvalho,UNIÃO,RO,0,1,1,0,0,0,0,0
220628,57,0.3742486525869151,Mauricio do Vôlei,PL,MG,0,1,1,0,0,0,0,0
220550,57,0.3742486525869151,Mauricio Marcon,PODE,RS,0,1,1,0,0,0,0,0
220647,57,0.3742486525869151,Mauricio Neves,PP,SP,0,1,1,0,0,0,0,0
204486,57,1.707636402842922,Mauro Benevides Filho,PDT,CE,0,1,0,1,1,0,0,0
220607,57,1.707636402842922,Max Lemos,PROS,RJ,0,1,0,1,1,0,0,0
220607,57,1.707636402842922,Max Lemos,SOLIDARIEDADE,RJ,0,1,0,1,1,0,0,0
220607,57,1.707636402842922,Max Lemos,PDT,RJ,0,1,0,1,1,0,0,0
220591,57,3.1616039690274267,Meire Serafim,UNIÃO,AC,1,0,0,1,1,0,0,0
74428,57,1.707636402842922,Mendonça Filho,UNIÃO,PE,0,1,0,1,1,0,0,0
188097,57,0.3742486525869151,Merlong Solano,PT,PI,0,1,1,0,0,0,0,0
220585,57,0.3742486525869151,Mersinho Lucena,PP,PB,0,1,1,0,0,0,0,0
220530,57,1.707636402842922,Messias Donato,REPUBLICANOS,ES,0,1,0,1,1,0,0,0
171786,57,1.707636402842922,Miguel Ângelo,PT,MG,0,1,0,1,1,0,0,0
178985,57,0.3742486525869151,Miguel Lombardi,PL,SP,0,1,1,0,0,0,0,0
154178,57,0.3742486525869151,Milton Vieira,REPUBLICANOS,SP,0,1,1,0,0,0,0,0
178895,57,0.3742486525869151,Misael Varella,PSD,MG,0,1,1,0,0,0,0,0
229225,57,1.82821621877142,Missionária Michele Collins,PP,PE,1,0,1,0,0,0,0,0
178997,57,0.3742486525869151,Moses Rodrigues,UNIÃO,CE,0,1,1,0,0,0,0,0
220617,57,0.3742486525869151,Murillo Gouvea,UNIÃO,RJ,0,1,1,0,0,0,0,0
220584,57,0.3742486525869151,Murilo Galdino,REPUBLICANOS,PB,0,1,1,0,0,0,0,0
204453,57,1.82821621877142,Natália Bonavides,PT,RN,1,0,1,0,0,0,0,0
228042,57,1.707636402842922,Naumi Amorim,PSD,CE,0,1,0,1,1,0,0,0
204449,57,0.3742486525869151,Nelson Barbudo,PL,MT,0,1,1,0,0,0,0,0
220622,57,3.1616039690274267,Nely Aquino,PODE,MG,1,0,0,1,1,0,0,0
220703,57,1.707636402842922,Neto Carletto,PP,BA,0,1,0,1,1,0,0,0
178896,57,0.3742486525869151,Newton Cardoso Jr,MDB,MG,0,1,1,0,0,0,0,0
204479,57,0.3742486525869151,Nicoletti,UNIÃO,RR,0,1,1,0,0,0,0,0
209787,57,0.3742486525869151,Nikolas Ferreira,PL,MG,0,1,1,0,0,0,0,0
178986,57,0.3742486525869151,Nilto Tatto,PT,SP,0,1,1,0,0,0,0,0
227660,57,1.707636402842922,Nitinho,PSD,SE,0,1,0,1,1,0,0,0
74159,57,0.3742486525869151,Odair Cunha,PT,MG,0,1,1,0,0,0,0,0
204498,57,1.707636402842922,Olival Marques,MDB,PA,0,1,0,1,1,0,0,0
178987,57,1.5845629474178018,Orlando Silva,PCdoB,SP,0,1,0,1,0,1,0,0
73692,57,0.3742486525869151,Osmar Terra,MDB,RS,0,1,1,0,0,0,0,0
204422,57,1.5845629474178018,Ossesio Silva,REPUBLICANOS,PE,0,1,0,1,0,1,0,0
204441,57,1.707636402842922,Otoni de Paula,MDB,RJ,0,1,0,1,1,0,0,0
204573,57,0.3742486525869151,Otto Alencar Filho,PSD,BA,0,1,1,0,0,0,0,0
220706,57,0.3742486525869151,Padovani,UNIÃO,PR,0,1,1,0,0,0,0,0
160556,57,0.3742486525869151,Padre João,PT,MG,0,1,1,0,0,0,0,0
180214,57,1.707636402842922,Pastor Diniz,UNIÃO,RR,0,1,0,1,1,0,0,0
160642,57,1.707636402842922,Pastor Eurico,PL,PE,0,1,0,1,1,0,0,0
204570,57,1.707636402842922,Pastor Gil,PL,MA,0,1,0,1,1,0,0,0
220615,57,1.5845629474178018,Pastor Henrique Vieira,PSOL,RJ,0,1,0,1,0,1,0,0
204553,57,1.5845629474178018,Pastor Sargento Isidório,AVANTE,BA,0,1,0,1,0,1,0,0
74160,57,0.3742486525869151,Patrus Ananias,PT,MG,0,1,1,0,0,0,0,0
74095,57,1.707636402842922,Pauderney Avelino,UNIÃO,AM,0,1,0,1,1,0,0,0
171617,57,1.707636402842922,Paulão,PT,AL,0,1,0,1,1,0,0,0
141518,57,0.3742486525869151,Paulinho da Força,SOLIDARIEDADE,SP,0,1,1,0,0,0,0,0
220627,57,0.3742486525869151,Paulinho Freire,UNIÃO,RN,0,1,1,0,0,0,0,0
141516,57,0.3742486525869151,Paulo Abi-Ackel,PSDB,MG,0,1,1,0,0,0,0,0
220650,57,0.3742486525869151,Paulo Alexandre Barbosa,PSDB,SP,0,1,1,0,0,0,0,0
178860,57,0.3742486525869151,Paulo Azi,UNIÃO,BA,0,1,1,0,0,0,0,0
160517,57,0.3742486525869151,Paulo Foletto,PSB,ES,0,1,1,0,0,0,0,0
160517,57,0.3742486525869151,Paulo Folletto,PSB,ES,0,1,1,0,0,0,0,0
160558,57,0.3742486525869151,Paulo Freire Costa,PL,SP,0,1,1,0,0,0,0,0
204492,57,1.707636402842922,Paulo Guedes,PT,MG,0,1,0,1,1,0,0,0
220685,57,0.3742486525869151,Paulo Litro,PSD,PR,0,1,1,0,0,0,0,0
74574,57,0.3742486525869151,Paulo Magalhães,PSD,BA,0,1,1,0,0,0,0,0
128760,57,0.3742486525869151,Paulo Marinho Jr,PL,MA,0,1,1,0,0,0,0,0
74400,57,0.3742486525869151,Paulo Pimenta,PT,RS,0,1,1,0,0,0,0,0
141488,57,0.3742486525869151,Paulo Teixeira,PT,SP,0,1,1,0,0,0,0,0
220630,57,0.8805239131697697,Pedro Aihara,PATRIOTA,MG,0,1,0,1,0,0,1,0
220630,57,0.8805239131697697,Pedro Aihara,PRD,MG,0,1,0,1,0,0,1,0
220667,57,0.3742486525869151,Pedro Campos,PSB,PE,0,1,1,0,0,0,0,0
229112,57,1.707636402842922,Pedro Jr,PL,TO,0,1,0,1,1,0,0,0
122974,57,1.707636402842922,Pedro Lucas Fernandes,UNIÃO,MA,0,1,0,1,1,0,0,0
204395,57,0.3742486525869151,Pedro Lupion,PP,PR,0,1,1,0,0,0,0,0
122158,57,0.3742486525869151,Pedro Paulo,PSD,RJ,0,1,1,0,0,0,0,0
229259,57,0.3742486525869151,Pedro Tourinho,PT,SP,0,1,1,0,0,0,0,0
160604,57,0.3742486525869151,Pedro Uczai,PT,SC,0,1,1,0,0,0,0,0
204406,57,0.3742486525869151,Pedro Westphalen,PP,RS,0,1,1,0,0,0,0,0
161440,57,0.3742486525869151,Pezenti,MDB,SC,0,1,1,0,0,0,0,0
204524,57,0.3742486525869151,Pinheirinho,PP,MG,0,1,1,0,0,0,0,0
73486,57,0.3742486525869151,Pompeo de Mattos,PDT,RS,0,1,1,0,0,0,0,0
160601,57,0.3742486525869151,Pr. Marco Feliciano,PL,SP,0,1,1,0,0,0,0,0
226075,57,3.1616039690274267,Priscila Costa,PL,CE,1,0,0,1,1,0,0,0
89536,57,1.707636402842922,Prof. Paulo Fernando,REPUBLICANOS,DF,0,1,0,1,1,0,0,0
220533,57,1.707636402842922,Prof. Reginaldo Veras,PV,DF,0,1,0,1,1,0,0,0
204390,57,1.707636402842922,Professor Alcides,PL,GO,0,1,0,1,1,0,0,0
220580,57,1.82821621877142,Professora Goreth,PDT,AP,1,0,1,0,0,0,0,0
221338,57,1.82821621877142,Professora Luciene Cavalcante,PSOL,SP,1,0,1,0,0,0,0,0
220586,57,0.3742486525869151,Rafael Brito,MDB,AL,0,1,1,0,0,0,0,0
220532,57,0.3742486525869151,Rafael Prudente,MDB,DF,0,1,1,0,0,0,0,0
220626,57,0.3742486525869151,Rafael Simoes,UNIÃO,MG,0,1,1,0,0,0,0,0
204567,57,1.707636402842922,Raimundo Costa,PODE,BA,0,1,0,1,1,0,0,0
74084,57,1.707636402842922,Raimundo Santos,PSD,PA,0,1,0,1,1,0,0,0
115200,57,0.3742486525869151,Raniery Paulino,REPUBLICANOS,PB,0,1,1,0,0,0,0,0
74161,57,0.3742486525869151,Reginaldo Lopes,PT,MG,0,1,1,0,0,0,0,0
221378,57,3.038530513602306,Reginete Bispo,PT,RS,1,0,0,1,0,1,0,0
220606,57,0.3742486525869151,Reimont,PT,RJ,0,1,1,0,0,0,0,0
205865,57,0.3742486525869151,Reinhold Stephanes,PSD,PR,0,1,1,0,0,0,0,0
225386,57,1.707636402842922,Renan Ferreirinha,PSD,RJ,0,1,0,1,1,0,0,0
178989,57,1.82821621877142,Renata Abreu,PODE,SP,1,0,1,0,0,0,0,0
153423,57,3.1616039690274267,Renilce Nicodemos,MDB,PA,1,0,0,1,1,0,0,0
73801,57,0.3742486525869151,Renildo Calheiros,PCdoB,PE,0,1,1,0,0,0,0,0
221329,57,0.3742486525869151,Ricardo Abrão,UNIÃO,RJ,0,1,1,0,0,0,0,0
220543,57,1.707636402842922,Ricardo Ayres,REPUBLICANOS,TO,0,1,0,1,1,0,0,0
73788,57,0.3742486525869151,Ricardo Barros,PP,PR,0,1,1,0,0,0,0,0
204362,57,0.3742486525869151,Ricardo Guidi,PSD,SC,0,1,1,0,0,0,0,0
204362,57,0.3742486525869151,Ricardo Guidi,PL,SC,0,1,1,0,0,0,0,0
220694,57,1.707636402842922,Ricardo Maia,MDB,BA,0,1,0,1,1,0,0,0
220633,57,0.3742486525869151,Ricardo Salles,PL,SP,0,1,1,0,0,0,0,0
220633,57,0.3742486525869151,Ricardo Salles,NOVO,SP,0,1,1,0,0,0,0,0
213274,57,0.3742486525869151,Ricardo Silva,PSD,SP,0,1,1,0,0,0,0,0
204489,57,1.707636402842922,Robério Monteiro,PDT,CE,0,1,0,1,1,0,0,0
220693,57,1.82821621877142,Roberta Roma,PL,BA,1,0,1,0,0,0,0,0
220588,57,1.707636402842922,Roberto Duarte,REPUBLICANOS,AC,0,1,0,1,1,0,0,0
220613,57,1.707636402842922,Roberto Monteiro,PL,RJ,0,1,0,1,1,0,0,0
220613,57,1.707636402842922,Roberto Monteiro Pai,PL,RJ,0,1,0,1,1,0,0,0
220624,57,0.3742486525869151,Robinson Faria,PL,RN,0,1,1,0,0,0,0,0
220546,57,0.3742486525869151,Rodolfo Nogueira,PL,MS,0,1,1,0,0,0,0,0
141531,57,0.3742486525869151,Rodrigo de Castro,UNIÃO,MG,0,1,1,0,0,0,0,0
223128,57,0.3742486525869151,Rodrigo Estacho,PSD,PR,0,1,1,0,0,0,0,0
220641,57,0.3742486525869151,Rodrigo Gambale,PODE,SP,0,1,1,0,0,0,0,0
165470,57,0.3742486525869151,Rodrigo Valadares,UNIÃO,SE,0,1,1,0,0,0,0,0
220695,57,1.82821621877142,Rogéria Santos,REPUBLICANOS,BA,1,0,1,0,0,0,0,0
204480,57,0.3742486525869151,Rogério Correia,PT,MG,0,1,1,0,0,0,0,0
160629,57,0.3742486525869151,Romero Rodrigues,PSC,PB,0,1,1,0,0,0,0,0
160629,57,0.3742486525869151,Romero Rodrigues,PODE,PB,0,1,1,0,0,0,0,0
163321,57,0.3742486525869151,Ronaldo Nogueira,REPUBLICANOS,RS,0,1,1,0,0,0,0,0
204525,57,1.82821621877142,Rosana Valle,PL,SP,1,0,1,0,0,0,0,0
178945,57,3.038530513602306,Rosangela Gomes,REPUBLICANOS,RJ,1,0,0,1,0,1,0,0
220644,57,1.82821621877142,Rosangela Moro,UNIÃO,SP,1,0,1,0,0,0,0,0
220620,57,1.82821621877142,Rosângela Reis,PL,MG,1,0,1,0,0,0,0,0
73806,57,1.82821621877142,Roseana Sarney,MDB,MA,1,0,1,0,0,0,0,0
74371,57,0.3742486525869151,Rubens Otoni,PT,GO,0,1,1,0,0,0,0,0
178887,57,0.3742486525869151,Rubens Pereira Júnior,PT,MA,0,1,1,0,0,0,0,0
73604,57,0.3742486525869151,Rui Falcão,PT,SP,0,1,1,0,0,0,0,0
160635,57,0.3742486525869151,Ruy Carneiro,PSC,PB,0,1,1,0,0,0,0,0
160635,57,0.3742486525869151,Ruy Carneiro,PODE,PB,0,1,1,0,0,0,0,0
204535,57,1.82821621877142,Sâmia Bomfim,PSOL,SP,1,0,1,0,0,0,0,0
220631,57,1.707636402842922,Samuel Viana,PL,MG,0,1,0,1,1,0,0,0
220631,57,1.707636402842922,Samuel Viana,REPUBLICANOS,MG,0,1,0,1,1,0,0,0
204416,57,0.3742486525869151,Sanderson,PL,RS,0,1,1,0,0,0,0,0
160621,57,0.3742486525869151,Sandro Alex,PSD,PR,0,1,1,0,0,0,0,0
204387,57,0.3742486525869151,Sargento Fahur,PSD,PR,0,1,1,0,0,0,0,0
220621,57,0.3742486525869151,Sargento Gonçalves,PL,RN,0,1,1,0,0,0,0,0
220618,57,1.707636402842922,Sargento Portugal,PODE,RJ,0,1,0,1,1,0,0,0
220713,57,0.3742486525869151,Saullo Vianna,UNIÃO,AM,0,1,1,0,0,0,0,0
226837,57,0.3742486525869151,Saulo Pedroso,PSD,SP,0,1,1,0,0,0,0,0
73808,57,1.707636402842922,Sérgio Brito,PSD,BA,0,1,0,1,1,0,0,0
178933,57,0.3742486525869151,Sergio Souza,MDB,PR,0,1,1,0,0,0,0,0
204557,57,1.707636402842922,Sidney Leite,PSD,AM,0,1,0,1,1,0,0,0
74356,57,1.707636402842922,Silas Câmara,REPUBLICANOS,AM,0,1,0,1,1,0,0,0
204360,57,3.038530513602306,Silvia Cristina,PL,RO,1,0,0,1,0,1,0,0
204360,57,3.038530513602306,Silvia Cristina,PP,RO,1,0,0,1,0,1,0,0
220579,57,2.5876291096457016,Silvia Waiãpi,PL,AP,1,0,0,1,0,0,0,1
227310,57,0.3742486525869151,Silvio Antonio,PL,MA,0,1,1,0,0,0,0,0
204425,57,0.3742486525869151,Silvio Costa Filho,REPUBLICANOS,PE,0,1,1,0,0,0,0,0
220569,57,3.1616039690274267,Silvye Alves,UNIÃO,GO,1,0,0,1,1,0,0,0
220651,57,1.82821621877142,Simone Marquetto,MDB,SP,1,0,1,0,0,0,0,0
104552,57,1.82821621877142,Socorro Neri,PP,AC,1,0,1,0,0,0,0,0
220643,57,2.5876291096457016,Sônia Guajajara,PSOL,SP,1,0,0,1,0,0,0,1
220575,57,1.82821621877142,Sonize Barbosa,PL,AP,1,0,1,0,0,0,0,0
178946,57,1.82821621877142,Soraya Santos,PL,RJ,1,0,1,0,0,0,0,0
178947,57,0.3742486525869151,Sóstenes Cavalcante,PL,RJ,0,1,1,0,0,0,0,0
92776,57,0.3742486525869151,Stefano Aguiar,PSD,MG,0,1,1,0,0,0,0,0
204534,57,1.82821621877142,Tabata Amaral,PSB,SP,1,0,1,0,0,0,0,0
220682,57,0.3742486525869151,Tadeu Veneri,PT,PR,0,1,1,0,0,0,0,0
204464,57,3.038530513602306,Talíria Petrone,PSOL,RJ,1,0,0,1,0,1,0,0
220598,57,0.3742486525869151,Tarcísio Motta,PSOL,RJ,0,1,1,0,0,0,0,0
220552,57,0.3742486525869151,Tenente Coronel Zucco,REPUBLICANOS,RS,0,1,1,0,0,0,0,0
220552,57,0.3742486525869151,Tenente Coronel Zucco,PL,RS,0,1,1,0,0,0,0,0
220552,57,0.3742486525869151,Zucco,REPUBLICANOS,RS,0,1,1,0,0,0,0,0
220552,57,0.3742486525869151,Zucco,PL,RS,0,1,1,0,0,0,0,0
220560,57,1.707636402842922,Thiago de Joaldo,PP,SE,0,1,0,1,1,0,0,0
220597,57,0.3742486525869151,Thiago Flores,MDB,RO,0,1,1,0,0,0,0,0
220597,57,0.3742486525869151,Thiago Flores,REPUBLICANOS,RO,0,1,1,0,0,0,0,0
220684,57,0.3742486525869151,Tião Medeiros,PP,PR,0,1,1,0,0,0,0,0
160976,57,1.707636402842922,Tiririca,PL,SP,0,1,0,1,1,0,0,0
178934,57,0.3742486525869151,Toninho Wandscheer,PROS,PR,0,1,1,0,0,0,0,0
178934,57,0.3742486525869151,Toninho Wandscheer,PP,PR,0,1,1,0,0,0,0,0
157130,57,0.3742486525869151,Túlio Gadêlha,REDE,PE,0,1,1,0,0,0,0,0
223398,57,0.3742486525869151,Ulisses Guimarães,MDB,MG,0,1,1,0,0,0,0,0
160610,57,1.5845629474178018,Valmir Assunção,PT,BA,0,1,0,1,0,1,0,0
74376,57,0.3742486525869151,Vander Loubet,PT,MS,0,1,1,0,0,0,0,0
204396,57,0.3742486525869151,Vermelho,PL,PR,0,1,1,0,0,0,0,0
74283,57,1.5845629474178018,Vicentinho,PT,SP,0,1,0,1,0,1,0,0
137070,57,1.707636402842922,Vicentinho Júnior,PP,TO,0,1,0,1,1,0,0,0
141555,57,0.3742486525869151,Vinicius Carvalho,REPUBLICANOS,SP,0,1,1,0,0,0,0,0
160591,57,0.3742486525869151,Vinicius Gurgel,PL,AP,0,1,1,0,0,0,0,0
178992,57,0.3742486525869151,Vitor Lippi,PSDB,SP,0,1,1,0,0,0,0,0
91228,57,0.3742486525869151,Waldemar Oliveira,AVANTE,PE,0,1,1,0,0,0,0,0
160569,57,1.707636402842922,Waldenor Pereira,PT,BA,0,1,0,1,1,0,0,0
220601,57,0.3742486525869151,Washington Quaquá,PT,RJ,0,1,1,0,0,0,0,0
160518,57,0.3742486525869151,Weliton Prado,PROS,MG,0,1,1,0,0,0,0,0
160518,57,0.3742486525869151,Weliton Prado,SOLIDARIEDADE,MG,0,1,1,0,0,0,0,0
74043,57,1.707636402842922,Wellington Roberto,PL,PB,0,1,0,1,1,0,0,0
224333,57,0.3742486525869151,Welter,PT,PR,0,1,1,0,0,0,0,0
74044,57,1.707636402842922,Wilson Santiago,REPUBLICANOS,PB,0,1,0,1,1,0,0,0
182146,57,1.707636402842922,Wolmer Araújo,PATRIOTA,MA,0,1,0,1,1,0,0,0
182146,57,1.707636402842922,Wolmer Araújo,SOLIDARIEDADE,MA,0,1,0,1,1,0,0,0
220564,57,1.82821621877142,Yandra Moura,UNIÃO,SE,1,0,1,0,0,0,0,0
220660,57,0.3742486525869151,Yury do Paredão,PL,CE,0,1,1,0,0,0,0,0
220660,57,0.3742486525869151,Yury do Paredão,S.PART.,CE,0,1,1,0,0,0,0,0
220660,57,0.3742486525869151,Yury do Paredão,MDB,CE,0,1,1,0,0,0,0,0
220536,57,0.3742486525869151,Zé Haroldo Cathedral,PSD,RR,0,1,1,0,0,0,0,0
204559,57,1.707636402842922,Zé Neto,PT,BA,0,1,0,1,1,0,0,0
160632,57,0.3742486525869151,Zé Silva,SOLIDARIEDADE,MG,0,1,1,0,0,0,0,0
220558,57,0.3742486525869151,Zé Trovão,PL,SC,0,1,1,0,0,0,0,0
204517,57,0.3742486525869151,Zé Vitor,PL,MG,0,1,1,0,0,0,0,0
160592,57,0.3742486525869151,Zeca Dirceu,PT,PR,0,1,1,0,0,0,0,0
220592,57,1.707636402842922,Zezinho Barbary,PP,AC,0,1,0,1,1,0,0,0
